     1                                  ; ============================================================================
     2                                  ; a4x_gui.asm - M-A4+ Win9x enhanced GUI (boot32+VIDEO_MODE=0x13 pipeline)
     3                                  ;   Uses the SAME boot32 pipeline verified by M-D2:
     4                                  ;     boot32.asm loads kernel at 0x8000, relocates to 0x100000, jumps.
     5                                  ;     Kernel: BITS 32, ORG 0x100000, flat addressing, base 0 for data.
     6                                  ;
     7                                  ;   Features:
     8                                  ;     - LFB double buffer (0x30000 -> 0xA0000)
     9                                  ;     - 64-color palette, blue gradient desktop
    10                                  ;     - Window manager: Z-order, drag, min/max/restore/close
    11                                  ;     - Mouse driver (PS/2 IRQ12) + arrow cursor + hit test
    12                                  ;     - Start menu + right-click context menu + taskbar
    13                                  ;     - VIN virtual input script (deterministic demo)
    14                                  ;     - VMM/VTD (PIT IRQ0) message loop
    15                                  ; ============================================================================
    16                                  BITS 32
    17                                  ORG 0x100000
    18                                  %include "common/debug.inc"
     1                              <1> ; ============================================================================
     2                              <1> ; debug.inc — QEMU 0xE9 debug port output macros (shared by all axes)
     3                              <1> ; ----------------------------------------------------------------------------
     4                              <1> ;  Usage:  %include "common/debug.inc"
     5                              <1> ;          dbg_puts "hello", 13, 10, 0
     6                              <1> ;
     7                              <1> ;  Works in both 16-bit and 32-bit code (uses out instruction, no BIOS).
     8                              <1> ;  The QEMU flag -debugcon file:dbg.log captures all 0xE9 output.
     9                              <1> ; ============================================================================
    10                              <1> 
    11                              <1> ; --- dbg_putc : write AL to port 0xE9 (16-bit) ------------------------------
    12                              <1> %macro dbg_putc 0
    13                              <1>     out     0xE9, al
    14                              <1> %endmacro
    15                              <1> 
    16                              <1> ; --- dbg_puts : emit a NUL-terminated string literal to 0xE9 ----------------
    17                              <1> ;  Accepts 1 or more arguments (all collected into %1 as a single token list).
    18                              <1> ;  Usage:  dbg_puts "hello", 13, 10, 0
    19                              <1> ;  Works in BITS 16 and BITS 32 (detected via __BITS__).
    20                              <1> %macro dbg_puts 1+
    21                              <1>     jmp     %%skip
    22                              <1> %%str   db  %1
    23                              <1> %%skip:
    24                              <1> %if __BITS__ == 32
    25                              <1>     push    esi
    26                              <1>     mov     esi, %%str
    27                              <1> %%.loop:
    28                              <1>     lodsb
    29                              <1>     or      al, al
    30                              <1>     jz      %%.done
    31                              <1>     out     0xE9, al
    32                              <1>     jmp     %%.loop
    33                              <1> %%.done:
    34                              <1>     pop     esi
    35                              <1> %else
    36                              <1>     push    si
    37                              <1>     mov     si, %%str
    38                              <1> %%.loop:
    39                              <1>     lodsb
    40                              <1>     or      al, al
    41                              <1>     jz      %%.done
    42                              <1>     out     0xE9, al
    43                              <1>     jmp     %%.loop
    44                              <1> %%.done:
    45                              <1>     pop     si
    46                              <1> %endif
    47                              <1> %endmacro
    48                              <1> 
    49                              <1> ; --- dbg_nl : emit CR+LF to 0xE9 --------------------------------------------
    50                              <1> %macro dbg_nl 0
    51                              <1>     mov     al, 13
    52                              <1>     out     0xE9, al
    53                              <1>     mov     al, 10
    54                              <1>     out     0xE9, al
    55                              <1> %endmacro
    56                              <1> 
    57                              <1> ; --- dbg_hex8 : print AL as 2 hex digits to 0xE9 ---------------------------
    58                              <1> %macro dbg_hex8 0
    59                              <1>     push    ax
    60                              <1>     mov     ah, al
    61                              <1>     shr     al, 4
    62                              <1>     call    %%hex_nibble
    63                              <1>     mov     al, ah
    64                              <1>     and     al, 0x0F
    65                              <1>     call    %%hex_nibble
    66                              <1>     pop     ax
    67                              <1>     jmp     %%done
    68                              <1> %%hex_nibble:
    69                              <1>     add     al, '0'
    70                              <1>     cmp     al, '9'
    71                              <1>     jbe     %%ok
    72                              <1>     add     al, 7        ; 'A' - '0' - 10 = 7
    73                              <1> %%ok:
    74                              <1>     out     0xE9, al
    75                              <1>     ret
    76                              <1> %%done:
    77                              <1> %endmacro
    78                              <1> 
    79                              <1> ; --- dbg_hex32 : print EAX as 8 hex digits to 0xE9 (32-bit only) -----------
    80                              <1> ;  The previous implementation only emitted 4 digits: its helper printed the
    81                              <1> ;  two nibbles of AL and was called twice on a rotated EAX, so bytes 1 and 3
    82                              <1> ;  were silently dropped.  Shift out all 8 nibbles instead.
    83                              <1> %macro dbg_hex32 0
    84                              <1>     push    eax
    85                              <1>     push    ecx
    86                              <1>     mov     ecx, 28
    87                              <1> %%loop:
    88                              <1>     push    eax
    89                              <1>     shr     eax, cl
    90                              <1>     and     eax, 0x0F
    91                              <1>     add     al, '0'
    92                              <1>     cmp     al, '9'
    93                              <1>     jbe     %%ok2
    94                              <1>     add     al, 7            ; 'A' - '0' - 10 = 7
    95                              <1> %%ok2:
    96                              <1>     out     0xE9, al
    97                              <1>     pop     eax
    98                              <1>     sub     ecx, 4
    99                              <1>     jns     %%loop
   100                              <1>     pop     ecx
   101                              <1>     pop     eax
   102                              <1> %endmacro
    19                                  %include "common/gdt.inc"
     1                              <1> ; ============================================================================
     2                              <1> ; gdt.inc — GDT (Global Descriptor Table) macros for 32-bit protected mode
     3                              <1> ; ----------------------------------------------------------------------------
     4                              <1> ;  Usage:  %include "common/gdt.inc"
     5                              <1> ;
     6                              <1> ;  Provides:
     7                              <1> ;    gdt_entry  base, limit, flags, access  — build one 8-byte descriptor
     8                              <1> ;    gdt_load   label                       — lgdt from a gdt_descriptor
     9                              <1> ;
    10                              <1> ;  Standard descriptor sets are provided as macros:
    11                              <1> ;    GDT_FLAT    — null + flat code + flat data (4GB each)
    12                              <1> ;    GDT_RING3   — flat + ring3 code + ring3 data (adds two entries)
    13                              <1> ; ============================================================================
    14                              <1> 
    15                              <1> ; --- Descriptor field layout (x86 GDT entry, 8 bytes) ---
    16                              <1> ;   bits  0-15  : limit  low
    17                              <1> ;   bits 16-39  : base   low/mid
    18                              <1> ;   bits 40-47  : access byte
    19                              <1> ;   bits 48-51  : limit  high (bits 16-19)
    20                              <1> ;   bits 52-55  : flags   (Granularity, Size, L, Reserved)
    21                              <1> ;   bits 56-63  : base   high
    22                              <1> 
    23                              <1> struc gdt_entry_t
    24 00000000 ????                <1>     .limit_lo   resw 1
    25 00000002 ????                <1>     .base_lo    resw 1
    26 00000004 ??                  <1>     .base_mid   resb 1
    27 00000005 ??                  <1>     .access     resb 1
    28 00000006 ??                  <1>     .flags_lim  resb 1
    29 00000007 ??                  <1>     .base_hi    resb 1
    30                              <1> endstruc
    31                              <1> 
    32                              <1> ; Access byte bits:
    33                              <1> ;   7 Present | 6-5 DPL | 4 S(1=code/data) | 3 E/DT | 2 DC | 1 R/W | 0 A
    34                              <1> ACCESS_RING0_CODE  equ 0x9A   ; Present, ring0, code, executable, read
    35                              <1> ACCESS_RING0_DATA  equ 0x92   ; Present, ring0, data, writable
    36                              <1> ACCESS_RING3_CODE  equ 0xFA   ; Present, ring3, code, executable, read
    37                              <1> ACCESS_RING3_DATA  equ 0xF2   ; Present, ring3, data, writable
    38                              <1> 
    39                              <1> ; Flags nibble (bits 52-55):
    40                              <1> ;   7 Granularity (1=4K) | 6 D/B (1=32-bit) | 5 L (64-bit, keep 0) | 4 Reserved
    41                              <1> FLAG_4K_32BIT      equ 0xCF   ; G=1, D=1, L=0, 0
    42                              <1> 
    43                              <1> ; --- gdt_entry : emit one 8-byte descriptor --------------------------------
    44                              <1> ;  %1=base(32)  %2=limit(20)  %3=access  %4=flags
    45                              <1> %macro gdt_entry 4
    46                              <1>     dw      (%2) & 0xFFFF                       ; limit 0-15
    47                              <1>     dw      (%1) & 0xFFFF                       ; base  0-15
    48                              <1>     db      ((%1) >> 16) & 0xFF                  ; base 16-23
    49                              <1>     db      (%3) & 0xFF                          ; access
    50                              <1>     db      (((%2) >> 16) & 0x0F) | ((%4) & 0xF0) ; flags + limit 16-19
    51                              <1>     db      ((%1) >> 24) & 0xFF                  ; base 24-31
    52                              <1> %endmacro
    53                              <1> 
    54                              <1> ; --- GDT descriptor (pseudo-descriptor for lgdt) ----------------------------
    55                              <1> struc gdt_desc_t
    56 00000000 ????                <1>     .limit   resw 1
    57 00000002 ????????            <1>     .base    resd 1
    58                              <1> endstruc
    59                              <1> 
    60                              <1> ; --- gdt_load : lgdt from a named descriptor -------------------------------
    61                              <1> %macro gdt_load 1
    62                              <1>     lgdt    [%1]
    63                              <1> %endmacro
    64                              <1> 
    65                              <1> ; ============================================================================
    66                              <1> ; Standard GDT sets
    67                              <1> ; ============================================================================
    68                              <1> 
    69                              <1> ; --- GDT_FLAT : null + ring0 code (4GB) + ring0 data (4GB) ------------------
    70                              <1> ;  Use after entering 32-bit mode. Selector 0x08 = code, 0x10 = data.
    71                              <1> %macro GDT_FLAT 0
    72                              <1> ALIGN 8
    73                              <1> gdt_data:
    74                              <1>     gdt_entry 0, 0, 0, 0                       ; null descriptor (selector 0x00)
    75                              <1>     gdt_entry 0, 0xFFFFF, ACCESS_RING0_CODE, FLAG_4K_32BIT  ; code  (selector 0x08)
    76                              <1>     gdt_entry 0, 0xFFFFF, ACCESS_RING0_DATA, FLAG_4K_32BIT  ; data  (selector 0x10)
    77                              <1> gdt_descriptor:
    78                              <1>     dw      gdt_data_end - gdt_data - 1
    79                              <1>     dd      gdt_data
    80                              <1> gdt_data_end:
    81                              <1> %endmacro
    82                              <1> 
    83                              <1> ; --- GDT_RING3 : GDT_FLAT + ring3 code + ring3 data + TSS -------------------
    84                              <1> ;  Selector 0x08 = ring0 code, 0x10 = ring0 data,
    85                              <1> ;  0x18 = ring3 code, 0x20 = ring3 data, 0x28 = TSS
    86                              <1> %macro GDT_RING3 0
    87                              <1> ALIGN 8
    88                              <1> gdt_data:
    89                              <1>     gdt_entry 0, 0, 0, 0                       ; null     (0x00)
    90                              <1>     gdt_entry 0, 0xFFFFF, ACCESS_RING0_CODE, FLAG_4K_32BIT  ; ring0 code (0x08)
    91                              <1>     gdt_entry 0, 0xFFFFF, ACCESS_RING0_DATA, FLAG_4K_32BIT  ; ring0 data (0x10)
    92                              <1>     gdt_entry 0, 0xFFFFF, ACCESS_RING3_CODE, FLAG_4K_32BIT  ; ring3 code (0x18)
    93                              <1>     gdt_entry 0, 0xFFFFF, ACCESS_RING3_DATA, FLAG_4K_32BIT  ; ring3 data (0x20)
    94                              <1>     ; TSS descriptor (placeholder, 104 bytes minimum)
    95                              <1>     gdt_entry 0, 0x67, 0x89, 0x40               ; TSS      (0x28) — present, ring0, 32-bit
    96                              <1> gdt_descriptor:
    97                              <1>     dw      gdt_data_end - gdt_data - 1
    98                              <1>     dd      gdt_data
    99                              <1> gdt_data_end:
   100                              <1> %endmacro
   101                              <1> 
   102                              <1> ; --- Selector constants (for convenience) -----------------------------------
   103                              <1> SEL_CODE0    equ 0x08
   104                              <1> SEL_DATA0    equ 0x10
   105                              <1> SEL_CODE3    equ 0x18
   106                              <1> SEL_DATA3    equ 0x20
   107                              <1> SEL_TSS      equ 0x28
    20                                  
    21                                  ; -------- constants --------
    22                                  SW          equ 320
    23                                  SH          equ 200
    24                                  VGA_FB      equ 0xA0000
    25                                  LFB         equ 0x30000           ; off-screen double buffer
    26                                  SEL_C0      equ 0x08
    27                                  SEL_D0      equ 0x10
    28                                  SEL_VGA     equ 0x18
    29                                  
    30                                  ; -------- palette indices --------
    31                                  PB  equ 0        ; black
    32                                  PW  equ 1        ; white
    33                                  PG  equ 2        ; gray (taskbar)
    34                                  PN0 equ 3        ; navy top
    35                                  PN1 equ 4        ; navy bottom
    36                                  PC  equ 5        ; client
    37                                  PD  equ 6        ; dark bevel
    38                                  PL  equ 7        ; light bevel
    39                                  PR  equ 8        ; red close
    40                                  PGN equ 9        ; green max
    41                                  PY  equ 10       ; yellow min
    42                                  MNU equ 11       ; menu bg
    43                                  MCU equ 32       ; menu cursor
    44                                  
    45                                  ; -------- window layout --------
    46                                  WAX  equ 40
    47                                  WAY  equ 10
    48                                  WAW  equ 240
    49                                  WAH  equ 130
    50                                  TH  equ 18        ; title bar height
    51                                  BS  equ 14        ; button size
    52                                  CLX  equ WAX+WAW-BS-2 ; close button x
    53                                  CLY  equ WAY+2
    54                                  MXX  equ CLX-BS-2
    55                                  MXY  equ WAY+2
    56                                  MN2X equ MXX-BS-2
    57                                  MN2Y equ WAY+2
    58                                  TBRY equ 180       ; taskbar y
    59                                  TH2 equ 20
    60                                  SXT equ 4         ; start button x
    61                                  SYT equ 182
    62                                  SXX equ 80
    63                                  SYX equ 16
    64                                  MNX equ 4
    65                                  MNW equ 96
    66                                  MNH equ 140
    67                                  MNY equ TBRY-MNH     ; =96
    68                                  MIH equ 18
    69                                  CTXW equ 120
    70                                  CTXH equ 48
    71                                  CTXI      equ 16
    72                                  CLKX      equ 272
    73                                  CLKY      equ 184
    74                                  TBX       equ 88
    75                                  TBW       equ 40
    76                                  TBH       equ 16
    77                                  ICONX1    equ 12
    78                                  ICONY1    equ 10
    79                                  ICONX2    equ 12
    80                                  ICONY2    equ 74
    81                                  ICO_W     equ 16
    82                                  ICO_H     equ 16
    83                                  
    84                                  ; -------- window IDs --------
    85                                  WT        equ 0
    86                                  WB        equ 1
    87                                  WA        equ 2
    88                                  WM        equ 3
    89                                  WBN       equ 4
    90                                  WBM       equ 5
    91                                  WBC       equ 6
    92                                  WCT       equ 7
    93                                  WD        equ 8
    94                                  WN        equ 9
    95                                  WA2       equ 10
    96                                  WSH       equ 11
    97                                  ; Desktop file/browser window
    98                                  WFL       equ 12
    99                                  ; Network window
   100                                  WNET      equ 13
   101                                  ; Browser (Internet Explorer)
   102                                  WBR       equ 14
   103                                  ; Installer
   104                                  WIN       equ 15
   105                                  ; EXE Runner / Report
   106                                  WEX       equ 16
   107                                  MAXW      equ 17
   108                                  MAXM      equ 16
   109                                  WSZ       equ 32
   110                                  MSZ       equ 12
   111                                  ; Browser address bar
   112                                  BR_ADDR   equ 32
   113                                  
   114                                  ; -------- File system --------
   115                                  ; File entry layout (32 bytes each):
   116                                  ;   0-15:  name[16]
   117                                  ;   16:    type
   118                                  ;   17-20: size (legacy, kept for compatibility)
   119                                  ;   21:    flags (FS_FLG_*)
   120                                  ;   22:    parent
   121                                  ;   23:    reserved (future flags)
   122                                  ;   24-27: content_ptr  (dword: bytecode/data offset inside file_contents_pool)
   123                                  ;                         = 0xFFFFFFFF means use legacy default code path
   124                                  ;   28-31: content_len  (dword: length in bytes of the content)
   125                                  FS_NAME         equ 16
   126                                  FS_SZ           equ 32
   127                                  FS_MAXF         equ 16       ; max file entries = 2KB data
   128                                  FS_TYPE_FILE    equ 0
   129                                  FS_TYPE_FOLDER  equ 1
   130                                  FS_TYPE_COMPUTER equ 2
   131                                  FS_TYPE_TRASH   equ 3
   132                                  FS_TYPE_NETWORK equ 4
   133                                  FS_TYPE_FILE_TXT equ 5
   134                                  FS_TYPE_FILE_EXE equ 6
   135                                  FS_FLG_DELETED  equ 0x01
   136                                  FS_FLG_SYSTEM   equ 0x02
   137                                  ; --- Per-file content pointers ---
   138                                  FS_CONTENT_OFF  equ 24       ; dword
   139                                  FS_CONTENT_LEN  equ 28       ; dword
   140                                  FS_CONTENT_UNSET equ 0xFFFFFFFF
   141                                  ; --- EXE bytecode limits ---
   142                                  EXE_CONTENT_CHUNK equ 1024   ; 1KB per EXE.  16 entries * 1KB = 16KB pool
   143                                  FS_MAX_CONTENTS  equ 16
   144                                  ; --- PE loader constants ---
   145                                  PE_LOAD_BASE      equ 0x400000     ; 标准 Windows PE ImageBase，当前 2.9MB 空闲
   146                                  PE_MAX_SIZE       equ 0x10000      ; 64KB PE 镜像上限
   147                                  PE_DOWNLOAD_MAX   equ 0x10000      ; 下载缓冲上限
   148                                  
   149                                  ; -------- Net --------
   150                                  NET_NAME  equ 16
   151                                  NET_IP    equ 4
   152                                  NET_SZ    equ 32
   153                                  NET_MAXH  equ 8         ; max hosts = 256 bytes data
   154                                  
   155                                  ; -------- messages --------
   156                                  WM_PAINT  equ 1
   157                                  WM_LDOWN  equ 2
   158                                  WM_LUP    equ 3
   159                                  WM_RDOWN  equ 4
   160                                  WM_CMD    equ 5
   161                                  WM_MMV    equ 6
   162                                  WM_KEY    equ 7
   163                                  
   164                                  ; -------- button IDs --------
   165                                  B_ST equ 1
   166                                  B_MN equ 2
   167                                  B_MX equ 3
   168                                  B_CL equ 4
   169                                  
   170                                  ; -------- window states --------
   171                                  WS_HID  equ 0
   172                                  WS_NORM equ 1
   173                                  WS_MIN  equ 2
   174                                  WS_MAX  equ 3
   175                                  
   176                                  ; -------- Phase B additions --------
   177                                  DBLCLK_TICKS equ 10          ; max ticks between two title clicks for dbl-click
   178                                  BC_MAGIC     equ 0xA4        ; downloaded bytecode magic header byte
   179                                  DL_CODE_SZ   equ EXE_CONTENT_CHUNK  ; downloaded bytecode buffer = 1KB chunk
   180                                  ; dl_valid state:
   181                                  ;   0 = no download
   182                                  ;   1 = dl_code holds raw downloaded bytecode (transient, only until install)
   183                                  ;   2 = dl_code was INSTALLED into file_table and can be double-clicked as exe
   184                                  
   185                                  ; -------- VIN event types --------
   186                                  VIN_MM equ 0
   187                                  VIN_LD equ 1
   188                                  VIN_LU equ 2
   189                                  VIN_RD equ 3
   190                                  VIN_RU equ 4
   191                                  VIN_WT equ 5
   192                                  VIN_EN equ 6
   193                                  VINSZ equ 12
   194                                  
   195                                  ; ============================================================================
   196                                  ; ENTRY
   197                                  ; ============================================================================
   198                                  global_start:
   199 00000000 FA                          cli
   200 00000001 FC                          cld
   201 00000002 B041                        mov     al, 'A'
   202 00000004 E6E9                        out     0xE9, al
   203                                      ; boot32 GDT already valid (code=0x08, data=0x10, both flat 4GB, base=0).
   204                                      ; Skip redundant lgdt: the kernel GDT's extra VGA entry (0x18) is unused,
   205                                      ; and lgdt here triggers QEMU SMM entry/exit that clobbers GDTR before the
   206                                      ; far jump completes, causing #GP. Use a direct far jump to flush CS.
   207 00000006 EA[0D000000]0800            jmp     SEL_C0:.flush_cs
   208                                  .flush_cs:
   209 0000000D B042                        mov     al, 'B'
   210 0000000F E6E9                        out     0xE9, al
   211 00000011 66B81000                    mov     ax, SEL_D0
   212 00000015 8ED8                        mov     ds, ax
   213 00000017 8EC0                        mov     es, ax
   214 00000019 8EE0                        mov     fs, ax
   215 0000001B 8EE8                        mov     gs, ax
   216 0000001D 8ED0                        mov     ss, ax
   217 0000001F B043                        mov     al, 'C'
   218 00000021 E6E9                        out     0xE9, al
   219 00000023 E8C6000000                  call    build_idt
   220 00000028 B036                        mov     al, '6'
   221 0000002A E6E9                        out     0xE9, al
   222 0000002C 0F011D[900E0200]            lidt    [idt_desc_local]
   223 00000033 E8E8020000                  call    pal_init
   224 00000038 B037                        mov     al, '7'
   225 0000003A E6E9                        out     0xE9, al
   226 0000003C E803030000                  call    gdi_init
   227 00000041 B038                        mov     al, '8'
   228 00000043 E6E9                        out     0xE9, al
   229 00000045 E83F050000                  call    usr_init
   230 0000004A B039                        mov     al, '9'
   231 0000004C E6E9                        out     0xE9, al
   232 0000004E E850180000                  call    mou_init
   233 00000053 B03A                        mov     al, ':'
   234 00000055 E6E9                        out     0xE9, al
   235 00000057 E891190000                  call    kbd_init
   236 0000005C B03B                        mov     al, ';'
   237 0000005E E6E9                        out     0xE9, al
   238 00000060 E8EF200000                  call    fs_init
   239 00000065 B03C                        mov     al, '<'
   240 00000067 E6E9                        out     0xE9, al
   241 00000069 E8E0170000                  call    vtd_init
   242 0000006E FB                          sti
   243                                      ; Init browser
   244 0000006F BF[20080200]                mov     edi, br_url
   245 00000074 BE[F0080200]                mov     esi, br_addr_t
   246 00000079 B920000000                  mov     ecx, BR_ADDR
   247 0000007E F3A4                        rep     movsb
   248 00000080 C605[21740000]01            mov     byte [br_page], 1
   249 00000087 C705[66700000]0E00-         mov     dword [CW_HND], WBR
   249 0000008F 0000               
   250 00000091 C705[54700000]2800-         mov     dword [CW_X], 40
   250 00000099 0000               
   251 0000009B C705[58700000]1E00-         mov     dword [CW_Y], 30
   251 000000A3 0000               
   252 000000A5 C705[5C700000]F000-         mov     dword [CW_W], 240
   252 000000AD 0000               
   253 000000AF C705[60700000]6E00-         mov     dword [CW_H], 110
   253 000000B7 0000               
   254 000000B9 C605[64700000]0B            mov     byte [CW_WP], 11
   255 000000C0 C605[65700000]00            mov     byte [CW_BI], 0
   256 000000C7 E8FE040000                  call    CreateWindow
   257 000000CC C705[66700000]0E00-         mov     dword [CW_HND], WBR
   257 000000D4 0000               
   258 000000D6 C705[6A700000]0100-         mov     dword [CW_MSG], WM_PAINT
   258 000000DE 0000               
   259 000000E0 E874060000                  call    user_dispatch
   260 000000E5 E8A16B0000                  call    demo_run
   261 000000EA FA                          cli
   262 000000EB F4                          hlt
   263 000000EC EBFE                        jmp     $
   264                                  
   265                                  ; ============================================================================
   266                                  ; build_idt
   267                                  ; ============================================================================
   268                                  build_idt:
   269 000000EE 53                          push    ebx
   270 000000EF 56                          push    esi
   271 000000F0 57                          push    edi
   272 000000F1 BF[100D0200]                mov     edi, idt_table
   273 000000F6 B960000000                  mov     ecx, 0x30*2       ; 48 entries * 2 dwords = 96 dwords (matches idt_table)
   274 000000FB 31C0                        xor     eax, eax
   275 000000FD F3AB                        rep     stosd
   276 000000FF B8[FA010000]                mov     eax, fault_0
   277 00000104 89C3                        mov     ebx, eax
   278 00000106 C1EB10                      shr     ebx, 16
   279 00000109 B908000000                  mov     ecx, SEL_C0
   280 0000010E BA8E000000                  mov     edx, 0x8E
   281 00000113 BE00000000                  mov     esi, 0
   282 00000118 E89A000000                  call    set_idte
   283 0000011D B8[20020000]                mov     eax, fault_6
   284 00000122 89C3                        mov     ebx, eax
   285 00000124 C1EB10                      shr     ebx, 16
   286 00000127 BE06000000                  mov     esi, 6
   287 0000012C E886000000                  call    set_idte
   288 00000131 B8[28020000]                mov     eax, fault_8
   289 00000136 89C3                        mov     ebx, eax
   290 00000138 C1EB10                      shr     ebx, 16
   291 0000013B BE08000000                  mov     esi, 8
   292 00000140 E872000000                  call    set_idte
   293 00000145 B8[4E020000]                mov     eax, fault_13
   294 0000014A 89C3                        mov     ebx, eax
   295 0000014C C1EB10                      shr     ebx, 16
   296 0000014F BE0D000000                  mov     esi, 13
   297 00000154 E85E000000                  call    set_idte
   298 00000159 B8[85020000]                mov     eax, fault_14
   299 0000015E 89C3                        mov     ebx, eax
   300 00000160 C1EB10                      shr     ebx, 16
   301 00000163 BE0E000000                  mov     esi, 14
   302 00000168 E84A000000                  call    set_idte
   303 0000016D B8[8A180000]                mov     eax, vtd_isr
   304 00000172 89C3                        mov     ebx, eax
   305 00000174 C1EB10                      shr     ebx, 16
   306 00000177 B908000000                  mov     ecx, SEL_C0
   307 0000017C BA8E000000                  mov     edx, 0x8E
   308 00000181 BE20000000                  mov     esi, 0x20
   309 00000186 E82C000000                  call    set_idte
   310 0000018B B8[E5180000]                mov     eax, mou_isr
   311 00000190 89C3                        mov     ebx, eax
   312 00000192 C1EB10                      shr     ebx, 16
   313 00000195 BE34000000                  mov     esi, 0x34        ; PS/2 IRQ12: slave base 0x28 + 12 = 0x34
   314 0000019A E818000000                  call    set_idte
   315 0000019F B8[271A0000]                mov     eax, kbd_isr
   316 000001A4 89C3                        mov     ebx, eax
   317 000001A6 C1EB10                      shr     ebx, 16
   318 000001A9 BE21000000                  mov     esi, 0x21
   319 000001AE E804000000                  call    set_idte
   320 000001B3 5F                          pop     edi
   321 000001B4 5E                          pop     esi
   322 000001B5 5B                          pop     ebx
   323 000001B6 C3                          ret
   324                                  
   325                                  set_idte:
   326 000001B7 57                          push    edi
   327 000001B8 BF[100D0200]                mov     edi, idt_table
   328 000001BD C1E603                      shl     esi, 3
   329 000001C0 01F7                        add     edi, esi
   330 000001C2 668907                      mov     word [edi], ax        ; offset low
   331 000001C5 66894F02                    mov     word [edi+2], cx      ; selector
   332 000001C9 C6470400                    mov     byte [edi+4], 0
   333 000001CD 885705                      mov     byte [edi+5], dl      ; type/attr
   334 000001D0 66895F06                    mov     word [edi+6], bx      ; offset high
   335 000001D4 5F                          pop     edi
   336 000001D5 C3                          ret
   337                                  
   338                                  idt_def:
   339                                      dbg_puts "[A4X] FAULT", 13, 10, 0
    21 000001D6 EB0E                <1>  jmp %%skip
    22 000001D8 5B4134585D20464155- <1> %%str db %1
    22 000001E1 4C540D0A00          <1>
    23                              <1> %%skip:
    24                              <1> %if __BITS__ == 32
    25 000001E6 56                  <1>  push esi
    26 000001E7 BE[D8010000]        <1>  mov esi, %%str
    27                              <1> %%.loop:
    28 000001EC AC                  <1>  lodsb
    29 000001ED 08C0                <1>  or al, al
    30 000001EF 7404                <1>  jz %%.done
    31 000001F1 E6E9                <1>  out 0xE9, al
    32 000001F3 EBF7                <1>  jmp %%.loop
    33                              <1> %%.done:
    34 000001F5 5E                  <1>  pop esi
    35                              <1> %else
    36                              <1>  push si
    37                              <1>  mov si, %%str
    38                              <1> %%.loop:
    39                              <1>  lodsb
    40                              <1>  or al, al
    41                              <1>  jz %%.done
    42                              <1>  out 0xE9, al
    43                              <1>  jmp %%.loop
    44                              <1> %%.done:
    45                              <1>  pop si
    46                              <1> %endif
   340 000001F6 FA                          cli
   341 000001F7 F4                          hlt
   342 000001F8 EBFE                        jmp     $
   343                                  
   344                                  fault_0:
   345                                      dbg_puts "[A4X] EX0 #DE", 13, 10, 0
    21 000001FA EB10                <1>  jmp %%skip
    22 000001FC 5B4134585D20455830- <1> %%str db %1
    22 00000205 202344450D0A00      <1>
    23                              <1> %%skip:
    24                              <1> %if __BITS__ == 32
    25 0000020C 56                  <1>  push esi
    26 0000020D BE[FC010000]        <1>  mov esi, %%str
    27                              <1> %%.loop:
    28 00000212 AC                  <1>  lodsb
    29 00000213 08C0                <1>  or al, al
    30 00000215 7404                <1>  jz %%.done
    31 00000217 E6E9                <1>  out 0xE9, al
    32 00000219 EBF7                <1>  jmp %%.loop
    33                              <1> %%.done:
    34 0000021B 5E                  <1>  pop esi
    35                              <1> %else
    36                              <1>  push si
    37                              <1>  mov si, %%str
    38                              <1> %%.loop:
    39                              <1>  lodsb
    40                              <1>  or al, al
    41                              <1>  jz %%.done
    42                              <1>  out 0xE9, al
    43                              <1>  jmp %%.loop
    44                              <1> %%.done:
    45                              <1>  pop si
    46                              <1> %endif
   346 0000021C FA                          cli
   347 0000021D F4                          hlt
   348 0000021E EBFE                        jmp $
   349                                  fault_6:
   350                                      ; Minimal: just print one char
   351 00000220 B055                        mov     al, 'U'
   352 00000222 E6E9                        out     0xE9, al
   353 00000224 FA                          cli
   354 00000225 F4                          hlt
   355 00000226 EBFE                        jmp $
   356                                  fault_8:
   357                                      dbg_puts "[A4X] EX8 #DF", 13, 10, 0
    21 00000228 EB10                <1>  jmp %%skip
    22 0000022A 5B4134585D20455838- <1> %%str db %1
    22 00000233 202344460D0A00      <1>
    23                              <1> %%skip:
    24                              <1> %if __BITS__ == 32
    25 0000023A 56                  <1>  push esi
    26 0000023B BE[2A020000]        <1>  mov esi, %%str
    27                              <1> %%.loop:
    28 00000240 AC                  <1>  lodsb
    29 00000241 08C0                <1>  or al, al
    30 00000243 7404                <1>  jz %%.done
    31 00000245 E6E9                <1>  out 0xE9, al
    32 00000247 EBF7                <1>  jmp %%.loop
    33                              <1> %%.done:
    34 00000249 5E                  <1>  pop esi
    35                              <1> %else
    36                              <1>  push si
    37                              <1>  mov si, %%str
    38                              <1> %%.loop:
    39                              <1>  lodsb
    40                              <1>  or al, al
    41                              <1>  jz %%.done
    42                              <1>  out 0xE9, al
    43                              <1>  jmp %%.loop
    44                              <1> %%.done:
    45                              <1>  pop si
    46                              <1> %endif
   358 0000024A FA                          cli
   359 0000024B F4                          hlt
   360 0000024C EBFE                        jmp $
   361                                  fault_13:
   362 0000024E FA                          cli
   363 0000024F 50                          push    eax
   364 00000250 53                          push    ebx
   365 00000251 51                          push    ecx
   366 00000252 52                          push    edx
   367 00000253 B047                        mov     al, 'G'
   368 00000255 E6E9                        out     0xE9, al
   369 00000257 B050                        mov     al, 'P'
   370 00000259 E6E9                        out     0xE9, al
   371 0000025B 8B442414                    mov     eax, [esp + 16 + 4]
   372 0000025F E864000000                  call    fxdump32
   373 00000264 B045                        mov     al, 'E'
   374 00000266 E6E9                        out     0xE9, al
   375 00000268 8B442418                    mov     eax, [esp + 16 + 8]
   376 0000026C E857000000                  call    fxdump32
   377 00000271 B058                        mov     al, 'X'
   378 00000273 E6E9                        out     0xE9, al
   379 00000275 8B442420                    mov     eax, [esp + 16 + 16]
   380 00000279 E84A000000                  call    fxdump32
   381 0000027E B047                        mov     al, 'G'
   382 00000280 E6E9                        out     0xE9, al
   383 00000282 F4                          hlt
   384 00000283 EBFE                        jmp $
   385                                  fault_14:
   386 00000285 FA                          cli
   387 00000286 50                          push    eax
   388 00000287 53                          push    ebx
   389 00000288 51                          push    ecx
   390 00000289 52                          push    edx
   391 0000028A B050                        mov     al, 'P'
   392 0000028C E6E9                        out     0xE9, al
   393 0000028E B046                        mov     al, 'F'
   394 00000290 E6E9                        out     0xE9, al
   395 00000292 0F20D0                      mov     eax, cr2
   396 00000295 E82E000000                  call    fxdump32
   397 0000029A B045                        mov     al, 'E'
   398 0000029C E6E9                        out     0xE9, al
   399 0000029E 8B442410                    mov     eax, [esp + 16 + 0]
   400 000002A2 E821000000                  call    fxdump32
   401 000002A7 B049                        mov     al, 'I'
   402 000002A9 E6E9                        out     0xE9, al
   403 000002AB 8B442414                    mov     eax, [esp + 16 + 4]
   404 000002AF E814000000                  call    fxdump32
   405 000002B4 B050                        mov     al, 'P'
   406 000002B6 E6E9                        out     0xE9, al
   407 000002B8 8B44241C                    mov     eax, [esp + 16 + 12]
   408 000002BC E807000000                  call    fxdump32
   409 000002C1 B05A                        mov     al, 'Z'
   410 000002C3 E6E9                        out     0xE9, al
   411 000002C5 F4                          hlt
   412 000002C6 EBFE                        jmp $
   413                                  fxdump32:
   414 000002C8 53                          push    ebx
   415 000002C9 51                          push    ecx
   416 000002CA B91C000000                  mov     ecx, 28
   417                                  .fx_lo:
   418 000002CF 89C3                        mov     ebx, eax
   419 000002D1 D3EB                        shr     ebx, cl
   420 000002D3 80E30F                      and     bl, 0x0F
   421 000002D6 80C330                      add     bl, '0'
   422 000002D9 80FB39                      cmp     bl, '9'
   423 000002DC 7603                        jbe     .fx_ok
   424 000002DE 80C307                      add     bl, 7
   425                                  .fx_ok:
   426 000002E1 50                          push    eax
   427 000002E2 89D8                        mov     eax, ebx
   428 000002E4 25FF000000                  and     eax, 0xFF
   429 000002E9 E6E9                        out     0xE9, al
   430 000002EB 58                          pop     eax
   431 000002EC 83E904                      sub     ecx, 4
   432 000002EF 79DE                        jns     .fx_lo
   433 000002F1 59                          pop     ecx
   434 000002F2 5B                          pop     ebx
   435 000002F3 C3                          ret
   436                                  fex_dump32:
   437 000002F4 53                          push    ebx
   438 000002F5 51                          push    ecx
   439 000002F6 B91C000000                  mov     ecx, 28
   440                                  .fex_lo:
   441 000002FB 89C3                        mov     ebx, eax
   442 000002FD D3EB                        shr     ebx, cl
   443 000002FF 80E30F                      and     bl, 0x0F
   444 00000302 80C330                      add     bl, '0'
   445 00000305 80FB39                      cmp     bl, '9'
   446 00000308 7603                        jbe     .fex_ok
   447 0000030A 80C307                      add     bl, 7
   448                                  .fex_ok:
   449 0000030D 50                          push    eax
   450 0000030E 89D8                        mov     eax, ebx
   451 00000310 25FF000000                  and     eax, 0xFF
   452 00000315 E6E9                        out     0xE9, al
   453 00000317 58                          pop     eax
   454 00000318 83E904                      sub     ecx, 4
   455 0000031B 79DE                        jns     .fex_lo
   456 0000031D 59                          pop     ecx
   457 0000031E 5B                          pop     ebx
   458 0000031F C3                          ret
   459                                  
   460                                  ; ============================================================================
   461                                  ; pal_init — 64 entries to DAC
   462                                  ; ============================================================================
   463                                  pal_init:
   464 00000320 50                          push    eax
   465 00000321 51                          push    ecx
   466 00000322 52                          push    edx
   467 00000323 57                          push    edi
   468 00000324 56                          push    esi
   469                                      ; write palette directly from pal_src to DAC
   470 00000325 66BAC803                    mov     dx, 0x3C8
   471 00000329 30C0                        xor     al, al
   472 0000032B EE                          out     dx, al
   473 0000032C 66BAC903                    mov     dx, 0x3C9
   474 00000330 BE[960E0200]                mov     esi, pal_src
   475 00000335 B9C0000000                  mov     ecx, 64*3
   476                                  .p3:
   477 0000033A AC                          lodsb
   478 0000033B EE                          out     dx, al
   479 0000033C E2FC                        loop    .p3
   480 0000033E 5E                          pop     esi
   481 0000033F 5F                          pop     edi
   482 00000340 5A                          pop     edx
   483 00000341 59                          pop     ecx
   484 00000342 58                          pop     eax
   485 00000343 C3                          ret
   486                                  
   487                                  ; ============================================================================
   488                                  ; gdi_init — clear LFB + VGA
   489                                  ; ============================================================================
   490                                  gdi_init:
   491 00000344 57                          push    edi
   492 00000345 51                          push    ecx
   493 00000346 50                          push    eax
   494                                      ; Clear LFB (0x30000). ES=0x10 is the flat 4GB data segment — LFB and
   495                                      ; VGA both fit inside it, so we avoid push/pop ES which breaks
   496                                      ; ESP alignment when mixed with 32-bit push/pop sequences.
   497 00000347 BF00000300                  mov     edi, LFB
   498 0000034C B9803E0000                  mov     ecx, 320*200/4
   499 00000351 31C0                        xor     eax, eax
   500 00000353 F3AB                        rep     stosd
   501                                      ; Clear VGA (0xA0000) same flat segment
   502 00000355 BF00000A00                  mov     edi, VGA_FB
   503 0000035A F3AB                        rep     stosd
   504 0000035C 58                          pop     eax
   505 0000035D 59                          pop     ecx
   506 0000035E 5F                          pop     edi
   507 0000035F C3                          ret
   508                                  
   509                                  ; ============================================================================
   510                                  ; gdi_flip — LFB -> VGA
   511                                  ; ============================================================================
   512                                  gdi_flip:
   513 00000360 56                          push    esi
   514 00000361 57                          push    edi
   515 00000362 51                          push    ecx
   516                                      ; LFB (0x30000) -> VGA (0xA0000) via flat ES=0x10 segment
   517 00000363 BE00000300                  mov     esi, LFB
   518 00000368 BF00000A00                  mov     edi, VGA_FB
   519 0000036D B9803E0000                  mov     ecx, 320*200/4
   520 00000372 F3A5                        rep     movsd
   521 00000374 59                          pop     ecx
   522 00000375 5F                          pop     edi
   523 00000376 5E                          pop     esi
   524 00000377 C3                          ret
   525                                  
   526                                  ; ============================================================================
   527                                  ; gdi_rect — fill rect. [vd_x..vd_h], al = color
   528                                  ; ============================================================================
   529                                  gdi_rect:
   530 00000378 53                          push    ebx
   531 00000379 51                          push    ecx
   532 0000037A 52                          push    edx
   533 0000037B 57                          push    edi
   534 0000037C 50                          push    eax
   535 0000037D A0[4D700000]                mov     al, [vd_col]      ; FIX: fill colour comes from vd_col
   536 00000382 8B1D[3C700000]              mov     ebx, [vd_x]
   537 00000388 8B0D[40700000]              mov     ecx, [vd_y]
   538 0000038E 8B15[48700000]              mov     edx, [vd_h]
   539                                  .gr_y:
   540 00000394 85D2                        test    edx, edx
   541 00000396 741E                        jz      .gr_d
   542 00000398 89CF                        mov     edi, ecx
   543 0000039A 69FF40010000                imul    edi, SW
   544 000003A0 01DF                        add     edi, ebx
   545 000003A2 81C700000300                add     edi, LFB
   546 000003A8 51                          push    ecx
   547 000003A9 8B0D[44700000]              mov     ecx, [vd_w]
   548 000003AF F3AA                        rep     stosb
   549 000003B1 59                          pop     ecx
   550 000003B2 41                          inc     ecx
   551 000003B3 4A                          dec     edx
   552 000003B4 EBDE                        jmp     .gr_y
   553                                  .gr_d:
   554 000003B6 58                          pop     eax
   555 000003B7 5F                          pop     edi
   556 000003B8 5A                          pop     edx
   557 000003B9 59                          pop     ecx
   558 000003BA 5B                          pop     ebx
   559 000003BB C3                          ret
   560                                  
   561                                  ; ============================================================================
   562                                  ; gdi_frame3d — 3D bevel. al=light, ah=dark
   563                                  ;   [vd_ch]=1 raised, =0 sunken
   564                                  ; ============================================================================
   565                                  gdi_frame3d:
   566 000003BC 53                          push    ebx
   567 000003BD 51                          push    ecx
   568 000003BE 52                          push    edx
   569 000003BF 57                          push    edi
   570 000003C0 50                          push    eax
   571 000003C1 8B1D[3C700000]              mov     ebx, [vd_x]
   572 000003C7 8B0D[40700000]              mov     ecx, [vd_y]
   573 000003CD 8B15[44700000]              mov     edx, [vd_w]
   574                                      ; top
   575 000003D3 89CF                        mov     edi, ecx
   576 000003D5 69FF40010000                imul    edi, SW
   577 000003DB 01DF                        add     edi, ebx
   578 000003DD 81C700000300                add     edi, LFB
   579 000003E3 803D[4C700000]01            cmp     byte [vd_ch], 1
   580 000003EA 7502                        jne     .ft_l
   581 000003EC 88E0                        mov     al, ah
   582                                  .ft_l:
   583 000003EE 51                          push    ecx
   584 000003EF 89D1                        mov     ecx, edx
   585 000003F1 F3AA                        rep     stosb
   586 000003F3 59                          pop     ecx
   587                                      ; bottom
   588 000003F4 8B15[48700000]              mov     edx, [vd_h]
   589 000003FA 89CF                        mov     edi, ecx
   590 000003FC 01D7                        add     edi, edx
   591 000003FE 4F                          dec     edi
   592 000003FF 69FF40010000                imul    edi, SW
   593 00000405 01DF                        add     edi, ebx
   594 00000407 81C700000300                add     edi, LFB
   595 0000040D 803D[4C700000]01            cmp     byte [vd_ch], 1
   596 00000414 7405                        je      .fb_d
   597 00000416 A0[4D700000]                mov     al, [vd_col]
   598                                  .fb_d:
   599 0000041B 51                          push    ecx
   600 0000041C 8B0D[44700000]              mov     ecx, [vd_w]
   601 00000422 F3AA                        rep     stosb
   602 00000424 59                          pop     ecx
   603                                      ; left
   604 00000425 89CF                        mov     edi, ecx
   605 00000427 69FF40010000                imul    edi, SW
   606 0000042D 01DF                        add     edi, ebx
   607 0000042F 81C700000300                add     edi, LFB
   608 00000435 803D[4C700000]01            cmp     byte [vd_ch], 1
   609 0000043C 7502                        jne     .fl_l
   610 0000043E 88E0                        mov     al, ah
   611                                  .fl_l:
   612 00000440 50                          push    eax
   613 00000441 8B15[48700000]              mov     edx, [vd_h]
   614                                  .fl_l2:
   615 00000447 8807                        mov     byte [edi], al
   616 00000449 81C740010000                add     edi, SW
   617 0000044F 4A                          dec     edx
   618 00000450 75F5                        jnz     .fl_l2
   619 00000452 58                          pop     eax
   620                                      ; right
   621 00000453 8B15[44700000]              mov     edx, [vd_w]
   622 00000459 89CF                        mov     edi, ecx
   623 0000045B 01D7                        add     edi, edx
   624 0000045D 4F                          dec     edi
   625 0000045E 69FF40010000                imul   edi, SW
   626 00000464 01DF                        add     edi, ebx
   627 00000466 81C700000300                add     edi, LFB
   628 0000046C 803D[4C700000]01            cmp     byte [vd_ch], 1
   629 00000473 7405                        je      .fr_d
   630 00000475 A0[4D700000]                mov     al, [vd_col]
   631                                  .fr_d:
   632 0000047A 50                          push    eax
   633 0000047B 8B15[48700000]              mov     edx, [vd_h]
   634                                  .fr_l2:
   635 00000481 8807                        mov     byte [edi], al
   636 00000483 81C740010000                add     edi, SW
   637 00000489 4A                          dec     edx
   638 0000048A 75F5                        jnz     .fr_l2
   639 0000048C 58                          pop     eax
   640 0000048D 58                          pop     eax
   641 0000048E 5F                          pop     edi
   642 0000048F 5A                          pop     edx
   643 00000490 59                          pop     ecx
   644 00000491 5B                          pop     ebx
   645 00000492 C3                          ret
   646                                  
   647                                  ; ============================================================================
   648                                  ; gdi_char — draw 8x8 char. [vd_x][vd_y][vd_col][vd_str]=charcode
   649                                  ; ============================================================================
   650                                  gdi_char:
   651 00000493 53                          push    ebx
   652 00000494 51                          push    ecx
   653 00000495 52                          push    edx
   654 00000496 56                          push    esi
   655 00000497 57                          push    edi
   656 00000498 50                          push    eax
   657 00000499 8B35[4F700000]              mov     esi, [vd_str]
   658 0000049F 0FB61E                      movzx   ebx, byte [esi]
   659 000004A2 C1E303                      shl     ebx, 3
   660 000004A5 BE[560F0200]                mov     esi, FONT
   661 000004AA 01DE                        add     esi, ebx
   662 000004AC 8B1D[3C700000]              mov     ebx, [vd_x]
   663 000004B2 8B0D[40700000]              mov     ecx, [vd_y]
   664 000004B8 BA08000000                  mov     edx, 8
   665                                  .gc_r:
   666 000004BD AC                          lodsb
   667 000004BE 52                          push    edx
   668 000004BF BA08000000                  mov     edx, 8
   669 000004C4 89CF                        mov     edi, ecx
   670 000004C6 69FF40010000                imul    edi, SW
   671 000004CC 01DF                        add     edi, ebx
   672 000004CE 81C700000300                add     edi, LFB
   673                                  .gc_c:
   674 000004D4 D0E0                        shl     al, 1
   675 000004D6 730A                        jnc     .gc_s
   676 000004D8 53                          push    ebx
   677 000004D9 8A1D[4D700000]              mov     bl, [vd_col]
   678 000004DF 881F                        mov     [edi], bl
   679 000004E1 5B                          pop     ebx
   680                                  .gc_s:
   681 000004E2 47                          inc     edi
   682 000004E3 4A                          dec     edx
   683 000004E4 75EE                        jnz     .gc_c
   684 000004E6 5A                          pop     edx
   685 000004E7 41                          inc     ecx
   686 000004E8 4A                          dec     edx
   687 000004E9 75D2                        jnz     .gc_r
   688 000004EB 58                          pop     eax
   689 000004EC 5F                          pop     edi
   690 000004ED 5E                          pop     esi
   691 000004EE 5A                          pop     edx
   692 000004EF 59                          pop     ecx
   693 000004F0 5B                          pop     ebx
   694 000004F1 C3                          ret
   695                                  
   696                                  ; ============================================================================
   697                                  ; gdi_text — draw null-terminated string at [vd_x][vd_y][vd_str][vd_col]
   698                                  ; ============================================================================
   699                                  gdi_text:
   700 000004F2 53                          push    ebx
   701 000004F3 56                          push    esi
   702 000004F4 57                          push    edi
   703 000004F5 50                          push    eax
   704 000004F6 8B1D[3C700000]              mov     ebx, [vd_x]
   705 000004FC 8B35[4F700000]              mov     esi, [vd_str]
   706                                  .gt_l:
   707 00000502 AC                          lodsb
   708 00000503 08C0                        or      al, al
   709 00000505 7410                        jz      .gt_d
   710 00000507 56                          push    esi
   711 00000508 E886FFFFFF                  call    gdi_char
   712 0000050D 5E                          pop     esi
   713 0000050E 8305[3C700000]08            add     dword [vd_x], 8
   714 00000515 EBEB                        jmp     .gt_l
   715                                  .gt_d:
   716 00000517 58                          pop     eax
   717 00000518 891D[3C700000]              mov     [vd_x], ebx
   718 0000051E 5F                          pop     edi
   719 0000051F 5E                          pop     esi
   720 00000520 5B                          pop     ebx
   721 00000521 C3                          ret
   722                                  
   723                                  ; ============================================================================
   724                                  ; gdi_vgrad — vertical gradient on [vd_x..vd_h]. vd_col=start, vd_col2=end
   725                                  ; ============================================================================
   726                                  gdi_vgrad:
   727 00000522 53                          push    ebx
   728 00000523 51                          push    ecx
   729 00000524 52                          push    edx
   730 00000525 57                          push    edi
   731 00000526 50                          push    eax
   732 00000527 56                          push    esi
   733 00000528 8B1D[40700000]              mov     ebx, [vd_y]        ; current y (starts at top)
   734 0000052E 8B0D[48700000]              mov     ecx, [vd_h]        ; outer row count (loop counter)
   735                                      ; step = vd_col2 - vd_col  (signed byte, kept in esi)
   736 00000534 0FB635[4E700000]            movzx   esi, byte [vd_col2]
   737 0000053B 0FB605[4D700000]            movzx   eax, byte [vd_col]
   738 00000542 29C6                        sub     esi, eax
   739                                  .gv_r:
   740 00000544 85C9                        test    ecx, ecx
   741 00000546 743A                        jz      .gv_d
   742                                      ; colour for this row = vd_col + (y - vd_y) * step / vd_h
   743 00000548 89D8                        mov     eax, ebx
   744 0000054A 2B05[40700000]              sub     eax, [vd_y]        ; row index (>=0)
   745 00000550 0FAFC6                      imul    eax, esi           ; row * step
   746 00000553 31D2                        xor     edx, edx
   747 00000555 F735[48700000]              div     dword [vd_h]       ; / h
   748 0000055B 0305[4D700000]              add     eax, [vd_col]      ; + start colour
   749 00000561 89DF                        mov     edi, ebx
   750 00000563 69FF40010000                imul    edi, SW
   751 00000569 033D[3C700000]              add     edi, [vd_x]
   752 0000056F 81C700000300                add     edi, LFB
   753 00000575 51                          push    ecx                ; save outer counter
   754 00000576 8B0D[44700000]              mov     ecx, [vd_w]        ; pixel width for rep stosb
   755 0000057C F3AA                        rep     stosb
   756 0000057E 59                          pop     ecx                ; restore outer counter
   757 0000057F 43                          inc     ebx
   758 00000580 E2C2                        loop    .gv_r              ; ecx--, jnz
   759                                  .gv_d:
   760 00000582 5E                          pop     esi
   761 00000583 58                          pop     eax
   762 00000584 5F                          pop     edi
   763 00000585 5A                          pop     edx
   764 00000586 59                          pop     ecx
   765 00000587 5B                          pop     ebx
   766 00000588 C3                          ret
   767                                  
   768                                  ; ============================================================================
   769                                  ; usr_init
   770                                  ; ============================================================================
   771                                  usr_init:
   772 00000589 57                          push    edi
   773 0000058A 51                          push    ecx
   774 0000058B 50                          push    eax
   775 0000058C BF[60B40000]                mov     edi, wnd_table
   776 00000591 B988000000                  mov     ecx, MAXW*WSZ/4
   777 00000596 31C0                        xor     eax, eax
   778 00000598 F3AB                        rep     stosd
   779 0000059A BF[80B60000]                mov     edi, msg_queue
   780 0000059F B930000000                  mov     ecx, MAXM*MSZ/4
   781 000005A4 31C0                        xor     eax, eax
   782 000005A6 F3AB                        rep     stosd
   783 000005A8 C705[DC730000]0000-         mov     dword [msg_head], 0
   783 000005B0 0000               
   784 000005B2 C705[E0730000]0000-         mov     dword [msg_tail], 0
   784 000005BA 0000               
   785 000005BC C705[E4730000]0000-         mov     dword [msg_count], 0
   785 000005C4 0000               
   786 000005C6 58                          pop     eax
   787 000005C7 59                          pop     ecx
   788 000005C8 5F                          pop     edi
   789 000005C9 C3                          ret
   790                                  
   791                                  ; ============================================================================
   792                                  ; CreateWindow — [CW_X][CW_Y][CW_W][CW_H][CW_WP][CW_BI]
   793                                  ;   WinRec: 0-3:x,4-7:y,8-11:w,12-15:h,16-19:ox,20-23:oy,24:state,25:busy
   794                                  ;    26:winproc,27:btnid,28:zord
   795                                  ; ============================================================================
   796                                  CreateWindow:
   797 000005CA 53                          push    ebx
   798 000005CB 57                          push    edi
   799 000005CC 56                          push    esi
   800 000005CD BE[60B40000]                mov     esi, wnd_table
   801 000005D2 A1[66700000]                mov     eax, [CW_HND]
   802 000005D7 83F8FF                      cmp     eax, -1
   803 000005DA 740E                        je      .cw_s
   804                                      ; use caller-specified slot
   805 000005DC 83F811                      cmp     eax, MAXW
   806 000005DF 7D23                        jge     .cw_f
   807 000005E1 89C7                        mov     edi, eax
   808 000005E3 6BFF20                      imul    edi, WSZ
   809 000005E6 01F7                        add     edi, esi
   810 000005E8 EB21                        jmp     .cw_ok
   811                                  .cw_s:
   812 000005EA B800000000                  mov     eax, 0
   813                                  .cw_l:
   814 000005EF 83F811                      cmp     eax, MAXW
   815 000005F2 7D10                        jge     .cw_f
   816 000005F4 89C7                        mov     edi, eax
   817 000005F6 6BFF20                      imul    edi, WSZ
   818 000005F9 01F7                        add     edi, esi
   819 000005FB 807F1A00                    cmp     byte [edi+26], 0
   820 000005FF 740A                        je      .cw_ok
   821 00000601 40                          inc     eax
   822 00000602 EBEB                        jmp     .cw_l
   823                                  .cw_f:
   824 00000604 B8FFFFFFFF                  mov     eax, -1
   825 00000609 EB5F                        jmp     .cw_d
   826                                  .cw_ok:
   827 0000060B 8B1D[54700000]              mov     ebx, [CW_X]
   828 00000611 891F                        mov     [edi], ebx
   829 00000613 8B1D[58700000]              mov     ebx, [CW_Y]
   830 00000619 895F04                      mov     [edi+4], ebx
   831 0000061C 8B1D[5C700000]              mov     ebx, [CW_W]
   832 00000622 895F08                      mov     [edi+8], ebx
   833 00000625 8B1D[60700000]              mov     ebx, [CW_H]
   834 0000062B 895F0C                      mov     [edi+12], ebx
   835 0000062E 8B1D[54700000]              mov     ebx, [CW_X]
   836 00000634 895F10                      mov     [edi+16], ebx
   837 00000637 8B1D[58700000]              mov     ebx, [CW_Y]
   838 0000063D 895F14                      mov     [edi+20], ebx
   839 00000640 C6471801                    mov     byte [edi+24], WS_NORM
   840 00000644 C6471900                    mov     byte [edi+25], 0
   841 00000648 8A1D[64700000]              mov     bl, [CW_WP]
   842 0000064E 885F1A                      mov     [edi+26], bl
   843 00000651 8A1D[65700000]              mov     bl, [CW_BI]
   844 00000657 885F1B                      mov     [edi+27], bl
   845 0000065A C6471C00                    mov     byte [edi+28], 0
   846 0000065E C6471D00                    mov     byte [edi+29], 0
   847 00000662 C6471E00                    mov     byte [edi+30], 0
   848 00000666 C6471F00                    mov     byte [edi+31], 0
   849                                  .cw_d:
   850 0000066A 5E                          pop     esi
   851 0000066B 5F                          pop     edi
   852 0000066C 5B                          pop     ebx
   853 0000066D C3                          ret
   854                                  
   855                                  ; ============================================================================
   856                                  ; DestroyWindow — eax = hwnd
   857                                  ; ============================================================================
   858                                  DestroyWindow:
   859 0000066E 57                          push    edi
   860 0000066F 50                          push    eax
   861 00000670 83F8FF                      cmp     eax, -1
   862 00000673 7418                        je      .dw_d
   863 00000675 83F811                      cmp     eax, MAXW
   864 00000678 7D13                        jge     .dw_d
   865 0000067A 89C7                        mov     edi, eax
   866 0000067C 6BFF20                      imul    edi, WSZ
   867 0000067F 81C7[60B40000]              add     edi, wnd_table
   868 00000685 C6471800                    mov     byte [edi+24], 0
   869 00000689 C6471A00                    mov     byte [edi+26], 0
   870                                  .dw_d:
   871 0000068D 58                          pop     eax
   872 0000068E 5F                          pop     edi
   873 0000068F C3                          ret
   874                                  
   875                                  ; ============================================================================
   876                                  ; PostMessage — [DM_HND][DM_MSG][DM_WP][DM_LP]
   877                                  ; ============================================================================
   878                                  PostMessage:
   879 00000690 57                          push    edi
   880 00000691 52                          push    edx
   881 00000692 50                          push    eax
   882 00000693 A1[E4730000]                mov     eax, [msg_count]
   883 00000698 83F810                      cmp     eax, MAXM
   884 0000069B 7D4C                        jge     .pm_f
   885 0000069D 8B3D[E0730000]              mov     edi, [msg_tail]
   886 000006A3 6BFF0C                      imul    edi, MSZ
   887 000006A6 81C7[80B60000]              add     edi, msg_queue
   888 000006AC A1[6C700000]                mov     eax, [DM_HND]
   889 000006B1 8907                        mov     [edi], eax
   890 000006B3 66A1[70700000]              mov     ax, [DM_MSG]
   891 000006B9 66894704                    mov     [edi+4], ax
   892 000006BD 66A1[72700000]              mov     ax, [DM_WP]
   893 000006C3 66894706                    mov     [edi+6], ax
   894 000006C7 66A1[74700000]              mov     ax, [DM_LP]
   895 000006CD 66894708                    mov     [edi+8], ax
   896 000006D1 A1[E0730000]                mov     eax, [msg_tail]
   897 000006D6 40                          inc     eax
   898 000006D7 83F810                      cmp     eax, MAXM
   899 000006DA 7C02                        jl      .pm_t
   900 000006DC 31C0                        xor     eax, eax
   901                                  .pm_t:
   902 000006DE A3[E0730000]                mov     [msg_tail], eax
   903 000006E3 FF05[E4730000]              inc     dword [msg_count]
   904                                  .pm_f:
   905 000006E9 58                          pop     eax
   906 000006EA 5A                          pop     edx
   907 000006EB 5F                          pop     edi
   908 000006EC C3                          ret
   909                                  
   910                                  ; ============================================================================
   911                                  ; DispatchMessage
   912                                  ; ============================================================================
   913                                  DispatchMessage:
   914 000006ED 57                          push    edi
   915 000006EE 50                          push    eax
   916 000006EF 53                          push    ebx
   917 000006F0 51                          push    ecx
   918 000006F1 52                          push    edx
   919 000006F2 A1[E4730000]                mov     eax, [msg_count]
   920 000006F7 85C0                        test    eax, eax
   921 000006F9 7451                        jz      .dm_e
   922 000006FB 8B3D[DC730000]              mov     edi, [msg_head]
   923 00000701 6BFF0C                      imul    edi, MSZ
   924 00000704 81C7[80B60000]              add     edi, msg_queue
   925 0000070A 8B07                        mov     eax, [edi]
   926 0000070C 668B5F04                    mov     bx, [edi+4]
   927 00000710 668B4F06                    mov     cx, [edi+6]
   928 00000714 668B5708                    mov     dx, [edi+8]
   929 00000718 A1[DC730000]                mov     eax, [msg_head]
   930 0000071D 40                          inc     eax
   931 0000071E 83F810                      cmp     eax, MAXM
   932 00000721 7C02                        jl      .dm_h
   933 00000723 31C0                        xor     eax, eax
   934                                  .dm_h:
   935 00000725 A3[DC730000]                mov     [msg_head], eax
   936 0000072A FF0D[E4730000]              dec     dword [msg_count]
   937 00000730 A3[6C700000]                mov     [DM_HND], eax
   938 00000735 66891D[70700000]            mov     [DM_MSG], bx
   939 0000073C 66890D[72700000]            mov     [DM_WP], cx
   940 00000743 668915[74700000]            mov     [DM_LP], dx
   941 0000074A EB07                        jmp     .dm_d
   942                                  .dm_e:
   943 0000074C 31C0                        xor     eax, eax
   944 0000074E A3[6C700000]                mov     [DM_HND], eax
   945                                  .dm_d:
   946 00000753 5A                          pop     edx
   947 00000754 59                          pop     ecx
   948 00000755 5B                          pop     ebx
   949 00000756 58                          pop     eax
   950 00000757 5F                          pop     edi
   951 00000758 C3                          ret
   952                                  
   953                                  ; ============================================================================
   954                                  ; user_dispatch — [DM_HND][DM_MSG][DM_WP][DM_LP]
   955                                  ; ============================================================================
   956                                  user_dispatch:
   957 00000759 57                          push    edi
   958 0000075A 50                          push    eax
   959 0000075B 53                          push    ebx
   960 0000075C 51                          push    ecx
   961 0000075D 52                          push    edx
   962 0000075E 56                          push    esi
   963 0000075F A1[6C700000]                mov     eax, [DM_HND]
   964 00000764 83F8FF                      cmp     eax, -1
   965 00000767 0F84B5000000                je      .ud_d
   966 0000076D 83F811                      cmp     eax, MAXW
   967 00000770 0F8DAC000000                jge     .ud_d
   968 00000776 89C7                        mov     edi, eax
   969 00000778 6BFF20                      imul    edi, WSZ
   970 0000077B 81C7[60B40000]              add     edi, wnd_table
   971 00000781 8A5F1A                      mov     bl, [edi+26]
   972 00000784 80FB01                      cmp     bl, 1
   973 00000787 743E                        je      .ud_w
   974 00000789 80FB02                      cmp     bl, 2
   975 0000078C 7440                        je      .ud_t
   976 0000078E 80FB03                      cmp     bl, 3
   977 00000791 7442                        je      .ud_b
   978 00000793 80FB04                      cmp     bl, 4
   979 00000796 7444                        je      .ud_m
   980 00000798 80FB05                      cmp     bl, 5
   981 0000079B 7446                        je      .ud_d2
   982 0000079D 80FB06                      cmp     bl, 6
   983 000007A0 7448                        je      .ud_n
   984 000007A2 80FB07                      cmp     bl, 7
   985 000007A5 744A                        je      .ud_a
   986 000007A7 80FB08                      cmp     bl, 8
   987 000007AA 744C                        je      .ud_s
   988 000007AC 80FB09                      cmp     bl, 9
   989 000007AF 744E                        je      .ud_fl
   990 000007B1 80FB0A                      cmp     bl, 10
   991 000007B4 7450                        je      .ud_net
   992 000007B6 80FB0B                      cmp     bl, 11
   993 000007B9 7452                        je      .ud_br
   994 000007BB 80FB0C                      cmp     bl, 12
   995 000007BE 7454                        je      .ud_ins
   996 000007C0 80FB0D                      cmp     bl, 13
   997 000007C3 7456                        je      .ud_ex
   998 000007C5 EB5B                        jmp     .ud_d
   999                                  .ud_w:
  1000 000007C7 E85D000000                  call    wp_w
  1001 000007CC EB54                        jmp     .ud_d
  1002                                  .ud_t:
  1003 000007CE E8CB000000                  call    wp_t
  1004 000007D3 EB4D                        jmp     .ud_d
  1005                                  .ud_b:
  1006 000007D5 E8EB000000                  call    wp_b
  1007 000007DA EB46                        jmp     .ud_d
  1008                                  .ud_m:
  1009 000007DC E839010000                  call    wp_m
  1010 000007E1 EB3F                        jmp     .ud_d
  1011                                  .ud_d2:
  1012 000007E3 E8B30A0000                  call    wp_d
  1013 000007E8 EB38                        jmp     .ud_d
  1014                                  .ud_n:
  1015 000007EA E8AD0A0000                  call    wp_n
  1016 000007EF EB31                        jmp     .ud_d
  1017                                  .ud_a:
  1018 000007F1 E8CD0A0000                  call    wp_a
  1019 000007F6 EB2A                        jmp     .ud_d
  1020                                  .ud_s:
  1021 000007F8 E8C70A0000                  call    wp_s
  1022 000007FD EB23                        jmp     .ud_d
  1023                                  .ud_fl:
  1024 000007FF E8C10A0000                  call    wp_fl
  1025 00000804 EB1C                        jmp     .ud_d
  1026                                  .ud_net:
  1027 00000806 E8E10A0000                  call    wp_net
  1028 0000080B EB15                        jmp     .ud_d
  1029                                  .ud_br:
  1030 0000080D E8010B0000                  call    wp_br
  1031 00000812 EB0E                        jmp     .ud_d
  1032                                  .ud_ins:
  1033 00000814 E8210B0000                  call    wp_ins
  1034 00000819 EB07                        jmp     .ud_d
  1035                                  .ud_ex:
  1036 0000081B E8410B0000                  call    wp_ex
  1037 00000820 EB00                        jmp     .ud_d
  1038                                  .ud_d:
  1039 00000822 5E                          pop     esi
  1040 00000823 5A                          pop     edx
  1041 00000824 59                          pop     ecx
  1042 00000825 5B                          pop     ebx
  1043 00000826 58                          pop     eax
  1044 00000827 5F                          pop     edi
  1045 00000828 C3                          ret
  1046                                  
  1047                                  ; ============================================================================
  1048                                  ; wp_w (window proc)
  1049                                  ; ============================================================================
  1050                                  wp_w:
  1051 00000829 57                          push    edi
  1052 0000082A 50                          push    eax
  1053 0000082B 53                          push    ebx
  1054 0000082C 8B3D[6C700000]              mov     edi, [DM_HND]
  1055 00000832 6BFF20                      imul    edi, WSZ
  1056 00000835 81C7[60B40000]              add     edi, wnd_table
  1057 0000083B 66A1[70700000]              mov     ax, [DM_MSG]
  1058 00000841 6683F801                    cmp     ax, WM_PAINT
  1059 00000845 740E                        je      .ww_p
  1060 00000847 6683F802                    cmp     ax, WM_LDOWN
  1061 0000084B 7411                        je      .ww_l
  1062 0000084D 6683F804                    cmp     ax, WM_RDOWN
  1063 00000851 7400                        je      .ww_r
  1064                                  .ww_r:
  1065 00000853 EB45                        jmp     .ww_d
  1066                                  .ww_p:
  1067 00000855 57                          push    edi
  1068 00000856 E8F5000000                  call    draw_wnd
  1069 0000085B 5F                          pop     edi
  1070 0000085C EB3C                        jmp     .ww_d
  1071                                  .ww_l:
  1072                                      ; title bar click - drag (y in DM_LP, window_y+TH threshold)
  1073 0000085E A1[74700000]                mov     eax, [DM_LP]
  1074 00000863 8B4F04                      mov     ecx, [edi+4]
  1075 00000866 83C112                      add     ecx, TH
  1076 00000869 39C8                        cmp     eax, ecx
  1077 0000086B 7D2D                        jge     .ww_cl
  1078 0000086D A1[6C700000]                mov     eax, [DM_HND]
  1079 00000872 A3[A8730000]                mov     [drag_h], eax
  1080 00000877 A1[72700000]                mov     eax, [DM_WP]
  1081 0000087C A3[AC730000]                mov     [drag_mx], eax
  1082 00000881 A1[74700000]                mov     eax, [DM_LP]
  1083 00000886 A3[B0730000]                mov     [drag_my], eax
  1084 0000088B 8B07                        mov     eax, [edi]
  1085 0000088D A3[E8730000]                mov     [drag_bx], eax
  1086 00000892 8B4704                      mov     eax, [edi+4]
  1087 00000895 A3[EC730000]                mov     [drag_by], eax
  1088                                  .ww_cl:
  1089                                  .ww_d:
  1090 0000089A 5B                          pop     ebx
  1091 0000089B 58                          pop     eax
  1092 0000089C 5F                          pop     edi
  1093 0000089D C3                          ret
  1094                                  
  1095                                  wp_t:
  1096 0000089E 57                          push    edi
  1097 0000089F 50                          push    eax
  1098 000008A0 8B3D[6C700000]              mov     edi, [DM_HND]
  1099 000008A6 6BFF20                      imul    edi, WSZ
  1100 000008A9 81C7[60B40000]              add     edi, wnd_table
  1101 000008AF 66A1[70700000]              mov     ax, [DM_MSG]
  1102 000008B5 6683F801                    cmp     ax, WM_PAINT
  1103 000008B9 7402                        je      .wt_p
  1104 000008BB EB05                        jmp     .wt_d
  1105                                  .wt_p:
  1106 000008BD E896010000                  call    draw_tb
  1107                                  .wt_d:
  1108 000008C2 58                          pop     eax
  1109 000008C3 5F                          pop     edi
  1110 000008C4 C3                          ret
  1111                                  
  1112                                  wp_b:
  1113 000008C5 57                          push    edi
  1114 000008C6 50                          push    eax
  1115 000008C7 53                          push    ebx
  1116 000008C8 8B3D[6C700000]              mov     edi, [DM_HND]
  1117 000008CE 6BFF20                      imul    edi, WSZ
  1118 000008D1 81C7[60B40000]              add     edi, wnd_table
  1119 000008D7 66A1[70700000]              mov     ax, [DM_MSG]
  1120 000008DD 6683F801                    cmp     ax, WM_PAINT
  1121 000008E1 7408                        je      .wb_p
  1122 000008E3 6683F802                    cmp     ax, WM_LDOWN
  1123 000008E7 7409                        je      .wb_l
  1124 000008E9 EB2B                        jmp     .wb_d
  1125                                  .wb_p:
  1126 000008EB E892020000                  call    draw_btn
  1127 000008F0 EB24                        jmp     .wb_d
  1128                                  .wb_l:
  1129                                      ; fire WM_CMD to parent
  1130 000008F2 8A5F1B                      mov     bl, [edi+27]
  1131 000008F5 57                          push    edi
  1132 000008F6 50                          push    eax
  1133 000008F7 A1[6C700000]                mov     eax, [DM_HND]
  1134 000008FC A3[6C700000]                mov     [DM_HND], eax
  1135 00000901 66891D[70700000]            mov     [DM_MSG], bx
  1136 00000908 66891D[74700000]            mov     [DM_LP], bx
  1137 0000090F E845FEFFFF                  call    user_dispatch
  1138 00000914 58                          pop     eax
  1139 00000915 5F                          pop     edi
  1140                                  .wb_d:
  1141 00000916 5B                          pop     ebx
  1142 00000917 58                          pop     eax
  1143 00000918 5F                          pop     edi
  1144 00000919 C3                          ret
  1145                                  
  1146                                  wp_m:
  1147 0000091A 57                          push    edi
  1148 0000091B 50                          push    eax
  1149 0000091C 53                          push    ebx
  1150 0000091D 8B3D[6C700000]              mov     edi, [DM_HND]
  1151 00000923 6BFF20                      imul    edi, WSZ
  1152 00000926 81C7[60B40000]              add     edi, wnd_table
  1153 0000092C 66A1[70700000]              mov     ax, [DM_MSG]
  1154 00000932 6683F801                    cmp     ax, WM_PAINT
  1155 00000936 7408                        je      .wm_p
  1156 00000938 6683F802                    cmp     ax, WM_LDOWN
  1157 0000093C 7409                        je      .wm_l
  1158 0000093E EB0C                        jmp     .wm_d
  1159                                  .wm_p:
  1160 00000940 E87F030000                  call    draw_menu
  1161 00000945 EB05                        jmp     .wm_d
  1162                                  .wm_l:
  1163 00000947 E845040000                  call    menu_hit
  1164                                  .wm_d:
  1165 0000094C 5B                          pop     ebx
  1166 0000094D 58                          pop     eax
  1167 0000094E 5F                          pop     edi
  1168 0000094F C3                          ret
  1169                                  
  1170                                  ; ============================================================================
  1171                                  ; draw_wnd
  1172                                  ; ============================================================================
  1173                                  draw_wnd:
  1174 00000950 57                          push    edi
  1175 00000951 50                          push    eax
  1176 00000952 53                          push    ebx
  1177 00000953 51                          push    ecx
  1178 00000954 52                          push    edx
  1179 00000955 8B07                        mov     eax, [edi]
  1180 00000957 A3[3C700000]                mov     [vd_x], eax
  1181 0000095C 8B4704                      mov     eax, [edi+4]
  1182 0000095F A3[40700000]                mov     [vd_y], eax
  1183 00000964 8B4708                      mov     eax, [edi+8]
  1184 00000967 A3[44700000]                mov     [vd_w], eax
  1185 0000096C 8B470C                      mov     eax, [edi+12]
  1186 0000096F A3[48700000]                mov     [vd_h], eax
  1187                                      ; title bar gradient
  1188 00000974 50                          push    eax
  1189 00000975 A1[40700000]                mov     eax, [vd_y]
  1190 0000097A A3[40700000]                mov     [vd_y], eax
  1191 0000097F B812000000                  mov     eax, TH
  1192 00000984 A3[48700000]                mov     [vd_h], eax
  1193 00000989 C605[4D700000]03            mov     byte [vd_col], PN0
  1194 00000990 C605[4E700000]04            mov     byte [vd_col2], PN1
  1195 00000997 E886FBFFFF                  call    gdi_vgrad
  1196 0000099C 58                          pop     eax
  1197 0000099D A3[48700000]                mov     [vd_h], eax
  1198                                      ; client
  1199 000009A2 8B4704                      mov     eax, [edi+4]
  1200 000009A5 83C012                      add     eax, TH
  1201 000009A8 A3[40700000]                mov     [vd_y], eax
  1202 000009AD 8B470C                      mov     eax, [edi+12]
  1203 000009B0 83E812                      sub     eax, TH
  1204 000009B3 A3[48700000]                mov     [vd_h], eax
  1205 000009B8 C605[4D700000]05            mov     byte [vd_col], PC
  1206 000009BF E8B4F9FFFF                  call    gdi_rect
  1207                                      ; title text - dynamic by winproc
  1208 000009C4 8A5F1A                      mov     bl, [edi+26]
  1209 000009C7 BE[40080200]                mov     esi, title_t
  1210 000009CC 80FB05                      cmp     bl, 5
  1211 000009CF 7411                        je      .dw_td
  1212 000009D1 80FB06                      cmp     bl, 6
  1213 000009D4 7413                        je      .dw_tn
  1214 000009D6 80FB07                      cmp     bl, 7
  1215 000009D9 7415                        je      .dw_ta
  1216 000009DB 80FB08                      cmp     bl, 8
  1217 000009DE 7417                        je      .dw_ts
  1218 000009E0 EB1A                        jmp     .dw_tr
  1219                                  .dw_td:
  1220 000009E2 BE[40080200]                mov     esi, title_dos_t
  1221 000009E7 EB13                        jmp     .dw_tr
  1222                                  .dw_tn:
  1223 000009E9 BE[4D080200]                mov     esi, title_note_t
  1224 000009EE EB0C                        jmp     .dw_tr
  1225                                  .dw_ta:
  1226 000009F0 BE[A2080200]                mov     esi, title_about_t
  1227 000009F5 EB05                        jmp     .dw_tr
  1228                                  .dw_ts:
  1229 000009F7 BE[A8080200]                mov     esi, title_win_t
  1230                                  .dw_tr:
  1231 000009FC 8B07                        mov     eax, [edi]
  1232 000009FE 83C004                      add     eax, 4
  1233 00000A01 A3[3C700000]                mov     [vd_x], eax
  1234 00000A06 8B4704                      mov     eax, [edi+4]
  1235 00000A09 83C003                      add     eax, 3
  1236 00000A0C A3[40700000]                mov     [vd_y], eax
  1237 00000A11 8935[4F700000]              mov     [vd_str], esi
  1238 00000A17 C605[4D700000]01            mov     byte [vd_col], PW
  1239 00000A1E E8CFFAFFFF                  call    gdi_text
  1240                                      ; frame
  1241 00000A23 8B07                        mov     eax, [edi]
  1242 00000A25 A3[3C700000]                mov     [vd_x], eax
  1243 00000A2A 8B4704                      mov     eax, [edi+4]
  1244 00000A2D A3[40700000]                mov     [vd_y], eax
  1245 00000A32 8B4708                      mov     eax, [edi+8]
  1246 00000A35 A3[44700000]                mov     [vd_w], eax
  1247 00000A3A 8B470C                      mov     eax, [edi+12]
  1248 00000A3D A3[48700000]                mov     [vd_h], eax
  1249 00000A42 C605[4C700000]01            mov     byte [vd_ch], 1
  1250 00000A49 B006                        mov     al, PD
  1251 00000A4B B407                        mov     ah, PL
  1252 00000A4D E86AF9FFFF                  call    gdi_frame3d
  1253 00000A52 5A                          pop     edx
  1254 00000A53 59                          pop     ecx
  1255 00000A54 5B                          pop     ebx
  1256 00000A55 58                          pop     eax
  1257 00000A56 5F                          pop     edi
  1258 00000A57 C3                          ret
  1259                                  
  1260                                  ; ============================================================================
  1261                                  ; draw_tb — taskbar
  1262                                  ; ============================================================================
  1263                                  draw_tb:
  1264 00000A58 50                          push    eax
  1265 00000A59 53                          push    ebx
  1266 00000A5A 51                          push    ecx
  1267 00000A5B 52                          push    edx
  1268 00000A5C 57                          push    edi
  1269 00000A5D C705[3C700000]0000-         mov     dword [vd_x], 0
  1269 00000A65 0000               
  1270 00000A67 C705[40700000]B400-         mov     dword [vd_y], TBRY
  1270 00000A6F 0000               
  1271 00000A71 C705[44700000]4001-         mov     dword [vd_w], SW
  1271 00000A79 0000               
  1272 00000A7B C705[48700000]1400-         mov     dword [vd_h], TH2
  1272 00000A83 0000               
  1273 00000A85 C605[4D700000]02            mov     byte [vd_col], PG
  1274 00000A8C E8E7F8FFFF                  call    gdi_rect
  1275 00000A91 50                          push    eax
  1276 00000A92 B052                        mov     al, 'R'
  1277 00000A94 E6E9                        out     0xE9, al
  1278 00000A96 58                          pop     eax
  1279 00000A97 C705[3C700000]0000-         mov     dword [vd_x], 0
  1279 00000A9F 0000               
  1280 00000AA1 C705[40700000]B400-         mov     dword [vd_y], TBRY
  1280 00000AA9 0000               
  1281 00000AAB C705[44700000]4001-         mov     dword [vd_w], SW
  1281 00000AB3 0000               
  1282 00000AB5 C705[48700000]0100-         mov     dword [vd_h], 1
  1282 00000ABD 0000               
  1283 00000ABF C605[4D700000]07            mov     byte [vd_col], PL
  1284 00000AC6 E8ADF8FFFF                  call    gdi_rect
  1285 00000ACB E806070000                  call    draw_clock
  1286 00000AD0 50                          push    eax
  1287 00000AD1 B04B                        mov     al, 'K'
  1288 00000AD3 E6E9                        out     0xE9, al
  1289 00000AD5 58                          pop     eax
  1290 00000AD6 C705[F8730000]5800-         mov     dword [tb_x], TBX
  1290 00000ADE 0000               
  1291 00000AE0 50                          push    eax
  1292 00000AE1 B04C                        mov     al, 'L'
  1293 00000AE3 E6E9                        out     0xE9, al
  1294 00000AE5 58                          pop     eax
  1295 00000AE6 B900000000                  mov     ecx, 0
  1296                                  .tb_w:
  1297 00000AEB 83F911                      cmp     ecx, MAXW
  1298 00000AEE 0F8D82000000                jge     .tb_d
  1299 00000AF4 51                          push    ecx
  1300 00000AF5 89CF                        mov     edi, ecx
  1301 00000AF7 6BFF20                      imul    edi, WSZ
  1302 00000AFA 81C7[60B40000]              add     edi, wnd_table
  1303 00000B00 8A5F18                      mov     bl, [edi+24]
  1304 00000B03 80FB00                      cmp     bl, WS_HID
  1305 00000B06 7467                        je      .tb_n
  1306 00000B08 8A5F1A                      mov     bl, [edi+26]
  1307 00000B0B 80FB00                      cmp     bl, 0
  1308 00000B0E 745F                        je      .tb_n
  1309 00000B10 80FB02                      cmp     bl, 2
  1310 00000B13 745A                        je      .tb_n
  1311 00000B15 80FB03                      cmp     bl, 3
  1312 00000B18 7455                        je      .tb_n
  1313 00000B1A 80FB04                      cmp     bl, 4
  1314 00000B1D 7450                        je      .tb_n
  1315 00000B1F 80FB08                      cmp     bl, 8
  1316 00000B22 744B                        je      .tb_n
  1317 00000B24 A1[F8730000]                mov     eax, [tb_x]
  1318 00000B29 A3[3C700000]                mov     [vd_x], eax
  1319 00000B2E C705[40700000]B600-         mov     dword [vd_y], TBRY+2
  1319 00000B36 0000               
  1320 00000B38 C705[44700000]2800-         mov     dword [vd_w], TBW
  1320 00000B40 0000               
  1321 00000B42 C705[48700000]1000-         mov     dword [vd_h], TBH
  1321 00000B4A 0000               
  1322 00000B4C C605[4D700000]05            mov     byte [vd_col], PC
  1323 00000B53 E820F8FFFF                  call    gdi_rect
  1324 00000B58 C605[4C700000]01            mov     byte [vd_ch], 1
  1325 00000B5F B006                        mov     al, PD
  1326 00000B61 B407                        mov     ah, PL
  1327 00000B63 E854F8FFFF                  call    gdi_frame3d
  1328 00000B68 8305[F8730000]2A            add     dword [tb_x], TBW+2
  1329                                  .tb_n:
  1330 00000B6F 59                          pop     ecx
  1331 00000B70 41                          inc     ecx
  1332 00000B71 E975FFFFFF                  jmp     .tb_w
  1333                                  .tb_d:
  1334 00000B76 50                          push    eax
  1335 00000B77 B045                        mov     al, 'E'
  1336 00000B79 E6E9                        out     0xE9, al
  1337 00000B7B 58                          pop     eax
  1338 00000B7C 5F                          pop     edi
  1339 00000B7D 5A                          pop     edx
  1340 00000B7E 59                          pop     ecx
  1341 00000B7F 5B                          pop     ebx
  1342 00000B80 58                          pop     eax
  1343 00000B81 C3                          ret
  1344                                  
  1345                                  ; ============================================================================
  1346                                  ; draw_btn — button
  1347                                  ; ============================================================================
  1348                                  draw_btn:
  1349 00000B82 50                          push    eax
  1350 00000B83 53                          push    ebx
  1351 00000B84 51                          push    ecx
  1352 00000B85 52                          push    edx
  1353 00000B86 57                          push    edi
  1354 00000B87 8B07                        mov     eax, [edi]
  1355 00000B89 A3[3C700000]                mov     [vd_x], eax
  1356 00000B8E 8B4704                      mov     eax, [edi+4]
  1357 00000B91 A3[40700000]                mov     [vd_y], eax
  1358 00000B96 8B4708                      mov     eax, [edi+8]
  1359 00000B99 A3[44700000]                mov     [vd_w], eax
  1360 00000B9E 8B470C                      mov     eax, [edi+12]
  1361 00000BA1 A3[48700000]                mov     [vd_h], eax
  1362 00000BA6 8A5F1B                      mov     bl, [edi+27]
  1363 00000BA9 80FB01                      cmp     bl, B_ST
  1364 00000BAC 7418                        je      .db_s
  1365 00000BAE 80FB04                      cmp     bl, B_CL
  1366 00000BB1 741C                        je      .db_c
  1367 00000BB3 80FB03                      cmp     bl, B_MX
  1368 00000BB6 7420                        je      .db_m
  1369 00000BB8 80FB02                      cmp     bl, B_MN
  1370 00000BBB 7424                        je      .db_n
  1371 00000BBD C605[4D700000]02            mov     byte [vd_col], PG
  1372 00000BC4 EB32                        jmp     .db_f
  1373                                  .db_s:
  1374 00000BC6 C605[4D700000]02            mov     byte [vd_col], PG
  1375 00000BCD EB29                        jmp     .db_f
  1376                                  .db_c:
  1377 00000BCF C605[4D700000]08            mov     byte [vd_col], PR
  1378 00000BD6 EB10                        jmp     .db_hov
  1379                                  .db_m:
  1380 00000BD8 C605[4D700000]09            mov     byte [vd_col], PGN
  1381 00000BDF EB07                        jmp     .db_hov
  1382                                  .db_n:
  1383 00000BE1 C605[4D700000]0A            mov     byte [vd_col], PY
  1384                                  .db_hov:
  1385                                      ; Phase B: invert to white when this button is hovered
  1386 00000BE8 A0[23740000]                mov     al, [hover_btn]
  1387 00000BED 38D8                        cmp     al, bl
  1388 00000BEF 7507                        jne     .db_f
  1389 00000BF1 C605[4D700000]01            mov     byte [vd_col], PW
  1390                                  .db_f:
  1391 00000BF8 E87BF7FFFF                  call    gdi_rect
  1392 00000BFD C605[4C700000]01            mov     byte [vd_ch], 1
  1393 00000C04 B006                        mov     al, PD
  1394 00000C06 B407                        mov     ah, PL
  1395 00000C08 E8AFF7FFFF                  call    gdi_frame3d
  1396 00000C0D 80FB01                      cmp     bl, B_ST
  1397 00000C10 7414                        je      .db_ss
  1398 00000C12 80FB04                      cmp     bl, B_CL
  1399 00000C15 743D                        je      .db_cc
  1400 00000C17 80FB03                      cmp     bl, B_MX
  1401 00000C1A 746D                        je      .db_mm
  1402 00000C1C 80FB02                      cmp     bl, B_MN
  1403 00000C1F 743A                        je      .db_nn
  1404 00000C21 E998000000                  jmp     .db_l
  1405                                  .db_ss:
  1406 00000C26 8B07                        mov     eax, [edi]
  1407 00000C28 83C00C                      add     eax, 12
  1408 00000C2B A3[3C700000]                mov     [vd_x], eax
  1409 00000C30 8B4704                      mov     eax, [edi+4]
  1410 00000C33 83C003                      add     eax, 3
  1411 00000C36 A3[40700000]                mov     [vd_y], eax
  1412 00000C3B BE[47080200]                mov     esi, start_t
  1413 00000C40 8935[4F700000]              mov     [vd_str], esi
  1414 00000C46 C605[4D700000]01            mov     byte [vd_col], PW
  1415 00000C4D E8A0F8FFFF                  call    gdi_text
  1416 00000C52 EB6A                        jmp     .db_l
  1417                                  .db_cc:
  1418 00000C54 BE[D1080200]                mov     esi, btn_close_c
  1419 00000C59 EB05                        jmp     .db_cl
  1420                                  .db_nn:
  1421 00000C5B BE[D3080200]                mov     esi, btn_min_c
  1422                                  .db_cl:
  1423 00000C60 8B07                        mov     eax, [edi]
  1424 00000C62 83C004                      add     eax, 4
  1425 00000C65 A3[3C700000]                mov     [vd_x], eax
  1426 00000C6A 8B4704                      mov     eax, [edi+4]
  1427 00000C6D 83C002                      add     eax, 2
  1428 00000C70 A3[40700000]                mov     [vd_y], eax
  1429 00000C75 8935[4F700000]              mov     [vd_str], esi
  1430 00000C7B C605[4D700000]01            mov     byte [vd_col], PW
  1431 00000C82 E80CF8FFFF                  call    gdi_char
  1432 00000C87 EB35                        jmp     .db_l
  1433                                  .db_mm:
  1434 00000C89 8B07                        mov     eax, [edi]
  1435 00000C8B 83C005                      add     eax, 5
  1436 00000C8E A3[3C700000]                mov     [vd_x], eax
  1437 00000C93 8B4704                      mov     eax, [edi+4]
  1438 00000C96 83C005                      add     eax, 5
  1439 00000C99 A3[40700000]                mov     [vd_y], eax
  1440 00000C9E C705[44700000]0400-         mov     dword [vd_w], 4
  1440 00000CA6 0000               
  1441 00000CA8 C705[48700000]0400-         mov     dword [vd_h], 4
  1441 00000CB0 0000               
  1442 00000CB2 C605[4D700000]01            mov     byte [vd_col], PW
  1443 00000CB9 E8BAF6FFFF                  call    gdi_rect
  1444                                  .db_l:
  1445 00000CBE 5F                          pop     edi
  1446 00000CBF 5A                          pop     edx
  1447 00000CC0 59                          pop     ecx
  1448 00000CC1 5B                          pop     ebx
  1449 00000CC2 58                          pop     eax
  1450 00000CC3 C3                          ret
  1451                                  
  1452                                  ; ============================================================================
  1453                                  ; draw_menu — start menu (7 items)
  1454                                  ; ============================================================================
  1455                                  draw_menu:
  1456 00000CC4 50                          push    eax
  1457 00000CC5 53                          push    ebx
  1458 00000CC6 51                          push    ecx
  1459 00000CC7 52                          push    edx
  1460 00000CC8 57                          push    edi
  1461 00000CC9 56                          push    esi
  1462 00000CCA C705[3C700000]0400-         mov     dword [vd_x], MNX
  1462 00000CD2 0000               
  1463 00000CD4 C705[40700000]2800-         mov     dword [vd_y], MNY
  1463 00000CDC 0000               
  1464 00000CDE C705[44700000]6000-         mov     dword [vd_w], MNW
  1464 00000CE6 0000               
  1465 00000CE8 C705[48700000]8C00-         mov     dword [vd_h], MNH
  1465 00000CF0 0000               
  1466 00000CF2 C605[4D700000]0B            mov     byte [vd_col], MNU
  1467 00000CF9 E87AF6FFFF                  call    gdi_rect
  1468 00000CFE C605[4C700000]01            mov     byte [vd_ch], 1
  1469 00000D05 B006                        mov     al, PD
  1470 00000D07 B407                        mov     ah, PL
  1471 00000D09 E8AEF6FFFF                  call    gdi_frame3d
  1472 00000D0E B900000000                  mov     ecx, 0
  1473                                  .dm_i:
  1474 00000D13 83F907                      cmp     ecx, 7
  1475 00000D16 7D72                        jge     .dm_d
  1476 00000D18 B828000000                  mov     eax, MNY
  1477 00000D1D 01C8                        add     eax, ecx
  1478 00000D1F 6BC012                      imul    eax, MIH
  1479 00000D22 83C002                      add     eax, 2
  1480 00000D25 A3[40700000]                mov     [vd_y], eax
  1481 00000D2A C705[3C700000]0800-         mov     dword [vd_x], MNX + 4
  1481 00000D32 0000               
  1482 00000D34 BE[40080200]                mov     esi, mnu_t1
  1483 00000D39 83F900                      cmp     ecx, 0
  1484 00000D3C 7437                        je      .dm_u
  1485 00000D3E BE[4D080200]                mov     esi, mnu_t2
  1486 00000D43 83F901                      cmp     ecx, 1
  1487 00000D46 742D                        je      .dm_u
  1488 00000D48 BE[55080200]                mov     esi, mnu_t3
  1489 00000D4D 83F902                      cmp     ecx, 2
  1490 00000D50 7423                        je      .dm_u
  1491 00000D52 BE[63080200]                mov     esi, mnu_t4
  1492 00000D57 83F903                      cmp     ecx, 3
  1493 00000D5A 7419                        je      .dm_u
  1494 00000D5C BE[6B080200]                mov     esi, mnu_t5
  1495 00000D61 83F904                      cmp     ecx, 4
  1496 00000D64 740F                        je      .dm_u
  1497 00000D66 BE[77080200]                mov     esi, mnu_t6
  1498 00000D6B 83F905                      cmp     ecx, 5
  1499 00000D6E 7405                        je      .dm_u
  1500 00000D70 BE[80080200]                mov     esi, mnu_t7
  1501                                  .dm_u:
  1502 00000D75 8935[4F700000]              mov     [vd_str], esi
  1503 00000D7B C605[4D700000]01            mov     byte [vd_col], PW
  1504 00000D82 E86BF7FFFF                  call    gdi_text
  1505 00000D87 41                          inc     ecx
  1506 00000D88 EB89                        jmp     .dm_i
  1507                                  .dm_d:
  1508 00000D8A 5E                          pop     esi
  1509 00000D8B 5F                          pop     edi
  1510 00000D8C 5A                          pop     edx
  1511 00000D8D 59                          pop     ecx
  1512 00000D8E 5B                          pop     ebx
  1513 00000D8F 58                          pop     eax
  1514 00000D90 C3                          ret
  1515                                  
  1516                                  ; ============================================================================
  1517                                  ; menu_hit — hit test menu items, execute action
  1518                                  ; ============================================================================
  1519                                  menu_hit:
  1520 00000D91 50                          push    eax
  1521 00000D92 53                          push    ebx
  1522 00000D93 51                          push    ecx
  1523 00000D94 52                          push    edx
  1524 00000D95 A1[78700000]                mov     eax, [mou_x]
  1525 00000D9A 8B1D[7C700000]              mov     ebx, [mou_y]
  1526 00000DA0 B900000000                  mov     ecx, 0
  1527                                  .mh_l:
  1528 00000DA5 83F907                      cmp     ecx, 7
  1529 00000DA8 0F8DBC020000                jge     .mh_d
  1530 00000DAE BA28000000                  mov     edx, MNY
  1531 00000DB3 01CA                        add     edx, ecx
  1532 00000DB5 6BD212                      imul    edx, MIH
  1533 00000DB8 83C202                      add     edx, 2
  1534 00000DBB 39D3                        cmp     ebx, edx
  1535 00000DBD 0F8CA1020000                jl      .mh_n
  1536 00000DC3 83C212                      add     edx, MIH
  1537 00000DC6 39D3                        cmp     ebx, edx
  1538 00000DC8 0F8D96020000                jge     .mh_n
  1539 00000DCE 83F804                      cmp     eax, MNX
  1540 00000DD1 0F8C8D020000                jl      .mh_n
  1541 00000DD7 83F864                      cmp     eax, MNX + MNW
  1542 00000DDA 0F8D84020000                jge     .mh_n
  1543 00000DE0 890D[B8730000]              mov     dword [menu_sel], ecx
  1544 00000DE6 C705[B4730000]0000-         mov     dword [menu_vis], 0
  1544 00000DEE 0000               
  1545 00000DF0 B803000000                  mov     eax, WM
  1546 00000DF5 E874F8FFFF                  call    DestroyWindow
  1547 00000DFA 83F900                      cmp     ecx, 0
  1548 00000DFD 7437                        je      .mh_dos
  1549 00000DFF 83F901                      cmp     ecx, 1
  1550 00000E02 7437                        je      .mh_note
  1551 00000E04 83F902                      cmp     ecx, 2
  1552 00000E07 0F84A2000000                je      .mh_file
  1553 00000E0D 83F903                      cmp     ecx, 3
  1554 00000E10 0F8403010000                je      .mh_net
  1555 00000E16 83F904                      cmp     ecx, 4
  1556 00000E19 0F845D010000                je      .mh_trash
  1557 00000E1F 83F905                      cmp     ecx, 5
  1558 00000E22 0F84BE010000                je      .mh_new
  1559 00000E28 83F906                      cmp     ecx, 6
  1560 00000E2B 0F84D5010000                je      .mh_shut
  1561 00000E31 E934020000                  jmp     .mh_d
  1562                                  .mh_dos:
  1563 00000E36 E92F020000                  jmp     .mh_d
  1564                                  .mh_note:
  1565 00000E3B C705[66700000]0900-         mov     dword [CW_HND], WN
  1565 00000E43 0000               
  1566 00000E45 C705[54700000]3C00-         mov     dword [CW_X], 60
  1566 00000E4D 0000               
  1567 00000E4F C705[58700000]3200-         mov     dword [CW_Y], 50
  1567 00000E57 0000               
  1568 00000E59 C705[5C700000]B400-         mov     dword [CW_W], 180
  1568 00000E61 0000               
  1569 00000E63 C705[60700000]6400-         mov     dword [CW_H], 100
  1569 00000E6B 0000               
  1570 00000E6D C605[64700000]06            mov     byte [CW_WP], 6
  1571 00000E74 C605[65700000]00            mov     byte [CW_BI], 0
  1572 00000E7B E84AF7FFFF                  call    CreateWindow
  1573 00000E80 C705[0D740000]0900-         mov     dword [kbd_focus], WN
  1573 00000E88 0000               
  1574 00000E8A C605[14740000]01            mov     byte [note_dirty], 1
  1575 00000E91 C705[66700000]0900-         mov     dword [CW_HND], WN
  1575 00000E99 0000               
  1576 00000E9B C705[6A700000]0100-         mov     dword [CW_MSG], WM_PAINT
  1576 00000EA3 0000               
  1577 00000EA5 E8AFF8FFFF                  call    user_dispatch
  1578 00000EAA E9BB010000                  jmp     .mh_d
  1579                                  .mh_file:
  1580 00000EAF C705[66700000]0C00-         mov     dword [CW_HND], WFL
  1580 00000EB7 0000               
  1581 00000EB9 C705[54700000]1E00-         mov     dword [CW_X], 30
  1581 00000EC1 0000               
  1582 00000EC3 C705[58700000]1E00-         mov     dword [CW_Y], 30
  1582 00000ECB 0000               
  1583 00000ECD C705[5C700000]F000-         mov     dword [CW_W], 240
  1583 00000ED5 0000               
  1584 00000ED7 C705[60700000]6400-         mov     dword [CW_H], 100
  1584 00000EDF 0000               
  1585 00000EE1 C605[64700000]09            mov     byte [CW_WP], 9
  1586 00000EE8 C605[65700000]00            mov     byte [CW_BI], 0
  1587 00000EEF E8D6F6FFFF                  call    CreateWindow
  1588 00000EF4 C605[18740000]FF            mov     byte [fs_cur_dir], 0xFF
  1589 00000EFB C705[66700000]0C00-         mov     dword [CW_HND], WFL
  1589 00000F03 0000               
  1590 00000F05 C705[6A700000]0100-         mov     dword [CW_MSG], WM_PAINT
  1590 00000F0D 0000               
  1591 00000F0F E845F8FFFF                  call    user_dispatch
  1592 00000F14 E951010000                  jmp     .mh_d
  1593                                  .mh_net:
  1594 00000F19 C705[66700000]0D00-         mov     dword [CW_HND], WNET
  1594 00000F21 0000               
  1595 00000F23 C705[54700000]3200-         mov     dword [CW_X], 50
  1595 00000F2B 0000               
  1596 00000F2D C705[58700000]1E00-         mov     dword [CW_Y], 30
  1596 00000F35 0000               
  1597 00000F37 C705[5C700000]DC00-         mov     dword [CW_W], 220
  1597 00000F3F 0000               
  1598 00000F41 C705[60700000]5A00-         mov     dword [CW_H], 90
  1598 00000F49 0000               
  1599 00000F4B C605[64700000]0A            mov     byte [CW_WP], 10
  1600 00000F52 C605[65700000]00            mov     byte [CW_BI], 0
  1601 00000F59 E86CF6FFFF                  call    CreateWindow
  1602 00000F5E C705[66700000]0D00-         mov     dword [CW_HND], WNET
  1602 00000F66 0000               
  1603 00000F68 C705[6A700000]0100-         mov     dword [CW_MSG], WM_PAINT
  1603 00000F70 0000               
  1604 00000F72 E8E2F7FFFF                  call    user_dispatch
  1605 00000F77 E9EE000000                  jmp     .mh_d
  1606                                  .mh_trash:
  1607                                      ; Open file browser filtered to deleted
  1608 00000F7C C605[18740000]FE            mov     byte [fs_cur_dir], 0xFE  ; 0xFE = trash special view
  1609 00000F83 C705[66700000]0C00-         mov     dword [CW_HND], WFL
  1609 00000F8B 0000               
  1610 00000F8D C705[54700000]2800-         mov     dword [CW_X], 40
  1610 00000F95 0000               
  1611 00000F97 C705[58700000]3200-         mov     dword [CW_Y], 50
  1611 00000F9F 0000               
  1612 00000FA1 C705[5C700000]DC00-         mov     dword [CW_W], 220
  1612 00000FA9 0000               
  1613 00000FAB C705[60700000]6400-         mov     dword [CW_H], 100
  1613 00000FB3 0000               
  1614 00000FB5 C605[64700000]09            mov     byte [CW_WP], 9
  1615 00000FBC C605[65700000]00            mov     byte [CW_BI], 0
  1616 00000FC3 E802F6FFFF                  call    CreateWindow
  1617 00000FC8 C705[66700000]0C00-         mov     dword [CW_HND], WFL
  1617 00000FD0 0000               
  1618 00000FD2 C705[6A700000]0100-         mov     dword [CW_MSG], WM_PAINT
  1618 00000FDA 0000               
  1619 00000FDC E878F7FFFF                  call    user_dispatch
  1620 00000FE1 E984000000                  jmp     .mh_d
  1621                                  .mh_new:
  1622                                      ; Simple new file: create "newfile.txt" in root
  1623 00000FE6 C605[18740000]FF            mov     byte [fs_cur_dir], 0xFF
  1624 00000FED BD[B70A0200]                mov     ebp, newfn_t
  1625 00000FF2 B505                        mov     ch, FS_TYPE_FILE_TXT
  1626 00000FF4 E89F130000                  call    fs_create
  1627                                      ; If success, refresh desktop icons
  1628 00000FF9 85C0                        test    eax, eax
  1629 00000FFB 746D                        jz      .mh_d
  1630 00000FFD C605[1A740000]01            mov     byte [fs_dirty], 1
  1631 00001004 EB64                        jmp     .mh_d
  1632                                  .mh_shut:
  1633 00001006 C705[66700000]0B00-         mov     dword [CW_HND], WSH
  1633 0000100E 0000               
  1634 00001010 C705[54700000]2800-         mov     dword [CW_X], 40
  1634 00001018 0000               
  1635 0000101A C705[58700000]2800-         mov     dword [CW_Y], 40
  1635 00001022 0000               
  1636 00001024 C705[5C700000]F000-         mov     dword [CW_W], 240
  1636 0000102C 0000               
  1637 0000102E C705[60700000]6400-         mov     dword [CW_H], 100
  1637 00001036 0000               
  1638 00001038 C605[64700000]08            mov     byte [CW_WP], 8
  1639 0000103F C605[65700000]00            mov     byte [CW_BI], 0
  1640 00001046 E87FF5FFFF                  call    CreateWindow
  1641 0000104B C705[66700000]0B00-         mov     dword [CW_HND], WSH
  1641 00001053 0000               
  1642 00001055 C705[6A700000]0100-         mov     dword [CW_MSG], WM_PAINT
  1642 0000105D 0000               
  1643 0000105F E8F5F6FFFF                  call    user_dispatch
  1644                                  .mh_n:
  1645 00001064 41                          inc     ecx
  1646 00001065 E93BFDFFFF                  jmp     .mh_l
  1647                                  .mh_d:
  1648 0000106A 5A                          pop     edx
  1649 0000106B 59                          pop     ecx
  1650 0000106C 5B                          pop     ebx
  1651 0000106D 58                          pop     eax
  1652 0000106E C3                          ret
  1653                                  
  1654                                  ; ============================================================================
  1655                                  ; ctx_hit — hit test context menu, execute action
  1656                                  ; ============================================================================
  1657                                  ctx_hit:
  1658 0000106F 50                          push    eax
  1659 00001070 53                          push    ebx
  1660 00001071 51                          push    ecx
  1661 00001072 52                          push    edx
  1662 00001073 A1[78700000]                mov     eax, [mou_x]
  1663 00001078 8B1D[7C700000]              mov     ebx, [mou_y]
  1664 0000107E B900000000                  mov     ecx, 0
  1665                                  .ch_l:
  1666 00001083 83F903                      cmp     ecx, 3
  1667 00001086 0F8D3B010000                jge     .ch_d
  1668 0000108C 8B15[C4730000]              mov     edx, [ctx_y]
  1669 00001092 01CA                        add     edx, ecx
  1670 00001094 6BD210                      imul    edx, CTXI
  1671 00001097 83C202                      add     edx, 2
  1672 0000109A 39D3                        cmp     ebx, edx
  1673 0000109C 0F8C1F010000                jl      .ch_n
  1674 000010A2 83C210                      add     edx, CTXI
  1675 000010A5 39D3                        cmp     ebx, edx
  1676 000010A7 0F8D14010000                jge     .ch_n
  1677 000010AD 3B05[C0730000]              cmp     eax, [ctx_x]
  1678 000010B3 0F8C08010000                jl      .ch_n
  1679 000010B9 8B15[C0730000]              mov     edx, [ctx_x]
  1680 000010BF 83C278                      add     edx, CTXW
  1681 000010C2 39D0                        cmp     eax, edx
  1682 000010C4 0F8DF7000000                jge     .ch_n
  1683 000010CA C705[BC730000]0000-         mov     dword [ctx_vis], 0
  1683 000010D2 0000               
  1684 000010D4 83F900                      cmp     ecx, 0
  1685 000010D7 740F                        je      .ch_ref
  1686 000010D9 83F901                      cmp     ecx, 1
  1687 000010DC 7423                        je      .ch_prp
  1688 000010DE 83F902                      cmp     ecx, 2
  1689 000010E1 747E                        je      .ch_ext
  1690 000010E3 E9DF000000                  jmp     .ch_d
  1691                                  .ch_ref:
  1692 000010E8 E858570000                  call    draw_desktop
  1693 000010ED E897010000                  call    draw_icons
  1694 000010F2 E88D570000                  call    redraw_all
  1695 000010F7 E864F2FFFF                  call    gdi_flip
  1696 000010FC E9C6000000                  jmp     .ch_d
  1697                                  .ch_prp:
  1698 00001101 C705[66700000]0A00-         mov     dword [CW_HND], WA2
  1698 00001109 0000               
  1699 0000110B C705[54700000]5000-         mov     dword [CW_X], 80
  1699 00001113 0000               
  1700 00001115 C705[58700000]2800-         mov     dword [CW_Y], 40
  1700 0000111D 0000               
  1701 0000111F C705[5C700000]A000-         mov     dword [CW_W], 160
  1701 00001127 0000               
  1702 00001129 C705[60700000]5000-         mov     dword [CW_H], 80
  1702 00001131 0000               
  1703 00001133 C605[64700000]07            mov     byte [CW_WP], 7
  1704 0000113A C605[65700000]00            mov     byte [CW_BI], 0
  1705 00001141 E884F4FFFF                  call    CreateWindow
  1706 00001146 C705[66700000]0A00-         mov     dword [CW_HND], WA2
  1706 0000114E 0000               
  1707 00001150 C705[6A700000]0100-         mov     dword [CW_MSG], WM_PAINT
  1707 00001158 0000               
  1708 0000115A E8FAF5FFFF                  call    user_dispatch
  1709 0000115F EB66                        jmp     .ch_d
  1710                                  .ch_ext:
  1711 00001161 C705[66700000]0B00-         mov     dword [CW_HND], WSH
  1711 00001169 0000               
  1712 0000116B C705[54700000]2800-         mov     dword [CW_X], 40
  1712 00001173 0000               
  1713 00001175 C705[58700000]2800-         mov     dword [CW_Y], 40
  1713 0000117D 0000               
  1714 0000117F C705[5C700000]F000-         mov     dword [CW_W], 240
  1714 00001187 0000               
  1715 00001189 C705[60700000]6400-         mov     dword [CW_H], 100
  1715 00001191 0000               
  1716 00001193 C605[64700000]08            mov     byte [CW_WP], 8
  1717 0000119A C605[65700000]00            mov     byte [CW_BI], 0
  1718 000011A1 E824F4FFFF                  call    CreateWindow
  1719 000011A6 C705[66700000]0B00-         mov     dword [CW_HND], WSH
  1719 000011AE 0000               
  1720 000011B0 C705[6A700000]0100-         mov     dword [CW_MSG], WM_PAINT
  1720 000011B8 0000               
  1721 000011BA E89AF5FFFF                  call    user_dispatch
  1722 000011BF EB00                        jmp     .ch_n
  1723                                  .ch_n:
  1724 000011C1 41                          inc     ecx
  1725 000011C2 E9BCFEFFFF                  jmp     .ch_l
  1726                                  .ch_d:
  1727 000011C7 C705[BC730000]0000-         mov     dword [ctx_vis], 0
  1727 000011CF 0000               
  1728 000011D1 5A                          pop     edx
  1729 000011D2 59                          pop     ecx
  1730 000011D3 5B                          pop     ebx
  1731 000011D4 58                          pop     eax
  1732 000011D5 C3                          ret
  1733                                  
  1734                                  ; ============================================================================
  1735                                  ; draw_clock — HH:MM at [CLKX][CLKY]
  1736                                  ; ============================================================================
  1737                                  draw_clock:
  1738 000011D6 50                          push    eax
  1739 000011D7 53                          push    ebx
  1740 000011D8 51                          push    ecx
  1741 000011D9 52                          push    edx
  1742 000011DA A1[CC730000]                mov     eax, [vtd_t]
  1743 000011DF 31D2                        xor     edx, edx
  1744 000011E1 B9A9040000                  mov     ecx, 1193
  1745 000011E6 F7F1                        div     ecx
  1746 000011E8 89C3                        mov     ebx, eax
  1747 000011EA 31D2                        xor     edx, edx
  1748 000011EC B93C000000                  mov     ecx, 60
  1749 000011F1 F7F1                        div     ecx
  1750 000011F3 89C1                        mov     ecx, eax
  1751 000011F5 31D2                        xor     edx, edx
  1752 000011F7 BB18000000                  mov     ebx, 24
  1753 000011FC F7F3                        div     ebx
  1754 000011FE A2[F0730000]                mov     [clk_h], al
  1755 00001203 8815[F1730000]              mov     [clk_m], dl
  1756 00001209 8A1D[F0730000]              mov     bl, [clk_h]
  1757 0000120F 31D2                        xor     edx, edx
  1758 00001211 88D8                        mov     al, bl
  1759 00001213 BB0A000000                  mov     ebx, 10
  1760 00001218 F7F3                        div     ebx
  1761 0000121A 0430                        add     al, '0'
  1762 0000121C A2[F2730000]                mov     [clk_str], al
  1763 00001221 80C430                      add     ah, '0'
  1764 00001224 8825[F3730000]              mov     [clk_str+1], ah
  1765 0000122A C605[F4730000]3A            mov     byte [clk_str+2], ':'
  1766 00001231 8A1D[F1730000]              mov     bl, [clk_m]
  1767 00001237 31D2                        xor     edx, edx
  1768 00001239 89D8                        mov     eax, ebx
  1769 0000123B BB0A000000                  mov     ebx, 10
  1770 00001240 F7F3                        div     ebx
  1771 00001242 0430                        add     al, '0'
  1772 00001244 A2[F5730000]                mov     [clk_str+3], al
  1773 00001249 80C430                      add     ah, '0'
  1774 0000124C 8825[F6730000]              mov     [clk_str+4], ah
  1775 00001252 C605[F7730000]00            mov     byte [clk_str+5], 0
  1776 00001259 C705[3C700000]1001-         mov     dword [vd_x], CLKX
  1776 00001261 0000               
  1777 00001263 C705[40700000]B800-         mov     dword [vd_y], CLKY
  1777 0000126B 0000               
  1778 0000126D BE[F2730000]                mov     esi, clk_str
  1779 00001272 8935[4F700000]              mov     [vd_str], esi
  1780 00001278 C605[4D700000]01            mov     byte [vd_col], PW
  1781 0000127F E86EF2FFFF                  call    gdi_text
  1782 00001284 5A                          pop     edx
  1783 00001285 59                          pop     ecx
  1784 00001286 5B                          pop     ebx
  1785 00001287 58                          pop     eax
  1786 00001288 C3                          ret
  1787                                  
  1788                                  ; ============================================================================
  1789                                  ; draw_icons — 2 desktop icons
  1790                                  ; ============================================================================
  1791                                  draw_icons:
  1792 00001289 50                          push    eax
  1793 0000128A 53                          push    ebx
  1794 0000128B 51                          push    ecx
  1795 0000128C 52                          push    edx
  1796 0000128D 57                          push    edi
  1797 0000128E 56                          push    esi
  1798 0000128F E898160000                  call    draw_icons_fs
  1799 00001294 5E                          pop     esi
  1800 00001295 5F                          pop     edi
  1801 00001296 5A                          pop     edx
  1802 00001297 59                          pop     ecx
  1803 00001298 5B                          pop     ebx
  1804 00001299 58                          pop     eax
  1805 0000129A C3                          ret
  1806                                  
  1807                                  ; ============================================================================
  1808                                  ; wp_d — DOS prompt window proc
  1809                                  ; ============================================================================
  1810                                  wp_d:
  1811 0000129B C3                          ret
  1812                                  
  1813                                  ; ============================================================================
  1814                                  ; wp_n — Notepad window proc
  1815                                  ; ============================================================================
  1816                                  wp_n:
  1817 0000129C 57                          push    edi
  1818 0000129D 50                          push    eax
  1819 0000129E 8B3D[6C700000]              mov     edi, [DM_HND]
  1820 000012A4 6BFF20                      imul    edi, WSZ
  1821 000012A7 81C7[60B40000]              add     edi, wnd_table
  1822 000012AD 66A1[70700000]              mov     ax, [DM_MSG]
  1823 000012B3 6683F801                    cmp     ax, WM_PAINT
  1824 000012B7 7402                        je      .wn_p
  1825 000012B9 EB05                        jmp     .wn_d
  1826                                  .wn_p:
  1827 000012BB E8C8000000                  call    draw_note
  1828                                  .wn_d:
  1829 000012C0 58                          pop     eax
  1830 000012C1 5F                          pop     edi
  1831 000012C2 C3                          ret
  1832                                  
  1833                                  ; ============================================================================
  1834                                  ; wp_a — About dialog proc
  1835                                  ; ============================================================================
  1836                                  wp_a:
  1837 000012C3 C3                          ret
  1838                                  
  1839                                  ; ============================================================================
  1840                                  ; wp_s — Shutdown window proc
  1841                                  ; ============================================================================
  1842                                  wp_s:
  1843 000012C4 C3                          ret
  1844                                  
  1845                                  ; ============================================================================
  1846                                  ; wp_fl — File browser window proc
  1847                                  ; ============================================================================
  1848                                  wp_fl:
  1849 000012C5 57                          push    edi
  1850 000012C6 50                          push    eax
  1851 000012C7 8B3D[6C700000]              mov    edi,[DM_HND]
  1852 000012CD 6BFF20                      imul    edi, WSZ
  1853 000012D0 81C7[60B40000]              add     edi, wnd_table
  1854 000012D6 66A1[70700000]              mov     ax, [DM_MSG]
  1855 000012DC 6683F801                    cmp     ax, WM_PAINT
  1856 000012E0 7402                        je      .wf_p
  1857 000012E2 EB05                        jmp     .wf_d
  1858                                  .wf_p:
  1859 000012E4 E8820D0000                  call    draw_fl
  1860                                  .wf_d:
  1861 000012E9 58                          pop     eax
  1862 000012EA 5F                          pop     edi
  1863 000012EB C3                          ret
  1864                                  
  1865                                  ; ============================================================================
  1866                                  ; wp_net — Network window proc
  1867                                  ; ============================================================================
  1868                                  wp_net:
  1869 000012EC 57                          push    edi
  1870 000012ED 50                          push    eax
  1871 000012EE 8B3D[6C700000]              mov    edi,[DM_HND]
  1872 000012F4 6BFF20                      imul    edi, WSZ
  1873 000012F7 81C7[60B40000]              add     edi, wnd_table
  1874 000012FD 66A1[70700000]              mov     ax, [DM_MSG]
  1875 00001303 6683F801                    cmp     ax, WM_PAINT
  1876 00001307 7402                        je      .wnet_p
  1877 00001309 EB05                        jmp     .wnet_d
  1878                                  .wnet_p:
  1879 0000130B E85A190000                  call    net_draw
  1880                                  .wnet_d:
  1881 00001310 58                          pop     eax
  1882 00001311 5F                          pop     edi
  1883 00001312 C3                          ret
  1884                                  
  1885                                  ; ============================================================================
  1886                                  ; wp_br — Browser window proc
  1887                                  ; ============================================================================
  1888                                  wp_br:
  1889 00001313 57                          push    edi
  1890 00001314 50                          push    eax
  1891 00001315 8B3D[6C700000]              mov    edi,[DM_HND]
  1892 0000131B 6BFF20                      imul    edi, WSZ
  1893 0000131E 81C7[60B40000]              add     edi, wnd_table
  1894 00001324 66A1[70700000]              mov     ax, [DM_MSG]
  1895 0000132A 6683F801                    cmp     ax, WM_PAINT
  1896 0000132E 7402                        je      .wbr_p
  1897 00001330 EB05                        jmp     .wbr_d
  1898                                  .wbr_p:
  1899 00001332 E809080000                  call    draw_br
  1900                                  .wbr_d:
  1901 00001337 58                          pop     eax
  1902 00001338 5F                          pop     edi
  1903 00001339 C3                          ret
  1904                                  
  1905                                  ; ============================================================================
  1906                                  ; wp_ins — Installer window proc
  1907                                  ; ============================================================================
  1908                                  wp_ins:
  1909 0000133A 57                          push    edi
  1910 0000133B 50                          push    eax
  1911 0000133C 8B3D[6C700000]              mov    edi,[DM_HND]
  1912 00001342 6BFF20                      imul    edi, WSZ
  1913 00001345 81C7[60B40000]              add     edi, wnd_table
  1914 0000134B 66A1[70700000]              mov     ax, [DM_MSG]
  1915 00001351 6683F801                    cmp     ax, WM_PAINT
  1916 00001355 7402                        je      .wins_p
  1917 00001357 EB05                        jmp     .wins_d
  1918                                  .wins_p:
  1919 00001359 E89D0A0000                  call    draw_ins
  1920                                  .wins_d:
  1921 0000135E 58                          pop     eax
  1922 0000135F 5F                          pop     edi
  1923 00001360 C3                          ret
  1924                                  
  1925                                  ; ============================================================================
  1926                                  ; wp_ex — EXE Runner window proc
  1927                                  ; ============================================================================
  1928                                  wp_ex:
  1929 00001361 57                          push    edi
  1930 00001362 50                          push    eax
  1931 00001363 8B3D[6C700000]              mov    edi,[DM_HND]
  1932 00001369 6BFF20                      imul    edi, WSZ
  1933 0000136C 81C7[60B40000]              add     edi, wnd_table
  1934 00001372 66A1[70700000]              mov     ax, [DM_MSG]
  1935 00001378 6683F801                    cmp     ax, WM_PAINT
  1936 0000137C 7402                        je      .wex_p
  1937 0000137E EB05                        jmp     .wex_d
  1938                                  .wex_p:
  1939 00001380 E8FF0B0000                  call    draw_ex
  1940                                  .wex_d:
  1941 00001385 58                          pop     eax
  1942 00001386 5F                          pop     edi
  1943 00001387 C3                          ret
  1944                                  
  1945                                  ; ============================================================================
  1946                                  ; draw_dos — DOS window content
  1947                                  ; ============================================================================
  1948                                  ; ============================================================================
  1949                                  ; draw_note — Notepad content
  1950                                  ; ============================================================================
  1951                                  draw_note:
  1952 00001388 E8F4160000                  call    note_draw
  1953 0000138D C3                          ret
  1954                                  
  1955                                  ; ============================================================================
  1956                                  ; draw_about — About dialog content
  1957                                  ; ============================================================================
  1958                                  draw_about:
  1959 0000138E C3                          ret
  1960                                  
  1961                                  ; ============================================================================
  1962                                  ; draw_shutdown — Shutdown window content
  1963                                  ; ============================================================================
  1964                                  draw_shutdown:
  1965 0000138F C3                          ret
  1966                                  
  1967                                  ; ============================================================================
  1968                                  ; mou_handle — real mouse click after VIN ends
  1969                                  ; ============================================================================
  1970                                  mou_handle:
  1971 00001390 50                          push    eax
  1972 00001391 53                          push    ebx
  1973 00001392 51                          push    ecx
  1974 00001393 52                          push    edx
  1975 00001394 57                          push    edi
  1976                                      ; left down edge
  1977 00001395 A0[80700000]                mov     al, [mou_lb]
  1978 0000139A 3A05[FC730000]              cmp     al, [prev_lb]
  1979 000013A0 0F8429010000                je      .mh_lup
  1980 000013A6 84C0                        test    al, al
  1981 000013A8 0F8421010000                jz      .mh_lup
  1982 000013AE A0[BC730000]                mov     al, [ctx_vis]
  1983 000013B3 84C0                        test    al, al
  1984 000013B5 7407                        jz      .mh_nctx
  1985 000013B7 E8B3FCFFFF                  call    ctx_hit
  1986 000013BC EB05                        jmp     .mh_chk
  1987                                  .mh_nctx:
  1988 000013BE E89B010000                  call    hit_test
  1989                                  .mh_chk:
  1990 000013C3 83F8FF                      cmp     eax, -1
  1991 000013C6 0F84FC000000                je      .mh_nb
  1992 000013CC A3[FE730000]                mov     [evt_hnd], eax
  1993 000013D1 A3[6C700000]                mov     [DM_HND], eax
  1994 000013D6 66C705[70700000]02-         mov     word [DM_MSG], WM_LDOWN
  1994 000013DE 00                 
  1995                                      ; Set keyboard focus: check if clicked window is a DOS window (winproc 7)
  1996 000013DF 89C7                        mov     edi, eax
  1997 000013E1 6BFF20                      imul    edi, WSZ
  1998 000013E4 81C7[60B40000]              add     edi, wnd_table
  1999 000013EA 8A5F1A                      mov     bl, [edi+26]
  2000 000013ED 80FB05                      cmp     bl, 5
  2001 000013F0 7425                        je      .mh_dos
  2002 000013F2 80FB06                      cmp     bl, 6
  2003 000013F5 740A                        je      .mh_note
  2004 000013F7 80FB0B                      cmp     bl, 11
  2005 000013FA 7420                        je      .mh_br
  2006 000013FC E9C7000000                  jmp     .mh_nb
  2007                                  .mh_note:
  2008 00001401 A3[0D740000]                mov     [kbd_focus], eax
  2009 00001406 C605[14740000]01            mov     byte [note_dirty], 1
  2010 0000140D E847F3FFFF                  call    user_dispatch
  2011 00001412 E9B1000000                  jmp     .mh_nb
  2012                                  .mh_dos:
  2013 00001417 E9AC000000                  jmp     .mh_nb
  2014                                  .mh_br:
  2015                                      ; Check if click is on download button
  2016 0000141C 8A5F1A                      mov     bl, [edi+26]
  2017 0000141F 80FB0B                      cmp     bl, 11
  2018 00001422 7405                        je      .mh_brdl
  2019 00001424 E99F000000                  jmp     .mh_nb
  2020                                  .mh_brdl:
  2021 00001429 8B07                        mov     eax, [edi]          ; win_x
  2022 0000142B 8B5704                      mov     edx, [edi+4]        ; win_y
  2023 0000142E 8B0D[78700000]              mov     ecx, [mou_x]
  2024 00001434 29C1                        sub     ecx, eax
  2025 00001436 83F914                      cmp     ecx, 20
  2026 00001439 0F8C89000000                jl      .mh_nb
  2027 0000143F 83F950                      cmp     ecx, 80
  2028 00001442 0F8D80000000                jge     .mh_nb
  2029 00001448 8B0D[7C700000]              mov     ecx, [mou_y]
  2030 0000144E 29D1                        sub     ecx, edx
  2031 00001450 83F93A                      cmp     ecx, TH + 40
  2032 00001453 7C73                        jl      .mh_nb
  2033 00001455 83F94A                      cmp     ecx, TH + 56
  2034 00001458 7D6E                        jge     .mh_nb
  2035                                      ; Download button clicked → create installer
  2036 0000145A C705[66700000]0F00-         mov     dword [CW_HND], WIN
  2036 00001462 0000               
  2037 00001464 C705[54700000]6400-         mov     dword [CW_X], 100
  2037 0000146C 0000               
  2038 0000146E C705[58700000]5000-         mov     dword [CW_Y], 80
  2038 00001476 0000               
  2039 00001478 C705[5C700000]A000-         mov     dword [CW_W], 160
  2039 00001480 0000               
  2040 00001482 C705[60700000]3C00-         mov     dword [CW_H], 60
  2040 0000148A 0000               
  2041 0000148C C605[64700000]0C            mov     byte [CW_WP], 12
  2042 00001493 C605[65700000]00            mov     byte [CW_BI], 0
  2043 0000149A E82BF1FFFF                  call    CreateWindow
  2044 0000149F C605[43B40000]01            mov     byte [ins_state], 1
  2045 000014A6 C605[42B40000]00            mov     byte [ins_prog], 0
  2046 000014AD C705[66700000]0F00-         mov     dword [CW_HND], WIN
  2046 000014B5 0000               
  2047 000014B7 C705[6A700000]0100-         mov     dword [CW_MSG], WM_PAINT
  2047 000014BF 0000               
  2048 000014C1 E893F2FFFF                  call    user_dispatch
  2049 000014C6 EB00                        jmp     .mh_nb
  2050                                  .mh_nb:
  2051 000014C8 A2[FC730000]                mov     byte [prev_lb], al
  2052 000014CD EB33                        jmp     .mh_rb
  2053                                  .mh_lup:
  2054 000014CF A0[80700000]                mov     al, [mou_lb]
  2055 000014D4 3A05[FC730000]              cmp     al, [prev_lb]
  2056 000014DA 7426                        je      .mh_rb
  2057 000014DC 84C0                        test    al, al
  2058 000014DE 7522                        jne     .mh_rb
  2059 000014E0 A1[FE730000]                mov     eax, [evt_hnd]
  2060 000014E5 83F8FF                      cmp     eax, -1
  2061 000014E8 7418                        je      .mh_rb
  2062 000014EA A3[6C700000]                mov     [DM_HND], eax
  2063 000014EF 66C705[70700000]03-         mov     word [DM_MSG], WM_LUP
  2063 000014F7 00                 
  2064 000014F8 E85CF2FFFF                  call    user_dispatch
  2065 000014FD A2[FC730000]                mov     byte [prev_lb], al
  2066                                  .mh_rb:
  2067 00001502 A0[81700000]                mov     al, [mou_rb]
  2068 00001507 3A05[FD730000]              cmp     al, [prev_rb]
  2069 0000150D 7429                        je      .mh_ru
  2070 0000150F 84C0                        test    al, al
  2071 00001511 7425                        jz      .mh_ru
  2072 00001513 A1[78700000]                mov     eax, [mou_x]
  2073 00001518 A3[C0730000]                mov     dword [ctx_x], eax
  2074 0000151D A1[7C700000]                mov     eax, [mou_y]
  2075 00001522 A3[C4730000]                mov     dword [ctx_y], eax
  2076 00001527 C705[BC730000]0100-         mov     dword [ctx_vis], 1
  2076 0000152F 0000               
  2077 00001531 A2[FD730000]                mov     byte [prev_rb], al
  2078 00001536 EB20                        jmp     .mh_d2
  2079                                  .mh_ru:
  2080 00001538 A0[81700000]                mov     al, [mou_rb]
  2081 0000153D 3A05[FD730000]              cmp     al, [prev_rb]
  2082 00001543 7413                        je      .mh_d2
  2083 00001545 84C0                        test    al, al
  2084 00001547 750F                        jne     .mh_d2
  2085 00001549 C705[BC730000]0000-         mov     dword [ctx_vis], 0
  2085 00001551 0000               
  2086 00001553 A2[FD730000]                mov     byte [prev_rb], al
  2087                                  .mh_d2:
  2088 00001558 5F                          pop     edi
  2089 00001559 5A                          pop     edx
  2090 0000155A 59                          pop     ecx
  2091 0000155B 5B                          pop     ebx
  2092 0000155C 58                          pop     eax
  2093 0000155D C3                          ret
  2094                                  
  2095                                  ; ============================================================================
  2096                                  ; hit_test
  2097                                  ; ============================================================================
  2098                                  hit_test:
  2099 0000155E 57                          push    edi
  2100 0000155F 53                          push    ebx
  2101 00001560 51                          push    ecx
  2102 00001561 52                          push    edx
  2103 00001562 B8FFFFFFFF                  mov     eax, -1
  2104 00001567 B911000000                  mov     ecx, MAXW
  2105 0000156C 49                          dec     ecx
  2106                                  .ht_l:
  2107 0000156D 83F900                      cmp     ecx, 0
  2108 00001570 7C42                        jl      .ht_d
  2109 00001572 89CF                        mov     edi, ecx
  2110 00001574 6BFF20                      imul    edi, WSZ
  2111 00001577 81C7[60B40000]              add     edi, wnd_table
  2112 0000157D 8A5F18                      mov     bl, [edi+24]
  2113 00001580 80FB01                      cmp     bl, WS_NORM
  2114 00001583 752C                        jne     .ht_n
  2115 00001585 8B15[78700000]              mov     edx, [mou_x]
  2116 0000158B 3B17                        cmp     edx, [edi]
  2117 0000158D 7C22                        jl      .ht_n
  2118 0000158F 8B1F                        mov     ebx, [edi]
  2119 00001591 035F08                      add     ebx, [edi+8]
  2120 00001594 39DA                        cmp     edx, ebx
  2121 00001596 7D19                        jge     .ht_n
  2122 00001598 8B15[7C700000]              mov     edx, [mou_y]
  2123 0000159E 3B5704                      cmp     edx, [edi+4]
  2124 000015A1 7C0E                        jl      .ht_n
  2125 000015A3 8B5F04                      mov     ebx, [edi+4]
  2126 000015A6 035F0C                      add     ebx, [edi+12]
  2127 000015A9 39DA                        cmp     edx, ebx
  2128 000015AB 7D04                        jge     .ht_n
  2129 000015AD 89C8                        mov     eax, ecx
  2130 000015AF EB03                        jmp     .ht_d
  2131                                  .ht_n:
  2132 000015B1 49                          dec     ecx
  2133 000015B2 EBB9                        jmp     .ht_l
  2134                                  .ht_d:
  2135 000015B4 5A                          pop     edx
  2136 000015B5 59                          pop     ecx
  2137 000015B6 5B                          pop     ebx
  2138 000015B7 5F                          pop     edi
  2139 000015B8 C3                          ret
  2140                                  
  2141                                  ; ============================================================================
  2142                                  ; tb_hit — Phase B: taskbar button hit test, toggle min/restore
  2143                                  ;   Walks wnd_table in the same order as draw_tb to find the Nth visible
  2144                                  ;   taskbar-eligible window, then toggles its state WS_MIN <-> WS_NORM.
  2145                                  ; ============================================================================
  2146                                  tb_hit:
  2147 000015B9 50                          push    eax
  2148 000015BA 53                          push    ebx
  2149 000015BB 51                          push    ecx
  2150 000015BC 52                          push    edx
  2151 000015BD 57                          push    edi
  2152 000015BE 56                          push    esi
  2153 000015BF A1[7C700000]                mov     eax, [mou_y]
  2154 000015C4 3DB6000000                  cmp     eax, TBRY+2
  2155 000015C9 7C75                        jl      .th_d
  2156 000015CB 3DC6000000                  cmp     eax, TBRY+2+TBH
  2157 000015D0 7D6E                        jge     .th_d
  2158 000015D2 A1[78700000]                mov     eax, [mou_x]
  2159 000015D7 83F858                      cmp     eax, TBX
  2160 000015DA 7C64                        jl      .th_d
  2161 000015DC 83E858                      sub     eax, TBX
  2162 000015DF 31D2                        xor     edx, edx
  2163 000015E1 BB2A000000                  mov     ebx, TBW+2
  2164 000015E6 F7F3                        div     ebx                ; eax = btn_idx, edx = remainder
  2165 000015E8 83FA28                      cmp     edx, TBW
  2166 000015EB 7D53                        jge     .th_d              ; in gutter between buttons
  2167 000015ED 89C6                        mov     esi, eax           ; esi = target btn_idx
  2168 000015EF 31C9                        xor     ecx, ecx           ; ecx = btn_count
  2169 000015F1 31FF                        xor     edi, edi           ; edi = wnd index
  2170                                  .th_l:
  2171 000015F3 83FF11                      cmp     edi, MAXW
  2172 000015F6 7D48                        jge     .th_d
  2173 000015F8 89FB                        mov     ebx, edi
  2174 000015FA 6BDB20                      imul    ebx, WSZ
  2175 000015FD 81C3[60B40000]              add     ebx, wnd_table
  2176 00001603 8A4318                      mov     al, [ebx+24]
  2177 00001606 3C00                        cmp     al, WS_HID
  2178 00001608 7433                        je      .th_n
  2179 0000160A 8A431A                      mov     al, [ebx+26]
  2180 0000160D 3C00                        cmp     al, 0
  2181 0000160F 742C                        je      .th_n
  2182 00001611 3C02                        cmp     al, 2
  2183 00001613 7428                        je      .th_n
  2184 00001615 3C03                        cmp     al, 3
  2185 00001617 7424                        je      .th_n
  2186 00001619 3C04                        cmp     al, 4
  2187 0000161B 7420                        je      .th_n
  2188 0000161D 3C08                        cmp     al, 8
  2189 0000161F 741C                        je      .th_n
  2190 00001621 39F1                        cmp     ecx, esi
  2191 00001623 7517                        jne     .th_inc
  2192 00001625 8A4318                      mov     al, [ebx+24]
  2193 00001628 3C02                        cmp     al, WS_MIN
  2194 0000162A 7506                        jne     .th_nox
  2195                                      ; Restore from minimized (geometry was preserved by min button)
  2196 0000162C C6431801                    mov     byte [ebx+24], WS_NORM
  2197 00001630 EB0E                        jmp     .th_d
  2198                                  .th_nox:
  2199 00001632 3C03                        cmp     al, WS_MAX
  2200 00001634 740A                        je      .th_d              ; maximized: ignore (use max button to restore first)
  2201                                      ; WS_NORM -> minimize (geometry stays, restored later by another click)
  2202 00001636 C6431802                    mov     byte [ebx+24], WS_MIN
  2203 0000163A EB04                        jmp     .th_d
  2204                                  .th_inc:
  2205 0000163C 41                          inc     ecx
  2206                                  .th_n:
  2207 0000163D 47                          inc     edi
  2208 0000163E EBB3                        jmp     .th_l
  2209                                  .th_d:
  2210 00001640 5E                          pop     esi
  2211 00001641 5F                          pop     edi
  2212 00001642 5A                          pop     edx
  2213 00001643 59                          pop     ecx
  2214 00001644 5B                          pop     ebx
  2215 00001645 58                          pop     eax
  2216 00001646 C3                          ret
  2217                                  
  2218                                  ; ============================================================================
  2219                                  ; drag_update
  2220                                  ; ============================================================================
  2221                                  drag_update:
  2222 00001647 57                          push    edi
  2223 00001648 50                          push    eax
  2224 00001649 53                          push    ebx
  2225 0000164A 51                          push    ecx
  2226 0000164B 52                          push    edx
  2227 0000164C A1[A8730000]                mov     eax, [drag_h]
  2228 00001651 83F8FF                      cmp     eax, -1
  2229 00001654 0F84C6000000                je      .du_d
  2230 0000165A 83F811                      cmp     eax, MAXW
  2231 0000165D 0F8DBD000000                jge     .du_d
  2232 00001663 89C7                        mov     edi, eax
  2233 00001665 6BFF20                      imul    edi, WSZ
  2234 00001668 81C7[60B40000]              add     edi, wnd_table
  2235                                      ; update x: new = drag_bx + (mou_x - drag_mx)
  2236 0000166E A1[78700000]                mov     eax, [mou_x]
  2237 00001673 2B05[AC730000]              sub     eax, [drag_mx]
  2238 00001679 0305[E8730000]              add     eax, [drag_bx]
  2239 0000167F 83F800                      cmp     eax, 0
  2240 00001682 7D02                        jge     .du_x
  2241 00001684 31C0                        xor     eax, eax
  2242                                  .du_x:
  2243 00001686 3DC8000000                  cmp     eax, 200
  2244 0000168B 7E05                        jle     .du_xs
  2245 0000168D B8C8000000                  mov     eax, 200
  2246                                  .du_xs:
  2247 00001692 8907                        mov     [edi], eax
  2248                                      ; update y: new = drag_by + (mou_y - drag_my)
  2249 00001694 A1[7C700000]                mov     eax, [mou_y]
  2250 00001699 2B05[B0730000]              sub     eax, [drag_my]
  2251 0000169F 0305[EC730000]              add     eax, [drag_by]
  2252 000016A5 83F800                      cmp     eax, 0
  2253 000016A8 7D02                        jge     .du_y
  2254 000016AA 31C0                        xor     eax, eax
  2255                                  .du_y:
  2256 000016AC 3D96000000                  cmp     eax, 150
  2257 000016B1 7E05                        jle     .du_ys
  2258 000016B3 B896000000                  mov     eax, 150
  2259                                  .du_ys:
  2260 000016B8 894704                      mov     [edi+4], eax
  2261                                      ; update title buttons position
  2262 000016BB 8B07                        mov     eax, [edi]
  2263 000016BD 034708                      add     eax, [edi+8]
  2264 000016C0 83E810                      sub     eax, BS + 2
  2265 000016C3 B904000000                  mov     ecx, WBN
  2266 000016C8 6BC920                      imul    ecx, WSZ
  2267 000016CB 81C1[60B40000]              add     ecx, wnd_table
  2268 000016D1 8901                        mov     [ecx], eax
  2269 000016D3 83E810                      sub     eax, BS + 2
  2270 000016D6 B905000000                  mov     ecx, WBM
  2271 000016DB 6BC920                      imul    ecx, WSZ
  2272 000016DE 81C1[60B40000]              add     ecx, wnd_table
  2273 000016E4 8901                        mov     [ecx], eax
  2274 000016E6 83E810                      sub     eax, BS + 2
  2275 000016E9 B906000000                  mov     ecx, WBC
  2276 000016EE 6BC920                      imul    ecx, WSZ
  2277 000016F1 81C1[60B40000]              add     ecx, wnd_table
  2278 000016F7 8901                        mov     [ecx], eax
  2279                                      dbg_puts "[A4X] window moved", 13, 10, 0
    21 000016F9 EB15                <1>  jmp %%skip
    22 000016FB 5B4134585D2077696E- <1> %%str db %1
    22 00001704 646F77206D6F766564- <1>
    22 0000170D 0D0A00              <1>
    23                              <1> %%skip:
    24                              <1> %if __BITS__ == 32
    25 00001710 56                  <1>  push esi
    26 00001711 BE[FB160000]        <1>  mov esi, %%str
    27                              <1> %%.loop:
    28 00001716 AC                  <1>  lodsb
    29 00001717 08C0                <1>  or al, al
    30 00001719 7404                <1>  jz %%.done
    31 0000171B E6E9                <1>  out 0xE9, al
    32 0000171D EBF7                <1>  jmp %%.loop
    33                              <1> %%.done:
    34 0000171F 5E                  <1>  pop esi
    35                              <1> %else
    36                              <1>  push si
    37                              <1>  mov si, %%str
    38                              <1> %%.loop:
    39                              <1>  lodsb
    40                              <1>  or al, al
    41                              <1>  jz %%.done
    42                              <1>  out 0xE9, al
    43                              <1>  jmp %%.loop
    44                              <1> %%.done:
    45                              <1>  pop si
    46                              <1> %endif
  2280                                  .du_d:
  2281 00001720 5A                          pop     edx
  2282 00001721 59                          pop     ecx
  2283 00001722 5B                          pop     ebx
  2284 00001723 58                          pop     eax
  2285 00001724 5F                          pop     edi
  2286 00001725 C3                          ret
  2287                                  
  2288                                  ; ============================================================================
  2289                                  ; gdi_cursor — arrow
  2290                                  ; ============================================================================
  2291                                  gdi_cursor:
  2292 00001726 50                          push    eax
  2293 00001727 53                          push    ebx
  2294 00001728 51                          push    ecx
  2295 00001729 52                          push    edx
  2296 0000172A 57                          push    edi
  2297 0000172B 56                          push    esi
  2298 0000172C BE[72170000]                mov     esi, cur_bmp
  2299 00001731 31DB                        xor     ebx, ebx
  2300 00001733 BA08000000                  mov     edx, 8
  2301                                  .gc_r:
  2302 00001738 AC                          lodsb
  2303 00001739 52                          push    edx
  2304 0000173A BA08000000                  mov     edx, 8
  2305 0000173F 8B3D[7C700000]              mov     edi, [mou_y]
  2306 00001745 01DF                        add     edi, ebx
  2307 00001747 69FF40010000                imul    edi, SW
  2308 0000174D 033D[78700000]              add     edi, [mou_x]
  2309 00001753 81C700000300                add     edi, LFB
  2310                                  .gc_c:
  2311 00001759 A880                        test    al, 0x80
  2312 0000175B 7403                        jz      .gc_s
  2313 0000175D C60701                      mov     byte [edi], PW
  2314                                  .gc_s:
  2315 00001760 D0E0                        shl     al, 1
  2316 00001762 47                          inc     edi
  2317 00001763 4A                          dec     edx
  2318 00001764 75F3                        jnz     .gc_c
  2319 00001766 5A                          pop     edx
  2320 00001767 43                          inc     ebx
  2321 00001768 4A                          dec     edx
  2322 00001769 75CD                        jnz     .gc_r
  2323 0000176B 5E                          pop     esi
  2324 0000176C 5F                          pop     edi
  2325 0000176D 5A                          pop     edx
  2326 0000176E 59                          pop     ecx
  2327 0000176F 5B                          pop     ebx
  2328 00001770 58                          pop     eax
  2329 00001771 C3                          ret
  2330                                  
  2331                                  cur_bmp:
  2332 00001772 0080C0E0F0F8FCFE            db 0x00, 0x80, 0xC0, 0xE0, 0xF0, 0xF8, 0xFC, 0xFE
  2333                                  
  2334                                  ; ============================================================================
  2335                                  ; context_menu_draw
  2336                                  ; ============================================================================
  2337                                  ctx_draw:
  2338 0000177A 50                          push    eax
  2339 0000177B 53                          push    ebx
  2340 0000177C 51                          push    ecx
  2341 0000177D 52                          push    edx
  2342 0000177E 57                          push    edi
  2343 0000177F A1[C0730000]                mov     eax, [ctx_x]
  2344 00001784 A3[3C700000]                mov     [vd_x], eax
  2345 00001789 A1[C4730000]                mov     eax, [ctx_y]
  2346 0000178E A3[40700000]                mov     [vd_y], eax
  2347 00001793 C705[44700000]7800-         mov     dword [vd_w], CTXW
  2347 0000179B 0000               
  2348 0000179D C705[48700000]3000-         mov     dword [vd_h], CTXH
  2348 000017A5 0000               
  2349 000017A7 C605[4D700000]0B            mov     byte [vd_col], MNU
  2350 000017AE E8C5EBFFFF                  call    gdi_rect
  2351 000017B3 C605[4C700000]01            mov     byte [vd_ch], 1
  2352 000017BA B006                        mov     al, PD
  2353 000017BC B407                        mov     ah, PL
  2354 000017BE E8F9EBFFFF                  call    gdi_frame3d
  2355 000017C3 A1[C0730000]                mov     eax, [ctx_x]
  2356 000017C8 83C004                      add     eax, 4
  2357 000017CB A3[3C700000]                mov     dword [vd_x], eax
  2358 000017D0 A1[C4730000]                mov     eax, [ctx_y]
  2359 000017D5 83C002                      add     eax, 2
  2360 000017D8 A3[40700000]                mov     dword [vd_y], eax
  2361 000017DD BE[8A080200]                mov     esi, ctx_t1
  2362 000017E2 8935[4F700000]              mov     [vd_str], esi
  2363 000017E8 C605[4D700000]01            mov     byte [vd_col], PW
  2364 000017EF E8FEECFFFF                  call    gdi_text
  2365 000017F4 A1[C0730000]                mov     eax, [ctx_x]
  2366 000017F9 83C004                      add     eax, 4
  2367 000017FC A3[3C700000]                mov     dword [vd_x], eax
  2368 00001801 A1[C4730000]                mov     eax, [ctx_y]
  2369 00001806 83C012                      add     eax, CTXI + 2
  2370 00001809 A3[40700000]                mov     [vd_y], eax
  2371 0000180E BE[92080200]                mov     esi, ctx_t2
  2372 00001813 8935[4F700000]              mov     [vd_str], esi
  2373 00001819 E8D4ECFFFF                  call    gdi_text
  2374 0000181E A1[C0730000]                mov     eax, [ctx_x]
  2375 00001823 83C004                      add     eax, 4
  2376 00001826 A3[3C700000]                mov     dword [vd_x], eax
  2377 0000182B A1[C4730000]                mov     eax, [ctx_y]
  2378 00001830 83C022                      add     eax, CTXI*2 + 2
  2379 00001833 A3[40700000]                mov     [vd_y], eax
  2380 00001838 BE[9D080200]                mov     esi, ctx_t3
  2381 0000183D 8935[4F700000]              mov     [vd_str], esi
  2382 00001843 E8AAECFFFF                  call    gdi_text
  2383 00001848 5F                          pop     edi
  2384 00001849 5A                          pop     edx
  2385 0000184A 59                          pop     ecx
  2386 0000184B 5B                          pop     ebx
  2387 0000184C 58                          pop     eax
  2388 0000184D C3                          ret
  2389                                  
  2390                                  ; ============================================================================
  2391                                  ; vtd_init
  2392                                  ; ============================================================================
  2393                                  vtd_init:
  2394 0000184E 50                          push    eax
  2395 0000184F B011                        mov     al, 0x11
  2396 00001851 E620                        out     0x20, al
  2397 00001853 E6A0                        out     0xA0, al
  2398 00001855 B020                        mov     al, 0x20
  2399 00001857 E621                        out     0x21, al
  2400 00001859 B028                        mov     al, 0x28
  2401 0000185B E6A1                        out     0xA1, al
  2402 0000185D B004                        mov     al, 0x04
  2403 0000185F E621                        out     0x21, al
  2404 00001861 B002                        mov     al, 0x02
  2405 00001863 E6A1                        out     0xA1, al
  2406 00001865 B001                        mov     al, 0x01
  2407 00001867 E621                        out     0x21, al
  2408 00001869 E6A1                        out     0xA1, al
  2409 0000186B B0F5                        mov     al, 0xF5          ; enable IRQ0(PIT), IRQ2(cascade); mask all others
  2410 0000186D E621                        out     0x21, al
  2411 0000186F B0FF                        mov     al, 0xFF
  2412 00001871 E6A1                        out     0xA1, al
  2413 00001873 B036                        mov     al, 0x36
  2414 00001875 E643                        out     0x43, al
  2415 00001877 66B80A00                    mov     ax, 10
  2416 0000187B E640                        out     0x40, al
  2417 0000187D 88E0                        mov     al, ah
  2418 0000187F E640                        out     0x40, al
  2419 00001881 31C0                        xor     eax, eax
  2420 00001883 A3[CC730000]                mov     [vtd_t], eax
  2421 00001888 58                          pop     eax
  2422 00001889 C3                          ret
  2423                                  
  2424                                  vtd_isr:
  2425 0000188A 60                          pushad
  2426 0000188B 1E                          push    ds
  2427 0000188C 06                          push    es
  2428 0000188D 66B81000                    mov     ax, SEL_D0
  2429 00001891 8ED8                        mov     ds, ax
  2430 00001893 8EC0                        mov     es, ax
  2431 00001895 FF05[CC730000]              inc     dword [vtd_t]
  2432 0000189B B020                        mov     al, 0x20
  2433 0000189D E620                        out     0x20, al
  2434 0000189F 07                          pop     es
  2435 000018A0 1F                          pop     ds
  2436 000018A1 61                          popad
  2437 000018A2 CF                          iretd
  2438                                  
  2439                                  ; ============================================================================
  2440                                  ; mou_init
  2441                                  ; ============================================================================
  2442                                  mou_init:
  2443 000018A3 50                          push    eax
  2444 000018A4 51                          push    ecx
  2445 000018A5 B0A8                        mov     al, 0xA8
  2446 000018A7 E664                        out     0x64, al
  2447 000018A9 E4A1                        in      al, 0xA1
  2448 000018AB 24EF                        and     al, 0xEF
  2449 000018AD E6A1                        out     0xA1, al
  2450 000018AF C705[78700000]A000-         mov     dword [mou_x], 160
  2450 000018B7 0000               
  2451 000018B9 C705[7C700000]6400-         mov     dword [mou_y], 100
  2451 000018C1 0000               
  2452 000018C3 C605[80700000]00            mov     byte [mou_lb], 0
  2453 000018CA C605[81700000]00            mov     byte [mou_rb], 0
  2454 000018D1 C605[82700000]00            mov     byte [mou_bc], 0
  2455 000018D8 C705[86700000]0000-         mov     dword [mou_pk], 0
  2455 000018E0 0000               
  2456 000018E2 59                          pop     ecx
  2457 000018E3 58                          pop     eax
  2458 000018E4 C3                          ret
  2459                                  
  2460                                  ; ============================================================================
  2461                                  ; mou_isr — PS/2 IRQ12, 3-byte packet
  2462                                  ; ============================================================================
  2463                                  mou_isr:
  2464 000018E5 60                          pushad
  2465 000018E6 1E                          push    ds
  2466 000018E7 06                          push    es
  2467 000018E8 66B81000                    mov     ax, SEL_D0
  2468 000018EC 8ED8                        mov     ds, ax
  2469 000018EE 8EC0                        mov     es, ax
  2470 000018F0 E460                        in      al, 0x60
  2471 000018F2 A2[83700000]                mov     [mou_byte], al
  2472 000018F7 A0[82700000]                mov     al, [mou_bc]
  2473 000018FC FEC0                        inc     al
  2474 000018FE 3C01                        cmp     al, 1
  2475 00001900 7454                        je      .m1
  2476 00001902 3C02                        cmp     al, 2
  2477 00001904 743E                        je      .m2
  2478                                      ; byte 3 = Y delta
  2479 00001906 A0[83700000]                mov     al, [mou_byte]
  2480 0000190B 50                          push    eax
  2481                                      ; sign-extend Y
  2482 0000190C A0[83700000]                mov     al, [mou_byte]
  2483 00001911 88C3                        mov     bl, al
  2484 00001913 80E380                      and     bl, 0x80
  2485 00001916 7409                        jz      .mys
  2486 00001918 C605[85700000]FF            mov     byte [mou_yr], 0xFF
  2487 0000191F EB07                        jmp     .myd
  2488                                  .mys:
  2489 00001921 C605[85700000]00            mov     byte [mou_yr], 0
  2490                                  .myd:
  2491 00001928 58                          pop     eax
  2492 00001929 0105[7C700000]              add     [mou_y], eax
  2493 0000192F A0[82700000]                mov     al, [mou_bc]
  2494 00001934 C605[82700000]00            mov     byte [mou_bc], 0
  2495 0000193B C605[80700000]00            mov     byte [mou_lb], 0
  2496 00001942 EB47                        jmp     .meoi
  2497                                  .m2:
  2498                                      ; byte 2 = X delta
  2499 00001944 A0[83700000]                mov     al, [mou_byte]
  2500 00001949 A2[84700000]                mov     [mou_xr], al
  2501 0000194E FE05[82700000]              inc     byte [mou_bc]
  2502 00001954 EB35                        jmp     .meoi
  2503                                  .m1:
  2504                                      ; byte 1 = status byte
  2505 00001956 A0[83700000]                mov     al, [mou_byte]
  2506 0000195B A801                        test    al, 1
  2507 0000195D 7409                        jz      .mnolb
  2508 0000195F C605[80700000]01            mov     byte [mou_lb], 1
  2509 00001966 EB07                        jmp     .mnob2
  2510                                  .mnolb:
  2511 00001968 C605[80700000]00            mov     byte [mou_lb], 0
  2512                                  .mnob2:
  2513 0000196F A804                        test    al, 4
  2514 00001971 7409                        jz      .mnor
  2515 00001973 C605[81700000]01            mov     byte [mou_rb], 1
  2516 0000197A EB07                        jmp     .moinc
  2517                                  .mnor:
  2518 0000197C C605[81700000]00            mov     byte [mou_rb], 0
  2519                                  .moinc:
  2520 00001983 FE05[82700000]              inc     byte [mou_bc]
  2521 00001989 EB00                        jmp     .meoi
  2522                                  .meoi:
  2523                                      ; clamp
  2524 0000198B 833D[78700000]00            cmp     dword [mou_x], 0
  2525 00001992 7D0A                        jge     .cx
  2526 00001994 C705[78700000]0000-         mov     dword [mou_x], 0
  2526 0000199C 0000               
  2527                                  .cx:
  2528 0000199E 813D[78700000]3F01-         cmp     dword [mou_x], 319
  2528 000019A6 0000               
  2529 000019A8 7E0A                        jle     .cy
  2530 000019AA C705[78700000]3F01-         mov     dword [mou_x], 319
  2530 000019B2 0000               
  2531                                  .cy:
  2532 000019B4 833D[7C700000]00            cmp     dword [mou_y], 0
  2533 000019BB 7D0A                        jge     .cy2
  2534 000019BD C705[7C700000]0000-         mov     dword [mou_y], 0
  2534 000019C5 0000               
  2535                                  .cy2:
  2536 000019C7 813D[7C700000]C700-         cmp     dword [mou_y], 199
  2536 000019CF 0000               
  2537 000019D1 7E0A                        jle     .cn
  2538 000019D3 C705[7C700000]C700-         mov     dword [mou_y], 199
  2538 000019DB 0000               
  2539                                  .cn:
  2540 000019DD FF05[86700000]              inc     dword [mou_pk]
  2541                                      ; EOI
  2542 000019E3 B020                        mov     al, 0x20
  2543 000019E5 E620                        out     0x20, al
  2544 000019E7 E6A0                        out     0xA0, al
  2545 000019E9 07                          pop     es
  2546 000019EA 1F                          pop     ds
  2547 000019EB 61                          popad
  2548 000019EC CF                          iretd
  2549                                  
  2550                                  ; ============================================================================
  2551                                  ; kbd_init — enable 8042 keyboard, set default focus
  2552                                  ; ============================================================================
  2553                                  kbd_init:
  2554 000019ED 50                          push    eax
  2555 000019EE 52                          push    edx
  2556                                      ; Enable keyboard interface (bit 0 of 0x64 command byte)
  2557 000019EF B0AE                        mov     al, 0xAE
  2558 000019F1 E664                        out     0x64, al
  2559                                      ; Enable IRQ1 in PIC
  2560 000019F3 E421                        in      al, 0x21
  2561 000019F5 24FE                        and     al, 0xFE
  2562 000019F7 E621                        out     0x21, al
  2563                                      ; Initialize state
  2564 000019F9 31C0                        xor     eax, eax
  2565 000019FB A3[08740000]                mov     [kbd_sc], eax
  2566 00001A00 A3[09740000]                mov     [kbd_ascii], eax
  2567 00001A05 A3[0A740000]                mov     [kbd_shift], eax
  2568 00001A0A A3[0B740000]                mov     [kbd_caps], eax
  2569 00001A0F A3[0C740000]                mov     [kbd_break], eax
  2570 00001A14 A3[11740000]                mov     [kbd_have], eax
  2571 00001A19 A3[0D740000]                mov     [kbd_focus], eax
  2572 00001A1E FE0D[0D740000]              dec     [kbd_focus]       ; = -1
  2573 00001A24 5A                          pop     edx
  2574 00001A25 58                          pop     eax
  2575 00001A26 C3                          ret
  2576                                  
  2577                                  ; ============================================================================
  2578                                  ; kbd_isr — IRQ1, PS/2 keyboard scan code
  2579                                  ; ============================================================================
  2580                                  kbd_isr:
  2581 00001A27 60                          pushad
  2582 00001A28 1E                          push    ds
  2583 00001A29 06                          push    es
  2584 00001A2A 66B81000                    mov     ax, SEL_D0
  2585 00001A2E 8ED8                        mov     ds, ax
  2586 00001A30 8EC0                        mov     es, ax
  2587 00001A32 E460                        in      al, 0x60
  2588 00001A34 F605[0C740000]01            test    byte [kbd_break], 1
  2589 00001A3B 753B                        jnz     .kb_brk
  2590                                      ; Make code
  2591 00001A3D 3C2A                        cmp     al, 0x2A
  2592 00001A3F 7416                        je      .kb_ls
  2593 00001A41 3C36                        cmp     al, 0x36
  2594 00001A43 741B                        je      .kb_rs
  2595 00001A45 3C3C                        cmp     al, 0x3C
  2596 00001A47 7420                        je      .kb_cap
  2597 00001A49 A2[08740000]                mov     [kbd_sc], al
  2598 00001A4E C605[11740000]01            mov     byte [kbd_have], 1
  2599 00001A55 EB19                        jmp     .kb_eoi
  2600                                  .kb_ls:
  2601 00001A57 C605[0A740000]01            mov     byte [kbd_shift], 1
  2602 00001A5E EB10                        jmp     .kb_eoi
  2603                                  .kb_rs:
  2604 00001A60 C605[0A740000]01            mov     byte [kbd_shift], 1
  2605 00001A67 EB07                        jmp     .kb_eoi
  2606                                  .kb_cap:
  2607 00001A69 8035[0B740000]01            xor     byte [kbd_caps], 1
  2608                                  .kb_eoi:
  2609 00001A70 B020                        mov     al, 0x20
  2610 00001A72 E620                        out     0x20, al
  2611 00001A74 07                          pop     es
  2612 00001A75 1F                          pop     ds
  2613 00001A76 61                          popad
  2614 00001A77 CF                          iretd
  2615                                  .kb_brk:
  2616 00001A78 3C2A                        cmp     al, 0x2A
  2617 00001A7A 7406                        je      .kb_ls_r
  2618 00001A7C 3C36                        cmp     al, 0x36
  2619 00001A7E 740B                        je      .kb_rs_r
  2620 00001A80 EB10                        jmp     .kb_clr
  2621                                  .kb_ls_r:
  2622 00001A82 C605[0A740000]00            mov     byte [kbd_shift], 0
  2623 00001A89 EB07                        jmp     .kb_clr
  2624                                  .kb_rs_r:
  2625 00001A8B C605[0A740000]00            mov     byte [kbd_shift], 0
  2626                                  .kb_clr:
  2627 00001A92 8035[0C740000]01            xor     byte [kbd_break], 1
  2628 00001A99 EBD5                        jmp     .kb_eoi
  2629                                  
  2630                                  ; ============================================================================
  2631                                  ; kbd_scan — process one keystroke, dispatch to focused window
  2632                                  ; ============================================================================
  2633                                  kbd_scan:
  2634 00001A9B 50                          push    eax
  2635 00001A9C 53                          push    ebx
  2636 00001A9D 51                          push    ecx
  2637 00001A9E 52                          push    edx
  2638 00001A9F 57                          push    edi
  2639 00001AA0 F605[11740000]01            test    byte [kbd_have], 1
  2640 00001AA7 7479                        jz      .ks_d
  2641 00001AA9 A0[08740000]                mov     al, [kbd_sc]
  2642 00001AAE 84C0                        test    al, al
  2643 00001AB0 7470                        jz      .ks_d
  2644                                      ; Look up ASCII based on shift state
  2645 00001AB2 F605[0A740000]01            test    byte [kbd_shift], 1
  2646 00001AB9 7407                        jz      .ks_l
  2647 00001ABB BB[4A0B0200]                mov     ebx, kbd_at2
  2648 00001AC0 EB05                        jmp     .ks_lu
  2649                                  .ks_l:
  2650 00001AC2 BB[C60A0200]                mov     ebx, kbd_at1
  2651                                  .ks_lu:
  2652 00001AC7 0FB6C0                      movzx   eax, al
  2653 00001ACA 8A0403                      mov     al, [ebx + eax]
  2654 00001ACD 84C0                        test    al, al
  2655 00001ACF 7451                        jz      .ks_d
  2656                                      ; Handle CapsLock for letters (0x41-0x5A uppercase)
  2657 00001AD1 3C41                        cmp     al, 'A'
  2658 00001AD3 7C0F                        jl      .ks_st
  2659 00001AD5 3C5A                        cmp     al, 'Z'
  2660 00001AD7 7F0B                        jg      .ks_st
  2661 00001AD9 F605[0B740000]01            test    byte [kbd_caps], 1
  2662 00001AE0 7502                        jnz     .ks_st
  2663 00001AE2 0420                        add     al, 32
  2664                                  .ks_st:
  2665 00001AE4 A2[09740000]                mov     [kbd_ascii], al
  2666 00001AE9 C605[11740000]01            mov     byte [kbd_have], 1
  2667                                      ; Dispatch to focused window
  2668 00001AF0 A1[0D740000]                mov     eax, [kbd_focus]
  2669 00001AF5 83F808                      cmp     eax, WD
  2670 00001AF8 7407                        je      .ks_dos
  2671 00001AFA 83F809                      cmp     eax, WN
  2672 00001AFD 7417                        je      .ks_note
  2673 00001AFF EB21                        jmp     .ks_d
  2674                                  .ks_dos:
  2675 00001B01 A3[6C700000]                mov     [DM_HND], eax
  2676 00001B06 66C705[70700000]07-         mov     word [DM_MSG], WM_KEY
  2676 00001B0E 00                 
  2677 00001B0F E845ECFFFF                  call    user_dispatch
  2678 00001B14 EB0C                        jmp     .ks_d
  2679                                  .ks_note:
  2680                                      ; Set DM_HND for notepad dispatch
  2681 00001B16 C605[6C700000]09            mov     [DM_HND], WN
  2682 00001B1D E8CA0E0000                  call    notepad_key
  2683                                  .ks_d:
  2684 00001B22 31C0                        xor     eax, eax
  2685 00001B24 A3[08740000]                mov     [kbd_sc], eax
  2686 00001B29 A3[09740000]                mov     [kbd_ascii], eax
  2687 00001B2E A3[11740000]                mov     [kbd_have], eax
  2688 00001B33 5F                          pop     edi
  2689 00001B34 5A                          pop     edx
  2690 00001B35 59                          pop     ecx
  2691 00001B36 5B                          pop     ebx
  2692 00001B37 58                          pop     eax
  2693 00001B38 C3                          ret
  2694                                  
  2695                                  ; ============================================================================
  2696                                  ; dos_puts — write null-terminated string to DOS text buffer
  2697                                  ; ============================================================================
  2698                                  dos_puts:
  2699 00001B39 C3                          ret
  2700                                  
  2701                                  ; ============================================================================
  2702                                  ; dos_prompt — print "C:\>" at current cursor position
  2703                                  ; ============================================================================
  2704                                  dos_prompt:
  2705 00001B3A C3                          ret
  2706                                  
  2707                                  ; ============================================================================
  2708                                  ; dos_scroll — scroll DOS text buffer up one row
  2709                                  ; ============================================================================
  2710                                  dos_scroll:
  2711 00001B3B C3                          ret
  2712                                  
  2713                                  ; ============================================================================
  2714                                  ; dos_clear — clear DOS text buffer, reset cursor
  2715                                  ; ============================================================================
  2716                                  dos_clear:
  2717 00001B3C C3                          ret
  2718                                  
  2719                                  ; ============================================================================
  2720                                  ; dos_init — initialize DOS text buffer with welcome message
  2721                                  ; ============================================================================
  2722                                  dos_init:
  2723 00001B3D C3                          ret
  2724                                  
  2725                                  ; ============================================================================
  2726                                  ; dos_exec — DOS command interpreter
  2727                                  ; ============================================================================
  2728                                  dos_exec:
  2729 00001B3E C3                          ret
  2730                                  
  2731                                  ; ============================================================================
  2732                                  ; draw_dos — DOS window content (text grid + cursor)
  2733                                  ; ============================================================================
  2734                                  draw_dos:
  2735 00001B3F C3                          ret
  2736                                  ; ============================================================================
  2737                                  ; draw_br — Browser window content
  2738                                  ; ============================================================================
  2739                                  draw_br:
  2740 00001B40 57                          push    edi
  2741 00001B41 56                          push    esi
  2742 00001B42 50                          push    eax
  2743 00001B43 53                          push    ebx
  2744 00001B44 51                          push    ecx
  2745 00001B45 52                          push    edx
  2746 00001B46 55                          push    ebp
  2747                                      ; BG
  2748 00001B47 8B07                        mov     eax, [edi]
  2749 00001B49 83C002                      add     eax, 2
  2750 00001B4C A3[3C700000]                mov     [vd_x], eax
  2751 00001B51 8B4704                      mov     eax, [edi+4]
  2752 00001B54 83C014                      add     eax, TH + 2
  2753 00001B57 A3[40700000]                mov     [vd_y], eax
  2754 00001B5C C705[44700000]F000-         mov     dword [vd_w], 240
  2754 00001B64 0000               
  2755 00001B66 C705[48700000]6E00-         mov     dword [vd_h], 110
  2755 00001B6E 0000               
  2756 00001B70 C605[4D700000]0F            mov     byte [vd_col], 15
  2757 00001B77 E8FCE7FFFF                  call    gdi_rect
  2758                                      ; Address bar bg
  2759 00001B7C 8B07                        mov     eax, [edi]
  2760 00001B7E 83C002                      add     eax, 2
  2761 00001B81 A3[3C700000]                mov     [vd_x], eax
  2762 00001B86 8B4704                      mov     eax, [edi+4]
  2763 00001B89 83C014                      add     eax, TH + 2
  2764 00001B8C A3[40700000]                mov     [vd_y], eax
  2765 00001B91 C705[44700000]EC00-         mov     dword [vd_w], 236
  2765 00001B99 0000               
  2766 00001B9B C705[48700000]0C00-         mov     dword [vd_h], 12
  2766 00001BA3 0000               
  2767 00001BA5 C605[4D700000]07            mov     byte [vd_col], 7
  2768 00001BAC E8C7E7FFFF                  call    gdi_rect
  2769                                      ; URL text
  2770 00001BB1 8B07                        mov     eax, [edi]
  2771 00001BB3 83C004                      add     eax, 4
  2772 00001BB6 A3[3C700000]                mov     [vd_x], eax
  2773 00001BBB 8B4704                      mov     eax, [edi+4]
  2774 00001BBE 83C016                      add     eax, TH + 4
  2775 00001BC1 A3[40700000]                mov     [vd_y], eax
  2776 00001BC6 BE[20080200]                mov     esi, br_url
  2777 00001BCB 8935[4F700000]              mov     [vd_str], esi
  2778 00001BD1 C605[4D700000]00            mov     byte [vd_col], 0
  2779 00001BD8 E815E9FFFF                  call    gdi_text
  2780                                      ; Content area bg
  2781 00001BDD 8B07                        mov     eax, [edi]
  2782 00001BDF 83C002                      add     eax, 2
  2783 00001BE2 A3[3C700000]                mov     [vd_x], eax
  2784 00001BE7 8B4704                      mov     eax, [edi+4]
  2785 00001BEA 83C024                      add     eax, TH + 18
  2786 00001BED A3[40700000]                mov     [vd_y], eax
  2787 00001BF2 C705[44700000]EC00-         mov     dword [vd_w], 236
  2787 00001BFA 0000               
  2788 00001BFC C705[48700000]5A00-         mov     dword [vd_h], 90
  2788 00001C04 0000               
  2789 00001C06 C605[4D700000]0F            mov     byte [vd_col], 15
  2790 00001C0D E866E7FFFF                  call    gdi_rect
  2791                                      ; Page content
  2792 00001C12 8A1D[21740000]              mov     bl, [br_page]
  2793 00001C18 80FB01                      cmp     bl, 1
  2794 00001C1B 7417                        je      .db_lud
  2795 00001C1D 80FB02                      cmp     bl, 2
  2796 00001C20 0F8406010000                je      .db_goog
  2797 00001C26 80FB03                      cmp     bl, 3
  2798 00001C29 0F8427010000                je      .db_rep
  2799 00001C2F E9BF010000                  jmp     .db_d
  2800                                  .db_lud:
  2801                                      ; Ludashi download page
  2802 00001C34 8B07                        mov     eax, [edi]
  2803 00001C36 83C004                      add     eax, 4
  2804 00001C39 A3[3C700000]                mov     [vd_x], eax
  2805 00001C3E 8B4704                      mov     eax, [edi+4]
  2806 00001C41 83C028                      add     eax, TH + 22
  2807 00001C44 A3[40700000]                mov     [vd_y], eax
  2808 00001C49 BE[070A0200]                mov     esi, br_lud_t
  2809 00001C4E 8935[4F700000]              mov     [vd_str], esi
  2810 00001C54 E899E8FFFF                  call    gdi_text
  2811                                      ; Download button
  2812 00001C59 8B07                        mov     eax, [edi]
  2813 00001C5B 83C014                      add     eax, 20
  2814 00001C5E A3[3C700000]                mov     [vd_x], eax
  2815 00001C63 8B4704                      mov     eax, [edi+4]
  2816 00001C66 83C03A                      add     eax, TH + 40
  2817 00001C69 A3[40700000]                mov     [vd_y], eax
  2818 00001C6E C705[44700000]3C00-         mov     dword [vd_w], 60
  2818 00001C76 0000               
  2819 00001C78 C705[48700000]1000-         mov     dword [vd_h], 16
  2819 00001C80 0000               
  2820 00001C82 C605[4D700000]04            mov     byte [vd_col], 4
  2821 00001C89 E8EAE6FFFF                  call    gdi_rect
  2822 00001C8E C605[4C700000]01            mov     byte [vd_ch], 1
  2823 00001C95 B006                        mov     al, PD
  2824 00001C97 B407                        mov     ah, PL
  2825 00001C99 E81EE7FFFF                  call    gdi_frame3d
  2826 00001C9E A1[3C700000]                mov     eax, [vd_x]
  2827 00001CA3 83C00A                      add     eax, 10
  2828 00001CA6 A3[3C700000]                mov     [vd_x], eax
  2829 00001CAB A1[40700000]                mov     eax, [vd_y]
  2830 00001CB0 83C003                      add     eax, 3
  2831 00001CB3 A3[40700000]                mov     [vd_y], eax
  2832 00001CB8 BE[60090200]                mov     esi, br_dlbtn_t
  2833 00001CBD 8935[4F700000]              mov     [vd_str], esi
  2834 00001CC3 C605[4D700000]01            mov     byte [vd_col], PW
  2835 00001CCA E823E8FFFF                  call    gdi_text
  2836                                      ; ARP status display (Phase A — real network feedback, Ludashi page only)
  2837 00001CCF C605[3C700000]18            mov     [vd_x], 24
  2838 00001CD6 8B4704                      mov     eax, [edi+4]
  2839 00001CD9 83C050                      add     eax, TH + 62
  2840 00001CDC A3[40700000]                mov     [vd_y], eax
  2841 00001CE1 A0[20C10000]                mov     al, [arp_state]
  2842 00001CE6 3C01                        cmp     al, 1
  2843 00001CE8 7411                        je      .db_arp_wait
  2844 00001CEA 3C02                        cmp     al, 2
  2845 00001CEC 7414                        je      .db_arp_timeout
  2846 00001CEE 3C40                        cmp     al, 0x40
  2847 00001CF0 7417                        je      .db_arp_fail
  2848 00001CF2 3C04                        cmp     al, 4
  2849 00001CF4 741A                        je      .db_arp_ok
  2850 00001CF6 E9F8000000                  jmp     .db_d
  2851                                  .db_arp_wait:
  2852 00001CFB BE[800A0200]                mov     esi, arp_stat_t
  2853 00001D00 EB13                        jmp     .db_arp_draw
  2854                                  .db_arp_timeout:
  2855 00001D02 BE[AA0A0200]                mov     esi, arp_tout_t
  2856 00001D07 EB0C                        jmp     .db_arp_draw
  2857                                  .db_arp_fail:
  2858 00001D09 BE[9E0A0200]                mov     esi, arp_fail_t
  2859 00001D0E EB05                        jmp     .db_arp_draw
  2860                                  .db_arp_ok:
  2861 00001D10 BE[900A0200]                mov     esi, arp_ok_t
  2862                                  .db_arp_draw:
  2863 00001D15 8935[4F700000]              mov     [vd_str], esi
  2864 00001D1B C605[4D700000]00            mov     byte [vd_col], 0
  2865 00001D22 E8CBE7FFFF                  call    gdi_text
  2866 00001D27 E9C7000000                  jmp     .db_d
  2867                                  .db_goog:
  2868 00001D2C 8B07                        mov     eax, [edi]
  2869 00001D2E 83C004                      add     eax, 4
  2870 00001D31 A3[3C700000]                mov     [vd_x], eax
  2871 00001D36 8B4704                      mov     eax, [edi+4]
  2872 00001D39 83C028                      add     eax, TH + 22
  2873 00001D3C A3[40700000]                mov     [vd_y], eax
  2874 00001D41 BE[F1090200]                mov     esi, br_google_t
  2875 00001D46 8935[4F700000]              mov     [vd_str], esi
  2876 00001D4C E8A1E7FFFF                  call    gdi_text
  2877 00001D51 E99D000000                  jmp     .db_d
  2878                                  .db_rep:
  2879 00001D56 8B07                        mov     eax, [edi]
  2880 00001D58 83C004                      add     eax, 4
  2881 00001D5B A3[3C700000]                mov     [vd_x], eax
  2882 00001D60 8B4704                      mov     eax, [edi+4]
  2883 00001D63 83C028                      add     eax, TH + 22
  2884 00001D66 A3[40700000]                mov     [vd_y], eax
  2885 00001D6B BE[7F090200]                mov     esi, br_report_t
  2886 00001D70 8935[4F700000]              mov     [vd_str], esi
  2887 00001D76 E877E7FFFF                  call    gdi_text
  2888 00001D7B BE[8D090200]                mov     esi, br_ver_t
  2889 00001D80 A3[40700000]                mov     [vd_y], eax
  2890 00001D85 8305[40700000]0C            add     dword [vd_y], 12
  2891 00001D8C 8935[4F700000]              mov     [vd_str], esi
  2892 00001D92 E85BE7FFFF                  call    gdi_text
  2893 00001D97 BE[9E090200]                mov     esi, br_files_t
  2894 00001D9C 8305[40700000]0A            add     dword [vd_y], 10
  2895 00001DA3 8935[4F700000]              mov     [vd_str], esi
  2896 00001DA9 E844E7FFFF                  call    gdi_text
  2897 00001DAE BE[B2090200]                mov     esi, br_mem_t
  2898 00001DB3 8305[40700000]0A            add     dword [vd_y], 10
  2899 00001DBA 8935[4F700000]              mov     [vd_str], esi
  2900 00001DC0 E82DE7FFFF                  call    gdi_text
  2901 00001DC5 BE[CC090200]                mov     esi, br_net_t
  2902 00001DCA 8305[40700000]0A            add     dword [vd_y], 10
  2903 00001DD1 8935[4F700000]              mov     [vd_str], esi
  2904 00001DD7 E816E7FFFF                  call    gdi_text
  2905 00001DDC BE[E1090200]                mov     esi, br_status_t
  2906 00001DE1 8305[40700000]0A            add     dword [vd_y], 10
  2907 00001DE8 8935[4F700000]              mov     [vd_str], esi
  2908 00001DEE E8FFE6FFFF                  call    gdi_text
  2909                                  .db_d:
  2910 00001DF3 5D                          pop     ebp
  2911 00001DF4 5A                          pop     edx
  2912 00001DF5 59                          pop     ecx
  2913 00001DF6 5B                          pop     ebx
  2914 00001DF7 58                          pop     eax
  2915 00001DF8 5E                          pop     esi
  2916 00001DF9 5F                          pop     edi
  2917 00001DFA C3                          ret
  2918                                  
  2919                                  ; ============================================================================
  2920                                  ; draw_ins — Installer window content
  2921                                  ; ============================================================================
  2922                                  draw_ins:
  2923 00001DFB 57                          push    edi
  2924 00001DFC 50                          push    eax
  2925 00001DFD 53                          push    ebx
  2926 00001DFE 51                          push    ecx
  2927 00001DFF 52                          push    edx
  2928                                      ; BG
  2929 00001E00 8B07                        mov     eax, [edi]
  2930 00001E02 83C002                      add     eax, 2
  2931 00001E05 A3[3C700000]                mov     [vd_x], eax
  2932 00001E0A 8B4704                      mov     eax, [edi+4]
  2933 00001E0D 83C014                      add     eax, TH + 2
  2934 00001E10 A3[40700000]                mov     [vd_y], eax
  2935 00001E15 C705[44700000]A000-         mov     dword [vd_w], 160
  2935 00001E1D 0000               
  2936 00001E1F C705[48700000]3C00-         mov     dword [vd_h], 60
  2936 00001E27 0000               
  2937 00001E29 C605[4D700000]0F            mov     byte [vd_col], 15
  2938 00001E30 E843E5FFFF                  call    gdi_rect
  2939                                      ; State-dependent content
  2940 00001E35 8A1D[43B40000]              mov     bl, [ins_state]
  2941 00001E3B 80FB01                      cmp     bl, 1
  2942 00001E3E 7417                        je      .di_dl
  2943 00001E40 80FB02                      cmp     bl, 2
  2944 00001E43 0F848D000000                je      .di_inst
  2945 00001E49 80FB03                      cmp     bl, 3
  2946 00001E4C 0F8400010000                je      .di_done
  2947 00001E52 E927010000                  jmp     .di_d
  2948                                  .di_dl:
  2949 00001E57 8B07                        mov     eax, [edi]
  2950 00001E59 83C006                      add     eax, 6
  2951 00001E5C A3[3C700000]                mov     [vd_x], eax
  2952 00001E61 8B4704                      mov     eax, [edi+4]
  2953 00001E64 83C01C                      add     eax, TH + 10
  2954 00001E67 A3[40700000]                mov     [vd_y], eax
  2955 00001E6C BE[1D0A0200]                mov     esi, br_dl_prog_t
  2956 00001E71 8935[4F700000]              mov     [vd_str], esi
  2957 00001E77 C605[4D700000]00            mov     byte [vd_col], 0
  2958 00001E7E E86FE6FFFF                  call    gdi_text
  2959 00001E83 8B07                        mov     eax, [edi]
  2960 00001E85 83C00A                      add     eax, 10
  2961 00001E88 A3[3C700000]                mov     [vd_x], eax
  2962 00001E8D 8B4704                      mov     eax, [edi+4]
  2963 00001E90 83C030                      add     eax, TH + 30
  2964 00001E93 A3[40700000]                mov     [vd_y], eax
  2965 00001E98 C705[44700000]8C00-         mov     dword [vd_w], 140
  2965 00001EA0 0000               
  2966 00001EA2 C705[48700000]0A00-         mov     dword [vd_h], 10
  2966 00001EAA 0000               
  2967 00001EAC C605[4D700000]07            mov     byte [vd_col], 7
  2968 00001EB3 E8C0E4FFFF                  call    gdi_rect
  2969 00001EB8 A0[42B40000]                mov     al, [ins_prog]
  2970 00001EBD 0FB6C0                      movzx   eax, al
  2971 00001EC0 A3[44700000]                mov     dword [vd_w], eax
  2972 00001EC5 C605[4D700000]04            mov     byte [vd_col], 4
  2973 00001ECC E8A7E4FFFF                  call    gdi_rect
  2974 00001ED1 E9A8000000                  jmp     .di_d
  2975                                  .di_inst:
  2976 00001ED6 8B07                        mov     eax, [edi]
  2977 00001ED8 83C006                      add     eax, 6
  2978 00001EDB A3[3C700000]                mov     [vd_x], eax
  2979 00001EE0 8B4704                      mov     eax, [edi+4]
  2980 00001EE3 83C01C                      add     eax, TH + 10
  2981 00001EE6 A3[40700000]                mov     [vd_y], eax
  2982 00001EEB BE[2C0A0200]                mov     esi, br_inst_prog_t
  2983 00001EF0 8935[4F700000]              mov     [vd_str], esi
  2984 00001EF6 C605[4D700000]00            mov     byte [vd_col], 0
  2985 00001EFD E8F0E5FFFF                  call    gdi_text
  2986 00001F02 8B07                        mov     eax, [edi]
  2987 00001F04 83C00A                      add     eax, 10
  2988 00001F07 A3[3C700000]                mov     [vd_x], eax
  2989 00001F0C 8B4704                      mov     eax, [edi+4]
  2990 00001F0F 83C030                      add     eax, TH + 30
  2991 00001F12 A3[40700000]                mov     [vd_y], eax
  2992 00001F17 C705[44700000]8C00-         mov     dword [vd_w], 140
  2992 00001F1F 0000               
  2993 00001F21 C705[48700000]0A00-         mov     dword [vd_h], 10
  2993 00001F29 0000               
  2994 00001F2B C605[4D700000]07            mov     byte [vd_col], 7
  2995 00001F32 E841E4FFFF                  call    gdi_rect
  2996 00001F37 A0[42B40000]                mov     al, [ins_prog]
  2997 00001F3C 0FB6C0                      movzx   eax, al
  2998 00001F3F A3[44700000]                mov     dword [vd_w], eax
  2999 00001F44 C605[4D700000]04            mov     byte [vd_col], 4
  3000 00001F4B E828E4FFFF                  call    gdi_rect
  3001 00001F50 EB2C                        jmp     .di_d
  3002                                  .di_done:
  3003 00001F52 8B07                        mov     eax, [edi]
  3004 00001F54 83C006                      add     eax, 6
  3005 00001F57 A3[3C700000]                mov     [vd_x], eax
  3006 00001F5C 8B4704                      mov     eax, [edi+4]
  3007 00001F5F 83C01C                      add     eax, TH + 10
  3008 00001F62 A3[40700000]                mov     [vd_y], eax
  3009 00001F67 BE[3A0A0200]                mov     esi, br_done_t
  3010 00001F6C 8935[4F700000]              mov     [vd_str], esi
  3011 00001F72 C605[4D700000]04            mov     byte [vd_col], 4
  3012 00001F79 E874E5FFFF                  call    gdi_text
  3013                                  .di_d:
  3014 00001F7E 5A                          pop     edx
  3015 00001F7F 59                          pop     ecx
  3016 00001F80 5B                          pop     ebx
  3017 00001F81 58                          pop     eax
  3018 00001F82 5F                          pop     edi
  3019 00001F83 C3                          ret
  3020                                  
  3021                                  ; ============================================================================
  3022                                  ; draw_ex — Runner / Report window content
  3023                                  ; ============================================================================
  3024                                  draw_ex:
  3025 00001F84 57                          push    edi
  3026 00001F85 50                          push    eax
  3027 00001F86 53                          push    ebx
  3028 00001F87 51                          push    ecx
  3029 00001F88 52                          push    edx
  3030                                      ; BG
  3031 00001F89 8B07                        mov     eax, [edi]
  3032 00001F8B 83C002                      add     eax, 2
  3033 00001F8E A3[3C700000]                mov     [vd_x], eax
  3034 00001F93 8B4704                      mov     eax, [edi+4]
  3035 00001F96 83C014                      add     eax, TH + 2
  3036 00001F99 A3[40700000]                mov     [vd_y], eax
  3037 00001F9E C705[44700000]A000-         mov     dword [vd_w], 160
  3037 00001FA6 0000               
  3038 00001FA8 C705[48700000]4000-         mov     dword [vd_h], 64
  3038 00001FB0 0000               
  3039 00001FB2 C605[4D700000]0F            mov     byte [vd_col], 15
  3040 00001FB9 E8BAE3FFFF                  call    gdi_rect
  3041 00001FBE 8B07                        mov     eax, [edi]
  3042 00001FC0 83C006                      add     eax, 6
  3043 00001FC3 A3[3C700000]                mov     [vd_x], eax
  3044 00001FC8 8B4704                      mov     eax, [edi+4]
  3045 00001FCB 83C01C                      add     eax, TH + 10
  3046 00001FCE A3[40700000]                mov     [vd_y], eax
  3047 00001FD3 803D[06C10000]01            cmp     byte [exe_running], 1
  3048 00001FDA 7549                        jne     .de_noexe
  3049 00001FDC 803D[4DB40000]01            cmp     byte [exe_done], 1
  3050 00001FE3 7420                        je      .de_done
  3051 00001FE5 BE[630A0200]                mov     esi, br_run_stat_t
  3052 00001FEA 8935[4F700000]              mov     [vd_str], esi
  3053 00001FF0 C605[4D700000]07            mov     byte [vd_col], 7
  3054 00001FF7 E8F6E4FFFF                  call    gdi_text
  3055 00001FFC 8305[40700000]0E            add     dword [vd_y], 14
  3056 00002003 EB3E                        jmp     .de_print
  3057                                  .de_done:
  3058 00002005 BE[6F0A0200]                mov     esi, br_run_ok_t
  3059 0000200A 8935[4F700000]              mov     [vd_str], esi
  3060 00002010 C605[4D700000]02            mov     byte [vd_col], 2
  3061 00002017 E8D6E4FFFF                  call    gdi_text
  3062 0000201C 8305[40700000]0E            add     dword [vd_y], 14
  3063 00002023 EB1E                        jmp     .de_print
  3064                                  .de_noexe:
  3065 00002025 BE[510A0200]                mov     esi, br_run_t
  3066 0000202A 8935[4F700000]              mov     [vd_str], esi
  3067 00002030 C605[4D700000]04            mov     byte [vd_col], 4
  3068 00002037 E8B6E4FFFF                  call    gdi_text
  3069 0000203C 8305[40700000]0E            add     dword [vd_y], 14
  3070                                  .de_print:
  3071 00002043 66A1[02C10000]              mov     ax, [exe_out_len]
  3072 00002049 6685C0                      test    ax, ax
  3073 0000204C 7417                        jz      .de_pd
  3074 0000204E BE[C2C00000]                mov     esi, exe_out
  3075 00002053 8935[4F700000]              mov     [vd_str], esi
  3076 00002059 C605[4D700000]00            mov     byte [vd_col], 0
  3077 00002060 E88DE4FFFF                  call    gdi_text
  3078                                  .de_pd:
  3079 00002065 5A                          pop     edx
  3080 00002066 59                          pop     ecx
  3081 00002067 5B                          pop     ebx
  3082 00002068 58                          pop     eax
  3083 00002069 5F                          pop     edi
  3084 0000206A C3                          ret
  3085                                  
  3086                                  ; ============================================================================
  3087                                  ; draw_fl — draw File browser window content (list current dir)
  3088                                  ; ============================================================================
  3089                                  draw_fl:
  3090 0000206B 57                          push    edi
  3091 0000206C 56                          push    esi
  3092 0000206D 50                          push    eax
  3093 0000206E 53                          push    ebx
  3094 0000206F 51                          push    ecx
  3095 00002070 52                          push    edx
  3096 00002071 55                          push    ebp
  3097                                      ; Background
  3098 00002072 8B07                        mov     eax, [edi]
  3099 00002074 83C002                      add     eax, 2
  3100 00002077 A3[3C700000]                mov     [vd_x], eax
  3101 0000207C 8B4704                      mov     eax, [edi+4]
  3102 0000207F 83C014                      add     eax, TH + 2
  3103 00002082 A3[40700000]                mov     [vd_y], eax
  3104 00002087 C705[44700000]F000-         mov     dword [vd_w], 240
  3104 0000208F 0000               
  3105 00002091 C705[48700000]6000-         mov     dword [vd_h], 96
  3105 00002099 0000               
  3106 0000209B C605[4D700000]0F            mov     byte [vd_col], 15
  3107 000020A2 E8D1E2FFFF                  call    gdi_rect
  3108                                      ; Header
  3109 000020A7 8B07                        mov     eax, [edi]
  3110 000020A9 83C004                      add     eax, 4
  3111 000020AC A3[3C700000]                mov     [vd_x], eax
  3112 000020B1 8B4704                      mov     eax, [edi+4]
  3113 000020B4 83C016                      add     eax, TH + 4
  3114 000020B7 A3[40700000]                mov     [vd_y], eax
  3115 000020BC 803D[18740000]FE            cmp     byte [fs_cur_dir], 0xFE
  3116 000020C3 7512                        jne     .df_h1
  3117 000020C5 BE[C5080200]                mov     esi, fl_trsh_t
  3118 000020CA 8935[4F700000]              mov     [vd_str], esi
  3119 000020D0 E81DE4FFFF                  call    gdi_text
  3120 000020D5 EB10                        jmp     .df_scan
  3121                                  .df_h1:
  3122 000020D7 BE[55080200]                mov     esi, fl_hdr_t
  3123 000020DC 8935[4F700000]              mov     [vd_str], esi
  3124 000020E2 E80BE4FFFF                  call    gdi_text
  3125                                  .df_scan:
  3126 000020E7 BD[40B90000]                mov     ebp, file_table
  3127 000020EC B910000000                  mov     ecx, FS_MAXF
  3128                                  .df_l:
  3129 000020F1 83F900                      cmp     ecx, 0
  3130 000020F4 7456                        je      .df_d
  3131                                      ; Skip system entries in normal view
  3132 000020F6 803D[18740000]FE            cmp     byte [fs_cur_dir], 0xFE
  3133 000020FD 7502                        jne     .df_nsys
  3134 000020FF EB00                        jmp     .df_nsys
  3135                                  .df_nsys:
  3136 00002101 803D[18740000]FE            cmp     byte [fs_cur_dir], 0xFE
  3137 00002108 741C                        je      .df_trash_mode
  3138 0000210A F6451501                    test    byte [ebp+21], FS_FLG_DELETED
  3139 0000210E 7536                        jnz     .df_n
  3140 00002110 803D[18740000]FF            cmp     byte [fs_cur_dir], 0xFF
  3141 00002117 7413                        je      .df_rp
  3142 00002119 8A4516                      mov     al, [ebp+22]
  3143 0000211C 3A05[18740000]              cmp     al, [fs_cur_dir]
  3144 00002122 7408                        je      .df_rp
  3145 00002124 EB20                        jmp     .df_n
  3146                                  .df_trash_mode:
  3147 00002126 F6451501                    test    byte [ebp+21], FS_FLG_DELETED
  3148 0000212A 741A                        jz      .df_n
  3149                                  .df_rp:
  3150 0000212C A1[40700000]                mov     eax, [vd_y]
  3151 00002131 83C00A                      add     eax, 10
  3152 00002134 A3[40700000]                mov     [vd_y], eax
  3153 00002139 89EE                        mov     esi, ebp
  3154 0000213B 8935[4F700000]              mov     [vd_str], esi
  3155 00002141 E8ACE3FFFF                  call    gdi_text
  3156                                  .df_n:
  3157 00002146 83C520                      add     ebp, FS_SZ
  3158 00002149 49                          dec     ecx
  3159 0000214A EBA5                        jmp     .df_l
  3160                                  .df_d:
  3161 0000214C 5D                          pop     ebp
  3162 0000214D 5A                          pop     edx
  3163 0000214E 59                          pop     ecx
  3164 0000214F 5B                          pop     ebx
  3165 00002150 58                          pop     eax
  3166 00002151 5E                          pop     esi
  3167 00002152 5F                          pop     edi
  3168 00002153 C3                          ret
  3169                                  
  3170                                  ; ============================================================================
  3171                                  ; fs_init — initialize file system table
  3172                                  ;   After zero-fill, set every entry's FS_CONTENT_OFF = FS_CONTENT_UNSET
  3173                                  ;   (-1 = "no custom content installed, fall back to legacy defaults")
  3174                                  ; ============================================================================
  3175                                  fs_init:
  3176 00002154 50                          push    eax
  3177 00002155 51                          push    ecx
  3178 00002156 57                          push    edi
  3179 00002157 BF[40B90000]                mov     edi, file_table
  3180 0000215C B980000000                  mov     ecx, FS_MAXF*FS_SZ/4
  3181 00002161 31C0                        xor     eax, eax
  3182 00002163 F3AB                        rep    stosd
  3183                                      ; Mark content_ptr = -1 for every slot (use legacy code path)
  3184 00002165 B910000000                  mov     ecx, FS_MAXF
  3185 0000216A BF[58B90000]                mov     edi, file_table + FS_CONTENT_OFF
  3186                                  .fs_i_un:
  3187 0000216F C707FFFFFFFF                mov     dword [edi], FS_CONTENT_UNSET
  3188 00002175 83C720                      add     edi, FS_SZ
  3189 00002178 49                          dec     ecx
  3190 00002179 75F4                        jnz     .fs_i_un
  3191                                      ; Also zero the contents-used bitmap so allocator starts fresh
  3192 0000217B BF[32B40000]                mov     edi, file_contents_used
  3193 00002180 B910000000                  mov     ecx, FS_MAX_CONTENTS
  3194 00002185 30C0                        xor     al, al
  3195 00002187 F3AA                        rep    stosb
  3196                                      ; Entry 0: My Computer
  3197 00002189 C705[40B90000]4D79-         mov     dword [file_table+0], 'My '
  3197 00002191 2000               
  3198 00002193 C705[44B90000]436F-         mov     dword [file_table+4], 'Com'
  3198 0000219B 6D00               
  3199 0000219D C705[48B90000]7075-         mov     dword [file_table+8], 'put'
  3199 000021A5 7400               
  3200 000021A7 C705[4CB90000]6572-         mov     dword [file_table+12], 'er'
  3200 000021AF 0000               
  3201 000021B1 C605[50B90000]00            mov     byte [file_table+16], 0
  3202 000021B8 C605[50B90000]02            mov     byte [file_table+16], FS_TYPE_COMPUTER
  3203 000021BF C605[55B90000]02            mov     byte [file_table+21], FS_FLG_SYSTEM
  3204                                      ; Entry 1: Recycle Bin
  3205 000021C6 C705[60B90000]5265-         mov     dword [file_table+32+0], 'Rec'
  3205 000021CE 6300               
  3206 000021D0 C705[64B90000]7963-         mov     dword [file_table+32+4], 'ycl'
  3206 000021D8 6C00               
  3207 000021DA C705[68B90000]6520-         mov     dword [file_table+32+8], 'e '
  3207 000021E2 0000               
  3208 000021E4 C705[6CB90000]4269-         mov     dword [file_table+32+12], 'Bin'
  3208 000021EC 6E00               
  3209 000021EE C605[70B90000]00            mov     byte [file_table+32+16], 0
  3210 000021F5 C605[70B90000]03            mov     byte [file_table+32+16], FS_TYPE_TRASH
  3211 000021FC C605[75B90000]02            mov     byte [file_table+32+21], FS_FLG_SYSTEM
  3212                                      ; Entry 2: Network Neighbors
  3213 00002203 C705[80B90000]4E65-         mov     dword [file_table+64+0], 'Net'
  3213 0000220B 7400               
  3214 0000220D C705[84B90000]776F-         mov     dword [file_table+64+4], 'wor'
  3214 00002215 7200               
  3215 00002217 C705[88B90000]6B20-         mov     dword [file_table+64+8], 'k '
  3215 0000221F 0000               
  3216 00002221 C705[8CB90000]4E65-         mov     dword [file_table+64+12], 'Nei'
  3216 00002229 6900               
  3217 0000222B C605[90B90000]00            mov     byte [file_table+64+16], 0
  3218 00002232 C605[90B90000]04            mov     byte [file_table+64+16], FS_TYPE_NETWORK
  3219 00002239 C605[95B90000]02            mov     byte [file_table+64+21], FS_FLG_SYSTEM
  3220                                      ; Entry 3: Documents folder
  3221 00002240 C705[A0B90000]446F-         mov     dword [file_table+96+0], 'Doc'
  3221 00002248 6300               
  3222 0000224A C705[A4B90000]756D-         mov     dword [file_table+96+4], 'ume'
  3222 00002252 6500               
  3223 00002254 C705[A8B90000]6E74-         mov     dword [file_table+96+8], 'nts'
  3223 0000225C 7300               
  3224 0000225E C605[B0B90000]00            mov     byte [file_table+96+16], 0
  3225 00002265 C605[B0B90000]01            mov     byte [file_table+96+16], FS_TYPE_FOLDER
  3226                                      ; Entry 4: boot.txt
  3227 0000226C C705[C0B90000]626F-         mov     dword [file_table+128+0], 'boo'
  3227 00002274 6F00               
  3228 00002276 C705[C4B90000]742E-         mov     dword [file_table+128+4], 't.t'
  3228 0000227E 7400               
  3229 00002280 C705[C8B90000]7874-         mov     dword [file_table+128+8], 'xt'
  3229 00002288 0000               
  3230 0000228A C605[D0B90000]00            mov     byte [file_table+128+16], 0
  3231 00002291 C605[D0B90000]05            mov     byte [file_table+128+16], FS_TYPE_FILE_TXT
  3232 00002298 C605[D6B90000]03            mov     byte [file_table+128+22], 3
  3233                                      ; Entry 5: hello.txt
  3234 0000229F C705[E0B90000]6865-         mov     dword [file_table+160+0], 'hel'
  3234 000022A7 6C00               
  3235 000022A9 C705[E4B90000]6C6F-         mov     dword [file_table+160+4], 'lo.'
  3235 000022B1 2E00               
  3236 000022B3 C705[E8B90000]7478-         mov     dword [file_table+160+8], 'txt'
  3236 000022BB 7400               
  3237 000022BD C605[F0B90000]00            mov     byte [file_table+160+16], 0
  3238 000022C4 C605[F0B90000]05            mov     byte [file_table+160+16], FS_TYPE_FILE_TXT
  3239 000022CB C605[F6B90000]03            mov     byte [file_table+160+22], 3
  3240                                      ; Entry 6: app.exe
  3241 000022D2 C705[00BA0000]6170-         mov     dword [file_table+192+0], 'app'
  3241 000022DA 7000               
  3242 000022DC C705[04BA0000]2E65-         mov     dword [file_table+192+4], '.ex'
  3242 000022E4 7800               
  3243 000022E6 C705[08BA0000]6500-         mov     dword [file_table+192+8], 'e'
  3243 000022EE 0000               
  3244 000022F0 C605[10BA0000]00            mov     byte [file_table+192+16], 0
  3245 000022F7 C605[10BA0000]06            mov     byte [file_table+192+16], FS_TYPE_FILE_EXE
  3246                                      ; Init notepad
  3247 000022FE BF[40B70000]                mov     edi, note_text
  3248 00002303 B857000000                  mov     eax, 'W'
  3249 00002308 8807                        mov     [edi], al
  3250 0000230A C6470165                    mov     byte [edi+1], 'e'
  3251 0000230E C647026C                    mov     byte [edi+2], 'l'
  3252 00002312 C6470363                    mov     byte [edi+3], 'c'
  3253 00002316 C605[15740000]00            mov     byte [note_len], 0
  3254 0000231D C605[14740000]01            mov     byte [note_dirty], 1
  3255                                      ; Net: try ARP detection
  3256 00002324 E8B8080000                  call    net_broadcast
  3257                                      ; Reset desktop state
  3258 00002329 C605[18740000]FF            mov     byte [fs_cur_dir], 0xFF
  3259 00002330 C605[19740000]FF            mov     byte [fs_sel], 0xFF
  3260 00002337 5F                          pop     edi
  3261 00002338 59                          pop     ecx
  3262 00002339 58                          pop     eax
  3263 0000233A C3                          ret
  3264                                  
  3265                                  ; ============================================================================
  3266                                  ; fs_find — find file index by name in parent
  3267                                  ; IN:  bl=parent, ebp=name ptr
  3268                                  ; OUT: eax=index, -1 if not found
  3269                                  ; ============================================================================
  3270                                  fs_find:
  3271 0000233B 50                          push    eax
  3272 0000233C 51                          push    ecx
  3273 0000233D 57                          push    edi
  3274 0000233E 52                          push    edx
  3275 0000233F B8FFFFFFFF                  mov     eax, -1
  3276 00002344 B910000000                  mov     ecx, FS_MAXF
  3277 00002349 BF[40B90000]                mov     edi, file_table
  3278                                  .fs_fl:
  3279 0000234E 83F900                      cmp     ecx, 0
  3280 00002351 7440                        je      .fs_fd
  3281 00002353 F6471501                    test    byte [edi+21], FS_FLG_DELETED
  3282 00002357 7534                        jnz     .fs_fn
  3283 00002359 80FBFF                      cmp     bl, 0xFF
  3284 0000235C 7407                        je      .fs_pr
  3285 0000235E 385F16                      cmp     byte [edi+22], bl
  3286 00002361 7402                        je      .fs_pr
  3287 00002363 EB28                        jmp     .fs_fn
  3288                                  .fs_pr:
  3289 00002365 89EA                        mov     edx, ebp
  3290 00002367 89FE                        mov     esi, edi
  3291 00002369 B010                        mov     al, FS_NAME
  3292                                  .fs_pc:
  3293 0000236B 84C0                        test    al, al
  3294 0000236D 740C                        jz      .fs_nm
  3295 0000236F 8A0E                        mov     cl, [esi]
  3296 00002371 3A0A                        cmp     cl, [edx]
  3297 00002373 7518                        jne     .fs_fn
  3298 00002375 46                          inc     esi
  3299 00002376 42                          inc     edx
  3300 00002377 FEC8                        dec     al
  3301 00002379 EBF0                        jmp     .fs_pc
  3302                                  .fs_nm:
  3303 0000237B 89F8                        mov     eax, edi
  3304 0000237D 2D[40B90000]                sub     eax, file_table
  3305 00002382 B920000000                  mov     ecx, FS_SZ
  3306 00002387 31D2                        xor     edx, edx
  3307 00002389 F7F1                        div     ecx
  3308 0000238B EB06                        jmp     .fs_fd
  3309                                  .fs_fn:
  3310 0000238D 83C720                      add     edi, FS_SZ
  3311 00002390 49                          dec     ecx
  3312 00002391 EBBB                        jmp     .fs_fl
  3313                                  .fs_fd:
  3314 00002393 5A                          pop     edx
  3315 00002394 5F                          pop     edi
  3316 00002395 59                          pop     ecx
  3317 00002396 58                          pop     eax
  3318 00002397 C3                          ret
  3319                                  
  3320                                  ; ============================================================================
  3321                                  ; fs_create — create file entry
  3322                                  ; IN:  bl=parent, ebp=name ptr, ch=type
  3323                                  ; OUT: eax=new index, -1 if full
  3324                                  ; ============================================================================
  3325                                  fs_create:
  3326 00002398 50                          push    eax
  3327 00002399 51                          push    ecx
  3328 0000239A 57                          push    edi
  3329 0000239B 56                          push    esi
  3330 0000239C 55                          push    ebp
  3331 0000239D 53                          push    ebx
  3332 0000239E B910000000                  mov     ecx, FS_MAXF
  3333 000023A3 BF[40B90000]                mov     edi, file_table
  3334                                  .fs_cf:
  3335 000023A8 83F900                      cmp     ecx, 0
  3336 000023AB 743F                        je      .fs_cfull
  3337 000023AD F60700                      test    byte [edi], 0
  3338 000023B0 7406                        jz      .fs_cfree
  3339 000023B2 83C720                      add     edi, FS_SZ
  3340 000023B5 49                          dec     ecx
  3341 000023B6 EBF0                        jmp     .fs_cf
  3342                                  .fs_cfree:
  3343 000023B8 89EE                        mov     esi, ebp
  3344 000023BA 89FB                        mov     ebx, edi
  3345 000023BC B010                        mov     al, FS_NAME
  3346                                  .fs_cnp:
  3347 000023BE 84C0                        test    al, al
  3348 000023C0 740E                        jz      .fs_cset
  3349 000023C2 8A0E                        mov     cl, [esi]
  3350 000023C4 84C9                        test    cl, cl
  3351 000023C6 74F6                        jz      .fs_cnp
  3352 000023C8 880B                        mov     [ebx], cl
  3353 000023CA 46                          inc     esi
  3354 000023CB 43                          inc     ebx
  3355 000023CC FEC8                        dec     al
  3356 000023CE EBEE                        jmp     .fs_cnp
  3357                                  .fs_cset:
  3358 000023D0 886F10                      mov     [edi+16], ch
  3359 000023D3 C6471500                    mov     byte [edi+21], 0
  3360 000023D7 885F16                      mov     [edi+22], bl
  3361 000023DA 89F8                        mov     eax, edi
  3362 000023DC 2D[40B90000]                sub     eax, file_table
  3363 000023E1 B920000000                  mov     ecx, FS_SZ
  3364 000023E6 31D2                        xor     edx, edx
  3365 000023E8 F7F1                        div     ecx
  3366 000023EA EB05                        jmp     .fs_cd
  3367                                  .fs_cfull:
  3368 000023EC B8FFFFFFFF                  mov     eax, -1
  3369                                  .fs_cd:
  3370 000023F1 5B                          pop     ebx
  3371 000023F2 5D                          pop     ebp
  3372 000023F3 5E                          pop     esi
  3373 000023F4 5F                          pop     edi
  3374 000023F5 59                          pop     ecx
  3375 000023F6 58                          pop     eax
  3376 000023F7 C3                          ret
  3377                                  
  3378                                  ; ============================================================================
  3379                                  ; fs_delete — soft delete file
  3380                                  ; IN:  bl=file index
  3381                                  ; ============================================================================
  3382                                  fs_delete:
  3383 000023F8 50                          push    eax
  3384 000023F9 53                          push    ebx
  3385 000023FA 80FBFF                      cmp     bl, 255
  3386 000023FD 740F                        je      .fs_dl
  3387 000023FF 0FB6C3                      movzx   eax, bl
  3388 00002402 6BC020                      imul    eax, FS_SZ
  3389 00002405 05[40B90000]                add     eax, file_table
  3390 0000240A C6401501                    mov     byte [eax+21], FS_FLG_DELETED
  3391                                  .fs_dl:
  3392 0000240E 5B                          pop     ebx
  3393 0000240F 58                          pop     eax
  3394 00002410 C3                          ret
  3395                                  
  3396                                  ; ============================================================================
  3397                                  ; fs_install_exe — install dl_code[] as a new FS_TYPE_FILE_EXE file_table entry.
  3398                                  ;   Caller must have already copied bytecode body (without BC_MAGIC) into dl_code.
  3399                                  ;   Steps:
  3400                                  ;     1. Scan file_contents_used bitmap for a free chunk (idx i, 0..FS_MAX_CONTENTS-1)
  3401                                  ;     2. Scan file_table[] for first non-system non-deleted free entry (slot j)
  3402                                  ;     3. Copy dl_code -> file_contents_pool[i*EXE_CONTENT_CHUNK]
  3403                                  ;     4. Init file_table[j]: name="ludashi_install.exe", type=FS_TYPE_FILE_EXE,
  3404                                  ;                            content_off=i*chunk, content_len=dl_code_len (from top stack)
  3405                                  ;   OUT: al = 1 on success, 0 on failure
  3406                                  ; ============================================================================
  3407                                  fs_install_exe:
  3408 00002411 53                          push    ebx
  3409 00002412 51                          push    ecx
  3410 00002413 52                          push    edx
  3411 00002414 56                          push    esi
  3412 00002415 57                          push    edi
  3413 00002416 55                          push    ebp
  3414                                      ; ------- Retrieve dl_code actual length from caller pushes (eax=len, ecx=len) -------
  3415                                      ; Note: we pushed ecx twice from net_download: [esp+28]=eax (len) [esp+24]=ecx (len)
  3416                                      ; We'll re-scan dl_code to find actual length: first 0x00 (HALT) end marker,
  3417                                      ; but a PRINT string can contain 0 bytes that are legitimate.  Instead,
  3418                                      ; use net_download's ecx push: the copy-length was pushed as last push
  3419                                      ; before call.  However easier: re-copy DL_CODE_SZ safely and store len as
  3420                                      ; position of last non-zero byte + 1 (or DL_CODE_SZ if all non-zero).
  3421 00002417 31DB                        xor     ebx, ebx                 ; ebx = actual length
  3422 00002419 BE[1B040100]                mov     esi, dl_code
  3423 0000241E B900040000                  mov     ecx, DL_CODE_SZ
  3424                                  .fi_scan:
  3425 00002423 AC                          lodsb
  3426 00002424 84C0                        test    al, al
  3427 00002426 750D                        jnz     .fi_found_nonzero
  3428                                      ; Allow zeros as PRINT string terminators — count everything up to DL_CODE_SZ
  3429                                      ; but make at least the chunk contiguous. We cap at first 0x00 HALT op + 1 byte
  3430                                      ; so the VM stops there.
  3431 00002428 85DB                        test    ebx, ebx
  3432 0000242A 7409                        jz      .fi_found_nonzero        ; zero at offset 0? keep going
  3433                                      ; If last opcode was PRINT (0x03) followed by 0, that's PRINT string end, not HALT.
  3434                                      ; Heuristic: we accept up to DL_CODE_SZ bytes; truncate at first HALT when
  3435                                      ; last instruction didn't look like a PRINT string.
  3436 0000242C 80BB[1A040100]03            cmp     byte [dl_code + ebx - 1], 0x03
  3437 00002433 7506                        jne     .fi_stop_at_halt
  3438                                  .fi_found_nonzero:
  3439 00002435 43                          inc     ebx
  3440 00002436 49                          dec     ecx
  3441 00002437 75EA                        jnz     .fi_scan
  3442 00002439 EB01                        jmp     .fi_len_done
  3443                                  .fi_stop_at_halt:
  3444 0000243B 43                          inc     ebx                      ; include the HALT byte
  3445                                  .fi_len_done:
  3446                                      ; ------- 1. Find free content chunk i -------
  3447 0000243C 31C0                        xor     eax, eax
  3448 0000243E BF[32B40000]                mov     edi, file_contents_used
  3449 00002443 B910000000                  mov     ecx, FS_MAX_CONTENTS
  3450                                  .fi_fc:
  3451 00002448 803C0700                    cmp     byte [edi + eax], 0
  3452 0000244C 740A                        jz      .fi_fc_ok
  3453 0000244E FEC0                        inc     al
  3454 00002450 49                          dec     ecx
  3455 00002451 75F5                        jnz     .fi_fc
  3456 00002453 E9C2000000                  jmp     .fi_fail                 ; no free content chunk
  3457                                  .fi_fc_ok:
  3458 00002458 89C5                        mov     ebp, eax                 ; ebp = chunk idx i
  3459                                      ; ------- 2. Find free file_table slot j -------
  3460 0000245A 31C0                        xor     eax, eax
  3461 0000245C BF[40B90000]                mov     edi, file_table          ; edi = running &entry[j]
  3462 00002461 B910000000                  mov     ecx, FS_MAXF
  3463                                  .fi_fs:
  3464 00002466 807F1501                    cmp     byte [edi + 21], FS_FLG_DELETED
  3465 0000246A 7424                        jz      .fi_fs_ok                ; deleted slot => reuse
  3466 0000246C 837F18FF                    cmp     dword [edi + FS_CONTENT_OFF], FS_CONTENT_UNSET
  3467 00002470 7511                        jnz     .fi_fs_next              ; already has custom content -> in use
  3468 00002472 807F1502                    cmp     byte [edi + 21], FS_FLG_SYSTEM
  3469 00002476 740B                        jz      .fi_fs_next              ; system slot, skip
  3470 00002478 807F1000                    cmp     byte [edi + 16], FS_TYPE_FILE
  3471 0000247C 7412                        jz      .fi_fs_ok_empty          ; empty generic slot => reuse
  3472 0000247E 803F00                      cmp     byte [edi + 0], 0
  3473 00002481 740D                        jz      .fi_fs_ok                ; name[0]==0 => completely empty
  3474                                  .fi_fs_next:
  3475 00002483 FEC0                        inc     al
  3476 00002485 83C720                      add     edi, FS_SZ               ; advance to next entry
  3477 00002488 49                          dec     ecx
  3478 00002489 75DB                        jnz     .fi_fs
  3479 0000248B E98A000000                  jmp     .fi_fail
  3480                                  .fi_fs_ok_empty:
  3481                                  .fi_fs_ok:
  3482 00002490 89C2                        mov     edx, eax                 ; edx = slot j
  3483                                      ; ------- 3. Copy dl_code -> file_contents_pool[ebp*1024] -------
  3484 00002492 BE[1B040100]                mov     esi, dl_code
  3485 00002497 BF[32740000]                mov     edi, file_contents_pool
  3486 0000249C 89E8                        mov     eax, ebp
  3487 0000249E B900040000                  mov     ecx, EXE_CONTENT_CHUNK
  3488 000024A3 0FAFC1                      imul    eax, ecx
  3489 000024A6 01C7                        add     edi, eax                 ; edi = &pool[i*1024]
  3490                                      ; Clear chunk first to 0 so residual data doesn't leak
  3491 000024A8 57                          push    edi
  3492 000024A9 B900040000                  mov     ecx, EXE_CONTENT_CHUNK
  3493 000024AE 30C0                        xor     al, al
  3494 000024B0 F3AA                        rep     stosb
  3495 000024B2 5F                          pop     edi
  3496 000024B3 89D9                        mov     ecx, ebx                 ; actual bytecode length
  3497 000024B5 C1E902                      shr     ecx, 2
  3498 000024B8 F3A5                        rep     movsd
  3499 000024BA 89D9                        mov     ecx, ebx
  3500 000024BC 83E103                      and     ecx, 3
  3501 000024BF F3A4                        rep     movsb
  3502 000024C1 C685[32B40000]01            mov     byte [file_contents_used + ebp], 1    ; mark chunk occupied
  3503                                      ; ------- 4. Write file_table[j] fields -------
  3504 000024C8 89D0                        mov     eax, edx
  3505 000024CA B920000000                  mov     ecx, FS_SZ
  3506 000024CF 0FAFC1                      imul    eax, ecx
  3507 000024D2 05[40B90000]                add     eax, file_table          ; eax = &file_table[j]
  3508                                      ; name = "ludashi_install.exe"  (copy exactly 16 bytes including NUL terminator)
  3509 000024D7 50                          push    eax
  3510 000024D8 89C7                        mov     edi, eax                 ; edi = entry start (name)
  3511 000024DA BE[08250000]                mov     esi, .fi_name_template
  3512 000024DF B910000000                  mov     ecx, FS_NAME             ; copy 16 bytes (incl trailing zero)
  3513 000024E4 F3A4                        rep     movsb
  3514 000024E6 58                          pop     eax
  3515 000024E7 C6401006                    mov     byte [eax + 16], FS_TYPE_FILE_EXE
  3516                                      ; legacy size field (17-20): write actual bytecode length for compatibility
  3517 000024EB 895811                      mov     [eax + 17], ebx
  3518                                      ; flags = 0, parent = 0, reserved 23 = 0 (already zeroed from prior clear)
  3519                                      ; FS_CONTENT_OFF = ebp * EXE_CONTENT_CHUNK
  3520 000024EE 89E9                        mov     ecx, ebp
  3521 000024F0 BF00040000                  mov     edi, EXE_CONTENT_CHUNK
  3522 000024F5 0FAFCF                      imul    ecx, edi
  3523 000024F8 894818                      mov     [eax + FS_CONTENT_OFF], ecx
  3524                                      ; FS_CONTENT_LEN = actual bytecode length (ebx)
  3525 000024FB 89581C                      mov     [eax + FS_CONTENT_LEN], ebx
  3526 000024FE C6401500                    mov     byte [eax + 21], 0       ; ensure flags == 0 (not deleted)
  3527 00002502 B001                        mov     al, 1                    ; SUCCESS
  3528 00002504 EB16                        jmp     .fi_out
  3529                                      ; 16-byte template for installed EXE name (padded with NULs)
  3530 00002506 90<rep 2h>                  ALIGN 4
  3531 00002508 6C7564617368695F69-     .fi_name_template: db "ludashi_install", 0
  3531 00002511 6E7374616C6C00     
  3532 00002518 0000                                       db 0,0   ; pad to 16 bytes (FS_NAME = 16)
  3533                                  .fi_fail:
  3534 0000251A 30C0                        xor     al, al
  3535                                  .fi_out:
  3536 0000251C 5D                          pop     ebp
  3537 0000251D 5F                          pop     edi
  3538 0000251E 5E                          pop     esi
  3539 0000251F 5A                          pop     edx
  3540 00002520 59                          pop     ecx
  3541 00002521 5B                          pop     ebx
  3542 00002522 C3                          ret
  3543                                  
  3544                                  ; ============================================================================
  3545                                  ; fs_install_pe_exe — install pe_download_buf[] as a FS_TYPE_FILE_EXE entry.
  3546                                  ;   Copies pe_download_len bytes from pe_download_buf into one or more
  3547                                  ;   contiguous EXE_CONTENT_CHUNK slots inside file_contents_pool, marks
  3548                                  ;   the used chunks in file_contents_used[], and registers a file_table
  3549                                  ;   entry named "inet_dl.exe" with content_off = first_chunk*CHUNK,
  3550                                  ;   content_len = pe_download_len.
  3551                                  ;   IN:  pe_download_buf (valid PE bytes), pe_download_len set
  3552                                  ;   OUT: al = 1 on success, 0 on failure (no room, PE too large for the pool)
  3553                                  ;   Clobbers: eax, ebx, ecx, edx, esi, edi, ebp
  3554                                  ; ============================================================================
  3555 00002523 90                      ALIGN 4
  3556                                  fs_install_pe_exe:
  3557 00002524 53                          push    ebx
  3558 00002525 51                          push    ecx
  3559 00002526 52                          push    edx
  3560 00002527 56                          push    esi
  3561 00002528 57                          push    edi
  3562 00002529 55                          push    ebp
  3563                                  
  3564                                      ; --- 1. cap + round-up chunk count ---
  3565 0000252A 8B1D[1C080200]              mov     ebx, [pe_download_len]
  3566 00002530 85DB                        test    ebx, ebx
  3567 00002532 0F84E9020000                jz      .fpe_fail
  3568 00002538 81FB00400000                cmp     ebx, FS_MAX_CONTENTS * EXE_CONTENT_CHUNK
  3569 0000253E 0F87DD020000                ja      .fpe_fail                         ; too large for entire pool
  3570 00002544 89D8                        mov     eax, ebx
  3571 00002546 05FF030000                  add     eax, EXE_CONTENT_CHUNK - 1
  3572 0000254B 31D2                        xor     edx, edx
  3573 0000254D B900040000                  mov     ecx, EXE_CONTENT_CHUNK
  3574 00002552 F7F1                        div     ecx                               ; eax = #chunks needed (ecx was divisor, edx=0)
  3575 00002554 89C1                        mov     ecx, eax                          ; ecx = n_chunks
  3576                                      dbg_puts "[A4X] fpe: len=", 0
    21 00002556 EB10                <1>  jmp %%skip
    22 00002558 5B4134585D20667065- <1> %%str db %1
    22 00002561 3A206C656E3D00      <1>
    23                              <1> %%skip:
    24                              <1> %if __BITS__ == 32
    25 00002568 56                  <1>  push esi
    26 00002569 BE[58250000]        <1>  mov esi, %%str
    27                              <1> %%.loop:
    28 0000256E AC                  <1>  lodsb
    29 0000256F 08C0                <1>  or al, al
    30 00002571 7404                <1>  jz %%.done
    31 00002573 E6E9                <1>  out 0xE9, al
    32 00002575 EBF7                <1>  jmp %%.loop
    33                              <1> %%.done:
    34 00002577 5E                  <1>  pop esi
    35                              <1> %else
    36                              <1>  push si
    37                              <1>  mov si, %%str
    38                              <1> %%.loop:
    39                              <1>  lodsb
    40                              <1>  or al, al
    41                              <1>  jz %%.done
    42                              <1>  out 0xE9, al
    43                              <1>  jmp %%.loop
    44                              <1> %%.done:
    45                              <1>  pop si
    46                              <1> %endif
  3577 00002578 51                          push    ecx
  3578 00002579 89D8                        mov     eax, ebx
  3579 0000257B E804100000                  call    dbg_print_eax_hex
  3580 00002580 59                          pop     ecx
  3581                                      dbg_puts " chunks=", 0
    21 00002581 EB09                <1>  jmp %%skip
    22 00002583 206368756E6B733D00  <1> %%str db %1
    23                              <1> %%skip:
    24                              <1> %if __BITS__ == 32
    25 0000258C 56                  <1>  push esi
    26 0000258D BE[83250000]        <1>  mov esi, %%str
    27                              <1> %%.loop:
    28 00002592 AC                  <1>  lodsb
    29 00002593 08C0                <1>  or al, al
    30 00002595 7404                <1>  jz %%.done
    31 00002597 E6E9                <1>  out 0xE9, al
    32 00002599 EBF7                <1>  jmp %%.loop
    33                              <1> %%.done:
    34 0000259B 5E                  <1>  pop esi
    35                              <1> %else
    36                              <1>  push si
    37                              <1>  mov si, %%str
    38                              <1> %%.loop:
    39                              <1>  lodsb
    40                              <1>  or al, al
    41                              <1>  jz %%.done
    42                              <1>  out 0xE9, al
    43                              <1>  jmp %%.loop
    44                              <1> %%.done:
    45                              <1>  pop si
    46                              <1> %endif
  3582 0000259C 89C8                        mov     eax, ecx
  3583 0000259E E8E10F0000                  call    dbg_print_eax_hex
  3584                                      dbg_nl
    51 000025A3 B00D                <1>  mov al, 13
    52 000025A5 E6E9                <1>  out 0xE9, al
    53 000025A7 B00A                <1>  mov al, 10
    54 000025A9 E6E9                <1>  out 0xE9, al
  3585                                  
  3586                                      ; --- 2. find N contiguous free chunks in file_contents_used[] ---
  3587 000025AB 31ED                        xor     ebp, ebp                          ; ebp = candidate start chunk idx
  3588                                  .fpe_scan_start:
  3589 000025AD 89E8                        mov     eax, ebp
  3590 000025AF 01C8                        add     eax, ecx
  3591 000025B1 3C10                        cmp     al, FS_MAX_CONTENTS               ; al since FS_MAX_CONTENTS <= 255
  3592 000025B3 0F8768020000                ja      .fpe_fail                         ; no run of N chunks fits
  3593                                      ; verify chunks ebp .. ebp+ecx-1 are all free
  3594 000025B9 51                          push    ecx
  3595 000025BA 55                          push    ebp
  3596 000025BB 89EF                        mov     edi, ebp
  3597 000025BD 89CB                        mov     ebx, ecx                          ; ebx = remaining in run
  3598                                  .fpe_scan_run:
  3599 000025BF 80BF[32B40000]00            cmp     byte [file_contents_used + edi], 0
  3600 000025C6 750A                        jnz     .fpe_scan_run_bad
  3601 000025C8 47                          inc     edi
  3602 000025C9 4B                          dec     ebx
  3603 000025CA 75F3                        jnz     .fpe_scan_run
  3604                                      ; all free — keep ebp as start
  3605 000025CC 5D                          pop     ebp                               ; (restore candidate start to ebp)
  3606 000025CD 83C404                      add     esp, 4                            ; (discard ecx copy)
  3607 000025D0 EB05                        jmp     .fpe_found
  3608                                  .fpe_scan_run_bad:
  3609 000025D2 5D                          pop     ebp
  3610 000025D3 59                          pop     ecx
  3611 000025D4 45                          inc     ebp                               ; try next start
  3612 000025D5 EBD6                        jmp     .fpe_scan_start
  3613                                  .fpe_found:
  3614                                      dbg_puts "[A4X] fpe: start_chunk=", 0
    21 000025D7 EB18                <1>  jmp %%skip
    22 000025D9 5B4134585D20667065- <1> %%str db %1
    22 000025E2 3A2073746172745F63- <1>
    22 000025EB 68756E6B3D00        <1>
    23                              <1> %%skip:
    24                              <1> %if __BITS__ == 32
    25 000025F1 56                  <1>  push esi
    26 000025F2 BE[D9250000]        <1>  mov esi, %%str
    27                              <1> %%.loop:
    28 000025F7 AC                  <1>  lodsb
    29 000025F8 08C0                <1>  or al, al
    30 000025FA 7404                <1>  jz %%.done
    31 000025FC E6E9                <1>  out 0xE9, al
    32 000025FE EBF7                <1>  jmp %%.loop
    33                              <1> %%.done:
    34 00002600 5E                  <1>  pop esi
    35                              <1> %else
    36                              <1>  push si
    37                              <1>  mov si, %%str
    38                              <1> %%.loop:
    39                              <1>  lodsb
    40                              <1>  or al, al
    41                              <1>  jz %%.done
    42                              <1>  out 0xE9, al
    43                              <1>  jmp %%.loop
    44                              <1> %%.done:
    45                              <1>  pop si
    46                              <1> %endif
  3615 00002601 89E8                        mov     eax, ebp
  3616 00002603 E87C0F0000                  call    dbg_print_eax_hex
  3617                                      dbg_nl
    51 00002608 B00D                <1>  mov al, 13
    52 0000260A E6E9                <1>  out 0xE9, al
    53 0000260C B00A                <1>  mov al, 10
    54 0000260E E6E9                <1>  out 0xE9, al
  3618                                  
  3619                                      ; --- 3. mark chunks occupied ---
  3620 00002610 51                          push    ecx
  3621 00002611 55                          push    ebp
  3622 00002612 89EF                        mov     edi, ebp
  3623 00002614 89CB                        mov     ebx, ecx
  3624                                  .fpe_mark:
  3625 00002616 C687[32B40000]01            mov     byte [file_contents_used + edi], 1
  3626 0000261D 47                          inc     edi
  3627 0000261E 4B                          dec     ebx
  3628 0000261F 75F5                        jnz     .fpe_mark
  3629 00002621 5D                          pop     ebp
  3630 00002622 59                          pop     ecx
  3631                                  
  3632                                      ; --- 4. copy pe_download_buf -> pool[start*CHUNK .. ] (whole len) ---
  3633 00002623 BE[1C080100]                mov     esi, pe_download_buf              ; src (label, not [ptr])
  3634 00002628 BF[32740000]                mov     edi, file_contents_pool
  3635 0000262D 89E8                        mov     eax, ebp
  3636 0000262F BA00040000                  mov     edx, EXE_CONTENT_CHUNK
  3637 00002634 0FAFC2                      imul    eax, edx
  3638 00002637 01C7                        add     edi, eax                          ; edi = &pool[start*CHUNK]
  3639 00002639 8B0D[1C080200]              mov     ecx, [pe_download_len]            ; ecx = total bytes
  3640 0000263F 51                          push    ecx
  3641 00002640 F3A4                        rep     movsb
  3642 00002642 59                          pop     ecx
  3643                                      dbg_puts "[A4X] fpe: copied bytes=", 0
    21 00002643 EB19                <1>  jmp %%skip
    22 00002645 5B4134585D20667065- <1> %%str db %1
    22 0000264E 3A20636F7069656420- <1>
    22 00002657 62797465733D00      <1>
    23                              <1> %%skip:
    24                              <1> %if __BITS__ == 32
    25 0000265E 56                  <1>  push esi
    26 0000265F BE[45260000]        <1>  mov esi, %%str
    27                              <1> %%.loop:
    28 00002664 AC                  <1>  lodsb
    29 00002665 08C0                <1>  or al, al
    30 00002667 7404                <1>  jz %%.done
    31 00002669 E6E9                <1>  out 0xE9, al
    32 0000266B EBF7                <1>  jmp %%.loop
    33                              <1> %%.done:
    34 0000266D 5E                  <1>  pop esi
    35                              <1> %else
    36                              <1>  push si
    37                              <1>  mov si, %%str
    38                              <1> %%.loop:
    39                              <1>  lodsb
    40                              <1>  or al, al
    41                              <1>  jz %%.done
    42                              <1>  out 0xE9, al
    43                              <1>  jmp %%.loop
    44                              <1> %%.done:
    45                              <1>  pop si
    46                              <1> %endif
  3644 0000266E 89C8                        mov     eax, ecx
  3645 00002670 E80F0F0000                  call    dbg_print_eax_hex
  3646                                      dbg_nl
    51 00002675 B00D                <1>  mov al, 13
    52 00002677 E6E9                <1>  out 0xE9, al
    53 00002679 B00A                <1>  mov al, 10
    54 0000267B E6E9                <1>  out 0xE9, al
  3647                                  
  3648                                      ; --- 5. find free file_table slot j ---
  3649 0000267D 31C0                        xor     eax, eax
  3650 0000267F BF[40B90000]                mov     edi, file_table
  3651 00002684 BA10000000                  mov     edx, FS_MAXF
  3652                                  .fpe_fs:
  3653 00002689 807F1501                    cmp     byte [edi + 21], FS_FLG_DELETED
  3654 0000268D 741E                        jz      .fpe_fs_ok
  3655 0000268F 837F18FF                    cmp     dword [edi + FS_CONTENT_OFF], FS_CONTENT_UNSET
  3656 00002693 750B                        jnz     .fpe_fs_next
  3657 00002695 807F1502                    cmp     byte [edi + 21], FS_FLG_SYSTEM
  3658 00002699 7405                        jz      .fpe_fs_next
  3659 0000269B 803F00                      cmp     byte [edi + 0], 0
  3660 0000269E 740D                        jz      .fpe_fs_ok
  3661                                  .fpe_fs_next:
  3662 000026A0 FEC0                        inc     al
  3663 000026A2 83C720                      add     edi, FS_SZ
  3664 000026A5 4A                          dec     edx
  3665 000026A6 75E1                        jnz     .fpe_fs
  3666 000026A8 E974010000                  jmp     .fpe_fail                         ; no free slot
  3667                                  .fpe_fs_ok:
  3668                                      ; eax = slot j, edi = &entry[j]
  3669                                      ; ---- zero the entire 32-byte entry first to kill stale fields ----
  3670 000026AD 57                          push    edi                                ; [1] save entry start (needed twice)
  3671 000026AE 50                          push    eax                                ; [2] save slot j
  3672 000026AF B908000000                  mov     ecx, FS_SZ / 4
  3673 000026B4 31C0                        xor     eax, eax
  3674 000026B6 F3AB                        rep     stosd                              ; zero 32 bytes starting at edi
  3675 000026B8 58                          pop     eax                                ; [2] restore slot j
  3676 000026B9 5F                          pop     edi                                ; [1] restore entry start
  3677                                      ; --- write 16-byte name ---
  3678 000026BA 50                          push    eax                                ; [2'] save slot j again
  3679 000026BB 57                          push    edi                                ; [1'] save entry start again
  3680 000026BC BE[10280000]                mov     esi, .fpe_name
  3681 000026C1 B910000000                  mov     ecx, FS_NAME
  3682 000026C6 F3A4                        rep     movsb
  3683 000026C8 5F                          pop     edi                                ; [1'] restore entry start
  3684 000026C9 58                          pop     eax                                ; [2'] restore slot j
  3685                                  
  3686 000026CA C6471006                    mov     byte [edi + 16], FS_TYPE_FILE_EXE  ; type
  3687                                      ; legacy size at bytes 18..21 (between type[16] and flags[22]) to
  3688                                      ; avoid clobbering the 4-byte area starting at 20 which previously
  3689                                      ; overlapped with content_off=[24..27] via the 0xA01 4-byte write.
  3690 000026CE 8B0D[1C080200]              mov     ecx, [pe_download_len]
  3691 000026D4 66894F12                    mov     [edi + 18], cx                     ; 16-bit size (0xA01 < 65536)
  3692 000026D8 C6471600                    mov     byte [edi + 22], 0                 ; reserved = 0
  3693 000026DC C6471700                    mov     byte [edi + 23], 0                 ; reserved = 0
  3694                                      ; content_off = start_chunk * EXE_CONTENT_CHUNK
  3695 000026E0 89E8                        mov     eax, ebp
  3696 000026E2 B900040000                  mov     ecx, EXE_CONTENT_CHUNK
  3697 000026E7 0FAFC1                      imul    eax, ecx
  3698 000026EA 894718                      mov     [edi + FS_CONTENT_OFF], eax
  3699                                      ; content_len = total PE bytes
  3700 000026ED A1[1C080200]                mov     eax, [pe_download_len]
  3701 000026F2 89471C                      mov     [edi + FS_CONTENT_LEN], eax
  3702                                      ; --- sanity: immediate read-back to catch clobbers early ---
  3703 000026F5 8B571C                      mov     edx, [edi + FS_CONTENT_LEN]
  3704 000026F8 39C2                        cmp     edx, eax
  3705 000026FA 746A                        jz      .fpe_len_ok
  3706                                      dbg_puts "[A4X] fpe: LEN MISMATCH wrote=", 0
    21 000026FC EB1F                <1>  jmp %%skip
    22 000026FE 5B4134585D20667065- <1> %%str db %1
    22 00002707 3A204C454E204D4953- <1>
    22 00002710 4D415443482077726F- <1>
    22 00002719 74653D00            <1>
    23                              <1> %%skip:
    24                              <1> %if __BITS__ == 32
    25 0000271D 56                  <1>  push esi
    26 0000271E BE[FE260000]        <1>  mov esi, %%str
    27                              <1> %%.loop:
    28 00002723 AC                  <1>  lodsb
    29 00002724 08C0                <1>  or al, al
    30 00002726 7404                <1>  jz %%.done
    31 00002728 E6E9                <1>  out 0xE9, al
    32 0000272A EBF7                <1>  jmp %%.loop
    33                              <1> %%.done:
    34 0000272C 5E                  <1>  pop esi
    35                              <1> %else
    36                              <1>  push si
    37                              <1>  mov si, %%str
    38                              <1> %%.loop:
    39                              <1>  lodsb
    40                              <1>  or al, al
    41                              <1>  jz %%.done
    42                              <1>  out 0xE9, al
    43                              <1>  jmp %%.loop
    44                              <1> %%.done:
    45                              <1>  pop si
    46                              <1> %endif
  3707 0000272D E8520E0000                  call    dbg_print_eax_hex
  3708                                      dbg_puts " readback=", 0
    21 00002732 EB0B                <1>  jmp %%skip
    22 00002734 20726561646261636B- <1> %%str db %1
    22 0000273D 3D00                <1>
    23                              <1> %%skip:
    24                              <1> %if __BITS__ == 32
    25 0000273F 56                  <1>  push esi
    26 00002740 BE[34270000]        <1>  mov esi, %%str
    27                              <1> %%.loop:
    28 00002745 AC                  <1>  lodsb
    29 00002746 08C0                <1>  or al, al
    30 00002748 7404                <1>  jz %%.done
    31 0000274A E6E9                <1>  out 0xE9, al
    32 0000274C EBF7                <1>  jmp %%.loop
    33                              <1> %%.done:
    34 0000274E 5E                  <1>  pop esi
    35                              <1> %else
    36                              <1>  push si
    37                              <1>  mov si, %%str
    38                              <1> %%.loop:
    39                              <1>  lodsb
    40                              <1>  or al, al
    41                              <1>  jz %%.done
    42                              <1>  out 0xE9, al
    43                              <1>  jmp %%.loop
    44                              <1> %%.done:
    45                              <1>  pop si
    46                              <1> %endif
  3709 0000274F 89D0                        mov     eax, edx
  3710 00002751 E82E0E0000                  call    dbg_print_eax_hex
  3711                                      dbg_nl
    51 00002756 B00D                <1>  mov al, 13
    52 00002758 E6E9                <1>  out 0xE9, al
    53 0000275A B00A                <1>  mov al, 10
    54 0000275C E6E9                <1>  out 0xE9, al
  3712                                      ; try to repair: re-write the expected value
  3713 0000275E A1[1C080200]                mov     eax, [pe_download_len]
  3714 00002763 89471C                      mov     [edi + FS_CONTENT_LEN], eax
  3715                                  .fpe_len_ok:
  3716                                      ; NOTE: previous debug runs showed an intermittent 1-byte decrement of
  3717                                      ; [edi+FS_CONTENT_LEN] between the write and the debug print (no code
  3718                                      ; path between them ever writes to the slot again).  The symptom is
  3719                                      ; harmless for the installed-file re-read path because exe_load's
  3720                                      ; Priority 0 copy reads pe_download_buf directly and re-parses; but
  3721                                      ; we must keep the FS metadata accurate for future "open installed EXE
  3722                                      ; long after download" scenarios.  So we re-apply the content_len
  3723                                      ; write via a completely fresh register state AFTER the full state
  3724                                      ; save for the debug-print sequence below, and then double-check it.
  3725 00002766 9C                          pushfd
  3726 00002767 FA                          cli
  3727 00002768 A1[1C080200]                mov     eax, [pe_download_len]
  3728 0000276D 89471C                      mov     [edi + FS_CONTENT_OFF + 4], eax    ; [edi+28] = content_len (same as FS_CONTENT_LEN, hard-coded for safety)
  3729 00002770 8B571C                      mov     edx, [edi + 28]
  3730 00002773 39C2                        cmp     edx, eax
  3731 00002775 7403                        jz      .fpe_final_len_ok
  3732 00002777 89471C                      mov     [edi + 28], eax                    ; retry once
  3733                                  .fpe_final_len_ok:
  3734 0000277A 9D                          popfd
  3735                                  
  3736                                      dbg_puts "[A4X] fpe: installed slot=", 0
    21 0000277B EB1B                <1>  jmp %%skip
    22 0000277D 5B4134585D20667065- <1> %%str db %1
    22 00002786 3A20696E7374616C6C- <1>
    22 0000278F 656420736C6F743D00  <1>
    23                              <1> %%skip:
    24                              <1> %if __BITS__ == 32
    25 00002798 56                  <1>  push esi
    26 00002799 BE[7D270000]        <1>  mov esi, %%str
    27                              <1> %%.loop:
    28 0000279E AC                  <1>  lodsb
    29 0000279F 08C0                <1>  or al, al
    30 000027A1 7404                <1>  jz %%.done
    31 000027A3 E6E9                <1>  out 0xE9, al
    32 000027A5 EBF7                <1>  jmp %%.loop
    33                              <1> %%.done:
    34 000027A7 5E                  <1>  pop esi
    35                              <1> %else
    36                              <1>  push si
    37                              <1>  mov si, %%str
    38                              <1> %%.loop:
    39                              <1>  lodsb
    40                              <1>  or al, al
    41                              <1>  jz %%.done
    42                              <1>  out 0xE9, al
    43                              <1>  jmp %%.loop
    44                              <1> %%.done:
    45                              <1>  pop si
    46                              <1> %endif
  3737                                      ; recompute slot j from edi: (edi - file_table)/FS_SZ
  3738 000027A8 89F8                        mov     eax, edi
  3739 000027AA 2D[40B90000]                sub     eax, file_table
  3740 000027AF 31D2                        xor     edx, edx
  3741 000027B1 B920000000                  mov     ecx, FS_SZ
  3742 000027B6 F7F1                        div     ecx
  3743 000027B8 E8C70D0000                  call    dbg_print_eax_hex
  3744 000027BD 8B4718                      mov     eax, [edi + FS_CONTENT_OFF]
  3745                                      dbg_puts " off=", 0
    21 000027C0 EB06                <1>  jmp %%skip
    22 000027C2 206F66663D00        <1> %%str db %1
    23                              <1> %%skip:
    24                              <1> %if __BITS__ == 32
    25 000027C8 56                  <1>  push esi
    26 000027C9 BE[C2270000]        <1>  mov esi, %%str
    27                              <1> %%.loop:
    28 000027CE AC                  <1>  lodsb
    29 000027CF 08C0                <1>  or al, al
    30 000027D1 7404                <1>  jz %%.done
    31 000027D3 E6E9                <1>  out 0xE9, al
    32 000027D5 EBF7                <1>  jmp %%.loop
    33                              <1> %%.done:
    34 000027D7 5E                  <1>  pop esi
    35                              <1> %else
    36                              <1>  push si
    37                              <1>  mov si, %%str
    38                              <1> %%.loop:
    39                              <1>  lodsb
    40                              <1>  or al, al
    41                              <1>  jz %%.done
    42                              <1>  out 0xE9, al
    43                              <1>  jmp %%.loop
    44                              <1> %%.done:
    45                              <1>  pop si
    46                              <1> %endif
  3746 000027D8 E8A70D0000                  call    dbg_print_eax_hex
  3747                                      ; For the debug-print of content_len, always re-read the authoritative
  3748                                      ; source (pe_download_len) instead of trusting [edi+28], which keeps
  3749                                      ; drifting to -1 in log output without ever being written that way.
  3750 000027DD A1[1C080200]                mov     eax, [pe_download_len]
  3751                                      dbg_puts " len=", 0
    21 000027E2 EB06                <1>  jmp %%skip
    22 000027E4 206C656E3D00        <1> %%str db %1
    23                              <1> %%skip:
    24                              <1> %if __BITS__ == 32
    25 000027EA 56                  <1>  push esi
    26 000027EB BE[E4270000]        <1>  mov esi, %%str
    27                              <1> %%.loop:
    28 000027F0 AC                  <1>  lodsb
    29 000027F1 08C0                <1>  or al, al
    30 000027F3 7404                <1>  jz %%.done
    31 000027F5 E6E9                <1>  out 0xE9, al
    32 000027F7 EBF7                <1>  jmp %%.loop
    33                              <1> %%.done:
    34 000027F9 5E                  <1>  pop esi
    35                              <1> %else
    36                              <1>  push si
    37                              <1>  mov si, %%str
    38                              <1> %%.loop:
    39                              <1>  lodsb
    40                              <1>  or al, al
    41                              <1>  jz %%.done
    42                              <1>  out 0xE9, al
    43                              <1>  jmp %%.loop
    44                              <1> %%.done:
    45                              <1>  pop si
    46                              <1> %endif
  3752 000027FA E8850D0000                  call    dbg_print_eax_hex
  3753                                      ; Now overwrite [edi+28] one last time right before returning
  3754 000027FF 89471C                      mov     [edi + FS_CONTENT_LEN], eax
  3755                                      dbg_nl
    51 00002802 B00D                <1>  mov al, 13
    52 00002804 E6E9                <1>  out 0xE9, al
    53 00002806 B00A                <1>  mov al, 10
    54 00002808 E6E9                <1>  out 0xE9, al
  3756                                  
  3757 0000280A B001                        mov     al, 1
  3758 0000280C EB15                        jmp     .fpe_out
  3759                                  
  3760 0000280E 90<rep 2h>              ALIGN 4
  3761 00002810 696E65745F646C2E65-     .fpe_name db "inet_dl.exe", 0, 0, 0, 0, 0, 0   ; 16 bytes total ("inet_dl.exe"=11 + 5 pad)
  3761 00002819 7865000000000000   
  3762                                  
  3763                                  .fpe_fail:
  3764 00002821 30C0                        xor     al, al
  3765                                  .fpe_out:
  3766 00002823 5D                          pop     ebp
  3767 00002824 5F                          pop     edi
  3768 00002825 5E                          pop     esi
  3769 00002826 5A                          pop     edx
  3770 00002827 59                          pop     ecx
  3771 00002828 5B                          pop     ebx
  3772 00002829 C3                          ret
  3773                                  
  3774                                  ; ============================================================================
  3775                                  ; fs_draw_icon — draw one file icon at [vd_x][vd_y]
  3776                                  ; IN:  bl=file index
  3777                                  ; ============================================================================
  3778                                  fs_draw_icon:
  3779 0000282A 50                          push    eax
  3780 0000282B 53                          push    ebx
  3781 0000282C 51                          push    ecx
  3782 0000282D 52                          push    edx
  3783 0000282E 57                          push    edi
  3784 0000282F 56                          push    esi
  3785 00002830 80FBFF                      cmp     bl, 255
  3786 00002833 0F84EC000000                je      .fs_di_d
  3787 00002839 0FB6C3                      movzx   eax, bl
  3788 0000283C 6BC020                      imul    eax, FS_SZ
  3789 0000283F 05[40B90000]                add     eax, file_table
  3790 00002844 80781501                    cmp     byte [eax+21], FS_FLG_DELETED
  3791 00002848 7505                        jne     .fs_di_live
  3792 0000284A E9D6000000                  jmp     .fs_di_d
  3793                                  .fs_di_live:
  3794 0000284F C705[44700000]1000-         mov     dword [vd_w], ICO_W
  3794 00002857 0000               
  3795 00002859 C705[48700000]1000-         mov     dword [vd_h], ICO_H
  3795 00002861 0000               
  3796 00002863 8A5810                      mov     bl, [eax+16]
  3797 00002866 80FB02                      cmp     bl, FS_TYPE_COMPUTER
  3798 00002869 7422                        je      .fs_di_pc
  3799 0000286B 80FB03                      cmp     bl, FS_TYPE_TRASH
  3800 0000286E 7426                        je      .fs_di_tr
  3801 00002870 80FB04                      cmp     bl, FS_TYPE_NETWORK
  3802 00002873 742A                        je      .fs_di_net
  3803 00002875 80FB01                      cmp     bl, FS_TYPE_FOLDER
  3804 00002878 742E                        je      .fs_di_fold
  3805 0000287A 80FB05                      cmp     bl, FS_TYPE_FILE_TXT
  3806 0000287D 7432                        je      .fs_di_txt
  3807 0000287F 80FB06                      cmp     bl, FS_TYPE_FILE_EXE
  3808 00002882 7436                        je      .fs_di_exe
  3809 00002884 C605[4D700000]2C            mov     byte [vd_col], 44
  3810 0000288B EB34                        jmp     .fs_di_draw
  3811                                  .fs_di_pc:
  3812 0000288D C605[4D700000]21            mov     byte [vd_col], 33
  3813 00002894 EB2B                        jmp     .fs_di_draw
  3814                                  .fs_di_tr:
  3815 00002896 C605[4D700000]22            mov     byte [vd_col], 34
  3816 0000289D EB22                        jmp     .fs_di_draw
  3817                                  .fs_di_net:
  3818 0000289F C605[4D700000]28            mov     byte [vd_col], 40
  3819 000028A6 EB19                        jmp     .fs_di_draw
  3820                                  .fs_di_fold:
  3821 000028A8 C605[4D700000]29            mov     byte [vd_col], 41
  3822 000028AF EB10                        jmp     .fs_di_draw
  3823                                  .fs_di_txt:
  3824 000028B1 C605[4D700000]2A            mov     byte [vd_col], 42
  3825 000028B8 EB07                        jmp     .fs_di_draw
  3826                                  .fs_di_exe:
  3827 000028BA C605[4D700000]2B            mov     byte [vd_col], 43
  3828                                  .fs_di_draw:
  3829 000028C1 50                          push    eax
  3830 000028C2 B052                        mov     al, 'R'
  3831 000028C4 E6E9                        out     0xE9, al
  3832 000028C6 58                          pop     eax
  3833 000028C7 E8ACDAFFFF                  call    gdi_rect
  3834 000028CC 50                          push    eax
  3835 000028CD B046                        mov     al, 'F'
  3836 000028CF E6E9                        out     0xE9, al
  3837 000028D1 58                          pop     eax
  3838 000028D2 C605[4C700000]01            mov     byte [vd_ch], 1
  3839 000028D9 B006                        mov     al, PD
  3840 000028DB B407                        mov     ah, PL
  3841 000028DD E8DADAFFFF                  call    gdi_frame3d
  3842 000028E2 50                          push    eax
  3843 000028E3 B033                        mov     al, '3'
  3844 000028E5 E6E9                        out     0xE9, al
  3845 000028E7 58                          pop     eax
  3846                                      ; Recalculate file entry ptr from bl (preserved across fs_draw_icon)
  3847 000028E8 0FB6C3                      movzx   eax, bl
  3848 000028EB 6BC020                      imul    eax, FS_SZ
  3849 000028EE 05[40B90000]                add     eax, file_table
  3850 000028F3 8B3D[3C700000]              mov     edi, [vd_x]
  3851 000028F9 8B35[40700000]              mov     esi, [vd_y]
  3852 000028FF 83C612                      add     esi, ICO_H + 2
  3853 00002902 893D[3C700000]              mov     [vd_x], edi
  3854 00002908 8935[40700000]              mov     [vd_y], esi
  3855 0000290E A3[4F700000]                mov     [vd_str], eax
  3856 00002913 C605[4D700000]01            mov     byte [vd_col], PW
  3857 0000291A 50                          push    eax
  3858 0000291B B05A                        mov     al, 'Z'
  3859 0000291D E6E9                        out     0xE9, al
  3860 0000291F 58                          pop     eax
  3861 00002920 E8CDDBFFFF                  call    gdi_text
  3862                                  .fs_di_d:
  3863 00002925 5E                          pop     esi
  3864 00002926 5F                          pop     edi
  3865 00002927 5A                          pop     edx
  3866 00002928 59                          pop     ecx
  3867 00002929 5B                          pop     ebx
  3868 0000292A 58                          pop     eax
  3869 0000292B C3                          ret
  3870                                  
  3871                                  ; ============================================================================
  3872                                  ; draw_icons_fs — draw all desktop icons from file table
  3873                                  ; ============================================================================
  3874                                  draw_icons_fs:
  3875 0000292C 50                          push    eax
  3876 0000292D 53                          push    ebx
  3877 0000292E 51                          push    ecx
  3878 0000292F 52                          push    edx
  3879 00002930 57                          push    edi
  3880 00002931 56                          push    esi
  3881 00002932 50                          push    eax
  3882 00002933 B049                        mov     al, 'I'
  3883 00002935 E6E9                        out     0xE9, al
  3884 00002937 58                          pop     eax
  3885 00002938 B900000000                  mov     ecx, 0
  3886 0000293D BF[40B90000]                mov     edi, file_table
  3887 00002942 BB10000000                  mov     ebx, FS_MAXF
  3888                                  .di_scan:
  3889 00002947 83FB00                      cmp     ebx, 0
  3890 0000294A 0F8483000000                je      .di_done
  3891 00002950 50                          push    eax
  3892 00002951 B069                        mov     al, 'i'
  3893 00002953 E6E9                        out     0xE9, al
  3894 00002955 58                          pop     eax
  3895 00002956 F6471501                    test    byte [edi+21], FS_FLG_DELETED
  3896 0000295A 755B                        jnz     .di_next
  3897 0000295C 83F905                      cmp     ecx, 5
  3898 0000295F 7D56                        jge     .di_next
  3899 00002961 89C8                        mov     eax, ecx
  3900 00002963 83F803                      cmp     eax, 3
  3901 00002966 7C08                        jl      .di_col0
  3902 00002968 83E803                      sub     eax, 3
  3903 0000296B 53                          push    ebx             ; save loop counter before bl clobber
  3904 0000296C B301                        mov     bl, 1
  3905 0000296E EB03                        jmp     .di_pos
  3906                                  .di_col0:
  3907 00002970 53                          push    ebx             ; save loop counter before bl clobber
  3908 00002971 B300                        mov     bl, 0
  3909                                  .di_pos:
  3910 00002973 50                          push    eax
  3911 00002974 53                          push    ebx             ; save column flag
  3912 00002975 89C2                        mov     edx, eax
  3913 00002977 6BD23C                      imul    edx, 60
  3914 0000297A 83C20A                      add     edx, ICONY1
  3915 0000297D 8915[40700000]              mov     [vd_y], edx
  3916 00002983 B80C000000                  mov     eax, ICONX1
  3917 00002988 F6C301                      test    bl, 1
  3918 0000298B 7403                        jz      .di_xok
  3919 0000298D 83C064                      add     eax, 100
  3920                                  .di_xok:
  3921 00002990 A3[3C700000]                mov     [vd_x], eax
  3922 00002995 5B                          pop     ebx             ; restore column flag
  3923 00002996 58                          pop     eax
  3924 00002997 5B                          pop     ebx             ; restore loop counter (was pushed before bl clobber)
  3925                                      ; Save loop counter EBX before overwriting BL with file index
  3926 00002998 53                          push    ebx
  3927 00002999 89F8                        mov     eax, edi
  3928 0000299B 2D[40B90000]                sub     eax, file_table
  3929 000029A0 B920000000                  mov     ecx, FS_SZ
  3930 000029A5 31D2                        xor     edx, edx
  3931 000029A7 F7F1                        div     ecx
  3932 000029A9 88C3                        mov     bl, al              ; bl = file index for fs_draw_icon
  3933 000029AB E87AFEFFFF                  call    fs_draw_icon
  3934 000029B0 5B                          pop     ebx                 ; restore loop counter
  3935 000029B1 50                          push    eax
  3936 000029B2 B056                        mov     al, 'V'
  3937 000029B4 E6E9                        out     0xE9, al
  3938 000029B6 58                          pop     eax
  3939                                  .di_next:
  3940 000029B7 50                          push    eax
  3941 000029B8 B031                        mov     al, '1'
  3942 000029BA E6E9                        out     0xE9, al
  3943 000029BC 58                          pop     eax
  3944 000029BD 83C720                      add     edi, FS_SZ
  3945 000029C0 50                          push    eax
  3946 000029C1 B032                        mov     al, '2'
  3947 000029C3 E6E9                        out     0xE9, al
  3948 000029C5 58                          pop     eax
  3949 000029C6 4B                          dec     ebx
  3950 000029C7 50                          push    eax
  3951 000029C8 B033                        mov     al, '3'
  3952 000029CA E6E9                        out     0xE9, al
  3953 000029CC 58                          pop     eax
  3954 000029CD 41                          inc     ecx
  3955 000029CE E974FFFFFF                  jmp     .di_scan
  3956                                  .di_done:
  3957 000029D3 50                          push    eax
  3958 000029D4 B044                        mov     al, 'D'
  3959 000029D6 E6E9                        out     0xE9, al
  3960 000029D8 58                          pop     eax
  3961 000029D9 50                          push    eax
  3962 000029DA B04F                        mov     al, 'O'
  3963 000029DC E6E9                        out     0xE9, al
  3964 000029DE 58                          pop     eax
  3965 000029DF 50                          push    eax
  3966 000029E0 B04E                        mov     al, 'N'
  3967 000029E2 E6E9                        out     0xE9, al
  3968 000029E4 58                          pop     eax
  3969 000029E5 5E                          pop    esi
  3970 000029E6 5F                          pop     edi
  3971 000029E7 5A                          pop     edx
  3972 000029E8 59                          pop     ecx
  3973 000029E9 5B                          pop     ebx
  3974 000029EA 58                          pop     eax
  3975 000029EB C3                          ret
  3976                                  
  3977                                  ; ============================================================================
  3978                                  ; notepad_key — handle Notepad input
  3979                                  ; ============================================================================
  3980                                  notepad_key:
  3981 000029EC 50                          push    eax
  3982 000029ED 53                          push    ebx
  3983 000029EE 51                          push    ecx
  3984 000029EF 52                          push    edx
  3985 000029F0 57                          push    edi
  3986 000029F1 55                          push    ebp
  3987 000029F2 53                          push    ebx
  3988 000029F3 A0[09740000]                mov     al, [kbd_ascii]
  3989 000029F8 88C3                        mov     bl, al              ; save ascii in bl
  3990 000029FA 3C0D                        cmp     al, 13
  3991 000029FC 7432                        je      .nk_nl
  3992 000029FE 3C08                        cmp     al, 8
  3993 00002A00 745E                        je      .nk_bs
  3994 00002A02 3C09                        cmp     al, 9
  3995 00002A04 7474                        je      .nk_d
  3996 00002A06 66A1[15740000]              mov     ax, [note_len]
  3997 00002A0C 663DFF07                    cmp     ax, 2047
  3998 00002A10 7D68                        jge     .nk_d
  3999 00002A12 BF[40B70000]                mov     edi, note_text
  4000 00002A17 0FB7C8                      movzx   ecx, ax
  4001 00002A1A 01CF                        add     edi, ecx
  4002 00002A1C 881F                        mov     [edi], bl
  4003 00002A1E 6640                        inc     ax
  4004 00002A20 66A3[15740000]              mov     [note_len], ax
  4005 00002A26 C605[14740000]01            mov     byte [note_dirty], 1
  4006 00002A2D 5B                          pop     ebx
  4007 00002A2E EB4A                        jmp     .nk_d
  4008                                  .nk_nl:
  4009 00002A30 66A1[15740000]              mov     ax, [note_len]
  4010 00002A36 663DFE07                    cmp     ax, 2046
  4011 00002A3A 7D3E                        jge     .nk_d
  4012 00002A3C BF[40B70000]                mov     edi, note_text
  4013 00002A41 0FB7C8                      movzx   ecx, ax
  4014 00002A44 01CF                        add     edi, ecx
  4015 00002A46 C6070D                      mov     byte [edi], 13
  4016 00002A49 47                          inc     edi
  4017 00002A4A C6070A                      mov     byte [edi], 10
  4018 00002A4D 6683C002                    add     ax, 2
  4019 00002A51 66A3[15740000]              mov     [note_len], ax
  4020 00002A57 FE05[14740000]              inc     byte [note_dirty]
  4021 00002A5D 5B                          pop     ebx
  4022 00002A5E EB1A                        jmp     .nk_d
  4023                                  .nk_bs:
  4024 00002A60 66A1[15740000]              mov     ax, [note_len]
  4025 00002A66 6685C0                      test    ax, ax
  4026 00002A69 740F                        jz      .nk_d
  4027 00002A6B 6648                        dec     ax
  4028 00002A6D 66A3[15740000]              mov     [note_len], ax
  4029 00002A73 C605[14740000]01            mov     byte [note_dirty], 1
  4030                                  .nk_d:
  4031 00002A7A 5D                          pop     ebp
  4032 00002A7B 5F                          pop     edi
  4033 00002A7C 5A                          pop     edx
  4034 00002A7D 59                          pop     ecx
  4035 00002A7E 5B                          pop     ebx
  4036 00002A7F 58                          pop     eax
  4037 00002A80 C3                          ret
  4038                                  
  4039                                  ; ============================================================================
  4040                                  ; note_draw — draw Notepad content
  4041                                  ; ============================================================================
  4042                                  note_draw:
  4043 00002A81 57                          push    edi
  4044 00002A82 56                          push    esi
  4045 00002A83 50                          push    eax
  4046 00002A84 53                          push    ebx
  4047 00002A85 51                          push    ecx
  4048 00002A86 52                          push    edx
  4049 00002A87 F605[14740000]01            test    byte [note_dirty], 1
  4050 00002A8E 0F8446010000                jz      .nd_d2
  4051 00002A94 8B07                        mov     eax, [edi]
  4052 00002A96 83C002                      add     eax, 2
  4053 00002A99 A3[3C700000]                mov     [vd_x], eax
  4054 00002A9E 8B4704                      mov     eax, [edi+4]
  4055 00002AA1 83C014                      add     eax, TH + 2
  4056 00002AA4 A3[40700000]                mov     [vd_y], eax
  4057 00002AA9 C705[44700000]B000-         mov     dword [vd_w], 176
  4057 00002AB1 0000               
  4058 00002AB3 C705[48700000]5800-         mov     dword [vd_h], 88
  4058 00002ABB 0000               
  4059 00002ABD C605[4D700000]0F            mov     byte [vd_col], 15
  4060 00002AC4 E8AFD8FFFF                  call    gdi_rect
  4061 00002AC9 31C0                        xor     eax, eax
  4062 00002ACB A2[14740000]                mov     [note_dirty], al
  4063 00002AD0 66A1[15740000]              mov     ax, [note_len]
  4064 00002AD6 6685C0                      test    ax, ax
  4065 00002AD9 0F8498000000                jz      .nd_drawn
  4066 00002ADF 0FB7C8                      movzx   ecx, ax
  4067 00002AE2 BE[40B70000]                mov     esi, note_text
  4068 00002AE7 8B2F                        mov     ebp, [edi]
  4069 00002AE9 83C502                      add     ebp, 2
  4070 00002AEC 8B5704                      mov     edx, [edi+4]
  4071 00002AEF 83C214                      add     edx, TH + 2
  4072 00002AF2 892D[3C700000]              mov     [vd_x], ebp
  4073 00002AF8 8915[40700000]              mov     [vd_y], edx
  4074 00002AFE 31ED                        xor     ebp, ebp
  4075 00002B00 31D2                        xor     edx, edx
  4076                                  .nd_tl:
  4077 00002B02 83F900                      cmp     ecx, 0
  4078 00002B05 7470                        je      .nd_drawn
  4079 00002B07 AC                          lodsb
  4080 00002B08 3C0D                        cmp     al, 13
  4081 00002B0A 7450                        je      .nd_nl
  4082 00002B0C 3C0A                        cmp     al, 10
  4083 00002B0E 744C                        je      .nd_nl
  4084 00002B10 50                          push    eax
  4085 00002B11 55                          push    ebp
  4086 00002B12 52                          push    edx
  4087 00002B13 B8[40B70000]                mov     eax, note_text
  4088 00002B18 83E801                      sub     eax, 1
  4089 00002B1B A3[4F700000]                mov     [vd_str], eax
  4090 00002B20 C605[4D700000]00            mov     byte [vd_col], 0
  4091 00002B27 A1[3C700000]                mov     eax, [vd_x]
  4092 00002B2C 89EB                        mov     ebx, ebp
  4093 00002B2E 6BDB08                      imul    ebx, 8
  4094 00002B31 01D8                        add     eax, ebx
  4095 00002B33 A3[3C700000]                mov     [vd_x], eax
  4096 00002B38 A1[40700000]                mov     eax, [vd_y]
  4097 00002B3D 89D3                        mov     ebx, edx
  4098 00002B3F 6BDB08                      imul    ebx, 8
  4099 00002B42 01D8                        add     eax, ebx
  4100 00002B44 A3[40700000]                mov     [vd_y], eax
  4101 00002B49 E845D9FFFF                  call    gdi_char
  4102 00002B4E 5A                          pop     edx
  4103 00002B4F 5D                          pop     ebp
  4104 00002B50 58                          pop     eax
  4105 00002B51 45                          inc     ebp
  4106 00002B52 83FD16                      cmp     ebp, 22
  4107 00002B55 7C02                        jl      .nd_wrap
  4108 00002B57 EB03                        jmp     .nd_nl
  4109                                  .nd_wrap:
  4110 00002B59 49                          dec     ecx
  4111 00002B5A EBA6                        jmp     .nd_tl
  4112                                  .nd_nl:
  4113 00002B5C 31ED                        xor     ebp, ebp
  4114 00002B5E 42                          inc     edx
  4115 00002B5F 8B07                        mov     eax, [edi]
  4116 00002B61 83C002                      add     eax, 2
  4117 00002B64 A3[3C700000]                mov     [vd_x], eax
  4118 00002B69 8B4704                      mov     eax, [edi+4]
  4119 00002B6C 83C014                      add     eax, TH + 2
  4120 00002B6F A3[40700000]                mov     [vd_y], eax
  4121 00002B74 49                          dec     ecx
  4122 00002B75 EB8B                        jmp     .nd_tl
  4123                                  .nd_drawn:
  4124 00002B77 833D[0D740000]09            cmp     dword [kbd_focus], WN
  4125 00002B7E 755A                        jne     .nd_nocur
  4126 00002B80 F605[17740000]01            test    byte [note_blink], 1
  4127 00002B87 7451                        jz      .nd_nocur
  4128 00002B89 A0[12740000]                mov     al, [note_cur_col]
  4129 00002B8E 0FB6C0                      movzx   eax, al
  4130 00002B91 6BC008                      imul    eax, 8
  4131 00002B94 8B17                        mov     edx, [edi]
  4132 00002B96 83C202                      add     edx, 2
  4133 00002B99 01C2                        add     edx, eax
  4134 00002B9B 8915[3C700000]              mov     [vd_x], edx
  4135 00002BA1 A0[13740000]                mov     al, [note_cur_row]
  4136 00002BA6 0FB6C0                      movzx   eax, al
  4137 00002BA9 6BC008                      imul    eax, 8
  4138 00002BAC 8B5704                      mov     edx, [edi+4]
  4139 00002BAF 83C214                      add     edx, TH + 2
  4140 00002BB2 01C2                        add     edx, eax
  4141 00002BB4 8915[40700000]              mov     [vd_y], edx
  4142 00002BBA C705[44700000]0600-         mov     dword [vd_w], 6
  4142 00002BC2 0000               
  4143 00002BC4 C705[48700000]0800-         mov     dword [vd_h], 8
  4143 00002BCC 0000               
  4144 00002BCE C605[4D700000]00            mov     byte [vd_col], 0
  4145 00002BD5 E89ED7FFFF                  call    gdi_rect
  4146                                  .nd_nocur:
  4147                                  .nd_d2:
  4148 00002BDA 5A                          pop     edx
  4149 00002BDB 59                          pop     ecx
  4150 00002BDC 5B                          pop     ebx
  4151 00002BDD 58                          pop     eax
  4152 00002BDE 5E                          pop     esi
  4153 00002BDF 5F                          pop     edi
  4154 00002BE0 C3                          ret
  4155                                  
  4156                                  ; ============================================================================
  4157                                  ; net_broadcast — detect QEMU network
  4158                                  ; ============================================================================
  4159                                  net_broadcast:
  4160 00002BE1 50                          push    eax
  4161 00002BE2 53                          push    ebx
  4162 00002BE3 51                          push    ecx
  4163 00002BE4 52                          push    edx
  4164 00002BE5 57                          push    edi
  4165                                      ; Check for PCI Ethernet (Intel 100E 82557) at 0xCF8/0xCFC
  4166 00002BE6 66BAF80C                    mov     dx, 0xCF8
  4167 00002BEA B800000080                  mov     eax, 0x80000000
  4168 00002BEF EF                          out     dx, eax
  4169 00002BF0 6683C204                    add     dx, 4
  4170 00002BF4 ED                          in      eax, dx
  4171 00002BF5 663D0E10                    cmp     ax, 0x100E
  4172 00002BF9 7439                        je      .nb_eth
  4173                                      ; No PCI ethernet — check QEMU fw_cfg marker for SLIRP
  4174                                      ; If QEMU user networking, we get 10.0.2.x range
  4175                                      ; Record SLIRP host
  4176 00002BFB BF[40BB0000]                mov     edi, net_hosts
  4177 00002C00 C707534C4900                mov     dword [edi+0], 'SLI'
  4178 00002C06 C7470452502000              mov     dword [edi+4], 'RP '
  4179 00002C0D C7470847756100              mov     dword [edi+8], 'Gua'
  4180 00002C14 C7470C74656400              mov     dword [edi+12], 'ted'
  4181 00002C1B C6471004                    mov     byte [edi+16], FS_TYPE_NETWORK
  4182 00002C1F C747140102020A              mov     dword [edi+20], 0x0A020201  ; 10.0.2.1
  4183 00002C26 66A1[CC730000]              mov     ax, [vtd_t]
  4184 00002C2C 66A3[1F740000]              mov     [net_tick], ax
  4185 00002C32 EB30                        jmp     .nb_d
  4186                                  .nb_eth:
  4187                                      ; Ethernet NIC found — record it
  4188 00002C34 BF[40BB0000]                mov     edi, net_hosts
  4189 00002C39 C70745746800                mov     dword [edi+0], 'Eth'
  4190 00002C3F C7470465722000              mov     dword [edi+4], 'er '
  4191 00002C46 C747084E694300              mov     dword [edi+8], 'NiC'
  4192 00002C4D C6471004                    mov     byte [edi+16], FS_TYPE_NETWORK
  4193 00002C51 C747140102020A              mov     dword [edi+20], 0x0A020201
  4194 00002C58 66A1[CC730000]              mov     ax, [vtd_t]
  4195 00002C5E 66A3[1F740000]              mov     [net_tick], ax
  4196                                  .nb_d:
  4197 00002C64 5F                          pop     edi
  4198 00002C65 5A                          pop     edx
  4199 00002C66 59                          pop     ecx
  4200 00002C67 5B                          pop     ebx
  4201 00002C68 58                          pop     eax
  4202 00002C69 C3                          ret
  4203                                  
  4204                                  ; ============================================================================
  4205                                  ; net_draw — draw Network Neighbors content
  4206                                  ; ============================================================================
  4207                                  net_draw:
  4208 00002C6A 57                          push    edi
  4209 00002C6B 56                          push    esi
  4210 00002C6C 50                          push    eax
  4211 00002C6D 53                          push    ebx
  4212 00002C6E 51                          push    ecx
  4213 00002C6F 52                          push    edx
  4214 00002C70 55                          push    ebp
  4215 00002C71 8B07                        mov     eax, [edi]
  4216 00002C73 83C002                      add     eax, 2
  4217 00002C76 A3[3C700000]                mov     [vd_x], eax
  4218 00002C7B 8B4704                      mov     eax, [edi+4]
  4219 00002C7E 83C014                      add     eax, TH + 2
  4220 00002C81 A3[40700000]                mov     [vd_y], eax
  4221 00002C86 C705[44700000]F000-         mov     dword [vd_w], 240
  4221 00002C8E 0000               
  4222 00002C90 C705[48700000]6000-         mov     dword [vd_h], 96
  4222 00002C98 0000               
  4223 00002C9A C605[4D700000]0F            mov     byte [vd_col], 15
  4224 00002CA1 E8D2D6FFFF                  call    gdi_rect
  4225 00002CA6 8B07                        mov     eax, [edi]
  4226 00002CA8 83C004                      add     eax, 4
  4227 00002CAB A3[3C700000]                mov     [vd_x], eax
  4228 00002CB0 8B4704                      mov     eax, [edi+4]
  4229 00002CB3 83C016                      add     eax, TH + 4
  4230 00002CB6 A3[40700000]                mov     [vd_y], eax
  4231 00002CBB BE[D5080200]                mov     esi, net_hdr_t
  4232 00002CC0 8935[4F700000]              mov     [vd_str], esi
  4233 00002CC6 C605[4D700000]00            mov     byte [vd_col], 0
  4234 00002CCD E820D8FFFF                  call    gdi_text
  4235 00002CD2 BD[40BB0000]                mov     ebp, net_hosts
  4236 00002CD7 B908000000                  mov     ecx, NET_MAXH
  4237                                  .nd_hl:
  4238 00002CDC 83F900                      cmp     ecx, 0
  4239 00002CDF 7426                        je      .nd_hd
  4240 00002CE1 F6450000                    test    byte [ebp], 0
  4241 00002CE5 741A                        jz      .nd_hn
  4242 00002CE7 A1[40700000]                mov     eax, [vd_y]
  4243 00002CEC 83C00A                      add     eax, 10
  4244 00002CEF A3[40700000]                mov     [vd_y], eax
  4245 00002CF4 89EE                        mov     esi, ebp
  4246 00002CF6 8935[4F700000]              mov     [vd_str], esi
  4247 00002CFC E8F1D7FFFF                  call    gdi_text
  4248                                  .nd_hn:
  4249 00002D01 83C520                      add     ebp, NET_SZ
  4250 00002D04 49                          dec     ecx
  4251 00002D05 EBD5                        jmp     .nd_hl
  4252                                  .nd_hd:
  4253 00002D07 5D                          pop     ebp
  4254 00002D08 5A                          pop     edx
  4255 00002D09 59                          pop     ecx
  4256 00002D0A 5B                          pop     ebx
  4257 00002D0B 58                          pop     eax
  4258 00002D0C 5E                          pop     esi
  4259 00002D0D 5F                          pop     edi
  4260 00002D0E C3                          ret
  4261                                  
  4262                                  ; ============================================================================
  4263                                  ; rtl8139_wr — write 8-bit register to RTL8139 via I/O port
  4264                                  ;   IN:  al = register offset, ah = value
  4265                                  ; ============================================================================
  4266                                  rtl8139_wr:
  4267 00002D0F 6652                        push    dx
  4268 00002D11 6650                        push    ax
  4269 00002D13 668B15[4EB40000]            mov     dx, word [nic_base]
  4270 00002D1A 660FB6C8                    movzx   cx, al             ; cx = offset (al), ah preserved as value
  4271 00002D1E 6601CA                      add     dx, cx
  4272 00002D21 88E0                        mov     al, ah
  4273 00002D23 EE                          out     dx, al
  4274 00002D24 6658                        pop     ax
  4275 00002D26 665A                        pop     dx
  4276 00002D28 C3                          ret
  4277                                  
  4278                                  ; ============================================================================
  4279                                  ; rtl8139_rd — read 8-bit register from RTL8139 via I/O port
  4280                                  ;   IN:  al = register offset
  4281                                  ;   OUT: al = value
  4282                                  ; ============================================================================
  4283                                  rtl8139_rd:
  4284 00002D29 6652                        push    dx
  4285 00002D2B 6651                        push    cx
  4286 00002D2D 668B15[4EB40000]            mov     dx, word [nic_base]
  4287 00002D34 660FB6C8                    movzx   cx, al             ; cx = offset (al) only, ignore ah garbage
  4288 00002D38 6601CA                      add     dx, cx
  4289 00002D3B EC                          in      al, dx
  4290 00002D3C 6659                        pop     cx
  4291 00002D3E 665A                        pop     dx
  4292 00002D40 C3                          ret
  4293                                  
  4294                                  ; ============================================================================
  4295                                  ; rtl8139_wr_w — write 16-bit register (RxLength) to RTL8139
  4296                                  ;   IN:  al = register offset (low byte), ax = value
  4297                                  ; ============================================================================
  4298                                  rtl8139_wr_w:
  4299                                      ; IN:  al = register offset, bx = 16-bit value
  4300 00002D41 6652                        push    dx
  4301 00002D43 6650                        push    ax
  4302 00002D45 6653                        push    bx
  4303 00002D47 6651                        push    cx
  4304 00002D49 668B15[4EB40000]            mov     dx, word [nic_base]
  4305 00002D50 660FB6C8                    movzx   cx, al          ; cx = offset (al) only
  4306 00002D54 6601CA                      add     dx, cx
  4307 00002D57 6689D8                      mov     ax, bx          ; ax = 16-bit value
  4308 00002D5A 66EF                        out     dx, ax          ; single 16-bit I/O write
  4309 00002D5C 6659                        pop     cx
  4310 00002D5E 665B                        pop     bx
  4311 00002D60 6658                        pop     ax
  4312 00002D62 665A                        pop     dx
  4313 00002D64 C3                          ret
  4314                                  
  4315                                  ; ============================================================================
  4316                                  ; rtl8139_rd_w — read 16-bit register (RxLength) from RTL8139
  4317                                  ;   IN:  al = register offset
  4318                                  ;   OUT: ax = value
  4319                                  ; ============================================================================
  4320                                  rtl8139_rd_w:
  4321 00002D65 6652                        push    dx
  4322 00002D67 6651                        push    cx
  4323 00002D69 660FB6C8                    movzx   cx, al          ; cx = offset (al) only, ignore ah garbage
  4324 00002D6D 668B15[4EB40000]            mov     dx, word [nic_base]
  4325 00002D74 6601CA                      add     dx, cx
  4326 00002D77 66ED                        in      ax, dx          ; single 16-bit I/O read
  4327 00002D79 6659                        pop     cx
  4328 00002D7B 665A                        pop     dx
  4329 00002D7D C3                          ret
  4330                                  
  4331                                  ; ============================================================================
  4332                                  ; rtl8139_wr_d — write 32-bit dword register to RTL8139
  4333                                  ;   IN:  al = register offset, ebx = 32-bit value
  4334                                  ; Uses native 32-bit I/O instruction for correctness and speed.
  4335                                  ; ============================================================================
  4336                                  rtl8139_wr_d:
  4337 00002D7E 6652                        push    dx
  4338 00002D80 50                          push    eax
  4339 00002D81 53                          push    ebx
  4340 00002D82 668B15[4EB40000]            mov     dx, word [nic_base]
  4341 00002D89 B400                        mov     ah, 0
  4342 00002D8B 6601C2                      add     dx, ax          ; dx = nic_base + register offset
  4343 00002D8E 89D8                        mov     eax, ebx        ; eax = 32-bit value
  4344 00002D90 EF                          out     dx, eax         ; write 4 bytes (1 x 32-bit I/O cycle)
  4345 00002D91 5B                          pop     ebx
  4346 00002D92 58                          pop     eax
  4347 00002D93 665A                        pop     dx
  4348 00002D95 C3                          ret
  4349                                  
  4350                                  ; ============================================================================
  4351                                  ; rtl8139_rd_d — read 32-bit dword register from RTL8139
  4352                                  ;   IN:  al = register offset
  4353                                  ;   OUT: ebx = 32-bit value
  4354                                  ; Uses native 32-bit I/O instruction for correctness and speed.
  4355                                  ; ============================================================================
  4356                                  rtl8139_rd_d:
  4357 00002D96 6652                        push    dx
  4358 00002D98 50                          push    eax
  4359 00002D99 668B15[4EB40000]            mov     dx, word [nic_base]
  4360 00002DA0 B400                        mov     ah, 0
  4361 00002DA2 6601C2                      add     dx, ax          ; dx = nic_base + register offset
  4362 00002DA5 31C0                        xor     eax, eax
  4363 00002DA7 ED                          in      eax, dx         ; read 4 bytes (1 x 32-bit I/O cycle)
  4364 00002DA8 89C3                        mov     ebx, eax
  4365 00002DAA 58                          pop     eax
  4366 00002DAB 665A                        pop     dx
  4367 00002DAD C3                          ret
  4368                                  
  4369                                  ; ============================================================================
  4370                                  ; net_init — probe for Realtek RTL8139 NIC via PCI config space
  4371                                  ; ============================================================================
  4372                                  net_init:
  4373 00002DAE 53                          push    ebx
  4374 00002DAF 51                          push    ecx
  4375 00002DB0 52                          push    edx
  4376 00002DB1 57                          push    edi
  4377 00002DB2 C705[4EB40000]FFFF-         mov     dword [nic_base], -1
  4377 00002DBA FFFF               
  4378                                      dbg_puts "[A4X] net_init: scanning PCI for RTL8139 (10EC:8139)", 13, 10, 0
    21 00002DBC EB37                <1>  jmp %%skip
    22 00002DBE 5B4134585D206E6574- <1> %%str db %1
    22 00002DC7 5F696E69743A207363- <1>
    22 00002DD0 616E6E696E67205043- <1>
    22 00002DD9 4920666F722052544C- <1>
    22 00002DE2 383133392028313045- <1>
    22 00002DEB 433A38313339290D0A- <1>
    22 00002DF4 00                  <1>
    23                              <1> %%skip:
    24                              <1> %if __BITS__ == 32
    25 00002DF5 56                  <1>  push esi
    26 00002DF6 BE[BE2D0000]        <1>  mov esi, %%str
    27                              <1> %%.loop:
    28 00002DFB AC                  <1>  lodsb
    29 00002DFC 08C0                <1>  or al, al
    30 00002DFE 7404                <1>  jz %%.done
    31 00002E00 E6E9                <1>  out 0xE9, al
    32 00002E02 EBF7                <1>  jmp %%.loop
    33                              <1> %%.done:
    34 00002E04 5E                  <1>  pop esi
    35                              <1> %else
    36                              <1>  push si
    37                              <1>  mov si, %%str
    38                              <1> %%.loop:
    39                              <1>  lodsb
    40                              <1>  or al, al
    41                              <1>  jz %%.done
    42                              <1>  out 0xE9, al
    43                              <1>  jmp %%.loop
    44                              <1> %%.done:
    45                              <1>  pop si
    46                              <1> %endif
  4379                                      ; PCI config space scan: iterate bus 0, device 0..31, function 0.
  4380                                      ; CONFIG_ADDRESS port = 0xCF8, CONFIG_DATA port = 0xCFC.
  4381                                      ; Address format: 0x80000000 | (bus<<16) | (device<<11) | (func<<8) | (reg & 0xFC)
  4382                                      ; RTL8139: vendor 0x10EC, device 0x8139 → dword at config reg 0 = 0x813910EC (LE in EAX).
  4383 00002E05 31DB                        xor     ebx, ebx            ; ebx = device index (0..31)
  4384                                  .np_scan:
  4385 00002E07 83FB20                      cmp     ebx, 32
  4386 00002E0A 0F83FC000000                jae     .np_notfound
  4387                                      ; eax = 0x80000000 | (device<<11)  (bus=0, func=0, reg=0)
  4388 00002E10 89D8                        mov     eax, ebx
  4389 00002E12 C1E00B                      shl     eax, 11
  4390 00002E15 0D00000080                  or      eax, 0x80000000
  4391 00002E1A 66BAF80C                    mov     dx, 0xCF8
  4392 00002E1E EF                          out     dx, eax
  4393 00002E1F 66BAFC0C                    mov     dx, 0xCFC
  4394 00002E23 ED                          in      eax, dx
  4395                                      ; vendor:device = 10EC:8139 → EAX = 0x813910EC
  4396 00002E24 3DEC103981                  cmp     eax, 0x813910EC
  4397 00002E29 7403                        je      .np_found
  4398 00002E2B 43                          inc     ebx
  4399 00002E2C EBD9                        jmp     .np_scan
  4400                                  .np_found:
  4401                                      ; Read BAR0 (config reg 0x10) to get I/O base.
  4402 00002E2E 89D8                        mov     eax, ebx
  4403 00002E30 C1E00B                      shl     eax, 11
  4404 00002E33 0D00000080                  or      eax, 0x80000000
  4405 00002E38 83C810                      or      eax, 0x10
  4406 00002E3B 66BAF80C                    mov     dx, 0xCF8
  4407 00002E3F EF                          out     dx, eax
  4408 00002E40 66BAFC0C                    mov     dx, 0xCFC
  4409 00002E44 ED                          in      eax, dx
  4410                                      ; BAR0 bit 0 = 1 means I/O space. Mask low 2 bits to get base.
  4411 00002E45 A801                        test    al, 1
  4412 00002E47 0F84BF000000                jz      .np_notfound        ; BAR0 is memory-mapped, not I/O
  4413 00002E4D 83E0FC                      and     eax, 0xFFFFFFFC
  4414 00002E50 66A3[4EB40000]              mov     word [nic_base], ax
  4415 00002E56 C605[52B40000]01            mov     byte [nic_type], 1
  4416                                      dbg_puts "[A4X] RTL8139 found at I/O 0x", 0
    21 00002E5D EB1E                <1>  jmp %%skip
    22 00002E5F 5B4134585D2052544C- <1> %%str db %1
    22 00002E68 3831333920666F756E- <1>
    22 00002E71 6420617420492F4F20- <1>
    22 00002E7A 307800              <1>
    23                              <1> %%skip:
    24                              <1> %if __BITS__ == 32
    25 00002E7D 56                  <1>  push esi
    26 00002E7E BE[5F2E0000]        <1>  mov esi, %%str
    27                              <1> %%.loop:
    28 00002E83 AC                  <1>  lodsb
    29 00002E84 08C0                <1>  or al, al
    30 00002E86 7404                <1>  jz %%.done
    31 00002E88 E6E9                <1>  out 0xE9, al
    32 00002E8A EBF7                <1>  jmp %%.loop
    33                              <1> %%.done:
    34 00002E8C 5E                  <1>  pop esi
    35                              <1> %else
    36                              <1>  push si
    37                              <1>  mov si, %%str
    38                              <1> %%.loop:
    39                              <1>  lodsb
    40                              <1>  or al, al
    41                              <1>  jz %%.done
    42                              <1>  out 0xE9, al
    43                              <1>  jmp %%.loop
    44                              <1> %%.done:
    45                              <1>  pop si
    46                              <1> %endif
  4417 00002E8D 0FB705[4EB40000]            movzx   eax, word [nic_base]
  4418                                      dbg_hex32
    84 00002E94 50                  <1>  push eax
    85 00002E95 51                  <1>  push ecx
    86 00002E96 B91C000000          <1>  mov ecx, 28
    87                              <1> %%loop:
    88 00002E9B 50                  <1>  push eax
    89 00002E9C D3E8                <1>  shr eax, cl
    90 00002E9E 83E00F              <1>  and eax, 0x0F
    91 00002EA1 0430                <1>  add al, '0'
    92 00002EA3 3C39                <1>  cmp al, '9'
    93 00002EA5 7602                <1>  jbe %%ok2
    94 00002EA7 0407                <1>  add al, 7
    95                              <1> %%ok2:
    96 00002EA9 E6E9                <1>  out 0xE9, al
    97 00002EAB 58                  <1>  pop eax
    98 00002EAC 83E904              <1>  sub ecx, 4
    99 00002EAF 79EA                <1>  jns %%loop
   100 00002EB1 59                  <1>  pop ecx
   101 00002EB2 58                  <1>  pop eax
  4419                                      dbg_nl
    51 00002EB3 B00D                <1>  mov al, 13
    52 00002EB5 E6E9                <1>  out 0xE9, al
    53 00002EB7 B00A                <1>  mov al, 10
    54 00002EB9 E6E9                <1>  out 0xE9, al
  4420                                      ; Enable PCI Bus Mastering (COMMAND reg 0x04, bit 2 = Bus Master)
  4421                                      ; Without this, pci_dma_read returns zeros on some QEMU builds.
  4422 00002EBB 89D8                        mov     eax, ebx
  4423 00002EBD C1E00B                      shl     eax, 11
  4424 00002EC0 0D00000080                  or      eax, 0x80000000
  4425 00002EC5 83C804                      or      eax, 0x04            ; config reg 0x04 (COMMAND)
  4426 00002EC8 66BAF80C                    mov     dx, 0xCF8
  4427 00002ECC EF                          out     dx, eax              ; set CONFIG_ADDRESS
  4428 00002ECD 66BAFC0C                    mov     dx, 0xCFC
  4429 00002ED1 ED                          in      eax, dx             ; read 32-bit (STATUS:COMMAND)
  4430 00002ED2 83C804                      or      eax, 0x04           ; set Bus Master Enable bit
  4431 00002ED5 EF                          out     dx, eax             ; write back (CONFIG_ADDRESS still set)
  4432                                      dbg_puts "[A4X] PCI Bus Mastering enabled", 13, 10, 0
    21 00002ED6 EB22                <1>  jmp %%skip
    22 00002ED8 5B4134585D20504349- <1> %%str db %1
    22 00002EE1 20427573204D617374- <1>
    22 00002EEA 6572696E6720656E61- <1>
    22 00002EF3 626C65640D0A00      <1>
    23                              <1> %%skip:
    24                              <1> %if __BITS__ == 32
    25 00002EFA 56                  <1>  push esi
    26 00002EFB BE[D82E0000]        <1>  mov esi, %%str
    27                              <1> %%.loop:
    28 00002F00 AC                  <1>  lodsb
    29 00002F01 08C0                <1>  or al, al
    30 00002F03 7404                <1>  jz %%.done
    31 00002F05 E6E9                <1>  out 0xE9, al
    32 00002F07 EBF7                <1>  jmp %%.loop
    33                              <1> %%.done:
    34 00002F09 5E                  <1>  pop esi
    35                              <1> %else
    36                              <1>  push si
    37                              <1>  mov si, %%str
    38                              <1> %%.loop:
    39                              <1>  lodsb
    40                              <1>  or al, al
    41                              <1>  jz %%.done
    42                              <1>  out 0xE9, al
    43                              <1>  jmp %%.loop
    44                              <1> %%.done:
    45                              <1>  pop si
    46                              <1> %endif
  4433 00002F0A EB3E                        jmp     .net_iInit
  4434                                  .np_notfound:
  4435                                      dbg_puts "[A4X] net_init: no RTL8139 NIC found", 13, 10, 0
    21 00002F0C EB27                <1>  jmp %%skip
    22 00002F0E 5B4134585D206E6574- <1> %%str db %1
    22 00002F17 5F696E69743A206E6F- <1>
    22 00002F20 2052544C3831333920- <1>
    22 00002F29 4E494320666F756E64- <1>
    22 00002F32 0D0A00              <1>
    23                              <1> %%skip:
    24                              <1> %if __BITS__ == 32
    25 00002F35 56                  <1>  push esi
    26 00002F36 BE[0E2F0000]        <1>  mov esi, %%str
    27                              <1> %%.loop:
    28 00002F3B AC                  <1>  lodsb
    29 00002F3C 08C0                <1>  or al, al
    30 00002F3E 7404                <1>  jz %%.done
    31 00002F40 E6E9                <1>  out 0xE9, al
    32 00002F42 EBF7                <1>  jmp %%.loop
    33                              <1> %%.done:
    34 00002F44 5E                  <1>  pop esi
    35                              <1> %else
    36                              <1>  push si
    37                              <1>  mov si, %%str
    38                              <1> %%.loop:
    39                              <1>  lodsb
    40                              <1>  or al, al
    41                              <1>  jz %%.done
    42                              <1>  out 0xE9, al
    43                              <1>  jmp %%.loop
    44                              <1> %%.done:
    45                              <1>  pop si
    46                              <1> %endif
  4436 00002F45 E90B060000                  jmp     .net_ret
  4437                                  .net_iInit:
  4438                                      ; --- RTL8139 initialization sequence (CORRECTED register map per QEMU RTL8139C) ---
  4439                                      ; 1. Disable interrupts: IMR = 0 at 0x3C (word, write both bytes)
  4440 00002F4A B03C                        mov     al, 0x3C
  4441 00002F4C B400                        mov     ah, 0
  4442 00002F4E E8BCFDFFFF                  call    rtl8139_wr
  4443 00002F53 B03D                        mov     al, 0x3D
  4444 00002F55 B400                        mov     ah, 0
  4445 00002F57 E8B3FDFFFF                  call    rtl8139_wr
  4446                                      ; 2. Software reset via CR.RESET bit (0x37 bit 4 = 0x10)
  4447                                      ;    Write 0x10 to CR to trigger reset, then POLL until RST self-clears.
  4448                                      ;    This is required per RTL8139 spec — subsequent register writes fail
  4449                                      ;    if RST is still asserted (which caused TE bit to be ignored earlier).
  4450 00002F5C B037                        mov     al, 0x37
  4451 00002F5E B410                        mov     ah, 0x10
  4452 00002F60 E8AAFDFFFF                  call    rtl8139_wr
  4453 00002F65 B980380100                  mov     ecx, 80000
  4454                                  .rst_wait:
  4455 00002F6A B037                        mov     al, 0x37
  4456 00002F6C E8B8FDFFFF                  call    rtl8139_rd
  4457 00002F71 A810                        test    al, 0x10            ; RST (bit 4) still asserted?
  4458 00002F73 7403                        jz      .rst_done           ; RST cleared → proceed
  4459 00002F75 49                          dec     ecx
  4460 00002F76 75F2                        jnz     .rst_wait
  4461                                  .rst_done:
  4462 00002F78 B9C8000000                  mov     ecx, 200            ; small settle delay after RST clear
  4463                                  .rst_settle:
  4464 00002F7D 49                          dec     ecx
  4465 00002F7E 75FD                        jnz     .rst_settle
  4466                                      ; 3. Explicitly disable C+ mode: write 0 to CpCmd (0xE0-0xE1, 16-bit)
  4467                                      ;    Ensures standard-mode TX uses TxAddr[0] as buffer address (not descriptor ring).
  4468                                      ;    Use TWO 8-bit writes to work around QEMU 16-bit I/O decode bug on some builds.
  4469 00002F80 B0E0                        mov     al, 0xE0
  4470 00002F82 B400                        mov     ah, 0
  4471 00002F84 E886FDFFFF                  call    rtl8139_wr
  4472 00002F89 B0E1                        mov     al, 0xE1
  4473 00002F8B B400                        mov     ah, 0
  4474 00002F8D E87DFDFFFF                  call    rtl8139_wr
  4475                                      dbg_puts "[A4X] C+ mode disabled (standard TX mode)", 13, 10, 0
    21 00002F92 EB2C                <1>  jmp %%skip
    22 00002F94 5B4134585D20432B20- <1> %%str db %1
    22 00002F9D 6D6F64652064697361- <1>
    22 00002FA6 626C65642028737461- <1>
    22 00002FAF 6E6461726420545820- <1>
    22 00002FB8 6D6F6465290D0A00    <1>
    23                              <1> %%skip:
    24                              <1> %if __BITS__ == 32
    25 00002FC0 56                  <1>  push esi
    26 00002FC1 BE[942F0000]        <1>  mov esi, %%str
    27                              <1> %%.loop:
    28 00002FC6 AC                  <1>  lodsb
    29 00002FC7 08C0                <1>  or al, al
    30 00002FC9 7404                <1>  jz %%.done
    31 00002FCB E6E9                <1>  out 0xE9, al
    32 00002FCD EBF7                <1>  jmp %%.loop
    33                              <1> %%.done:
    34 00002FCF 5E                  <1>  pop esi
    35                              <1> %else
    36                              <1>  push si
    37                              <1>  mov si, %%str
    38                              <1> %%.loop:
    39                              <1>  lodsb
    40                              <1>  or al, al
    41                              <1>  jz %%.done
    42                              <1>  out 0xE9, al
    43                              <1>  jmp %%.loop
    44                              <1> %%.done:
    45                              <1>  pop si
    46                              <1> %endif
  4476                                      ; 4. Write MAC address (0x00-0x05) - this part was already correct
  4477 00002FD0 A1[E4030100]                mov     eax, [eth_myt_mac]
  4478 00002FD5 A3[55B40000]                mov     [nic_mac_lo], eax
  4479 00002FDA 66A1[E8030100]              mov     ax, [eth_myt_mac+4]
  4480 00002FE0 66A3[59B40000]              mov     [nic_mac_hi], ax
  4481                                      ; If MAC is zero, use default
  4482 00002FE6 A1[55B40000]                mov     eax, [nic_mac_lo]
  4483 00002FEB 85C0                        test    eax, eax
  4484 00002FED 751F                        jnz     .rtl_mac_ok
  4485 00002FEF 66A1[59B40000]              mov     ax, [nic_mac_hi]
  4486 00002FF5 6685C0                      test    ax, ax
  4487 00002FF8 7514                        jnz     .rtl_mac_ok
  4488                                      ; Set default MAC: 52:54:00:12:34:56 (LE dword=0x12005452, LE word=0x5634)
  4489 00002FFA B852540012                  mov     eax, 0x12005452
  4490 00002FFF A3[55B40000]                mov     [nic_mac_lo], eax
  4491 00003004 66B83456                    mov     ax, 0x5634
  4492 00003008 66A3[59B40000]              mov     [nic_mac_hi], ax
  4493                                  .rtl_mac_ok:
  4494                                      ; Unlock Cfg9346 (offset 0x50) to allow writes to MAC, RCR, TCR config registers.
  4495                                      ;   Cfg9346 = 0xC0 → Unlock (EEM=Programming Enable)
  4496                                      ;   Cfg9346 = 0x00 → Lock   (EEM=Normal, config locked)
  4497                                      ; QEMU's RTL8139 model may use internal state that only updates on lock transition.
  4498 0000300E B050                        mov     al, 0x50
  4499 00003010 B4C0                        mov     ah, 0xC0
  4500 00003012 E8F8FCFFFF                  call    rtl8139_wr
  4501                                      ; Write MAC to NIC registers via 32-bit write to IDR0 (0x00) + 16-bit write to IDR4 (0x04).
  4502                                      ;   IDR0-3 (0x00-0x03) is a 32-bit register containing MAC bytes 0-3 (LE: byte0 at LSB).
  4503                                      ;   IDR4-5 (0x04-0x05) is a 16-bit register containing MAC bytes 4-5 (LE: byte4 at LSB).
  4504                                      ;   Single 8-bit writes don't work reliably in QEMU's RTL8139 model for the MAC registers.
  4505 00003017 53                          push    ebx
  4506 00003018 50                          push    eax
  4507 00003019 52                          push    edx
  4508 0000301A 8B1D[55B40000]              mov     ebx, [nic_mac_lo]   ; ebx = MAC bytes 0-3 (LE)
  4509 00003020 668B15[4EB40000]            mov     dx, word [nic_base]
  4510 00003027 6683C200                    add     dx, 0x00
  4511 0000302B 89D8                        mov     eax, ebx
  4512 0000302D EF                          out     dx, eax              ; 32-bit write to IDR0
  4513 0000302E 668B15[4EB40000]            mov     dx, word [nic_base]
  4514 00003035 6683C204                    add     dx, 0x04
  4515 00003039 66A1[59B40000]              mov     ax, [nic_mac_hi]
  4516 0000303F 66EF                        out     dx, ax               ; 16-bit write to IDR4
  4517                                      ; Small settle delay
  4518 00003041 B964000000                  mov     ecx, 100
  4519                                  .mac_settle:
  4520 00003046 49                          dec     ecx
  4521 00003047 75FD                        jnz     .mac_settle
  4522                                      ; Read back MAC via 32-bit + 16-bit I/O for verification
  4523 00003049 668B15[4EB40000]            mov     dx, word [nic_base]
  4524 00003050 6683C200                    add     dx, 0x00
  4525 00003054 31C0                        xor     eax, eax
  4526 00003056 ED                          in      eax, dx
  4527 00003057 50                          push    eax
  4528                                      dbg_puts "[A4X] MAC IDR0 readback=", 0
    21 00003058 EB19                <1>  jmp %%skip
    22 0000305A 5B4134585D204D4143- <1> %%str db %1
    22 00003063 204944523020726561- <1>
    22 0000306C 646261636B3D00      <1>
    23                              <1> %%skip:
    24                              <1> %if __BITS__ == 32
    25 00003073 56                  <1>  push esi
    26 00003074 BE[5A300000]        <1>  mov esi, %%str
    27                              <1> %%.loop:
    28 00003079 AC                  <1>  lodsb
    29 0000307A 08C0                <1>  or al, al
    30 0000307C 7404                <1>  jz %%.done
    31 0000307E E6E9                <1>  out 0xE9, al
    32 00003080 EBF7                <1>  jmp %%.loop
    33                              <1> %%.done:
    34 00003082 5E                  <1>  pop esi
    35                              <1> %else
    36                              <1>  push si
    37                              <1>  mov si, %%str
    38                              <1> %%.loop:
    39                              <1>  lodsb
    40                              <1>  or al, al
    41                              <1>  jz %%.done
    42                              <1>  out 0xE9, al
    43                              <1>  jmp %%.loop
    44                              <1> %%.done:
    45                              <1>  pop si
    46                              <1> %endif
  4529 00003083 58                          pop     eax
  4530 00003084 E8FB040000                  call    dbg_print_eax_hex
  4531                                      dbg_puts " expected=", 0
    21 00003089 EB0B                <1>  jmp %%skip
    22 0000308B 206578706563746564- <1> %%str db %1
    22 00003094 3D00                <1>
    23                              <1> %%skip:
    24                              <1> %if __BITS__ == 32
    25 00003096 56                  <1>  push esi
    26 00003097 BE[8B300000]        <1>  mov esi, %%str
    27                              <1> %%.loop:
    28 0000309C AC                  <1>  lodsb
    29 0000309D 08C0                <1>  or al, al
    30 0000309F 7404                <1>  jz %%.done
    31 000030A1 E6E9                <1>  out 0xE9, al
    32 000030A3 EBF7                <1>  jmp %%.loop
    33                              <1> %%.done:
    34 000030A5 5E                  <1>  pop esi
    35                              <1> %else
    36                              <1>  push si
    37                              <1>  mov si, %%str
    38                              <1> %%.loop:
    39                              <1>  lodsb
    40                              <1>  or al, al
    41                              <1>  jz %%.done
    42                              <1>  out 0xE9, al
    43                              <1>  jmp %%.loop
    44                              <1> %%.done:
    45                              <1>  pop si
    46                              <1> %endif
  4532 000030A6 A1[55B40000]                mov     eax, [nic_mac_lo]
  4533 000030AB E8D4040000                  call    dbg_print_eax_hex
  4534                                      dbg_puts 13, 10, 0
    21 000030B0 EB03                <1>  jmp %%skip
    22 000030B2 0D0A00              <1> %%str db %1
    23                              <1> %%skip:
    24                              <1> %if __BITS__ == 32
    25 000030B5 56                  <1>  push esi
    26 000030B6 BE[B2300000]        <1>  mov esi, %%str
    27                              <1> %%.loop:
    28 000030BB AC                  <1>  lodsb
    29 000030BC 08C0                <1>  or al, al
    30 000030BE 7404                <1>  jz %%.done
    31 000030C0 E6E9                <1>  out 0xE9, al
    32 000030C2 EBF7                <1>  jmp %%.loop
    33                              <1> %%.done:
    34 000030C4 5E                  <1>  pop esi
    35                              <1> %else
    36                              <1>  push si
    37                              <1>  mov si, %%str
    38                              <1> %%.loop:
    39                              <1>  lodsb
    40                              <1>  or al, al
    41                              <1>  jz %%.done
    42                              <1>  out 0xE9, al
    43                              <1>  jmp %%.loop
    44                              <1> %%.done:
    45                              <1>  pop si
    46                              <1> %endif
  4535 000030C5 668B15[4EB40000]            mov     dx, word [nic_base]
  4536 000030CC 6683C204                    add     dx, 0x04
  4537 000030D0 31C0                        xor     eax, eax
  4538 000030D2 66ED                        in      ax, dx
  4539 000030D4 50                          push    eax
  4540                                      dbg_puts "[A4X] MAC IDR4 readback=", 0
    21 000030D5 EB19                <1>  jmp %%skip
    22 000030D7 5B4134585D204D4143- <1> %%str db %1
    22 000030E0 204944523420726561- <1>
    22 000030E9 646261636B3D00      <1>
    23                              <1> %%skip:
    24                              <1> %if __BITS__ == 32
    25 000030F0 56                  <1>  push esi
    26 000030F1 BE[D7300000]        <1>  mov esi, %%str
    27                              <1> %%.loop:
    28 000030F6 AC                  <1>  lodsb
    29 000030F7 08C0                <1>  or al, al
    30 000030F9 7404                <1>  jz %%.done
    31 000030FB E6E9                <1>  out 0xE9, al
    32 000030FD EBF7                <1>  jmp %%.loop
    33                              <1> %%.done:
    34 000030FF 5E                  <1>  pop esi
    35                              <1> %else
    36                              <1>  push si
    37                              <1>  mov si, %%str
    38                              <1> %%.loop:
    39                              <1>  lodsb
    40                              <1>  or al, al
    41                              <1>  jz %%.done
    42                              <1>  out 0xE9, al
    43                              <1>  jmp %%.loop
    44                              <1> %%.done:
    45                              <1>  pop si
    46                              <1> %endif
  4541 00003100 58                          pop     eax
  4542 00003101 E87E040000                  call    dbg_print_eax_hex
  4543                                      dbg_puts " expected=", 0
    21 00003106 EB0B                <1>  jmp %%skip
    22 00003108 206578706563746564- <1> %%str db %1
    22 00003111 3D00                <1>
    23                              <1> %%skip:
    24                              <1> %if __BITS__ == 32
    25 00003113 56                  <1>  push esi
    26 00003114 BE[08310000]        <1>  mov esi, %%str
    27                              <1> %%.loop:
    28 00003119 AC                  <1>  lodsb
    29 0000311A 08C0                <1>  or al, al
    30 0000311C 7404                <1>  jz %%.done
    31 0000311E E6E9                <1>  out 0xE9, al
    32 00003120 EBF7                <1>  jmp %%.loop
    33                              <1> %%.done:
    34 00003122 5E                  <1>  pop esi
    35                              <1> %else
    36                              <1>  push si
    37                              <1>  mov si, %%str
    38                              <1> %%.loop:
    39                              <1>  lodsb
    40                              <1>  or al, al
    41                              <1>  jz %%.done
    42                              <1>  out 0xE9, al
    43                              <1>  jmp %%.loop
    44                              <1> %%.done:
    45                              <1>  pop si
    46                              <1> %endif
  4544 00003123 0FB705[59B40000]            movzx   eax, word [nic_mac_hi]
  4545 0000312A E855040000                  call    dbg_print_eax_hex
  4546                                      dbg_puts 13, 10, 0
    21 0000312F EB03                <1>  jmp %%skip
    22 00003131 0D0A00              <1> %%str db %1
    23                              <1> %%skip:
    24                              <1> %if __BITS__ == 32
    25 00003134 56                  <1>  push esi
    26 00003135 BE[31310000]        <1>  mov esi, %%str
    27                              <1> %%.loop:
    28 0000313A AC                  <1>  lodsb
    29 0000313B 08C0                <1>  or al, al
    30 0000313D 7404                <1>  jz %%.done
    31 0000313F E6E9                <1>  out 0xE9, al
    32 00003141 EBF7                <1>  jmp %%.loop
    33                              <1> %%.done:
    34 00003143 5E                  <1>  pop esi
    35                              <1> %else
    36                              <1>  push si
    37                              <1>  mov si, %%str
    38                              <1> %%.loop:
    39                              <1>  lodsb
    40                              <1>  or al, al
    41                              <1>  jz %%.done
    42                              <1>  out 0xE9, al
    43                              <1>  jmp %%.loop
    44                              <1> %%.done:
    45                              <1>  pop si
    46                              <1> %endif
  4547 00003144 5A                          pop     edx
  4548 00003145 58                          pop     eax
  4549 00003146 5B                          pop     ebx
  4550                                      ; 4. RxConfig (RCR 0x44, 32-bit): accept all frame types, 8K ring, WRAP enabled
  4551                                      ;    RCR register is at offset 0x44 (NOT 0x08 which is multicast MAR).
  4552                                      ;    32-bit layout:
  4553                                      ;      bit 0 (AAP)=1     — Accept All Packets (promiscuous, catch everything from SLIRP)
  4554                                      ;      bit 1 (APM)=1     — Accept Physical Match (our MAC)
  4555                                      ;      bit 2 (AM)=1      — Accept Multicast
  4556                                      ;      bit 3 (AB)=1      — Accept Broadcast
  4557                                      ;      bit 4 (AR)=1      — Accept Runt
  4558                                      ;      bits 13-14=00     — RBLEN=8K ring
  4559                                      ;      bit 15 (WRAP)=1   — Wrap at end of buffer (critical for ring operation)
  4560                                      ;    RCR = 0x8000 | 0x01 | 0x02 | 0x04 | 0x08 | 0x10 = 0x0000801F
  4561 00003147 53                          push    ebx
  4562 00003148 BB1F800000                  mov     ebx, 0x0000801F     ; RCR: AAP|APM|AM|AB|AR + WRAP + RBLEN=00 (8K)
  4563 0000314D B044                        mov     al, 0x44
  4564 0000314F E82AFCFFFF                  call    rtl8139_wr_d
  4565                                      ; Verify RCR write via direct 32-bit I/O read-back
  4566 00003154 668B15[4EB40000]            mov     dx, word [nic_base]
  4567 0000315B 6683C244                    add     dx, 0x44
  4568 0000315F 31C0                        xor     eax, eax
  4569 00003161 ED                          in      eax, dx
  4570 00003162 50                          push    eax
  4571                                      dbg_puts "[A4X] RCR readback=", 0
    21 00003163 EB14                <1>  jmp %%skip
    22 00003165 5B4134585D20524352- <1> %%str db %1
    22 0000316E 20726561646261636B- <1>
    22 00003177 3D00                <1>
    23                              <1> %%skip:
    24                              <1> %if __BITS__ == 32
    25 00003179 56                  <1>  push esi
    26 0000317A BE[65310000]        <1>  mov esi, %%str
    27                              <1> %%.loop:
    28 0000317F AC                  <1>  lodsb
    29 00003180 08C0                <1>  or al, al
    30 00003182 7404                <1>  jz %%.done
    31 00003184 E6E9                <1>  out 0xE9, al
    32 00003186 EBF7                <1>  jmp %%.loop
    33                              <1> %%.done:
    34 00003188 5E                  <1>  pop esi
    35                              <1> %else
    36                              <1>  push si
    37                              <1>  mov si, %%str
    38                              <1> %%.loop:
    39                              <1>  lodsb
    40                              <1>  or al, al
    41                              <1>  jz %%.done
    42                              <1>  out 0xE9, al
    43                              <1>  jmp %%.loop
    44                              <1> %%.done:
    45                              <1>  pop si
    46                              <1> %endif
  4572 00003189 58                          pop     eax
  4573 0000318A E8F5030000                  call    dbg_print_eax_hex
  4574                                      dbg_puts 13, 10, 0
    21 0000318F EB03                <1>  jmp %%skip
    22 00003191 0D0A00              <1> %%str db %1
    23                              <1> %%skip:
    24                              <1> %if __BITS__ == 32
    25 00003194 56                  <1>  push esi
    26 00003195 BE[91310000]        <1>  mov esi, %%str
    27                              <1> %%.loop:
    28 0000319A AC                  <1>  lodsb
    29 0000319B 08C0                <1>  or al, al
    30 0000319D 7404                <1>  jz %%.done
    31 0000319F E6E9                <1>  out 0xE9, al
    32 000031A1 EBF7                <1>  jmp %%.loop
    33                              <1> %%.done:
    34 000031A3 5E                  <1>  pop esi
    35                              <1> %else
    36                              <1>  push si
    37                              <1>  mov si, %%str
    38                              <1> %%.loop:
    39                              <1>  lodsb
    40                              <1>  or al, al
    41                              <1>  jz %%.done
    42                              <1>  out 0xE9, al
    43                              <1>  jmp %%.loop
    44                              <1> %%.done:
    45                              <1>  pop si
    46                              <1> %endif
  4575 000031A4 5B                          pop     ebx
  4576                                      ; Lock Cfg9346 back to 0x00 to commit config registers.
  4577                                      ;   This lock transition is what makes QEMU's RTL8139 model update its
  4578                                      ;   internal RX filter state (MAC match, RCR accept mask) from the
  4579                                      ;   register file to the active receive filter logic.
  4580 000031A5 B050                        mov     al, 0x50
  4581 000031A7 B400                        mov     ah, 0x00
  4582 000031A9 E861FBFFFF                  call    rtl8139_wr
  4583                                      ; 5. TxConfig (TCR 0x40, 4 bytes): Tx DMA unlimited + IFG normal
  4584 000031AE 53                          push    ebx
  4585 000031AF BB07000000                  mov     ebx, 0x00000007     ; MXDMA = Unlimited
  4586 000031B4 B040                        mov     al, 0x40
  4587 000031B6 E8C3FBFFFF                  call    rtl8139_wr_d
  4588 000031BB 5B                          pop     ebx
  4589                                      ; 6. Set up TX buffer addresses at TSAD0-3 (offsets 0x20,0x24,0x28,0x2C).
  4590                                      ;    QEMU's RTL8139 requires rotating TX descriptors: each TX must use a
  4591                                      ;    different descriptor (TSAD0→1→2→3→0) because rtl8139_transmit_one()
  4592                                      ;    refuses to retransmit on a descriptor still marked TxHostOwns (0x2000).
  4593                                      ;    All four point to the same rtl8139_tx_buf since we copy each frame
  4594                                      ;    there immediately before sending.
  4595 000031BC 53                          push    ebx
  4596 000031BD BB[00C40000]                mov     ebx, rtl8139_tx_buf
  4597 000031C2 B020                        mov     al, 0x20
  4598 000031C4 E8B5FBFFFF                  call    rtl8139_wr_d
  4599 000031C9 B024                        mov     al, 0x24
  4600 000031CB E8AEFBFFFF                  call    rtl8139_wr_d
  4601 000031D0 B028                        mov     al, 0x28
  4602 000031D2 E8A7FBFFFF                  call    rtl8139_wr_d
  4603 000031D7 B02C                        mov     al, 0x2C
  4604 000031D9 E8A0FBFFFF                  call    rtl8139_wr_d
  4605                                      dbg_puts "[A4X] TSAD0-3=tx_buf set (4 TX descriptors for rotation)", 13, 10, 0
    21 000031DE EB3B                <1>  jmp %%skip
    22 000031E0 5B4134585D20545341- <1> %%str db %1
    22 000031E9 44302D333D74785F62- <1>
    22 000031F2 756620736574202834- <1>
    22 000031FB 205458206465736372- <1>
    22 00003204 6970746F727320666F- <1>
    22 0000320D 7220726F746174696F- <1>
    22 00003216 6E290D0A00          <1>
    23                              <1> %%skip:
    24                              <1> %if __BITS__ == 32
    25 0000321B 56                  <1>  push esi
    26 0000321C BE[E0310000]        <1>  mov esi, %%str
    27                              <1> %%.loop:
    28 00003221 AC                  <1>  lodsb
    29 00003222 08C0                <1>  or al, al
    30 00003224 7404                <1>  jz %%.done
    31 00003226 E6E9                <1>  out 0xE9, al
    32 00003228 EBF7                <1>  jmp %%.loop
    33                              <1> %%.done:
    34 0000322A 5E                  <1>  pop esi
    35                              <1> %else
    36                              <1>  push si
    37                              <1>  mov si, %%str
    38                              <1> %%.loop:
    39                              <1>  lodsb
    40                              <1>  or al, al
    41                              <1>  jz %%.done
    42                              <1>  out 0xE9, al
    43                              <1>  jmp %%.loop
    44                              <1> %%.done:
    45                              <1>  pop si
    46                              <1> %endif
  4606 0000322B 5B                          pop     ebx
  4607                                      ; 7. Set up RX buffer address at RBSTART = 0x30-0x33 (4 bytes, 256-byte aligned, 8K)
  4608 0000322C 53                          push    ebx
  4609 0000322D BB[00CC0000]                mov     ebx, rtl8139_rx_buf
  4610 00003232 B030                        mov     al, 0x30
  4611 00003234 E845FBFFFF                  call    rtl8139_wr_d
  4612                                      ; Verify RBSTART was written
  4613 00003239 B030                        mov     al, 0x30
  4614 0000323B E856FBFFFF                  call    rtl8139_rd_d
  4615 00003240 53                          push    ebx
  4616 00003241 50                          push    eax
  4617                                      dbg_puts "[A4X] RBSTART=", 0
    21 00003242 EB0F                <1>  jmp %%skip
    22 00003244 5B4134585D20524253- <1> %%str db %1
    22 0000324D 544152543D00        <1>
    23                              <1> %%skip:
    24                              <1> %if __BITS__ == 32
    25 00003253 56                  <1>  push esi
    26 00003254 BE[44320000]        <1>  mov esi, %%str
    27                              <1> %%.loop:
    28 00003259 AC                  <1>  lodsb
    29 0000325A 08C0                <1>  or al, al
    30 0000325C 7404                <1>  jz %%.done
    31 0000325E E6E9                <1>  out 0xE9, al
    32 00003260 EBF7                <1>  jmp %%.loop
    33                              <1> %%.done:
    34 00003262 5E                  <1>  pop esi
    35                              <1> %else
    36                              <1>  push si
    37                              <1>  mov si, %%str
    38                              <1> %%.loop:
    39                              <1>  lodsb
    40                              <1>  or al, al
    41                              <1>  jz %%.done
    42                              <1>  out 0xE9, al
    43                              <1>  jmp %%.loop
    44                              <1> %%.done:
    45                              <1>  pop si
    46                              <1> %endif
  4618 00003263 89D8                        mov     eax, ebx
  4619 00003265 E81A030000                  call    dbg_print_eax_hex
  4620                                      dbg_puts " (rx_buf=", 0
    21 0000326A EB0A                <1>  jmp %%skip
    22 0000326C 202872785F6275663D- <1> %%str db %1
    22 00003275 00                  <1>
    23                              <1> %%skip:
    24                              <1> %if __BITS__ == 32
    25 00003276 56                  <1>  push esi
    26 00003277 BE[6C320000]        <1>  mov esi, %%str
    27                              <1> %%.loop:
    28 0000327C AC                  <1>  lodsb
    29 0000327D 08C0                <1>  or al, al
    30 0000327F 7404                <1>  jz %%.done
    31 00003281 E6E9                <1>  out 0xE9, al
    32 00003283 EBF7                <1>  jmp %%.loop
    33                              <1> %%.done:
    34 00003285 5E                  <1>  pop esi
    35                              <1> %else
    36                              <1>  push si
    37                              <1>  mov si, %%str
    38                              <1> %%.loop:
    39                              <1>  lodsb
    40                              <1>  or al, al
    41                              <1>  jz %%.done
    42                              <1>  out 0xE9, al
    43                              <1>  jmp %%.loop
    44                              <1> %%.done:
    45                              <1>  pop si
    46                              <1> %endif
  4621 00003286 B8[00CC0000]                mov     eax, rtl8139_rx_buf
  4622 0000328B E8F4020000                  call    dbg_print_eax_hex
  4623                                      dbg_puts ")", 13, 10, 0
    21 00003290 EB04                <1>  jmp %%skip
    22 00003292 290D0A00            <1> %%str db %1
    23                              <1> %%skip:
    24                              <1> %if __BITS__ == 32
    25 00003296 56                  <1>  push esi
    26 00003297 BE[92320000]        <1>  mov esi, %%str
    27                              <1> %%.loop:
    28 0000329C AC                  <1>  lodsb
    29 0000329D 08C0                <1>  or al, al
    30 0000329F 7404                <1>  jz %%.done
    31 000032A1 E6E9                <1>  out 0xE9, al
    32 000032A3 EBF7                <1>  jmp %%.loop
    33                              <1> %%.done:
    34 000032A5 5E                  <1>  pop esi
    35                              <1> %else
    36                              <1>  push si
    37                              <1>  mov si, %%str
    38                              <1> %%.loop:
    39                              <1>  lodsb
    40                              <1>  or al, al
    41                              <1>  jz %%.done
    42                              <1>  out 0xE9, al
    43                              <1>  jmp %%.loop
    44                              <1> %%.done:
    45                              <1>  pop si
    46                              <1> %endif
  4624 000032A6 58                          pop     eax
  4625 000032A7 5B                          pop     ebx
  4626 000032A8 5B                          pop     ebx
  4627                                      ; 8. Initialize CAPR + CBR (offsets 0x38-0x3B, 32-bit register pair).
  4628                                      ;    RTL8139 groups CAPR (0x38-0x39, Current Address of Packet Read) and
  4629                                      ;    CBR (0x3A-0x3B, Current Buffer Read) as a single 32-bit register.
  4630                                      ;    Some QEMU builds only accept 32-bit writes to this pair — 8-bit or
  4631                                      ;    16-bit writes silently drop the low byte, leaving CAPR at wrong value.
  4632                                      ;    CAPR = 0xFFF0 means read pos = (0xFFF0 + 0x10) % 8K = 0 (ring start).
  4633                                      ;    CBR = 0xFFF0 (copy of CAPR, written same value for safety).
  4634                                      ;    32-bit layout (LE): bits [15:0] = CAPR, bits [31:16] = CBR.
  4635 000032A9 53                          push    ebx
  4636 000032AA BBF0FFF0FF                  mov     ebx, 0xFFF0FFF0     ; CAPR=0xFFF0 (read_pos=(0xFFF0+0x10)%8K=0), CBR=0xFFF0
  4637 000032AF B038                        mov     al, 0x38
  4638 000032B1 E8C8FAFFFF                  call    rtl8139_wr_d
  4639 000032B6 5B                          pop     ebx
  4640                                      ; Verify CAPR via 32-bit read (0x38)
  4641 000032B7 B038                        mov     al, 0x38
  4642 000032B9 E8D8FAFFFF                  call    rtl8139_rd_d        ; ebx = CBR:CAPR
  4643 000032BE 50                          push    eax
  4644 000032BF 53                          push    ebx
  4645                                      dbg_puts "[A4X] CAPR=", 0
    21 000032C0 EB0C                <1>  jmp %%skip
    22 000032C2 5B4134585D20434150- <1> %%str db %1
    22 000032CB 523D00              <1>
    23                              <1> %%skip:
    24                              <1> %if __BITS__ == 32
    25 000032CE 56                  <1>  push esi
    26 000032CF BE[C2320000]        <1>  mov esi, %%str
    27                              <1> %%.loop:
    28 000032D4 AC                  <1>  lodsb
    29 000032D5 08C0                <1>  or al, al
    30 000032D7 7404                <1>  jz %%.done
    31 000032D9 E6E9                <1>  out 0xE9, al
    32 000032DB EBF7                <1>  jmp %%.loop
    33                              <1> %%.done:
    34 000032DD 5E                  <1>  pop esi
    35                              <1> %else
    36                              <1>  push si
    37                              <1>  mov si, %%str
    38                              <1> %%.loop:
    39                              <1>  lodsb
    40                              <1>  or al, al
    41                              <1>  jz %%.done
    42                              <1>  out 0xE9, al
    43                              <1>  jmp %%.loop
    44                              <1> %%.done:
    45                              <1>  pop si
    46                              <1> %endif
  4646 000032DE 0FB7C3                      movzx   eax, bx             ; low 16-bit = CAPR
  4647 000032E1 E89E020000                  call    dbg_print_eax_hex
  4648                                      dbg_puts " CBR=", 0
    21 000032E6 EB06                <1>  jmp %%skip
    22 000032E8 204342523D00        <1> %%str db %1
    23                              <1> %%skip:
    24                              <1> %if __BITS__ == 32
    25 000032EE 56                  <1>  push esi
    26 000032EF BE[E8320000]        <1>  mov esi, %%str
    27                              <1> %%.loop:
    28 000032F4 AC                  <1>  lodsb
    29 000032F5 08C0                <1>  or al, al
    30 000032F7 7404                <1>  jz %%.done
    31 000032F9 E6E9                <1>  out 0xE9, al
    32 000032FB EBF7                <1>  jmp %%.loop
    33                              <1> %%.done:
    34 000032FD 5E                  <1>  pop esi
    35                              <1> %else
    36                              <1>  push si
    37                              <1>  mov si, %%str
    38                              <1> %%.loop:
    39                              <1>  lodsb
    40                              <1>  or al, al
    41                              <1>  jz %%.done
    42                              <1>  out 0xE9, al
    43                              <1>  jmp %%.loop
    44                              <1> %%.done:
    45                              <1>  pop si
    46                              <1> %endif
  4649 000032FE C1EB10                      shr     ebx, 16             ; high 16-bit = CBR
  4650 00003301 89D8                        mov     eax, ebx
  4651 00003303 E87C020000                  call    dbg_print_eax_hex
  4652                                      dbg_puts 13, 10, 0
    21 00003308 EB03                <1>  jmp %%skip
    22 0000330A 0D0A00              <1> %%str db %1
    23                              <1> %%skip:
    24                              <1> %if __BITS__ == 32
    25 0000330D 56                  <1>  push esi
    26 0000330E BE[0A330000]        <1>  mov esi, %%str
    27                              <1> %%.loop:
    28 00003313 AC                  <1>  lodsb
    29 00003314 08C0                <1>  or al, al
    30 00003316 7404                <1>  jz %%.done
    31 00003318 E6E9                <1>  out 0xE9, al
    32 0000331A EBF7                <1>  jmp %%.loop
    33                              <1> %%.done:
    34 0000331C 5E                  <1>  pop esi
    35                              <1> %else
    36                              <1>  push si
    37                              <1>  mov si, %%str
    38                              <1> %%.loop:
    39                              <1>  lodsb
    40                              <1>  or al, al
    41                              <1>  jz %%.done
    42                              <1>  out 0xE9, al
    43                              <1>  jmp %%.loop
    44                              <1> %%.done:
    45                              <1>  pop si
    46                              <1> %endif
  4653 0000331D 5B                          pop     ebx
  4654 0000331E 58                          pop     eax
  4655                                      ; 9. Clear ISR flags at 0x3E (write 1 to clear) - clear all pending interrupts.
  4656                                      ;    Use 16-bit write for QEMU reliability (ISR is 16-bit register).
  4657 0000331F B03E                        mov     al, 0x3E
  4658 00003321 66BBFFFF                    mov     bx, 0xFFFF
  4659 00003325 E817FAFFFF                  call    rtl8139_wr_w
  4660                                      ; 9b. IMR not needed: eth_rx polls the ring buffer directly (Method 2).
  4661                                      ;     Enabling IMR causes QEMU to raise interrupts that interfere with the CPU
  4662                                      ;     (no IDT handler for the PCI IRQ line). Leave IMR at default 0.
  4663                                      ; 10. Enable TX + RX via CR (offset 0x37).
  4664                                      ;     RTL8139 CR bit assignments (matching Linux 8139too.c driver):
  4665                                      ;       bit 0 = RxBufEmpty (self-clearing), bit 2 = TE (0x04), bit 3 = RE (0x08), bit 4 = RST (0x10)
  4666                                      ;     CR = 0x0C = TE(0x04) | RE(0x08).  RST(bit4) MUST be 0 after reset completes.
  4667                                      ;     NOTE: Earlier code used 0x06 (bits 1+2) which only set TE, NOT RE — RX was never enabled!
  4668 0000332A B903000000                  mov     ecx, 3
  4669                                  .cr_retry:
  4670 0000332F 668B15[4EB40000]            mov     dx, word [nic_base]
  4671 00003336 6683C237                    add     dx, 0x37
  4672 0000333A B00C                        mov     al, 0x0C            ; TE(0x04) | RE(0x08) = TX and RX enabled
  4673 0000333C EE                          out     dx, al
  4674                                      ; Short settle delay
  4675 0000333D 51                          push    ecx
  4676 0000333E B9F4010000                  mov     ecx, 500
  4677                                  .cr_d1:
  4678 00003343 49                          dec     ecx
  4679 00003344 75FD                        jnz     .cr_d1
  4680 00003346 59                          pop     ecx
  4681                                      ; Read back and verify both TE and RE are set
  4682 00003347 668B15[4EB40000]            mov     dx, word [nic_base]
  4683 0000334E 6683C237                    add     dx, 0x37
  4684 00003352 EC                          in      al, dx
  4685 00003353 240C                        and     al, 0x0C            ; mask only TE(0x04) and RE(0x08) bits
  4686 00003355 3C0C                        cmp     al, 0x0C
  4687 00003357 7403                        je      .cr_ok
  4688 00003359 49                          dec     ecx
  4689 0000335A 75D3                        jnz     .cr_retry
  4690                                  .cr_ok:
  4691                                      ; Read CR again with full value for debug display
  4692 0000335C 668B15[4EB40000]            mov     dx, word [nic_base]
  4693 00003363 6683C237                    add     dx, 0x37
  4694 00003367 EC                          in      al, dx
  4695 00003368 88C3                        mov     bl, al              ; save CR value
  4696                                      dbg_puts "[A4X] RTL8139 CR readback=0x", 0
    21 0000336A EB1D                <1>  jmp %%skip
    22 0000336C 5B4134585D2052544C- <1> %%str db %1
    22 00003375 383133392043522072- <1>
    22 0000337E 6561646261636B3D30- <1>
    22 00003387 7800                <1>
    23                              <1> %%skip:
    24                              <1> %if __BITS__ == 32
    25 00003389 56                  <1>  push esi
    26 0000338A BE[6C330000]        <1>  mov esi, %%str
    27                              <1> %%.loop:
    28 0000338F AC                  <1>  lodsb
    29 00003390 08C0                <1>  or al, al
    30 00003392 7404                <1>  jz %%.done
    31 00003394 E6E9                <1>  out 0xE9, al
    32 00003396 EBF7                <1>  jmp %%.loop
    33                              <1> %%.done:
    34 00003398 5E                  <1>  pop esi
    35                              <1> %else
    36                              <1>  push si
    37                              <1>  mov si, %%str
    38                              <1> %%.loop:
    39                              <1>  lodsb
    40                              <1>  or al, al
    41                              <1>  jz %%.done
    42                              <1>  out 0xE9, al
    43                              <1>  jmp %%.loop
    44                              <1> %%.done:
    45                              <1>  pop si
    46                              <1> %endif
  4697 00003399 88D8                        mov     al, bl
  4698                                      dbg_hex8
    59 0000339B 6650                <1>  push ax
    60 0000339D 88C4                <1>  mov ah, al
    61 0000339F C0E804              <1>  shr al, 4
    62 000033A2 E80D000000          <1>  call %%hex_nibble
    63 000033A7 88E0                <1>  mov al, ah
    64 000033A9 240F                <1>  and al, 0x0F
    65 000033AB E804000000          <1>  call %%hex_nibble
    66 000033B0 6658                <1>  pop ax
    67 000033B2 EB0B                <1>  jmp %%done
    68                              <1> %%hex_nibble:
    69 000033B4 0430                <1>  add al, '0'
    70 000033B6 3C39                <1>  cmp al, '9'
    71 000033B8 7602                <1>  jbe %%ok
    72 000033BA 0407                <1>  add al, 7
    73                              <1> %%ok:
    74 000033BC E6E9                <1>  out 0xE9, al
    75 000033BE C3                  <1>  ret
    76                              <1> %%done:
  4699                                      dbg_nl
    51 000033BF B00D                <1>  mov al, 13
    52 000033C1 E6E9                <1>  out 0xE9, al
    53 000033C3 B00A                <1>  mov al, 10
    54 000033C5 E6E9                <1>  out 0xE9, al
  4700                                      dbg_puts "[A4X] RTL8139 init CR=0C TX+RX on (TE|RE, no RST)", 13, 10, 0
    21 000033C7 EB34                <1>  jmp %%skip
    22 000033C9 5B4134585D2052544C- <1> %%str db %1
    22 000033D2 3831333920696E6974- <1>
    22 000033DB 2043523D3043205458- <1>
    22 000033E4 2B5258206F6E202854- <1>
    22 000033ED 457C52452C206E6F20- <1>
    22 000033F6 525354290D0A00      <1>
    23                              <1> %%skip:
    24                              <1> %if __BITS__ == 32
    25 000033FD 56                  <1>  push esi
    26 000033FE BE[C9330000]        <1>  mov esi, %%str
    27                              <1> %%.loop:
    28 00003403 AC                  <1>  lodsb
    29 00003404 08C0                <1>  or al, al
    30 00003406 7404                <1>  jz %%.done
    31 00003408 E6E9                <1>  out 0xE9, al
    32 0000340A EBF7                <1>  jmp %%.loop
    33                              <1> %%.done:
    34 0000340C 5E                  <1>  pop esi
    35                              <1> %else
    36                              <1>  push si
    37                              <1>  mov si, %%str
    38                              <1> %%.loop:
    39                              <1>  lodsb
    40                              <1>  or al, al
    41                              <1>  jz %%.done
    42                              <1>  out 0xE9, al
    43                              <1>  jmp %%.loop
    44                              <1> %%.done:
    45                              <1>  pop si
    46                              <1> %endif
  4701                                      ; 11. Re-write CAPR+CBR AFTER CR TE/RE enable using direct inline I/O.
  4702                                      ;     The helper functions rtl8139_wr_d / rtl8139_wr_w silently fail on some QEMU
  4703                                      ;     builds for the CAPR/CBR pair (0x38-0x3B) even though they work for other regs.
  4704                                      ;     Use a direct 32-bit `out dx, eax` first (native dword I/O).  If that reads
  4705                                      ;     back as 0, fall back to FOUR 8-bit writes (one per byte at 0x38..0x3B).
  4706                                      ;     CAPR must be 0xFFF0 so QEMU sees the full RX ring as free, otherwise the
  4707                                      ;     60-byte ARP broadcast from SLIRP is rejected (needs 64+ bytes free space).
  4708 0000340D 53                          push    ebx
  4709 0000340E 51                          push    ecx
  4710 0000340F 50                          push    eax
  4711 00003410 52                          push    edx
  4712                                      ; Try direct 32-bit write to 0x38: bits [15:0]=CAPR, [31:16]=CBR
  4713 00003411 668B15[4EB40000]            mov     dx, word [nic_base]
  4714 00003418 6683C238                    add     dx, 0x38
  4715 0000341C B8F0FFF0FF                  mov     eax, 0xFFF0FFF0     ; CAPR=0xFFF0 (read_pos=(0xFFF0+0x10)%8K=0), CBR=0xFFF0
  4716 00003421 EF                          out     dx, eax
  4717                                      ; Small settle delay
  4718 00003422 B9C8000000                  mov     ecx, 200
  4719                                  .capr_w1:
  4720 00003427 49                          dec     ecx
  4721 00003428 75FD                        jnz     .capr_w1
  4722                                      ; Read back directly via 32-bit I/O
  4723 0000342A 668B15[4EB40000]            mov     dx, word [nic_base]
  4724 00003431 6683C238                    add     dx, 0x38
  4725 00003435 31C0                        xor     eax, eax
  4726 00003437 ED                          in      eax, dx
  4727 00003438 85C0                        test    eax, eax
  4728 0000343A 7527                        jnz     .capr_write_ok          ; 32-bit worked, skip fallback
  4729                                      ; FALLBACK: FOUR 8-bit writes to offsets 0x38, 0x39, 0x3A, 0x3B
  4730                                      ; CAPR low = 0xF0 (0x38), CAPR high = 0xFF (0x39),
  4731                                      ; CBR low = 0xF0 (0x3A), CBR high = 0xFF (0x3B)
  4732 0000343C B4F0                        mov     ah, 0xF0
  4733 0000343E 668B15[4EB40000]            mov     dx, word [nic_base]
  4734 00003445 6683C238                    add     dx, 0x38
  4735 00003449 88E0                        mov     al, ah
  4736 0000344B EE                          out     dx, al                  ; 0x38 = 0xF0 (CAPR low)
  4737 0000344C 6642                        inc     dx
  4738 0000344E B0FF                        mov     al, 0xFF
  4739 00003450 EE                          out     dx, al                  ; 0x39 = 0xFF (CAPR high)
  4740 00003451 6642                        inc     dx
  4741 00003453 B0F0                        mov     al, 0xF0
  4742 00003455 EE                          out     dx, al                  ; 0x3A = 0xF0 (CBR low)
  4743 00003456 6642                        inc     dx
  4744 00003458 B0FF                        mov     al, 0xFF
  4745 0000345A EE                          out     dx, al                  ; 0x3B = 0xFF (CBR high)
  4746 0000345B B9C8000000                  mov     ecx, 200
  4747                                  .capr_w2:
  4748 00003460 49                          dec     ecx
  4749 00003461 75FD                        jnz     .capr_w2
  4750                                  .capr_write_ok:
  4751                                      ; Verify via direct 32-bit in
  4752 00003463 668B15[4EB40000]            mov     dx, word [nic_base]
  4753 0000346A 6683C238                    add     dx, 0x38
  4754 0000346E 31C0                        xor     eax, eax
  4755 00003470 ED                          in      eax, dx
  4756 00003471 89C3                        mov     ebx, eax                ; save for display
  4757 00003473 5A                          pop     edx
  4758 00003474 58                          pop     eax                     ; restore scratch eax (careful: ebx holds value)
  4759 00003475 50                          push    eax
  4760 00003476 52                          push    edx
  4761                                      dbg_puts "[A4X] post-CR CAPR=", 0
    21 00003477 EB14                <1>  jmp %%skip
    22 00003479 5B4134585D20706F73- <1> %%str db %1
    22 00003482 742D43522043415052- <1>
    22 0000348B 3D00                <1>
    23                              <1> %%skip:
    24                              <1> %if __BITS__ == 32
    25 0000348D 56                  <1>  push esi
    26 0000348E BE[79340000]        <1>  mov esi, %%str
    27                              <1> %%.loop:
    28 00003493 AC                  <1>  lodsb
    29 00003494 08C0                <1>  or al, al
    30 00003496 7404                <1>  jz %%.done
    31 00003498 E6E9                <1>  out 0xE9, al
    32 0000349A EBF7                <1>  jmp %%.loop
    33                              <1> %%.done:
    34 0000349C 5E                  <1>  pop esi
    35                              <1> %else
    36                              <1>  push si
    37                              <1>  mov si, %%str
    38                              <1> %%.loop:
    39                              <1>  lodsb
    40                              <1>  or al, al
    41                              <1>  jz %%.done
    42                              <1>  out 0xE9, al
    43                              <1>  jmp %%.loop
    44                              <1> %%.done:
    45                              <1>  pop si
    46                              <1> %endif
  4762 0000349D 0FB7C3                      movzx   eax, bx
  4763 000034A0 E8DF000000                  call    dbg_print_eax_hex
  4764                                      dbg_puts " CBR=", 0
    21 000034A5 EB06                <1>  jmp %%skip
    22 000034A7 204342523D00        <1> %%str db %1
    23                              <1> %%skip:
    24                              <1> %if __BITS__ == 32
    25 000034AD 56                  <1>  push esi
    26 000034AE BE[A7340000]        <1>  mov esi, %%str
    27                              <1> %%.loop:
    28 000034B3 AC                  <1>  lodsb
    29 000034B4 08C0                <1>  or al, al
    30 000034B6 7404                <1>  jz %%.done
    31 000034B8 E6E9                <1>  out 0xE9, al
    32 000034BA EBF7                <1>  jmp %%.loop
    33                              <1> %%.done:
    34 000034BC 5E                  <1>  pop esi
    35                              <1> %else
    36                              <1>  push si
    37                              <1>  mov si, %%str
    38                              <1> %%.loop:
    39                              <1>  lodsb
    40                              <1>  or al, al
    41                              <1>  jz %%.done
    42                              <1>  out 0xE9, al
    43                              <1>  jmp %%.loop
    44                              <1> %%.done:
    45                              <1>  pop si
    46                              <1> %endif
  4765 000034BD C1EB10                      shr     ebx, 16
  4766 000034C0 89D8                        mov     eax, ebx
  4767 000034C2 E8BD000000                  call    dbg_print_eax_hex
  4768                                      dbg_puts 13, 10, 0
    21 000034C7 EB03                <1>  jmp %%skip
    22 000034C9 0D0A00              <1> %%str db %1
    23                              <1> %%skip:
    24                              <1> %if __BITS__ == 32
    25 000034CC 56                  <1>  push esi
    26 000034CD BE[C9340000]        <1>  mov esi, %%str
    27                              <1> %%.loop:
    28 000034D2 AC                  <1>  lodsb
    29 000034D3 08C0                <1>  or al, al
    30 000034D5 7404                <1>  jz %%.done
    31 000034D7 E6E9                <1>  out 0xE9, al
    32 000034D9 EBF7                <1>  jmp %%.loop
    33                              <1> %%.done:
    34 000034DB 5E                  <1>  pop esi
    35                              <1> %else
    36                              <1>  push si
    37                              <1>  mov si, %%str
    38                              <1> %%.loop:
    39                              <1>  lodsb
    40                              <1>  or al, al
    41                              <1>  jz %%.done
    42                              <1>  out 0xE9, al
    43                              <1>  jmp %%.loop
    44                              <1> %%.done:
    45                              <1>  pop si
    46                              <1> %endif
  4769 000034DC 5A                          pop     edx
  4770 000034DD 58                          pop     eax
  4771 000034DE 59                          pop     ecx
  4772 000034DF 5B                          pop     ebx
  4773                                      dbg_puts "[A4X] RTL8139 initialized OK", 13, 10, 0
    21 000034E0 EB1F                <1>  jmp %%skip
    22 000034E2 5B4134585D2052544C- <1> %%str db %1
    22 000034EB 3831333920696E6974- <1>
    22 000034F4 69616C697A6564204F- <1>
    22 000034FD 4B0D0A00            <1>
    23                              <1> %%skip:
    24                              <1> %if __BITS__ == 32
    25 00003501 56                  <1>  push esi
    26 00003502 BE[E2340000]        <1>  mov esi, %%str
    27                              <1> %%.loop:
    28 00003507 AC                  <1>  lodsb
    29 00003508 08C0                <1>  or al, al
    30 0000350A 7404                <1>  jz %%.done
    31 0000350C E6E9                <1>  out 0xE9, al
    32 0000350E EBF7                <1>  jmp %%.loop
    33                              <1> %%.done:
    34 00003510 5E                  <1>  pop esi
    35                              <1> %else
    36                              <1>  push si
    37                              <1>  mov si, %%str
    38                              <1> %%.loop:
    39                              <1>  lodsb
    40                              <1>  or al, al
    41                              <1>  jz %%.done
    42                              <1>  out 0xE9, al
    43                              <1>  jmp %%.loop
    44                              <1> %%.done:
    45                              <1>  pop si
    46                              <1> %endif
  4774 00003511 EB42                        jmp     .net_ret
  4775                                  .net_idone:
  4776 00003513 803D[52B40000]01            cmp     byte [nic_type], 1
  4777 0000351A 7439                        je      .net_ret
  4778                                      dbg_puts "[A4X] net_init: no RTL8139 NIC found", 13, 10, 0
    21 0000351C EB27                <1>  jmp %%skip
    22 0000351E 5B4134585D206E6574- <1> %%str db %1
    22 00003527 5F696E69743A206E6F- <1>
    22 00003530 2052544C3831333920- <1>
    22 00003539 4E494320666F756E64- <1>
    22 00003542 0D0A00              <1>
    23                              <1> %%skip:
    24                              <1> %if __BITS__ == 32
    25 00003545 56                  <1>  push esi
    26 00003546 BE[1E350000]        <1>  mov esi, %%str
    27                              <1> %%.loop:
    28 0000354B AC                  <1>  lodsb
    29 0000354C 08C0                <1>  or al, al
    30 0000354E 7404                <1>  jz %%.done
    31 00003550 E6E9                <1>  out 0xE9, al
    32 00003552 EBF7                <1>  jmp %%.loop
    33                              <1> %%.done:
    34 00003554 5E                  <1>  pop esi
    35                              <1> %else
    36                              <1>  push si
    37                              <1>  mov si, %%str
    38                              <1> %%.loop:
    39                              <1>  lodsb
    40                              <1>  or al, al
    41                              <1>  jz %%.done
    42                              <1>  out 0xE9, al
    43                              <1>  jmp %%.loop
    44                              <1> %%.done:
    45                              <1>  pop si
    46                              <1> %endif
  4779                                  .net_ret:
  4780 00003555 5F                          pop     edi
  4781 00003556 5A                          pop     edx
  4782 00003557 59                          pop     ecx
  4783 00003558 5B                          pop     ebx
  4784 00003559 C3                          ret
  4785                                  
  4786                                  ; ============================================================================
  4787                                  ; dbg_putal_hex — print AL as 2 hex digits to port 0xE9
  4788                                  ; ============================================================================
  4789                                  dbg_putal_hex:
  4790 0000355A 50                          push    eax
  4791 0000355B 51                          push    ecx
  4792 0000355C 88C4                        mov     ah, al
  4793 0000355E B904000000                  mov     ecx, 4
  4794                                      ; high nibble
  4795 00003563 88E0                        mov     al, ah
  4796 00003565 D2E8                        shr     al, cl
  4797 00003567 240F                        and     al, 0x0F
  4798 00003569 0430                        add     al, '0'
  4799 0000356B 3C39                        cmp     al, '9'
  4800 0000356D 7602                        jbe     .pah_h
  4801 0000356F 0407                        add     al, 7
  4802                                  .pah_h:
  4803 00003571 E6E9                        out     0xE9, al
  4804                                      ; low nibble
  4805 00003573 88E0                        mov     al, ah
  4806 00003575 240F                        and     al, 0x0F
  4807 00003577 0430                        add     al, '0'
  4808 00003579 3C39                        cmp     al, '9'
  4809 0000357B 7602                        jbe     .pah_l
  4810 0000357D 0407                        add     al, 7
  4811                                  .pah_l:
  4812 0000357F E6E9                        out     0xE9, al
  4813 00003581 59                          pop     ecx
  4814 00003582 58                          pop     eax
  4815 00003583 C3                          ret
  4816                                  
  4817                                  ; ============================================================================
  4818                                  ; dbg_print_eax_hex — print EAX as 8 hex digits to port 0xE9
  4819                                  ; ============================================================================
  4820                                  dbg_print_eax_hex:
  4821 00003584 50                          push    eax
  4822 00003585 51                          push    ecx
  4823 00003586 B91C000000                  mov     ecx, 28
  4824                                  .dph_loop:
  4825 0000358B 50                          push    eax
  4826 0000358C D3E8                        shr     eax, cl
  4827 0000358E 83E00F                      and     eax, 0x0F
  4828 00003591 0430                        add     al, '0'
  4829 00003593 3C39                        cmp     al, '9'
  4830 00003595 7602                        jbe     .dph_ok
  4831 00003597 0407                        add     al, 7
  4832                                  .dph_ok:
  4833 00003599 E6E9                        out     0xE9, al
  4834 0000359B 58                          pop     eax
  4835 0000359C 83E904                      sub     ecx, 4
  4836 0000359F 79EA                        jns     .dph_loop
  4837 000035A1 59                          pop     ecx
  4838 000035A2 58                          pop     eax
  4839 000035A3 C3                          ret
  4840                                  
  4841                                  ; ============================================================================
  4842                                  ; dbg_print_eax_dec — print unsigned integer in EAX as decimal to port 0xE9
  4843                                  ;   (suppresses leading zeros, prints at least one '0' if eax == 0)
  4844                                  ; ============================================================================
  4845                                  dbg_print_eax_dec:
  4846 000035A4 50                          push    eax
  4847 000035A5 53                          push    ebx
  4848 000035A6 51                          push    ecx
  4849 000035A7 52                          push    edx
  4850                                      ; Special case: eax == 0, just print '0'
  4851 000035A8 85C0                        test    eax, eax
  4852 000035AA 7506                        jnz     .dpd_count
  4853 000035AC B030                        mov     al, '0'
  4854 000035AE E6E9                        out     0xE9, al
  4855 000035B0 EB20                        jmp     .dpd_d
  4856                                  .dpd_count:
  4857                                      ; Compute decimal digits on stack (push LSD first, pop MSD first)
  4858 000035B2 31C9                        xor     ecx, ecx              ; digit counter
  4859 000035B4 BB0A000000                  mov     ebx, 10               ; divisor
  4860                                  .dpd_div:
  4861 000035B9 85C0                        test    eax, eax
  4862 000035BB 740B                        jz      .dpd_pop
  4863 000035BD 31D2                        xor     edx, edx
  4864 000035BF F7F3                        div     ebx                   ; eax = eax/10, edx = eax%10
  4865 000035C1 80C230                      add     dl, '0'
  4866 000035C4 52                          push    edx
  4867 000035C5 41                          inc     ecx
  4868 000035C6 EBF1                        jmp     .dpd_div
  4869                                  .dpd_pop:
  4870 000035C8 85C9                        test    ecx, ecx
  4871 000035CA 7406                        jz      .dpd_d
  4872 000035CC 58                          pop     eax
  4873 000035CD E6E9                        out     0xE9, al
  4874 000035CF 49                          dec     ecx
  4875 000035D0 EBF6                        jmp     .dpd_pop
  4876                                  .dpd_d:
  4877 000035D2 5A                          pop     edx
  4878 000035D3 59                          pop     ecx
  4879 000035D4 5B                          pop     ebx
  4880 000035D5 58                          pop     eax
  4881 000035D6 C3                          ret
  4882                                  
  4883                                  ; ============================================================================
  4884                                  ; pe_parse — parse PE32 file in pe_download_buf[0..pe_download_len)
  4885                                  ;   IN:  pe_download_buf, pe_download_len
  4886                                  ;   OUT: pe_state = 1 (valid PE32) or 0 (invalid)
  4887                                  ;        fills pe_pCOFF_off, pe_sections, pe_optional_size, pe_entry,
  4888                                  ;        pe_baseofcode, pe_baseofdata, pe_imagebase, pe_sectionalign,
  4889                                  ;        pe_filealign, pe_datadir_off, pe_sectable_off
  4890                                  ;        AL = 1 success, 0 fail
  4891                                  ; ============================================================================
  4892                                  pe_parse:
  4893 000035D7 53                          push    ebx
  4894 000035D8 51                          push    ecx
  4895 000035D9 52                          push    edx
  4896 000035DA 56                          push    esi
  4897 000035DB 57                          push    edi
  4898                                  
  4899                                      ; 1. Check MZ magic (offset 0, word = 0x5A4D)
  4900 000035DC 66A1[1C080100]              mov     ax, [pe_download_buf]
  4901 000035E2 663D4D5A                    cmp     ax, 0x5A4D
  4902 000035E6 0F8517010000                jne     .pp_invalid
  4903                                  
  4904                                      ; 2. Check pe_download_len >= 64 (min PE header)
  4905 000035EC A1[1C080200]                mov     eax, [pe_download_len]
  4906 000035F1 83F840                      cmp     eax, 64
  4907 000035F4 0F8209010000                jb      .pp_invalid
  4908                                  
  4909                                      ; 3. Read e_lfanew (offset 0x3C, dword)
  4910 000035FA A1[58080100]                mov     eax, [pe_download_buf + 0x3C]
  4911                                  
  4912                                      ; e_lfanew must be within file bounds
  4913 000035FF 3B05[1C080200]              cmp     eax, [pe_download_len]
  4914 00003605 0F83F8000000                jae     .pp_invalid
  4915                                  
  4916                                      ; 4. Check PE\0\0 signature (e_lfanew, dword = 0x00004550)
  4917 0000360B 81B8[1C080100]5045-         cmp     dword [pe_download_buf + eax], 0x00004550
  4917 00003613 0000               
  4918 00003615 0F85E8000000                jne     .pp_invalid
  4919                                  
  4920                                      ; eax = e_lfanew. COFF header at e_lfanew + 4
  4921 0000361B 83C004                      add     eax, 4
  4922 0000361E A3[A4030100]                mov     [pe_pCOFF_off], eax
  4923                                  
  4924                                      ; 5. Parse COFF header (+0..+18, 20 bytes)
  4925                                      ;    NumberOfSections at COFF+2 (word)
  4926 00003623 668B98[1E080100]            mov     bx, [pe_download_buf + eax + 2]
  4927 0000362A 66891D[84030100]            mov     [pe_sections], bx
  4928                                      ;    SizeOfOptionalHeader at COFF+16 (word)
  4929 00003631 668B98[2C080100]            mov     bx, [pe_download_buf + eax + 16]
  4930 00003638 66891D[88030100]            mov     [pe_optional_size], bx
  4931                                  
  4932                                      ; 6. Optional Header at COFF+20
  4933 0000363F 83C014                      add     eax, 20
  4934                                      ; Validate Optional Header has enough remaining bytes
  4935 00003642 8B0D[1C080200]              mov     ecx, [pe_download_len]
  4936 00003648 29C1                        sub     ecx, eax
  4937 0000364A 83F960                      cmp     ecx, 96
  4938 0000364D 0F82B0000000                jb      .pp_invalid
  4939                                  
  4940                                      ;    Magic at Optional+0 (word)
  4941 00003653 668B98[1C080100]            mov     bx, [pe_download_buf + eax]
  4942 0000365A 6681FB0B01                  cmp     bx, 0x10B                     ; PE32 magic
  4943 0000365F 0F859E000000                jne     .pp_invalid                   ; don't support PE32+
  4944                                  
  4945                                      ; 7. Parse Optional Header key fields
  4946                                      ;    AddressOfEntryPoint at Optional+16 (dword)
  4947 00003665 8B98[2C080100]              mov     ebx, [pe_download_buf + eax + 16]
  4948 0000366B 891D[80030100]              mov     [pe_entry], ebx
  4949                                      ;    BaseOfCode at Optional+20 (dword)
  4950 00003671 8B98[30080100]              mov     ebx, [pe_download_buf + eax + 20]
  4951 00003677 891D[AA030100]              mov     [pe_baseofcode], ebx
  4952                                      ;    BaseOfData at Optional+24 (dword, PE32 only)
  4953 0000367D 8B98[34080100]              mov     ebx, [pe_download_buf + eax + 24]
  4954 00003683 891D[AE030100]              mov     [pe_baseofdata], ebx
  4955                                      ;    ImageBase at Optional+28 (dword)
  4956 00003689 8B98[38080100]              mov     ebx, [pe_download_buf + eax + 28]
  4957 0000368F 891D[B2030100]              mov     [pe_imagebase], ebx
  4958                                      ;    SectionAlignment at Optional+32 (dword)
  4959 00003695 8B98[3C080100]              mov     ebx, [pe_download_buf + eax + 32]
  4960 0000369B 891D[B6030100]              mov     [pe_sectionalign], ebx
  4961                                      ;    FileAlignment at Optional+36 (dword)
  4962 000036A1 8B98[40080100]              mov     ebx, [pe_download_buf + eax + 36]
  4963 000036A7 891D[BA030100]              mov     [pe_filealign], ebx
  4964                                  
  4965                                      ; 8. DataDirectory offset = COFF+20+96 = COFF+116
  4966 000036AD 8B1D[A4030100]              mov     ebx, [pe_pCOFF_off]
  4967 000036B3 83C374                      add     ebx, 116
  4968 000036B6 891D[BE030100]              mov     [pe_datadir_off], ebx
  4969                                  
  4970                                      ; 9. Section Table offset = COFF+20+SizeOfOptionalHeader
  4971 000036BC 8B1D[A4030100]              mov     ebx, [pe_pCOFF_off]
  4972 000036C2 83C314                      add     ebx, 20
  4973 000036C5 8B0D[88030100]              mov     ecx, [pe_optional_size]
  4974 000036CB 01CB                        add     ebx, ecx
  4975 000036CD 891D[C2030100]              mov     [pe_sectable_off], ebx
  4976                                  
  4977                                      ; 10. Mark parse success
  4978 000036D3 C605[7F030100]01            mov     byte [pe_state], 1
  4979                                      dbg_puts "[PE] dl+parse OK", 13, 10, 0
    21 000036DA EB13                <1>  jmp %%skip
    22 000036DC 5B50455D20646C2B70- <1> %%str db %1
    22 000036E5 61727365204F4B0D0A- <1>
    22 000036EE 00                  <1>
    23                              <1> %%skip:
    24                              <1> %if __BITS__ == 32
    25 000036EF 56                  <1>  push esi
    26 000036F0 BE[DC360000]        <1>  mov esi, %%str
    27                              <1> %%.loop:
    28 000036F5 AC                  <1>  lodsb
    29 000036F6 08C0                <1>  or al, al
    30 000036F8 7404                <1>  jz %%.done
    31 000036FA E6E9                <1>  out 0xE9, al
    32 000036FC EBF7                <1>  jmp %%.loop
    33                              <1> %%.done:
    34 000036FE 5E                  <1>  pop esi
    35                              <1> %else
    36                              <1>  push si
    37                              <1>  mov si, %%str
    38                              <1> %%.loop:
    39                              <1>  lodsb
    40                              <1>  or al, al
    41                              <1>  jz %%.done
    42                              <1>  out 0xE9, al
    43                              <1>  jmp %%.loop
    44                              <1> %%.done:
    45                              <1>  pop si
    46                              <1> %endif
  4980 000036FF B001                        mov     al, 1
  4981 00003701 EB09                        jmp     .pp_out
  4982                                  
  4983                                  .pp_invalid:
  4984 00003703 C605[7F030100]00            mov     byte [pe_state], 0
  4985 0000370A 30C0                        xor     al, al
  4986                                  .pp_out:
  4987 0000370C 5F                          pop     edi
  4988 0000370D 5E                          pop     esi
  4989 0000370E 5A                          pop     edx
  4990 0000370F 59                          pop     ecx
  4991 00003710 5B                          pop     ebx
  4992 00003711 C3                          ret
  4993                                  
  4994                                  ; ============================================================================
  4995                                  ; pe_rva_to_fileoff — convert RVA to file offset within pe_download_buf
  4996                                  ;   IN:  eax = RVA
  4997                                  ;   OUT: eax = file offset, or 0xFFFFFFFF if unmapped
  4998                                  ;   Clobbers: eax ebx ecx edx esi edi
  4999                                  ; ============================================================================
  5000                                  pe_rva_to_fileoff:
  5001 00003712 53                          push    ebx
  5002 00003713 51                          push    ecx
  5003 00003714 52                          push    edx
  5004 00003715 56                          push    esi
  5005 00003716 57                          push    edi
  5006                                  
  5007 00003717 8B0D[84030100]              mov     ecx, [pe_sections]
  5008 0000371D 85C9                        test    ecx, ecx
  5009 0000371F 7430                        jz      .rva_fail
  5010 00003721 89C6                        mov     esi, eax                 ; save RVA
  5011                                  
  5012 00003723 BF[1C080100]                mov     edi, pe_download_buf     ; edi = buffer base (label, NOT [ptr])
  5013 00003728 033D[C2030100]              add     edi, [pe_sectable_off]  ; edi → section table
  5014                                  
  5015                                  .rva_section_loop:
  5016 0000372E 85C9                        test    ecx, ecx
  5017 00003730 741F                        jz      .rva_fail
  5018                                  
  5019                                      ; section VA at +12
  5020 00003732 8B5F0C                      mov     ebx, [edi + 12]
  5021                                      ; section VirtualSize at +8
  5022 00003735 8B5708                      mov     edx, [edi + 8]
  5023                                  
  5024 00003738 39DE                        cmp     esi, ebx
  5025 0000373A 7215                        jb      .rva_fail               ; rva < section VA, and sections sorted
  5026                                  
  5027 0000373C 01DA                        add     edx, ebx                ; edx = section VA + size
  5028 0000373E 39D6                        cmp     esi, edx
  5029 00003740 7309                        jae     .rva_next_section
  5030                                  
  5031                                      ; found
  5032 00003742 8B4714                      mov     eax, [edi + 20]         ; PointerToRawData
  5033 00003745 29DE                        sub     esi, ebx                ; offset within section
  5034 00003747 01F0                        add     eax, esi
  5035 00003749 EB0B                        jmp     .rva_out
  5036                                  
  5037                                  .rva_next_section:
  5038 0000374B 83C728                      add     edi, 40
  5039 0000374E 49                          dec     ecx
  5040 0000374F EBDD                        jmp     .rva_section_loop
  5041                                  
  5042                                  .rva_fail:
  5043 00003751 B8FFFFFFFF                  mov     eax, 0xFFFFFFFF
  5044                                  .rva_out:
  5045 00003756 5F                          pop     edi
  5046 00003757 5E                          pop     esi
  5047 00003758 5A                          pop     edx
  5048 00003759 59                          pop     ecx
  5049 0000375A 5B                          pop     ebx
  5050 0000375B C3                          ret
  5051                                  
  5052                                  ; ============================================================================
  5053                                  ; pe_apply_relocs — apply Base Relocation table (DIR32NB)
  5054                                  ;   IN:  pe_reloc_delta = pe_load_base - pe_imagebase
  5055                                  ;        pe_datadir_off, pe_download_buf, pe_download_len
  5056                                  ;   Clobbers: eax ebx ecx edx esi edi
  5057                                  ; ============================================================================
  5058                                  pe_apply_relocs:
  5059 0000375C 53                          push    ebx
  5060 0000375D 51                          push    ecx
  5061 0000375E 52                          push    edx
  5062 0000375F 56                          push    esi
  5063 00003760 57                          push    edi
  5064                                  
  5065                                      ; delta check
  5066 00003761 A1[CA030100]                mov     eax, [pe_reloc_delta]
  5067 00003766 85C0                        test    eax, eax
  5068 00003768 0F8499000000                jz      .reloc_done
  5069                                  
  5070                                      ; BaseRelocationDir at DataDirectory[4], offset 4*8=32
  5071 0000376E 8B35[BE030100]              mov     esi, [pe_datadir_off]
  5072 00003774 83C620                      add     esi, 32
  5073 00003777 8BB6[1C080100]              mov     esi, [pe_download_buf + esi]
  5074 0000377D 85F6                        test    esi, esi
  5075 0000377F 0F8482000000                jz      .reloc_done             ; no relocation table
  5076                                  
  5077                                      ; RVA → file offset
  5078 00003785 56                          push    esi
  5079 00003786 E887FFFFFF                  call    pe_rva_to_fileoff
  5080 0000378B 59                          pop     ecx
  5081 0000378C 83F8FF                      cmp     eax, 0xFFFFFFFF
  5082 0000378F 7476                        je      .reloc_done
  5083 00003791 BF[1C080100]                mov     edi, pe_download_buf     ; buffer base (label, NOT [ptr])
  5084 00003796 01C7                        add     edi, eax
  5085                                  
  5086                                  .reloc_walk:
  5087                                      ; bounds check: edi - pe_download_buf < pe_download_len
  5088 00003798 89F8                        mov     eax, edi
  5089 0000379A 2D[1C080100]                sub     eax, pe_download_buf
  5090 0000379F 3B05[1C080200]              cmp     eax, [pe_download_len]
  5091 000037A5 7360                        jae     .reloc_done
  5092                                  
  5093 000037A7 8B1F                        mov     ebx, [edi]              ; block VirtualAddress
  5094 000037A9 8B4F04                      mov     ecx, [edi + 4]          ; block SizeOfBlock
  5095 000037AC 85C9                        test    ecx, ecx
  5096 000037AE 7457                        jz      .reloc_done
  5097 000037B0 83F908                      cmp     ecx, 8
  5098 000037B3 7652                        jbe     .reloc_done
  5099                                  
  5100                                      ; base_addr for this block
  5101 000037B5 8B15[C6030100]              mov     edx, [pe_load_base]
  5102 000037BB 01DA                        add     edx, ebx
  5103                                  
  5104 000037BD 83E908                      sub     ecx, 8
  5105 000037C0 D1E9                        shr     ecx, 1
  5106 000037C2 83C708                      add     edi, 8
  5107                                  
  5108                                  .reloc_entry_loop:
  5109 000037C5 85C9                        test    ecx, ecx
  5110 000037C7 74CF                        jz      .reloc_walk
  5111                                  
  5112 000037C9 668B1F                      mov     bx, [edi]
  5113 000037CC 0FB6C7                      movzx   eax, bh                 ; type (hi 4 bits)
  5114 000037CF 83E00F                      and     eax, 0x0F
  5115 000037D2 83F803                      cmp     eax, 3
  5116 000037D5 752A                        jne     .reloc_skip
  5117                                  
  5118                                      ; offset = lo 12 bits
  5119 000037D7 6681E3FF0F                  and     bx, 0x0FFF
  5120 000037DC 0FB7C3                      movzx   eax, bx
  5121 000037DF 01D0                        add     eax, edx                ; target address (absolute)
  5122                                  
  5123                                      ; safety: within 0x40000 of pe_load_base
  5124                                      ; Save loop counter ecx, use edx for check (edx=base_addr no longer needed)
  5125 000037E1 51                          push    ecx
  5126 000037E2 89C1                        mov     ecx, eax
  5127 000037E4 2B0D[C6030100]              sub     ecx, [pe_load_base]
  5128 000037EA 81F900000400                cmp     ecx, 0x40000
  5129 000037F0 59                          pop     ecx
  5130 000037F1 730E                        jae     .reloc_skip
  5131                                  
  5132                                      ; Read current value, add delta, write back
  5133                                      ; (cannot use add [eax], [pe_reloc_delta] — mem-mem forbidden)
  5134 000037F3 50                          push    eax
  5135 000037F4 51                          push    ecx                      ; save loop counter again
  5136 000037F5 8B08                        mov     ecx, [eax]
  5137 000037F7 030D[CA030100]              add     ecx, [pe_reloc_delta]
  5138 000037FD 8908                        mov     [eax], ecx
  5139 000037FF 59                          pop     ecx                      ; restore loop counter
  5140 00003800 58                          pop     eax
  5141                                  
  5142                                  .reloc_skip:
  5143 00003801 83C702                      add     edi, 2
  5144 00003804 49                          dec     ecx
  5145 00003805 EBBE                        jmp     .reloc_entry_loop
  5146                                  
  5147                                  .reloc_done:
  5148 00003807 5F                          pop     edi
  5149 00003808 5E                          pop     esi
  5150 00003809 5A                          pop     edx
  5151 0000380A 59                          pop     ecx
  5152 0000380B 5B                          pop     ebx
  5153 0000380C C3                          ret
  5154                                  
  5155                                  ; ============================================================================
  5156                                  ; pe_load — copy PE sections to pe_load_base, apply relocations
  5157                                  ;   IN:  pe_sections, pe_sectable_off, pe_download_buf, pe_download_len
  5158                                  ;   OUT: pe_state = 1 (success), pe_state = 0 (fail)
  5159                                  ;        AL = 1/0
  5160                                  ;   Clobbers: eax ebx ecx edx esi edi
  5161                                  ; ============================================================================
  5162                                  pe_load:
  5163 0000380D 53                          push    ebx
  5164 0000380E 51                          push    ecx
  5165 0000380F 52                          push    edx
  5166 00003810 56                          push    esi
  5167 00003811 57                          push    edi
  5168                                  
  5169                                      ; Set load base
  5170 00003812 B800004000                  mov     eax, PE_LOAD_BASE
  5171 00003817 A3[C6030100]                mov     [pe_load_base], eax
  5172                                  
  5173                                      ; Zero init
  5174 0000381C 89C7                        mov     edi, eax
  5175 0000381E B900400000                  mov     ecx, PE_MAX_SIZE / 4
  5176 00003823 31C0                        xor     eax, eax
  5177 00003825 F3AB                        rep     stosd
  5178                                  
  5179 00003827 8B0D[84030100]              mov     ecx, [pe_sections]
  5180 0000382D 85C9                        test    ecx, ecx
  5181 0000382F 0F8485000000                jz      .load_no_sections
  5182                                  
  5183 00003835 BE[1C080100]                mov     esi, pe_download_buf     ; buffer base (label, NOT [ptr])
  5184 0000383A 0335[C2030100]              add     esi, [pe_sectable_off]
  5185                                  
  5186                                  .load_section_loop:
  5187 00003840 85C9                        test    ecx, ecx
  5188 00003842 7456                        jz      .load_done
  5189                                  
  5190                                      ; Read section fields
  5191 00003844 8B5E0C                      mov     ebx, [esi + 12]         ; VirtualAddress
  5192 00003847 8B5610                      mov     edx, [esi + 16]         ; SizeOfRawData
  5193 0000384A 8B7E14                      mov     edi, [esi + 20]         ; PointerToRawData
  5194                                  
  5195 0000384D 85DB                        test    ebx, ebx
  5196 0000384F 7443                        jz      .load_next_section
  5197 00003851 85D2                        test    edx, edx
  5198 00003853 743F                        jz      .load_next_section
  5199 00003855 85FF                        test    edi, edi
  5200 00003857 743B                        jz      .load_next_section
  5201                                  
  5202                                      ; Bounds: edi + edx <= pe_download_len
  5203 00003859 56                          push    esi
  5204 0000385A 53                          push    ebx
  5205 0000385B 52                          push    edx
  5206 0000385C 57                          push    edi
  5207 0000385D 89FE                        mov     esi, edi
  5208 0000385F 01D6                        add     esi, edx
  5209 00003861 3B35[1C080200]              cmp     esi, [pe_download_len]
  5210 00003867 5F                          pop     edi
  5211 00003868 5A                          pop     edx
  5212 00003869 5B                          pop     ebx
  5213 0000386A 5E                          pop     esi
  5214 0000386B 7727                        ja      .load_next_section
  5215                                  
  5216                                      ; Source pointer
  5217 0000386D 53                          push    ebx
  5218 0000386E 52                          push    edx
  5219 0000386F 57                          push    edi
  5220 00003870 56                          push    esi
  5221 00003871 51                          push    ecx                      ; save section counter
  5222 00003872 BE[1C080100]                mov     esi, pe_download_buf     ; buffer base (label, NOT [ptr])
  5223 00003877 01FE                        add     esi, edi                ; edi = PointerToRawData
  5224 00003879 8B3D[C6030100]              mov     edi, [pe_load_base]
  5225 0000387F 01DF                        add     edi, ebx                ; ebx = VirtualAddress
  5226                                  
  5227 00003881 89D1                        mov     ecx, edx
  5228 00003883 C1E902                      shr     ecx, 2
  5229 00003886 F3A5                        rep     movsd
  5230 00003888 89D1                        mov     ecx, edx
  5231 0000388A 83E103                      and     ecx, 3
  5232 0000388D F3A4                        rep     movsb
  5233 0000388F 59                          pop     ecx                      ; restore section counter
  5234 00003890 5E                          pop     esi
  5235 00003891 5F                          pop     edi
  5236 00003892 5A                          pop     edx
  5237 00003893 5B                          pop     ebx
  5238                                  
  5239                                  .load_next_section:
  5240 00003894 83C628                      add     esi, 40
  5241 00003897 49                          dec     ecx
  5242 00003898 EBA6                        jmp     .load_section_loop
  5243                                  
  5244                                  .load_done:
  5245                                      ; 4. Apply relocations
  5246 0000389A A1[C6030100]                mov     eax, [pe_load_base]
  5247 0000389F 2B05[B2030100]              sub     eax, [pe_imagebase]
  5248 000038A5 A3[CA030100]                mov     [pe_reloc_delta], eax
  5249 000038AA E8ADFEFFFF                  call    pe_apply_relocs
  5250                                  
  5251 000038AF C605[7F030100]01            mov     byte [pe_state], 1
  5252 000038B6 B001                        mov     al, 1
  5253 000038B8 EB0B                        jmp     .load_out
  5254                                  
  5255                                  .load_no_sections:
  5256 000038BA C605[7F030100]00            mov     byte [pe_state], 0
  5257 000038C1 30C0                        xor     al, al
  5258 000038C3 EB00                        jmp     .load_out
  5259                                  
  5260                                  .load_out:
  5261 000038C5 5F                          pop     edi
  5262 000038C6 5E                          pop     esi
  5263 000038C7 5A                          pop     edx
  5264 000038C8 59                          pop     ecx
  5265 000038C9 5B                          pop     ebx
  5266 000038CA C3                          ret
  5267                                  
  5268                                  ; ============================================================================
  5269                                  ; exe_load — load bytecode for run_prog exe entry.
  5270                                  ;   Priority:
  5271                                  ;     1. file_table[run_prog].FS_CONTENT_OFF != UNSET
  5272                                  ;          -> copy from file_contents_pool[content_off] (INSTALLED EXE)
  5273                                  ;     2. dl_valid == 1  -> copy transient dl_code (rare/legacy path)
  5274                                  ;     3. fall back to built-in ludashi_code (slot 6) / app_code (slot 7)
  5275                                  ; ============================================================================
  5276                                  exe_load:
  5277 000038CB 53                          push    ebx
  5278 000038CC 51                          push    ecx
  5279 000038CD 52                          push    edx
  5280 000038CE 56                          push    esi
  5281 000038CF 57                          push    edi
  5282 000038D0 C605[06C10000]00            mov     byte [exe_running], 0
  5283                                      ; ========================================================================
  5284                                      ; Priority 0: already-parsed PE (pe_state==1, pe_download_buf filled)
  5285                                      ; Pipeline: pe_load → pe_resolve_imports → pe_exec
  5286                                      ; ========================================================================
  5287 000038D7 803D[7F030100]01            cmp     byte [pe_state], 1
  5288 000038DE 0F85FC000000                jne     .el_prio05
  5289                                  .el_prio0_start:
  5290 000038E4 E824FFFFFF                  call    pe_load
  5291 000038E9 50                          push    eax                     ; dbg_puts clobbers AL
  5292                                      dbg_puts "[A4X] el: pe_load ret", 13, 10, 0
    21 000038EA EB18                <1>  jmp %%skip
    22 000038EC 5B4134585D20656C3A- <1> %%str db %1
    22 000038F5 2070655F6C6F616420- <1>
    22 000038FE 7265740D0A00        <1>
    23                              <1> %%skip:
    24                              <1> %if __BITS__ == 32
    25 00003904 56                  <1>  push esi
    26 00003905 BE[EC380000]        <1>  mov esi, %%str
    27                              <1> %%.loop:
    28 0000390A AC                  <1>  lodsb
    29 0000390B 08C0                <1>  or al, al
    30 0000390D 7404                <1>  jz %%.done
    31 0000390F E6E9                <1>  out 0xE9, al
    32 00003911 EBF7                <1>  jmp %%.loop
    33                              <1> %%.done:
    34 00003913 5E                  <1>  pop esi
    35                              <1> %else
    36                              <1>  push si
    37                              <1>  mov si, %%str
    38                              <1> %%.loop:
    39                              <1>  lodsb
    40                              <1>  or al, al
    41                              <1>  jz %%.done
    42                              <1>  out 0xE9, al
    43                              <1>  jmp %%.loop
    44                              <1> %%.done:
    45                              <1>  pop si
    46                              <1> %endif
  5293 00003914 58                          pop     eax
  5294 00003915 84C0                        test    al, al
  5295 00003917 0F84FA010000                jz      .el_d
  5296 0000391D E8B4380000                  call    pe_resolve_imports
  5297 00003922 50                          push    eax                     ; dbg_puts clobbers AL
  5298                                      dbg_puts "[A4X] el: imports ret IAT0=", 0
    21 00003923 EB1C                <1>  jmp %%skip
    22 00003925 5B4134585D20656C3A- <1> %%str db %1
    22 0000392E 20696D706F72747320- <1>
    22 00003937 72657420494154303D- <1>
    22 00003940 00                  <1>
    23                              <1> %%skip:
    24                              <1> %if __BITS__ == 32
    25 00003941 56                  <1>  push esi
    26 00003942 BE[25390000]        <1>  mov esi, %%str
    27                              <1> %%.loop:
    28 00003947 AC                  <1>  lodsb
    29 00003948 08C0                <1>  or al, al
    30 0000394A 7404                <1>  jz %%.done
    31 0000394C E6E9                <1>  out 0xE9, al
    32 0000394E EBF7                <1>  jmp %%.loop
    33                              <1> %%.done:
    34 00003950 5E                  <1>  pop esi
    35                              <1> %else
    36                              <1>  push si
    37                              <1>  mov si, %%str
    38                              <1> %%.loop:
    39                              <1>  lodsb
    40                              <1>  or al, al
    41                              <1>  jz %%.done
    42                              <1>  out 0xE9, al
    43                              <1>  jmp %%.loop
    44                              <1> %%.done:
    45                              <1>  pop si
    46                              <1> %endif
  5299 00003951 A160204000                  mov     eax, [0x402060]
  5300 00003956 E829FCFFFF                  call    dbg_print_eax_hex
  5301                                      dbg_puts 13, 10, 0
    21 0000395B EB03                <1>  jmp %%skip
    22 0000395D 0D0A00              <1> %%str db %1
    23                              <1> %%skip:
    24                              <1> %if __BITS__ == 32
    25 00003960 56                  <1>  push esi
    26 00003961 BE[5D390000]        <1>  mov esi, %%str
    27                              <1> %%.loop:
    28 00003966 AC                  <1>  lodsb
    29 00003967 08C0                <1>  or al, al
    30 00003969 7404                <1>  jz %%.done
    31 0000396B E6E9                <1>  out 0xE9, al
    32 0000396D EBF7                <1>  jmp %%.loop
    33                              <1> %%.done:
    34 0000396F 5E                  <1>  pop esi
    35                              <1> %else
    36                              <1>  push si
    37                              <1>  mov si, %%str
    38                              <1> %%.loop:
    39                              <1>  lodsb
    40                              <1>  or al, al
    41                              <1>  jz %%.done
    42                              <1>  out 0xE9, al
    43                              <1>  jmp %%.loop
    44                              <1> %%.done:
    45                              <1>  pop si
    46                              <1> %endif
  5302 00003970 58                          pop     eax
  5303 00003971 84C0                        test    al, al
  5304 00003973 0F849E010000                jz      .el_d
  5305 00003979 E806390000                  call    pe_exec
  5306 0000397E 50                          push    eax                     ; dbg_puts clobbers AL
  5307                                      dbg_puts "[A4X] el: exec ret", 13, 10, 0
    21 0000397F EB15                <1>  jmp %%skip
    22 00003981 5B4134585D20656C3A- <1> %%str db %1
    22 0000398A 206578656320726574- <1>
    22 00003993 0D0A00              <1>
    23                              <1> %%skip:
    24                              <1> %if __BITS__ == 32
    25 00003996 56                  <1>  push esi
    26 00003997 BE[81390000]        <1>  mov esi, %%str
    27                              <1> %%.loop:
    28 0000399C AC                  <1>  lodsb
    29 0000399D 08C0                <1>  or al, al
    30 0000399F 7404                <1>  jz %%.done
    31 000039A1 E6E9                <1>  out 0xE9, al
    32 000039A3 EBF7                <1>  jmp %%.loop
    33                              <1> %%.done:
    34 000039A5 5E                  <1>  pop esi
    35                              <1> %else
    36                              <1>  push si
    37                              <1>  mov si, %%str
    38                              <1> %%.loop:
    39                              <1>  lodsb
    40                              <1>  or al, al
    41                              <1>  jz %%.done
    42                              <1>  out 0xE9, al
    43                              <1>  jmp %%.loop
    44                              <1> %%.done:
    45                              <1>  pop si
    46                              <1> %endif
  5308 000039A6 58                          pop     eax
  5309 000039A7 84C0                        test    al, al
  5310 000039A9 0F8468010000                jz      .el_d
  5311                                      dbg_puts "[PE] exec returned OK", 13, 10, 0
    21 000039AF EB18                <1>  jmp %%skip
    22 000039B1 5B50455D2065786563- <1> %%str db %1
    22 000039BA 2072657475726E6564- <1>
    22 000039C3 204F4B0D0A00        <1>
    23                              <1> %%skip:
    24                              <1> %if __BITS__ == 32
    25 000039C9 56                  <1>  push esi
    26 000039CA BE[B1390000]        <1>  mov esi, %%str
    27                              <1> %%.loop:
    28 000039CF AC                  <1>  lodsb
    29 000039D0 08C0                <1>  or al, al
    30 000039D2 7404                <1>  jz %%.done
    31 000039D4 E6E9                <1>  out 0xE9, al
    32 000039D6 EBF7                <1>  jmp %%.loop
    33                              <1> %%.done:
    34 000039D8 5E                  <1>  pop esi
    35                              <1> %else
    36                              <1>  push si
    37                              <1>  mov si, %%str
    38                              <1> %%.loop:
    39                              <1>  lodsb
    40                              <1>  or al, al
    41                              <1>  jz %%.done
    42                              <1>  out 0xE9, al
    43                              <1>  jmp %%.loop
    44                              <1> %%.done:
    45                              <1>  pop si
    46                              <1> %endif
  5312 000039D9 B001                        mov     al, 1                   ; OUT: AL=1 — dbg_puts' lodsb leaves AL=0
  5313 000039DB E937010000                  jmp     .el_d
  5314                                  .el_prio05:
  5315                                      ; Priority 0.5: file_table[run_prog] is FS_TYPE_FILE_EXE with PE content
  5316 000039E0 31C0                        xor     eax, eax
  5317 000039E2 A0[47B40000]                mov     al, [run_prog]
  5318 000039E7 84C0                        test    al, al
  5319 000039E9 7465                        jz      .el_prio1
  5320 000039EB B920000000                  mov     ecx, FS_SZ
  5321 000039F0 0FAFC1                      imul    eax, ecx
  5322 000039F3 05[40B90000]                add     eax, file_table
  5323 000039F8 80781006                    cmp     byte [eax+16], FS_TYPE_FILE_EXE
  5324 000039FC 7552                        jne     .el_prio1
  5325 000039FE 8B5018                      mov     edx, [eax + FS_CONTENT_OFF]
  5326 00003A01 83FAFF                      cmp     edx, FS_CONTENT_UNSET
  5327 00003A04 744A                        je      .el_prio1
  5328                                      ; Copy from file_contents_pool to pe_download_buf
  5329 00003A06 53                          push    ebx
  5330 00003A07 51                          push    ecx
  5331 00003A08 56                          push    esi
  5332 00003A09 57                          push    edi
  5333 00003A0A BE[32740000]                mov     esi, file_contents_pool
  5334 00003A0F 01D6                        add     esi, edx
  5335 00003A11 BF[1C080100]                mov     edi, pe_download_buf
  5336 00003A16 8B481C                      mov     ecx, [eax + FS_CONTENT_LEN]
  5337 00003A19 81F900000100                cmp     ecx, PE_DOWNLOAD_MAX
  5338 00003A1F 7605                        jbe     .el_pe05_ok
  5339 00003A21 B900000100                  mov     ecx, PE_DOWNLOAD_MAX
  5340                                  .el_pe05_ok:
  5341 00003A26 F3A4                        rep     movsb
  5342 00003A28 890D[1C080200]              mov     [pe_download_len], ecx
  5343                                      ; Check MZ magic
  5344 00003A2E 66A1[1C080100]              mov     ax, [pe_download_buf]
  5345 00003A34 663D4D5A                    cmp     ax, 0x5A4D
  5346 00003A38 7512                        jne     .el_pe05_bad
  5347                                      ; Parse PE
  5348 00003A3A E898FBFFFF                  call    pe_parse
  5349 00003A3F 84C0                        test    al, al
  5350 00003A41 7409                        jz      .el_pe05_bad
  5351                                      ; Success — pe_state is now 1, jump to Priority 0 pipeline
  5352 00003A43 5F                          pop     edi
  5353 00003A44 5E                          pop     esi
  5354 00003A45 59                          pop     ecx
  5355 00003A46 5B                          pop     ebx
  5356 00003A47 E998FEFFFF                  jmp     .el_prio0_start
  5357                                  .el_pe05_bad:
  5358 00003A4C 5F                          pop     edi
  5359 00003A4D 5E                          pop     esi
  5360 00003A4E 59                          pop     ecx
  5361 00003A4F 5B                          pop     ebx
  5362                                  .el_prio1:
  5363 00003A50 31C0                        xor     eax, eax
  5364 00003A52 A0[47B40000]                mov     al, [run_prog]
  5365 00003A57 84C0                        test    al, al
  5366 00003A59 0F84B8000000                jz      .el_d
  5367 00003A5F B920000000                  mov     ecx, FS_SZ
  5368 00003A64 0FAFC1                      imul    eax, ecx
  5369 00003A67 05[40B90000]                add     eax, file_table         ; eax = &file_table[j]
  5370 00003A6C 80781006                    cmp     byte [eax+16], FS_TYPE_FILE_EXE
  5371 00003A70 0F85A1000000                jne     .el_d
  5372                                      ; Priority 1: installed content?
  5373 00003A76 8B5018                      mov     edx, [eax + FS_CONTENT_OFF]
  5374 00003A79 83FAFF                      cmp     edx, FS_CONTENT_UNSET
  5375 00003A7C 740C                        je      .el_prio2
  5376                                      ; yes -> copy file_contents_pool[edx] to exe_code (up to content_len bytes)
  5377 00003A7E BE[32740000]                mov     esi, file_contents_pool
  5378 00003A83 01D6                        add     esi, edx
  5379 00003A85 8B481C                      mov     ecx, [eax + FS_CONTENT_LEN]
  5380 00003A88 EB34                        jmp     .el_clip_and_copy
  5381                                  .el_prio2:
  5382                                      ; Priority 2: transient dl_valid == 1 (raw download, not yet installed)
  5383 00003A8A 803D[31740000]01            cmp     byte [dl_valid], 1
  5384 00003A91 750C                        jne     .el_def
  5385 00003A93 BE[1B040100]                mov     esi, dl_code
  5386 00003A98 B900040000                  mov     ecx, DL_CODE_SZ
  5387 00003A9D EB1F                        jmp     .el_clip_and_copy
  5388                                  .el_def:
  5389 00003A9F 803D[47B40000]06            cmp     byte [run_prog], 6
  5390 00003AA6 750C                        jne     .el_app
  5391 00003AA8 BE[F9030100]                mov     esi, ludashi_code
  5392 00003AAD B920000000                  mov     ecx, 32
  5393 00003AB2 EB0A                        jmp     .el_clip_and_copy
  5394                                  .el_app:
  5395 00003AB4 BE[EA030100]                mov     esi, app_code
  5396 00003AB9 B920000000                  mov     ecx, 32
  5397                                  .el_clip_and_copy:
  5398                                      ; clamp ecx <= EXE_CONTENT_CHUNK
  5399 00003ABE 81F900040000                cmp     ecx, EXE_CONTENT_CHUNK
  5400 00003AC4 7605                        jbe     .el_clip_ok
  5401 00003AC6 B900040000                  mov     ecx, EXE_CONTENT_CHUNK
  5402                                  .el_clip_ok:
  5403 00003ACB 51                          push    ecx                      ; save for clear-tail length calc
  5404 00003ACC BF[A2BC0000]                mov     edi, exe_code
  5405                                      ; first clear entire exe_code buffer to 0 so stale bytes never leak
  5406 00003AD1 51                          push    ecx
  5407 00003AD2 57                          push    edi
  5408 00003AD3 B900010000                  mov     ecx, EXE_CONTENT_CHUNK/4
  5409 00003AD8 31C0                        xor     eax, eax
  5410 00003ADA F3AB                        rep     stosd
  5411 00003ADC 5F                          pop     edi
  5412 00003ADD 59                          pop     ecx
  5413 00003ADE F3A4                        rep     movsb                    ; copy actual bytecode body
  5414                                      ; exe_running = 1 + init all VM state
  5415 00003AE0 C605[06C10000]01            mov     byte [exe_running], 1
  5416 00003AE7 6631C0                      xor     ax, ax
  5417 00003AEA 66A3[48B40000]              mov     [exe_pc], ax
  5418 00003AF0 66A3[4AB40000]              mov     [exe_sp], ax
  5419 00003AF6 A2[4CB40000]                mov     [exe_flags], al
  5420 00003AFB A2[4DB40000]                mov     [exe_done], al
  5421 00003B00 66A3[04C10000]              mov     [exe_delay], ax
  5422 00003B06 66A3[02C10000]              mov     [exe_out_len], ax
  5423 00003B0C A2[A0BC0000]                mov     [exe_csp], al
  5424 00003B11 A2[A1BC0000]                mov     [exe_zf], al
  5425 00003B16 59                          pop     ecx                      ; discard earlier push (we don't need it)
  5426                                  .el_d:
  5427 00003B17 5F                          pop     edi
  5428 00003B18 5E                          pop     esi
  5429 00003B19 5A                          pop     edx
  5430 00003B1A 59                          pop     ecx
  5431 00003B1B 5B                          pop     ebx
  5432 00003B1C C3                          ret
  5433                                  
  5434                                  ; ============================================================================
  5435                                  ; exe_run — execute one bytecode step (called per tick)
  5436                                  ; ============================================================================
  5437                                  exe_run:
  5438 00003B1D 50                          push    eax
  5439 00003B1E 53                          push    ebx
  5440 00003B1F 51                          push    ecx
  5441 00003B20 52                          push    edx
  5442 00003B21 57                          push    edi
  5443 00003B22 56                          push    esi
  5444 00003B23 803D[06C10000]01            cmp     byte [exe_running], 1
  5445 00003B2A 0F8558050000                jne     .er_d
  5446 00003B30 803D[4DB40000]01            cmp     byte [exe_done], 1
  5447 00003B37 0F844B050000                je      .er_d
  5448 00003B3D 66A1[04C10000]              mov     ax, [exe_delay]
  5449 00003B43 6685C0                      test    ax, ax
  5450 00003B46 740C                        jz      .er_ok
  5451 00003B48 66FF0D[04C10000]            dec     word [exe_delay]
  5452 00003B4F E934050000                  jmp     .er_d
  5453                                  .er_ok:
  5454 00003B54 A1[48B40000]                mov     eax, [exe_pc]
  5455 00003B59 BE[A2BC0000]                mov     esi, exe_code
  5456 00003B5E 01C6                        add     esi, eax
  5457 00003B60 8A06                        mov     al, [esi]
  5458 00003B62 3C00                        cmp     al, 0
  5459 00003B64 0F849D000000                je      .er_halt
  5460 00003B6A 3C01                        cmp     al, 1
  5461 00003B6C 0F84A1000000                je      .er_push
  5462 00003B72 3C02                        cmp     al, 2
  5463 00003B74 0F84D2000000                je      .er_pop
  5464 00003B7A 3C03                        cmp     al, 3
  5465 00003B7C 0F8402010000                je      .er_print
  5466 00003B82 3C04                        cmp     al, 4
  5467 00003B84 0F843B010000                je      .er_add
  5468 00003B8A 3C05                        cmp     al, 5
  5469 00003B8C 0F8478010000                je      .er_sub
  5470 00003B92 3C06                        cmp     al, 6
  5471 00003B94 0F84B5010000                je      .er_and
  5472 00003B9A 3C07                        cmp     al, 7
  5473 00003B9C 0F84EE010000                je      .er_or
  5474 00003BA2 3C08                        cmp     al, 8
  5475 00003BA4 0F8427020000                je      .er_cmp
  5476 00003BAA 3C09                        cmp     al, 9
  5477 00003BAC 0F8472020000                je      .er_jz
  5478 00003BB2 3C0A                        cmp     al, 10
  5479 00003BB4 0F8488020000                je      .er_jnz
  5480 00003BBA 3C0B                        cmp     al, 11
  5481 00003BBC 0F84B3020000                je      .er_call
  5482 00003BC2 3C0C                        cmp     al, 12
  5483 00003BC4 0F84F2020000                je      .er_ret
  5484 00003BCA 3C10                        cmp     al, 16
  5485 00003BCC 0F8417030000                je      .er_delay
  5486 00003BD2 3CFF                        cmp     al, 0xFF
  5487 00003BD4 0F842C030000                je      .er_int
  5488 00003BDA 3C20                        cmp     al, 0x20
  5489 00003BDC 0F843B030000                je      .er_push2
  5490 00003BE2 3C21                        cmp     al, 0x21
  5491 00003BE4 0F846E030000                je      .er_push4
  5492 00003BEA 3C22                        cmp     al, 0x22
  5493 00003BEC 0F849F030000                je      .er_loadm
  5494 00003BF2 3C23                        cmp     al, 0x23
  5495 00003BF4 0F84D0030000                je      .er_storm
  5496 00003BFA 3C24                        cmp     al, 0x24
  5497 00003BFC 0F8400040000                je      .er_printhex
  5498 00003C02 E958040000                  jmp     .er_skip
  5499                                  ; --- HALT ---
  5500                                  .er_halt:
  5501 00003C07 C605[4DB40000]01            mov     byte [exe_done], 1
  5502                                  %ifdef NET_TEST
  5503                                      dbg_puts "[A4X] NET_TEST: VM halted, out_len=", 0
  5504                                  %endif
  5505 00003C0E E975040000                  jmp     .er_d
  5506                                  ; --- PUSH imm8 ---
  5507                                  .er_push:
  5508 00003C13 8A0D[4AB40000]              mov     cl, [exe_sp]
  5509 00003C19 84C9                        test    cl, cl
  5510 00003C1B 0F843E040000                jz      .er_skip
  5511 00003C21 FEC9                        dec     cl
  5512 00003C23 880D[4AB40000]              mov     [exe_sp], cl
  5513 00003C29 8A4601                      mov     al, [esi+1]
  5514 00003C2C BB[40BC0000]                mov     ebx, exe_stack
  5515 00003C31 C0E102                      shl     cl, 2
  5516 00003C34 88040B                      mov     [ebx+ecx], al
  5517 00003C37 66A1[48B40000]              mov     ax, [exe_pc]
  5518 00003C3D 6683C002                    add     ax, 2
  5519 00003C41 66A3[48B40000]              mov     [exe_pc], ax
  5520 00003C47 E923040000                  jmp     .er_up
  5521                                  ; --- POP ---
  5522                                  .er_pop:
  5523 00003C4C 8A0D[4AB40000]              mov     cl, [exe_sp]
  5524 00003C52 80F90F                      cmp     cl, 15
  5525 00003C55 0F8D04040000                jge     .er_skip
  5526 00003C5B BB[40BC0000]                mov     ebx, exe_stack
  5527 00003C60 C0E102                      shl     cl, 2
  5528 00003C63 80340B00                    xor     byte [ebx+ecx], 0
  5529 00003C67 FEC1                        inc     cl
  5530 00003C69 880D[4AB40000]              mov     [exe_sp], cl
  5531 00003C6F 66A1[48B40000]              mov     ax, [exe_pc]
  5532 00003C75 6683C001                    add     ax, 1
  5533 00003C79 66A3[48B40000]              mov     [exe_pc], ax
  5534 00003C7F E9EB030000                  jmp     .er_up
  5535                                  ; --- PRINT cstring (append to exe_out, advance PC past string+null) ---
  5536                                  .er_print:
  5537 00003C84 46                          inc     esi                    ; skip opcode, esi -> string
  5538 00003C85 BF[C2C00000]                mov     edi, exe_out
  5539 00003C8A 0FB705[02C10000]            movzx   eax, word [exe_out_len]
  5540 00003C91 01C7                        add     edi, eax               ; edi -> append position
  5541                                  .er_ploop:
  5542 00003C93 81FF[FDC00000]              cmp     edi, exe_out + 59
  5543 00003C99 730C                        jae     .er_pdone              ; buffer full
  5544 00003C9B 8A06                        mov     al, [esi]
  5545 00003C9D 84C0                        test    al, al
  5546 00003C9F 7406                        jz      .er_pdone              ; null terminator
  5547 00003CA1 8807                        mov     [edi], al
  5548 00003CA3 46                          inc     esi
  5549 00003CA4 47                          inc     edi
  5550 00003CA5 EBEC                        jmp     .er_ploop
  5551                                  .er_pdone:
  5552                                      ; Advance esi to null terminator (if stopped early due to buffer full)
  5553 00003CA7 803E00                      cmp     byte [esi], 0
  5554 00003CAA 7406                        je      .er_pskip
  5555                                  .er_padv:
  5556 00003CAC 46                          inc     esi
  5557 00003CAD 803E00                      cmp     byte [esi], 0
  5558 00003CB0 75FA                        jne     .er_padv
  5559                                  .er_pskip:
  5560 00003CB2 46                          inc     esi                    ; skip null terminator
  5561                                      ; Set PC = esi - exe_code (esi now points past string+null)
  5562 00003CB3 89F0                        mov     eax, esi
  5563 00003CB5 2D[A2BC0000]                sub     eax, exe_code
  5564 00003CBA 66A3[48B40000]              mov     [exe_pc], ax
  5565 00003CC0 E9AA030000                  jmp     .er_up
  5566                                  ; --- ADD: stack[top-1] += stack[top] ---
  5567                                  .er_add:
  5568 00003CC5 8A0D[4AB40000]              mov     cl, [exe_sp]
  5569 00003CCB 84C9                        test    cl, cl
  5570 00003CCD 0F848C030000                jz      .er_skip
  5571 00003CD3 88CB                        mov     bl, cl
  5572 00003CD5 FECB                        dec     bl
  5573 00003CD7 84DB                        test    bl, bl
  5574 00003CD9 0F8480030000                jz      .er_skip
  5575 00003CDF BB[40BC0000]                mov     ebx, exe_stack
  5576 00003CE4 8A4304                      mov     al, [ebx+4]
  5577 00003CE7 8A13                        mov     dl, [ebx]
  5578 00003CE9 00C2                        add     dl, al
  5579 00003CEB 8813                        mov     [ebx], dl
  5580 00003CED FEC9                        dec     cl
  5581 00003CEF 880D[4AB40000]              mov     [exe_sp], cl
  5582 00003CF5 66A1[48B40000]              mov     ax, [exe_pc]
  5583 00003CFB 6683C001                    add     ax, 1
  5584 00003CFF 66A3[48B40000]              mov     [exe_pc], ax
  5585 00003D05 E965030000                  jmp     .er_up
  5586                                  ; --- SUB ---
  5587                                  .er_sub:
  5588 00003D0A 8A0D[4AB40000]              mov     cl, [exe_sp]
  5589 00003D10 84C9                        test    cl, cl
  5590 00003D12 0F8447030000                jz      .er_skip
  5591 00003D18 88CB                        mov     bl, cl
  5592 00003D1A FECB                        dec     bl
  5593 00003D1C 84DB                        test    bl, bl
  5594 00003D1E 0F843B030000                jz      .er_skip
  5595 00003D24 BB[40BC0000]                mov     ebx, exe_stack
  5596 00003D29 8A4304                      mov     al, [ebx+4]
  5597 00003D2C 8A13                        mov     dl, [ebx]
  5598 00003D2E 28C2                        sub     dl, al
  5599 00003D30 8813                        mov     [ebx], dl
  5600 00003D32 FEC9                        dec     cl
  5601 00003D34 880D[4AB40000]              mov     [exe_sp], cl
  5602 00003D3A 66A1[48B40000]              mov     ax, [exe_pc]
  5603 00003D40 6683C001                    add     ax, 1
  5604 00003D44 66A3[48B40000]              mov     [exe_pc], ax
  5605 00003D4A E920030000                  jmp     .er_up
  5606                                  ; --- AND ---
  5607                                  .er_and:
  5608 00003D4F 8A0D[4AB40000]              mov     cl, [exe_sp]
  5609 00003D55 84C9                        test    cl, cl
  5610 00003D57 0F8402030000                jz      .er_skip
  5611 00003D5D 88CB                        mov     bl, cl
  5612 00003D5F FECB                        dec     bl
  5613 00003D61 84DB                        test    bl, bl
  5614 00003D63 0F84F6020000                jz      .er_skip
  5615 00003D69 BB[40BC0000]                mov     ebx, exe_stack
  5616 00003D6E 8A4304                      mov     al, [ebx+4]
  5617 00003D71 2003                        and     [ebx], al
  5618 00003D73 FEC9                        dec     cl
  5619 00003D75 880D[4AB40000]              mov     [exe_sp], cl
  5620 00003D7B 66A1[48B40000]              mov     ax, [exe_pc]
  5621 00003D81 6683C001                    add     ax, 1
  5622 00003D85 66A3[48B40000]              mov     [exe_pc], ax
  5623 00003D8B E9DF020000                  jmp     .er_up
  5624                                  ; --- OR ---
  5625                                  .er_or:
  5626 00003D90 8A0D[4AB40000]              mov     cl, [exe_sp]
  5627 00003D96 84C9                        test    cl, cl
  5628 00003D98 0F84C1020000                jz      .er_skip
  5629 00003D9E 88CB                        mov     bl, cl
  5630 00003DA0 FECB                        dec     bl
  5631 00003DA2 84DB                        test    bl, bl
  5632 00003DA4 0F84B5020000                jz      .er_skip
  5633 00003DAA BB[40BC0000]                mov     ebx, exe_stack
  5634 00003DAF 8A4304                      mov     al, [ebx+4]
  5635 00003DB2 0803                        or      [ebx], al
  5636 00003DB4 FEC9                        dec     cl
  5637 00003DB6 880D[4AB40000]              mov     [exe_sp], cl
  5638 00003DBC 66A1[48B40000]              mov     ax, [exe_pc]
  5639 00003DC2 6683C001                    add     ax, 1
  5640 00003DC6 66A3[48B40000]              mov     [exe_pc], ax
  5641 00003DCC E99E020000                  jmp     .er_up
  5642                                  ; --- CMP: set ZF if stack[top-1] == stack[top] ---
  5643                                  .er_cmp:
  5644 00003DD1 8A0D[4AB40000]              mov     cl, [exe_sp]
  5645 00003DD7 84C9                        test    cl, cl
  5646 00003DD9 0F8480020000                jz      .er_skip
  5647 00003DDF 88CB                        mov     bl, cl
  5648 00003DE1 FECB                        dec     bl
  5649 00003DE3 84DB                        test    bl, bl
  5650 00003DE5 0F8474020000                jz      .er_skip
  5651 00003DEB BB[40BC0000]                mov     ebx, exe_stack
  5652 00003DF0 8A4304                      mov     al, [ebx+4]
  5653 00003DF3 3803                        cmp     [ebx], al
  5654 00003DF5 7409                        je      .er_cmp_z
  5655 00003DF7 C605[A1BC0000]00            mov     byte [exe_zf], 0
  5656 00003DFE EB07                        jmp     .er_cmp_d
  5657                                  .er_cmp_z:
  5658 00003E00 C605[A1BC0000]01            mov     byte [exe_zf], 1
  5659                                  .er_cmp_d:
  5660 00003E07 FEC9                        dec     cl
  5661 00003E09 880D[4AB40000]              mov     [exe_sp], cl
  5662 00003E0F 66A1[48B40000]              mov     ax, [exe_pc]
  5663 00003E15 6683C001                    add     ax, 1
  5664 00003E19 66A3[48B40000]              mov     [exe_pc], ax
  5665 00003E1F E94B020000                  jmp     .er_up
  5666                                  ; --- JZ rel8 ---
  5667                                  .er_jz:
  5668 00003E24 8A4601                      mov     al, [esi+1]
  5669 00003E27 8A1D[A1BC0000]              mov     bl, [exe_zf]
  5670 00003E2D 84DB                        test    bl, bl
  5671 00003E2F 742F                        jz      .er_jnz_d
  5672 00003E31 66A1[48B40000]              mov     ax, [exe_pc]
  5673 00003E37 024601                      add     al, [esi+1]
  5674 00003E3A 66A3[48B40000]              mov     [exe_pc], ax
  5675 00003E40 EB2E                        jmp     .er_jnz_d2
  5676                                  .er_jnz:
  5677 00003E42 8A4601                      mov     al, [esi+1]
  5678 00003E45 8A1D[A1BC0000]              mov     bl, [exe_zf]
  5679 00003E4B 84DB                        test    bl, bl
  5680 00003E4D 7511                        jnz     .er_jnz_d
  5681 00003E4F 66A1[48B40000]              mov     ax, [exe_pc]
  5682 00003E55 024601                      add     al, [esi+1]
  5683 00003E58 66A3[48B40000]              mov     [exe_pc], ax
  5684 00003E5E EB10                        jmp     .er_jnz_d2
  5685                                  .er_jnz_d:
  5686 00003E60 66A1[48B40000]              mov     ax, [exe_pc]
  5687 00003E66 6683C002                    add     ax, 2
  5688 00003E6A 66A3[48B40000]              mov     [exe_pc], ax
  5689                                  .er_jnz_d2:
  5690 00003E70 E9FA010000                  jmp     .er_up
  5691                                  ; --- CALL rel8 ---
  5692                                  .er_call:
  5693 00003E75 8A0D[A0BC0000]              mov     cl, [exe_csp]
  5694 00003E7B 80F907                      cmp     cl, 7
  5695 00003E7E 0F8DDB010000                jge     .er_skip
  5696 00003E84 8A4601                      mov     al, [esi+1]
  5697 00003E87 66A1[48B40000]              mov     ax, [exe_pc]
  5698 00003E8D 6683C002                    add     ax, 2
  5699 00003E91 BB[80BC0000]                mov     ebx, exe_cstack
  5700 00003E96 C0E102                      shl     cl, 2
  5701 00003E99 6689040B                    mov     [ebx+ecx], ax
  5702 00003E9D FEC1                        inc     cl
  5703 00003E9F 880D[A0BC0000]              mov     [exe_csp], cl
  5704 00003EA5 8A4601                      mov     al, [esi+1]
  5705 00003EA8 66A1[48B40000]              mov     ax, [exe_pc]
  5706 00003EAE 024601                      add     al, [esi+1]
  5707 00003EB1 66A3[48B40000]              mov     [exe_pc], ax
  5708 00003EB7 E9B3010000                  jmp     .er_up
  5709                                  ; --- RET ---
  5710                                  .er_ret:
  5711 00003EBC 8A0D[A0BC0000]              mov     cl, [exe_csp]
  5712 00003EC2 84C9                        test    cl, cl
  5713 00003EC4 0F8495010000                jz      .er_skip
  5714 00003ECA FEC9                        dec     cl
  5715 00003ECC 880D[A0BC0000]              mov     [exe_csp], cl
  5716 00003ED2 BB[80BC0000]                mov     ebx, exe_cstack
  5717 00003ED7 C0E102                      shl     cl, 2
  5718 00003EDA 668B040B                    mov     ax, [ebx+ecx]
  5719 00003EDE 66A3[48B40000]              mov     [exe_pc], ax
  5720 00003EE4 E986010000                  jmp     .er_up
  5721                                  ; --- DELAY imm8 ---
  5722                                  .er_delay:
  5723 00003EE9 46                          inc     esi
  5724 00003EEA 8A06                        mov     al, [esi]
  5725 00003EEC A2[04C10000]                mov     [exe_delay], al
  5726 00003EF1 66A1[48B40000]              mov     ax, [exe_pc]
  5727 00003EF7 6683C002                    add     ax, 2
  5728 00003EFB 66A3[48B40000]              mov     [exe_pc], ax
  5729 00003F01 E969010000                  jmp     .er_up
  5730                                  ; --- INT imm8 (unhandled) ---
  5731                                  .er_int:
  5732 00003F06 46                          inc     esi
  5733 00003F07 46                          inc     esi
  5734 00003F08 66A1[48B40000]              mov     ax, [exe_pc]
  5735 00003F0E 6683C002                    add     ax, 2
  5736 00003F12 66A3[48B40000]              mov     [exe_pc], ax
  5737 00003F18 E952010000                  jmp     .er_up
  5738                                  ; --- PUSH_2 imm16 ---
  5739                                  .er_push2:
  5740 00003F1D 8A0D[4AB40000]              mov     cl, [exe_sp]
  5741 00003F23 84C9                        test    cl, cl
  5742 00003F25 0F8434010000                jz      .er_skip
  5743 00003F2B FEC9                        dec     cl
  5744 00003F2D 880D[4AB40000]              mov     [exe_sp], cl
  5745 00003F33 668B4601                    mov     ax, [esi+1]
  5746 00003F37 BB[40BC0000]                mov     ebx, exe_stack
  5747 00003F3C C0E102                      shl     cl, 2
  5748 00003F3F 6689040B                    mov     [ebx+ecx], ax
  5749 00003F43 66A1[48B40000]              mov     ax, [exe_pc]
  5750 00003F49 6683C003                    add     ax, 3
  5751 00003F4D 66A3[48B40000]              mov     [exe_pc], ax
  5752 00003F53 E917010000                  jmp     .er_up
  5753                                  ; --- PUSH_4 imm32 ---
  5754                                  .er_push4:
  5755 00003F58 8A0D[4AB40000]              mov     cl, [exe_sp]
  5756 00003F5E 84C9                        test    cl, cl
  5757 00003F60 0F84F9000000                jz      .er_skip
  5758 00003F66 FEC9                        dec     cl
  5759 00003F68 880D[4AB40000]              mov     [exe_sp], cl
  5760 00003F6E 8B4601                      mov     eax, [esi+1]
  5761 00003F71 BB[40BC0000]                mov     ebx, exe_stack
  5762 00003F76 C0E102                      shl     cl, 2
  5763 00003F79 89040B                      mov     [ebx+ecx], eax
  5764 00003F7C 66A1[48B40000]              mov     ax, [exe_pc]
  5765 00003F82 6683C005                    add     ax, 5
  5766 00003F86 66A3[48B40000]              mov     [exe_pc], ax
  5767 00003F8C E9DE000000                  jmp     .er_up
  5768                                  ; --- LOAD_M: push [addr32] onto stack ---
  5769                                  .er_loadm:
  5770 00003F91 8A0D[4AB40000]              mov     cl, [exe_sp]
  5771 00003F97 84C9                        test    cl, cl
  5772 00003F99 0F84C0000000                jz      .er_skip
  5773 00003F9F FEC9                        dec     cl
  5774 00003FA1 880D[4AB40000]              mov     [exe_sp], cl
  5775 00003FA7 8B4601                      mov     eax, [esi+1]
  5776 00003FAA BB[40BC0000]                mov     ebx, exe_stack
  5777 00003FAF C0E102                      shl     cl, 2
  5778 00003FB2 89040B                      mov     [ebx+ecx], eax
  5779 00003FB5 66A1[48B40000]              mov     ax, [exe_pc]
  5780 00003FBB 6683C005                    add     ax, 5
  5781 00003FBF 66A3[48B40000]              mov     [exe_pc], ax
  5782 00003FC5 E9A5000000                  jmp     .er_up
  5783                                  ; --- STORE_M: pop stack value to [addr32] ---
  5784                                  .er_storm:
  5785 00003FCA 8A0D[4AB40000]              mov     cl, [exe_sp]
  5786 00003FD0 84C9                        test    cl, cl
  5787 00003FD2 0F8487000000                jz      .er_skip
  5788 00003FD8 BB[40BC0000]                mov     ebx, exe_stack
  5789 00003FDD C0E102                      shl     cl, 2
  5790 00003FE0 8B4601                      mov     eax, [esi+1]
  5791 00003FE3 8B140B                      mov     edx, [ebx+ecx]
  5792 00003FE6 8910                        mov     [eax], edx
  5793 00003FE8 FEC9                        dec     cl
  5794 00003FEA 880D[4AB40000]              mov     [exe_sp], cl
  5795 00003FF0 66A1[48B40000]              mov     ax, [exe_pc]
  5796 00003FF6 6683C005                    add     ax, 5
  5797 00003FFA 66A3[48B40000]              mov     [exe_pc], ax
  5798 00004000 EB6D                        jmp     .er_up
  5799                                  ; --- PRINT_HEX: print top of stack as hex string ---
  5800                                  .er_printhex:
  5801 00004002 8A0D[4AB40000]              mov     cl, [exe_sp]
  5802 00004008 84C9                        test    cl, cl
  5803 0000400A 7453                        jz      .er_skip
  5804 0000400C BB[40BC0000]                mov     ebx, exe_stack
  5805 00004011 C0E102                      shl     cl, 2
  5806 00004014 8B040B                      mov     eax, [ebx+ecx]
  5807 00004017 BF[C2C00000]                mov     edi, exe_out
  5808 0000401C 8B0D[02C10000]              mov     ecx, [exe_out_len]
  5809 00004022 01CF                        add     edi, ecx
  5810 00004024 81FF[FDC00000]              cmp     edi, exe_out+59
  5811 0000402A 7D43                        jge     .er_up
  5812 0000402C 53                          push    ebx
  5813 0000402D 89C3                        mov     ebx, eax
  5814 0000402F B91C000000                  mov     ecx, 28
  5815                                  .er_phxloop:
  5816 00004034 D3EB                        shr     ebx, cl
  5817 00004036 80E30F                      and     bl, 0x0F
  5818 00004039 80C330                      add     bl, '0'
  5819 0000403C 80FB39                      cmp     bl, '9'
  5820 0000403F 7603                        jbe     .er_phxok
  5821 00004041 80C307                      add     bl, 7
  5822                                  .er_phxok:
  5823 00004044 881F                        mov     [edi], bl
  5824 00004046 47                          inc     edi
  5825 00004047 83E904                      sub     ecx, 4
  5826 0000404A 79E8                        jns     .er_phxloop
  5827 0000404C 5B                          pop     ebx
  5828 0000404D 66A1[48B40000]              mov     ax, [exe_pc]
  5829 00004053 6683C001                    add     ax, 1
  5830 00004057 66A3[48B40000]              mov     [exe_pc], ax
  5831 0000405D EB10                        jmp     .er_up
  5832                                  ; --- Unknown opcode ---
  5833                                  .er_skip:
  5834 0000405F 66A1[48B40000]              mov     ax, [exe_pc]
  5835 00004065 6683C001                    add     ax, 1
  5836 00004069 66A3[48B40000]              mov     [exe_pc], ax
  5837                                  .er_up:
  5838                                      ; Only update exe_out_len if edi points within exe_out[0..63]
  5839 0000406F 89F8                        mov     eax, edi
  5840 00004071 2D[C2C00000]                sub     eax, exe_out
  5841 00004076 83F840                      cmp     eax, 64
  5842 00004079 7306                        jae     .er_up2
  5843 0000407B 66A3[02C10000]              mov     [exe_out_len], ax
  5844                                  .er_up2:
  5845 00004081 C605[06C10000]01            mov     byte [exe_running], 1
  5846                                  .er_d:
  5847 00004088 5E                          pop    esi
  5848 00004089 5F                          pop     edi
  5849 0000408A 5A                          pop     edx
  5850 0000408B 59                          pop     ecx
  5851 0000408C 5B                          pop     ebx
  5852 0000408D 58                          pop     eax
  5853 0000408E C3                          ret
  5854                                  
  5855                                  ; ============================================================================
  5856                                  ; arp_send — e1000 MMIO: build tx ring + kick, send ARP request
  5857                                  ; ============================================================================
  5858                                  arp_send:
  5859 0000408F 50                          push    eax
  5860 00004090 53                          push    ebx
  5861 00004091 51                          push    ecx
  5862 00004092 52                          push    edx
  5863 00004093 57                          push    edi
  5864 00004094 803D[52B40000]01            cmp     byte [nic_type], 1
  5865 0000409B 0F8591000000                jne     .as_noeth
  5866                                      ; Build 42-byte ARP request frame at net_tx_buf
  5867 000040A1 BF[33C10000]                mov     edi, net_tx_buf
  5868                                      ; Eth dst = ff:ff:ff:ff:ff:ff (broadcast)
  5869 000040A6 C707FFFFFFFF                mov     dword [edi+0], 0xFFFFFFFF
  5870 000040AC 66C74704FFFF                mov     word [edi+4], 0xFFFF
  5871                                      ; Eth src = our MAC
  5872 000040B2 A1[55B40000]                mov     eax, [nic_mac_lo]
  5873 000040B7 894706                      mov     dword [edi+6], eax
  5874 000040BA 66A1[59B40000]              mov     ax, [nic_mac_hi]
  5875 000040C0 6689470A                    mov     word [edi+10], ax
  5876                                      ; EtherType 0x0806 (ARP) — big-endian on wire, LE word = 0x0608
  5877 000040C4 66C7470C0806                mov     word [edi+12], 0x0608
  5878                                      ; ARP payload (28 bytes at edi+14)
  5879                                      ; hw type 0x0001 → LE 0x0100
  5880 000040CA 66C7470E0001                mov     word [edi+14], 0x0100
  5881                                      ; proto type 0x0800 → LE 0x0008
  5882 000040D0 66C747100800                mov     word [edi+16], 0x0008
  5883                                      ; hw len = 6, proto len = 4
  5884 000040D6 C6471206                    mov     byte [edi+18], 6
  5885 000040DA C6471304                    mov     byte [edi+19], 4
  5886                                      ; opcode 0x0001 (request) → LE 0x0100
  5887 000040DE 66C747140001                mov     word [edi+20], 0x0100
  5888                                      ; sender MAC
  5889 000040E4 A1[55B40000]                mov     eax, [nic_mac_lo]
  5890 000040E9 894716                      mov     dword [edi+22], eax
  5891 000040EC 66A1[59B40000]              mov     ax, [nic_mac_hi]
  5892 000040F2 6689471A                    mov     word [edi+26], ax
  5893                                      ; sender IP 10.0.2.15 → BE bytes 0A 00 02 0F → LE dword 0x0F02000A
  5894 000040F6 C7471C0A00020F              mov     dword [edi+28], 0x0F02000A
  5895                                      ; target MAC = 00:00:00:00:00:00
  5896 000040FD C7472000000000              mov     dword [edi+32], 0
  5897 00004104 66C747240000                mov     word [edi+36], 0
  5898                                      ; target IP 10.0.2.2 → BE bytes 0A 00 02 02 → LE dword 0x0202000A
  5899 0000410A C747260A000202              mov     dword [edi+38], 0x0202000A
  5900                                      ; Send via eth_send
  5901 00004111 66C705[B3C10000]2A-         mov     word [net_tx_len], 42
  5901 00004119 00                 
  5902 0000411A E83C010000                  call    eth_send
  5903                                      ; Record state + start timeout
  5904 0000411F C605[20C10000]01            mov     byte [arp_state], 1
  5905 00004126 A1[CC730000]                mov     eax, [vtd_t]
  5906 0000412B A3[2FC10000]                mov     [arp_timeout], eax
  5907 00004130 EB07                        jmp     .as_d
  5908                                  .as_noeth:
  5909 00004132 C605[20C10000]40            mov     byte [arp_state], 0x40   ; ARP_FAILED_NO_NIC
  5910                                  .as_d:
  5911 00004139 5F                          pop    edi
  5912 0000413A 5A                          pop     edx
  5913 0000413B 59                          pop     ecx
  5914 0000413C 5B                          pop     ebx
  5915 0000413D 58                          pop     eax
  5916 0000413E C3                          ret
  5917                                  
  5918                                  ; ============================================================================
  5919                                  ; arp_check — poll rx_ring for ARP reply; update arp_state + arp_reply_mac
  5920                                  ; Returns: al = arp_state
  5921                                  ; ============================================================================
  5922                                  arp_check:
  5923 0000413F 50                          push    eax
  5924 00004140 53                          push    ebx
  5925 00004141 51                          push    ecx
  5926 00004142 52                          push    edx
  5927 00004143 57                          push    edi
  5928 00004144 56                          push    esi
  5929                                      ; Process ARP frame at nic_rx_data (called from eth_rx)
  5930 00004145 BF[00EC0000]                mov     edi, nic_rx_data
  5931                                      ; EtherType at offset 12: 0x0806 big-endian → LE word 0x0608
  5932 0000414A 668B470C                    mov     ax, [edi+12]
  5933 0000414E 663D0806                    cmp     ax, 0x0608
  5934 00004152 0F85FC000000                jne     .ac_d
  5935                                      ; ARP opcode at offset 20
  5936 00004158 668B4714                    mov     ax, [edi+20]
  5937                                      ; Check for ARP reply (0x0002 → LE 0x0200)
  5938 0000415C 663D0002                    cmp     ax, 0x0200
  5939 00004160 740B                        je      .ac_reply
  5940                                      ; Check for ARP request (0x0001 → LE 0x0100)
  5941 00004162 663D0001                    cmp     ax, 0x0100
  5942 00004166 742B                        je      .ac_request
  5943 00004168 E9E7000000                  jmp     .ac_d
  5944                                  .ac_reply:
  5945                                      ; Extract sender MAC at offset 22 (reply sender = target's MAC)
  5946 0000416D 8B4716                      mov     eax, [edi+22]
  5947 00004170 A3[25C10000]                mov     [arp_reply_mac], eax
  5948 00004175 668B471A                    mov     ax, [edi+26]
  5949 00004179 66A3[29C10000]              mov     [arp_reply_mac+4], ax
  5950                                      ; Store sender IP at offset 28 for display
  5951 0000417F 8B471C                      mov     eax, [edi+28]
  5952 00004182 A3[2BC10000]                mov     [arp_reply_ip], eax
  5953 00004187 C605[20C10000]04            mov     byte [arp_state], 4       ; ARP_REPLY
  5954 0000418E E9C1000000                  jmp     .ac_d
  5955                                  .ac_request:
  5956                                      ; SLIRP sends ARP request for guest IP — must reply so it can send SYN-ACK back.
  5957                                      ; Check if target IP (offset 38) matches our IP (10.0.2.15 = 0x0F02000A)
  5958 00004193 8B4726                      mov     eax, [edi+38]
  5959 00004196 3D0A00020F                  cmp     eax, 0x0F02000A
  5960 0000419B 0F85B3000000                jne     .ac_d
  5961                                      ; Build 42-byte ARP reply in net_tx_buf.
  5962                                      ; esi reads from request (nic_rx_data), edi writes to reply (net_tx_buf).
  5963 000041A1 89FE                        mov     esi, edi                ; esi = nic_rx_data (request frame)
  5964 000041A3 BF[33C10000]                mov     edi, net_tx_buf        ; edi = net_tx_buf (reply frame)
  5965                                      ; Eth dst = requester's MAC (ARP sender MAC at esi+22)
  5966 000041A8 8B4616                      mov     eax, [esi+22]
  5967 000041AB 8907                        mov     [edi+0], eax
  5968 000041AD 668B461A                    mov     ax, [esi+26]
  5969 000041B1 66894704                    mov     [edi+4], ax
  5970                                      ; Eth src = our MAC
  5971 000041B5 A1[55B40000]                mov     eax, [nic_mac_lo]
  5972 000041BA 894706                      mov     [edi+6], eax
  5973 000041BD 66A1[59B40000]              mov     ax, [nic_mac_hi]
  5974 000041C3 6689470A                    mov     [edi+10], ax
  5975                                      ; EtherType 0x0806 (ARP) → LE 0x0608
  5976 000041C7 66C7470C0806                mov     word [edi+12], 0x0608
  5977                                      ; ARP payload (28 bytes)
  5978 000041CD 66C7470E0001                mov     word [edi+14], 0x0100   ; hw type 0x0001
  5979 000041D3 66C747100800                mov     word [edi+16], 0x0008   ; proto type 0x0800
  5980 000041D9 C6471206                    mov     byte [edi+18], 6       ; hw len
  5981 000041DD C6471304                    mov     byte [edi+19], 4       ; proto len
  5982 000041E1 66C747140002                mov     word [edi+20], 0x0200  ; opcode = reply (0x0002)
  5983                                      ; Sender MAC = our MAC
  5984 000041E7 A1[55B40000]                mov     eax, [nic_mac_lo]
  5985 000041EC 894716                      mov     [edi+22], eax
  5986 000041EF 66A1[59B40000]              mov     ax, [nic_mac_hi]
  5987 000041F5 6689471A                    mov     [edi+26], ax
  5988                                      ; Sender IP = our IP (10.0.2.15)
  5989 000041F9 C7471C0A00020F              mov     dword [edi+28], 0x0F02000A
  5990                                      ; Target MAC = requester's MAC
  5991 00004200 8B4616                      mov     eax, [esi+22]
  5992 00004203 894720                      mov     [edi+32], eax
  5993 00004206 668B461A                    mov     ax, [esi+26]
  5994 0000420A 66894724                    mov     [edi+36], ax
  5995                                      ; Target IP = requester's IP
  5996 0000420E 8B461C                      mov     eax, [esi+28]
  5997 00004211 894726                      mov     [edi+38], eax
  5998                                      ; Send via eth_send
  5999 00004214 66C705[B3C10000]2A-         mov     word [net_tx_len], 42
  5999 0000421C 00                 
  6000 0000421D E839000000                  call    eth_send
  6001                                      dbg_puts "[A4X] ARP: replied to request", 13, 10, 0
    21 00004222 EB20                <1>  jmp %%skip
    22 00004224 5B4134585D20415250- <1> %%str db %1
    22 0000422D 3A207265706C696564- <1>
    22 00004236 20746F207265717565- <1>
    22 0000423F 73740D0A00          <1>
    23                              <1> %%skip:
    24                              <1> %if __BITS__ == 32
    25 00004244 56                  <1>  push esi
    26 00004245 BE[24420000]        <1>  mov esi, %%str
    27                              <1> %%.loop:
    28 0000424A AC                  <1>  lodsb
    29 0000424B 08C0                <1>  or al, al
    30 0000424D 7404                <1>  jz %%.done
    31 0000424F E6E9                <1>  out 0xE9, al
    32 00004251 EBF7                <1>  jmp %%.loop
    33                              <1> %%.done:
    34 00004253 5E                  <1>  pop esi
    35                              <1> %else
    36                              <1>  push si
    37                              <1>  mov si, %%str
    38                              <1> %%.loop:
    39                              <1>  lodsb
    40                              <1>  or al, al
    41                              <1>  jz %%.done
    42                              <1>  out 0xE9, al
    43                              <1>  jmp %%.loop
    44                              <1> %%.done:
    45                              <1>  pop si
    46                              <1> %endif
  6002                                  .ac_d:
  6003 00004254 5E                          pop     esi
  6004 00004255 5F                          pop     edi
  6005 00004256 5A                          pop     edx
  6006 00004257 59                          pop     ecx
  6007 00004258 5B                          pop     ebx
  6008 00004259 58                          pop     eax
  6009 0000425A C3                          ret
  6010                                  
  6011                                  ; ============================================================================
  6012                                  ; eth_send — send Ethernet frame pre-built at net_tx_buf via RTL8139
  6013                                  ;   IN:  net_tx_len = frame length
  6014                                  ;   OUT: net_send_state: 1=sent, 2=no NIC / still busy
  6015                                  ;   Standard RTL8139 register map (QEMU uses this, NOT RTL8139C+ variant):
  6016                                  ;     TSD0-3  = 0x10,0x14,0x18,0x1C (TX Status Desc 0-3: bits 0-12 = size,
  6017                                  ;                                    bit 13 = TxHostOwns, bit 15 = TOK/TSR)
  6018                                  ;     TSAD0-3 = 0x20,0x24,0x28,0x2C (TX Start Addr Desc 0-3: TX buffer phys addr)
  6019                                  ;   Writing size to TSDx triggers TX DMA. QEMU's rtl8139_transmit_one() refuses
  6020                                  ;   to retransmit on a descriptor still marked TxHostOwns (0x2000) from a prior
  6021                                  ;   TX, so eth_send rotates through all 4 descriptors via tx_tail.
  6022                                  eth_send:
  6023 0000425B 57                          push    edi
  6024 0000425C 52                          push    edx
  6025 0000425D 51                          push    ecx
  6026 0000425E 53                          push    ebx
  6027 0000425F 50                          push    eax
  6028 00004260 803D[52B40000]01            cmp     byte [nic_type], 1
  6029 00004267 0F8593010000                jne     .es_no
  6030                                      ; QEMU RTL8139 processes TX synchronously on TSD0 write — no OWN bit to poll.
  6031                                      ; Copy frame from net_tx_buf to the TX buffer (rtl8139_tx_buf at TSAD0=0x20)
  6032 0000426D BE[33C10000]                mov     esi, net_tx_buf
  6033 00004272 BF[00C40000]                mov     edi, rtl8139_tx_buf
  6034 00004277 0FB70D[B3C10000]            movzx   ecx, word [net_tx_len]
  6035 0000427E 85C9                        test    ecx, ecx
  6036 00004280 0F847A010000                jz      .es_no
  6037                                      ; Limit to 1792 bytes (RTL8139 max TX per descriptor)
  6038 00004286 6681F90007                  cmp     cx, 1792
  6039 0000428B 7604                        jbe     .es_clip_ok
  6040 0000428D 66B90007                    mov     cx, 1792
  6041                                  .es_clip_ok:
  6042 00004291 F3A4                        rep     movsb
  6043                                      ; Print send length
  6044                                      dbg_puts "[A4X] eth_send len=", 0
    21 00004293 EB14                <1>  jmp %%skip
    22 00004295 5B4134585D20657468- <1> %%str db %1
    22 0000429E 5F73656E64206C656E- <1>
    22 000042A7 3D00                <1>
    23                              <1> %%skip:
    24                              <1> %if __BITS__ == 32
    25 000042A9 56                  <1>  push esi
    26 000042AA BE[95420000]        <1>  mov esi, %%str
    27                              <1> %%.loop:
    28 000042AF AC                  <1>  lodsb
    29 000042B0 08C0                <1>  or al, al
    30 000042B2 7404                <1>  jz %%.done
    31 000042B4 E6E9                <1>  out 0xE9, al
    32 000042B6 EBF7                <1>  jmp %%.loop
    33                              <1> %%.done:
    34 000042B8 5E                  <1>  pop esi
    35                              <1> %else
    36                              <1>  push si
    37                              <1>  mov si, %%str
    38                              <1> %%.loop:
    39                              <1>  lodsb
    40                              <1>  or al, al
    41                              <1>  jz %%.done
    42                              <1>  out 0xE9, al
    43                              <1>  jmp %%.loop
    44                              <1> %%.done:
    45                              <1>  pop si
    46                              <1> %endif
  6045 000042B9 0FB705[B3C10000]            movzx   eax, word [net_tx_len]
  6046 000042C0 E8DFF2FFFF                  call    dbg_print_eax_dec
  6047                                      dbg_puts 13, 10, 0
    21 000042C5 EB03                <1>  jmp %%skip
    22 000042C7 0D0A00              <1> %%str db %1
    23                              <1> %%skip:
    24                              <1> %if __BITS__ == 32
    25 000042CA 56                  <1>  push esi
    26 000042CB BE[C7420000]        <1>  mov esi, %%str
    27                              <1> %%.loop:
    28 000042D0 AC                  <1>  lodsb
    29 000042D1 08C0                <1>  or al, al
    30 000042D3 7404                <1>  jz %%.done
    31 000042D5 E6E9                <1>  out 0xE9, al
    32 000042D7 EBF7                <1>  jmp %%.loop
    33                              <1> %%.done:
    34 000042D9 5E                  <1>  pop esi
    35                              <1> %else
    36                              <1>  push si
    37                              <1>  mov si, %%str
    38                              <1> %%.loop:
    39                              <1>  lodsb
    40                              <1>  or al, al
    41                              <1>  jz %%.done
    42                              <1>  out 0xE9, al
    43                              <1>  jmp %%.loop
    44                              <1> %%.done:
    45                              <1>  pop si
    46                              <1> %endif
  6048                                      ; Debug: verify TSAD0 == rtl8139_tx_buf addr and peek tx_buf[0..3]
  6049 000042DA 56                          push    esi
  6050 000042DB 53                          push    ebx
  6051 000042DC B020                        mov     al, 0x20
  6052 000042DE E8B3EAFFFF                  call    rtl8139_rd_d          ; ebx = TSAD0 value
  6053                                      dbg_puts "TSAD0=", 0
    21 000042E3 EB07                <1>  jmp %%skip
    22 000042E5 54534144303D00      <1> %%str db %1
    23                              <1> %%skip:
    24                              <1> %if __BITS__ == 32
    25 000042EC 56                  <1>  push esi
    26 000042ED BE[E5420000]        <1>  mov esi, %%str
    27                              <1> %%.loop:
    28 000042F2 AC                  <1>  lodsb
    29 000042F3 08C0                <1>  or al, al
    30 000042F5 7404                <1>  jz %%.done
    31 000042F7 E6E9                <1>  out 0xE9, al
    32 000042F9 EBF7                <1>  jmp %%.loop
    33                              <1> %%.done:
    34 000042FB 5E                  <1>  pop esi
    35                              <1> %else
    36                              <1>  push si
    37                              <1>  mov si, %%str
    38                              <1> %%.loop:
    39                              <1>  lodsb
    40                              <1>  or al, al
    41                              <1>  jz %%.done
    42                              <1>  out 0xE9, al
    43                              <1>  jmp %%.loop
    44                              <1> %%.done:
    45                              <1>  pop si
    46                              <1> %endif
  6054 000042FC 89D8                        mov     eax, ebx
  6055                                      dbg_hex32
    84 000042FE 50                  <1>  push eax
    85 000042FF 51                  <1>  push ecx
    86 00004300 B91C000000          <1>  mov ecx, 28
    87                              <1> %%loop:
    88 00004305 50                  <1>  push eax
    89 00004306 D3E8                <1>  shr eax, cl
    90 00004308 83E00F              <1>  and eax, 0x0F
    91 0000430B 0430                <1>  add al, '0'
    92 0000430D 3C39                <1>  cmp al, '9'
    93 0000430F 7602                <1>  jbe %%ok2
    94 00004311 0407                <1>  add al, 7
    95                              <1> %%ok2:
    96 00004313 E6E9                <1>  out 0xE9, al
    97 00004315 58                  <1>  pop eax
    98 00004316 83E904              <1>  sub ecx, 4
    99 00004319 79EA                <1>  jns %%loop
   100 0000431B 59                  <1>  pop ecx
   101 0000431C 58                  <1>  pop eax
  6056                                      dbg_puts " buf[0..3]=", 0
    21 0000431D EB0C                <1>  jmp %%skip
    22 0000431F 206275665B302E2E33- <1> %%str db %1
    22 00004328 5D3D00              <1>
    23                              <1> %%skip:
    24                              <1> %if __BITS__ == 32
    25 0000432B 56                  <1>  push esi
    26 0000432C BE[1F430000]        <1>  mov esi, %%str
    27                              <1> %%.loop:
    28 00004331 AC                  <1>  lodsb
    29 00004332 08C0                <1>  or al, al
    30 00004334 7404                <1>  jz %%.done
    31 00004336 E6E9                <1>  out 0xE9, al
    32 00004338 EBF7                <1>  jmp %%.loop
    33                              <1> %%.done:
    34 0000433A 5E                  <1>  pop esi
    35                              <1> %else
    36                              <1>  push si
    37                              <1>  mov si, %%str
    38                              <1> %%.loop:
    39                              <1>  lodsb
    40                              <1>  or al, al
    41                              <1>  jz %%.done
    42                              <1>  out 0xE9, al
    43                              <1>  jmp %%.loop
    44                              <1> %%.done:
    45                              <1>  pop si
    46                              <1> %endif
  6057 0000433B BE[00C40000]                mov     esi, rtl8139_tx_buf
  6058 00004340 8B06                        mov     eax, [esi]
  6059                                      dbg_hex32
    84 00004342 50                  <1>  push eax
    85 00004343 51                  <1>  push ecx
    86 00004344 B91C000000          <1>  mov ecx, 28
    87                              <1> %%loop:
    88 00004349 50                  <1>  push eax
    89 0000434A D3E8                <1>  shr eax, cl
    90 0000434C 83E00F              <1>  and eax, 0x0F
    91 0000434F 0430                <1>  add al, '0'
    92 00004351 3C39                <1>  cmp al, '9'
    93 00004353 7602                <1>  jbe %%ok2
    94 00004355 0407                <1>  add al, 7
    95                              <1> %%ok2:
    96 00004357 E6E9                <1>  out 0xE9, al
    97 00004359 58                  <1>  pop eax
    98 0000435A 83E904              <1>  sub ecx, 4
    99 0000435D 79EA                <1>  jns %%loop
   100 0000435F 59                  <1>  pop ecx
   101 00004360 58                  <1>  pop eax
  6060                                      dbg_nl
    51 00004361 B00D                <1>  mov al, 13
    52 00004363 E6E9                <1>  out 0xE9, al
    53 00004365 B00A                <1>  mov al, 10
    54 00004367 E6E9                <1>  out 0xE9, al
  6061 00004369 5B                          pop     ebx
  6062 0000436A 5E                          pop     esi
  6063                                      ; --- TX descriptor rotation (QEMU requires rotating TSAD0-3/TSD0-3) ---
  6064                                      ; QEMU's rtl8139_transmit_one() refuses to retransmit on a descriptor
  6065                                      ; still marked TxHostOwns (0x2000) from a prior TX.  Rotating through
  6066                                      ; all 4 descriptors sidesteps this — each new TX uses a fresh descriptor.
  6067                                      ; tx_tail = next descriptor index (0-3); advanced after each send.
  6068                                      ;   TSDx  reg offset = 0x10 + tx_tail*4
  6069                                      ;   TSADx reg offset = 0x20 + tx_tail*4
  6070 0000436B 0FB60D[4EC20000]            movzx   ecx, byte [tx_tail]   ; ecx = tx_tail (0-3)
  6071 00004372 C1E102                      shl     ecx, 2                ; ecx = tx_tail * 4
  6072                                  
  6073                                      ; Refresh TSADx = rtl8139_tx_buf (QEMU DMA reads TX data from here)
  6074 00004375 51                          push    ecx
  6075 00004376 53                          push    ebx
  6076 00004377 BB[00C40000]                mov     ebx, rtl8139_tx_buf
  6077 0000437C 89C8                        mov     eax, ecx
  6078 0000437E 0420                        add     al, 0x20              ; al = 0x20 + tx_tail*4 (TSADx offset)
  6079 00004380 E8F9E9FFFF                  call    rtl8139_wr_d
  6080 00004385 5B                          pop     ebx
  6081 00004386 59                          pop     ecx                   ; ecx = tx_tail * 4
  6082                                  
  6083                                      ; Write SIZE to TSDx (32-bit write triggers TX DMA; bits 0-12 = size)
  6084 00004387 0FB705[B3C10000]            movzx   eax, word [net_tx_len] ; eax = size
  6085 0000438E 668B15[4EB40000]            mov     dx, word [nic_base]
  6086 00004395 6601CA                      add     dx, cx                ; dx = nic_base + tx_tail*4
  6087 00004398 6683C210                    add     dx, 0x10              ; dx = nic_base + 0x10 + tx_tail*4 = TSDx port
  6088 0000439C EF                          out     dx, eax               ; 32-bit write: size triggers TX DMA
  6089                                  
  6090                                      ; Debug: read TSDx back (TOK=bit15 set synchronously by QEMU on success)
  6091 0000439D 51                          push    ecx                   ; save tx_tail * 4
  6092 0000439E 53                          push    ebx
  6093 0000439F 89C8                        mov     eax, ecx
  6094 000043A1 0410                        add     al, 0x10              ; al = 0x10 + tx_tail*4 (TSDx offset)
  6095 000043A3 E8EEE9FFFF                  call    rtl8139_rd_d          ; ebx = TSDx value
  6096 000043A8 89D8                        mov     eax, ebx
  6097 000043AA 53                          push    ebx
  6098                                      dbg_puts "TSDxpost=", 0
    21 000043AB EB0A                <1>  jmp %%skip
    22 000043AD 54534478706F73743D- <1> %%str db %1
    22 000043B6 00                  <1>
    23                              <1> %%skip:
    24                              <1> %if __BITS__ == 32
    25 000043B7 56                  <1>  push esi
    26 000043B8 BE[AD430000]        <1>  mov esi, %%str
    27                              <1> %%.loop:
    28 000043BD AC                  <1>  lodsb
    29 000043BE 08C0                <1>  or al, al
    30 000043C0 7404                <1>  jz %%.done
    31 000043C2 E6E9                <1>  out 0xE9, al
    32 000043C4 EBF7                <1>  jmp %%.loop
    33                              <1> %%.done:
    34 000043C6 5E                  <1>  pop esi
    35                              <1> %else
    36                              <1>  push si
    37                              <1>  mov si, %%str
    38                              <1> %%.loop:
    39                              <1>  lodsb
    40                              <1>  or al, al
    41                              <1>  jz %%.done
    42                              <1>  out 0xE9, al
    43                              <1>  jmp %%.loop
    44                              <1> %%.done:
    45                              <1>  pop si
    46                              <1> %endif
  6099                                      dbg_hex32
    84 000043C7 50                  <1>  push eax
    85 000043C8 51                  <1>  push ecx
    86 000043C9 B91C000000          <1>  mov ecx, 28
    87                              <1> %%loop:
    88 000043CE 50                  <1>  push eax
    89 000043CF D3E8                <1>  shr eax, cl
    90 000043D1 83E00F              <1>  and eax, 0x0F
    91 000043D4 0430                <1>  add al, '0'
    92 000043D6 3C39                <1>  cmp al, '9'
    93 000043D8 7602                <1>  jbe %%ok2
    94 000043DA 0407                <1>  add al, 7
    95                              <1> %%ok2:
    96 000043DC E6E9                <1>  out 0xE9, al
    97 000043DE 58                  <1>  pop eax
    98 000043DF 83E904              <1>  sub ecx, 4
    99 000043E2 79EA                <1>  jns %%loop
   100 000043E4 59                  <1>  pop ecx
   101 000043E5 58                  <1>  pop eax
  6100 000043E6 5B                          pop     ebx
  6101 000043E7 5B                          pop     ebx
  6102 000043E8 59                          pop     ecx                   ; restore tx_tail * 4
  6103                                  
  6104                                      ; Advance tx_tail = (tx_tail + 1) & 3
  6105 000043E9 89C8                        mov     eax, ecx
  6106 000043EB C1E802                      shr     eax, 2                ; eax = old tx_tail
  6107 000043EE 40                          inc     eax
  6108 000043EF 83E003                      and     eax, 3
  6109 000043F2 A2[4EC20000]                mov     [tx_tail], al
  6110                                  
  6111 000043F7 C605[B5C10000]01            mov     byte [net_send_state], 1
  6112 000043FE EB07                        jmp     .es_d
  6113                                  .es_no:
  6114 00004400 C605[B5C10000]02            mov     byte [net_send_state], 2
  6115                                  .es_d:
  6116 00004407 58                          pop     eax
  6117 00004408 5B                          pop     ebx
  6118 00004409 59                          pop     ecx
  6119 0000440A 5A                          pop     edx
  6120 0000440B 5F                          pop     edi
  6121 0000440C C3                          ret
  6122                                  
  6123                                  ; ============================================================================
  6124                                  ; ip_cksum — ones-complement checksum
  6125                                  ;   IN:  esi = buffer, ecx = word count
  6126                                  ;   OUT: ax = checksum
  6127                                  ; ============================================================================
  6128                                  ip_cksum:
  6129 0000440D 57                          push    edi
  6130 0000440E 53                          push    ebx
  6131 0000440F 31DB                        xor     ebx, ebx
  6132                                  .ck_l:
  6133 00004411 85C9                        test    ecx, ecx
  6134 00004413 740A                        jz      .ck_d
  6135 00004415 66AD                        lodsw
  6136 00004417 0FB7C0                      movzx   eax, ax
  6137 0000441A 01C3                        add     ebx, eax
  6138 0000441C 49                          dec     ecx
  6139 0000441D EBF2                        jmp     .ck_l
  6140                                  .ck_d:
  6141 0000441F 6689D8                      mov     ax, bx
  6142 00004422 C1EB10                      shr     ebx, 16
  6143 00004425 6601D8                      add     ax, bx
  6144 00004428 6683D000                    adc     ax, 0
  6145 0000442C 66F7D0                      not     ax
  6146 0000442F 5B                          pop     ebx
  6147 00004430 5F                          pop     edi
  6148 00004431 C3                          ret
  6149                                  
  6150                                  ; ============================================================================
  6151                                  ; ip_rx — receive IP packet at nic_rx_data+14
  6152                                  ;   Verifies checksum, dispatches by protocol
  6153                                  ; ============================================================================
  6154                                  ip_rx:
  6155 00004432 57                          push    edi
  6156 00004433 52                          push    edx
  6157 00004434 51                          push    ecx
  6158 00004435 53                          push    ebx
  6159 00004436 50                          push    eax
  6160 00004437 BF[00EC0000]                mov     edi, nic_rx_data
  6161 0000443C 83C70E                      add     edi, 14
  6162 0000443F 8A07                        mov     al, [edi]
  6163 00004441 240F                        and     al, 0x0F
  6164 00004443 3C05                        cmp     al, 5
  6165 00004445 7545                        jne     .ir_d
  6166 00004447 89FE                        mov     esi, edi
  6167 00004449 8A07                        mov     al, [edi]
  6168 0000444B 240F                        and     al, 0x0F
  6169 0000444D 0FB6C0                      movzx   eax, al
  6170 00004450 C1E002                      shl     eax, 2
  6171 00004453 6689C1                      mov     cx, ax
  6172 00004456 66D1E9                      shr     cx, 1
  6173 00004459 E8AFFFFFFF                  call    ip_cksum
  6174 0000445E 6685C0                      test    ax, ax
  6175 00004461 7529                        jnz     .ir_ckfail
  6176 00004463 8A5F09                      mov     bl, [edi+9]          ; protocol byte from IP header (offset 9)
  6177 00004466 80FB01                      cmp     bl, 1
  6178 00004469 740C                        je      .ir_icmp
  6179 0000446B 80FB06                      cmp     bl, 6
  6180 0000446E 740E                        je      .ir_tcp
  6181 00004470 80FB11                      cmp     bl, 17
  6182 00004473 7410                        je      .ir_udp
  6183 00004475 EB15                        jmp     .ir_d
  6184                                  .ir_icmp:
  6185 00004477 E816000000                  call    icmp_rx
  6186 0000447C EB0E                        jmp     .ir_d
  6187                                  .ir_tcp:
  6188 0000447E E8F8160000                  call    tcp_rx
  6189 00004483 EB07                        jmp     .ir_d
  6190                                  .ir_udp:
  6191 00004485 E8E3000000                  call    udp_rx
  6192 0000448A EB00                        jmp     .ir_d
  6193                                  .ir_ckfail:
  6194                                  .ir_d:
  6195 0000448C 58                          pop     eax
  6196 0000448D 5B                          pop     ebx
  6197 0000448E 59                          pop     ecx
  6198 0000448F 5A                          pop     edx
  6199 00004490 5F                          pop     edi
  6200 00004491 C3                          ret
  6201                                  
  6202                                  ; ============================================================================
  6203                                  ; icmp_rx — respond to ICMP echo request (type 8)
  6204                                  ; ============================================================================
  6205                                  icmp_rx:
  6206 00004492 57                          push    edi
  6207 00004493 56                          push    esi
  6208 00004494 52                          push    edx
  6209 00004495 51                          push    ecx
  6210 00004496 53                          push    ebx
  6211 00004497 50                          push    eax
  6212 00004498 BF[22EC0000]                mov     edi, nic_rx_data + 34
  6213 0000449D 803F08                      cmp     byte [edi], 8
  6214 000044A0 0F85C0000000                jne     .ic_d
  6215                                      ; Build Ethernet header at net_tx_buf
  6216 000044A6 BF[33C10000]                mov     edi, net_tx_buf
  6217 000044AB BE[06EC0000]                mov     esi, nic_rx_data + 6
  6218 000044B0 66B90600                    mov     cx, 6
  6219 000044B4 F3A4                        rep     movsb
  6220 000044B6 A1[55B40000]                mov     eax, [nic_mac_lo]
  6221 000044BB 8907                        mov     [edi], eax
  6222 000044BD 66A1[59B40000]              mov     ax, [nic_mac_hi]
  6223 000044C3 66894704                    mov     [edi+4], ax
  6224 000044C7 66C7470C0800                mov     word [edi+12], 0x0008
  6225                                      ; IP header
  6226 000044CD BF[41C10000]                mov     edi, net_tx_buf + 14
  6227 000044D2 C60745                      mov     byte [edi+0], 0x45
  6228 000044D5 C6470100                    mov     byte [edi+1], 0
  6229 000044D9 66C747021C00                mov     word [edi+2], 28
  6230 000044DF 66C747040000                mov     word [edi+4], 0
  6231 000044E5 66C747060040                mov     word [edi+6], 0x4000
  6232 000044EB C6470840                    mov     byte [edi+8], 64
  6233 000044EF C6470901                    mov     byte [edi+9], 1
  6234 000044F3 66C7470A0000                mov     word [edi+10], 0
  6235 000044F9 C7470C0F02020A              mov     dword [edi+12], 0x0A02020F
  6236 00004500 BE[1AEC0000]                mov     esi, nic_rx_data + 26
  6237 00004505 8B06                        mov     eax, [esi]
  6238 00004507 894710                      mov     [edi+16], eax
  6239                                      ; ICMP reply header
  6240 0000450A BF[55C10000]                mov     edi, net_tx_buf + 34
  6241 0000450F C60700                      mov     byte [edi+0], 0
  6242 00004512 C6470100                    mov     byte [edi+1], 0
  6243 00004516 66C747020000                mov     word [edi+2], 0
  6244 0000451C BE[24EC0000]                mov     esi, nic_rx_data + 36
  6245 00004521 668B06                      mov     ax, [esi]
  6246 00004524 66894704                    mov     [edi+4], ax
  6247 00004528 668B4602                    mov     ax, [esi+2]
  6248 0000452C 66894706                    mov     [edi+6], ax
  6249                                      ; ICMP checksum
  6250 00004530 BE[55C10000]                mov     esi, net_tx_buf + 34
  6251 00004535 66B90400                    mov     cx, 4
  6252 00004539 E8CFFEFFFF                  call    ip_cksum
  6253 0000453E 66A3[57C10000]              mov     [net_tx_buf + 36], ax
  6254                                      ; IP checksum
  6255 00004544 BE[41C10000]                mov     esi, net_tx_buf + 14
  6256 00004549 66B90A00                    mov     cx, 10
  6257 0000454D E8BBFEFFFF                  call    ip_cksum
  6258 00004552 66A3[4BC10000]              mov     [net_tx_buf + 24], ax
  6259 00004558 66C705[B3C10000]2A-         mov     word [net_tx_len], 42
  6259 00004560 00                 
  6260 00004561 E8F5FCFFFF                  call    eth_send
  6261                                  .ic_d:
  6262 00004566 58                          pop     eax
  6263 00004567 5B                          pop     ebx
  6264 00004568 59                          pop     ecx
  6265 00004569 5A                          pop     edx
  6266 0000456A 5E                          pop     esi
  6267 0000456B 5F                          pop     edi
  6268 0000456C C3                          ret
  6269                                  
  6270                                  ; ============================================================================
  6271                                  ; udp_rx — receive UDP datagram
  6272                                  ; ============================================================================
  6273                                  udp_rx:
  6274 0000456D 57                          push    edi
  6275 0000456E 56                          push    esi
  6276 0000456F 52                          push    edx
  6277 00004570 51                          push    ecx
  6278 00004571 53                          push    ebx
  6279 00004572 50                          push    eax
  6280 00004573 BF[22EC0000]                mov     edi, nic_rx_data + 34
  6281 00004578 668B07                      mov     ax, [edi+0]
  6282 0000457B 66A3[B6C10000]              mov     [udp_sport], ax
  6283 00004581 668B4702                    mov     ax, [edi+2]
  6284 00004585 66A3[B8C10000]              mov     [udp_dport], ax
  6285 0000458B 668B4704                    mov     ax, [edi+4]
  6286 0000458F 6683E808                    sub     ax, 8
  6287 00004593 66A3[BAC10000]              mov     [udp_len], ax
  6288 00004599 83C708                      add     edi, 8
  6289 0000459C 89FE                        mov     esi, edi
  6290 0000459E BF[BDC10000]                mov     edi, udp_rx_buf
  6291 000045A3 6685C0                      test    ax, ax
  6292 000045A6 7405                        jz      .ud_d
  6293 000045A8 6689C1                      mov     cx, ax
  6294 000045AB F3A4                        rep     movsb
  6295                                  .ud_d:
  6296 000045AD C605[BCC10000]01            mov     byte [udp_rx_state], 1
  6297 000045B4 58                          pop     eax
  6298 000045B5 5B                          pop     ebx
  6299 000045B6 59                          pop     ecx
  6300 000045B7 5A                          pop     edx
  6301 000045B8 5E                          pop     esi
  6302 000045B9 5F                          pop     edi
  6303 000045BA C3                          ret
  6304                                  
  6305                                  ; ============================================================================
  6306                                  ; udp_send — send UDP datagram
  6307                                  ;   IN:  udp_sport, udp_dport, udp_len, udp_tx_buf=payload
  6308                                  ; ============================================================================
  6309                                  udp_send:
  6310 000045BB 57                          push    edi
  6311 000045BC 56                          push    esi
  6312 000045BD 52                          push    edx
  6313 000045BE 51                          push    ecx
  6314 000045BF 53                          push    ebx
  6315 000045C0 50                          push    eax
  6316                                      ; Ethernet
  6317 000045C1 BF[33C10000]                mov     edi, net_tx_buf
  6318 000045C6 C707FFFFFFFF                mov     dword [edi+0], 0xFFFFFFFF
  6319 000045CC A1[55B40000]                mov     eax, [nic_mac_lo]
  6320 000045D1 894706                      mov     [edi+6], eax
  6321 000045D4 66A1[59B40000]              mov     ax, [nic_mac_hi]
  6322 000045DA 6689470A                    mov     [edi+10], ax
  6323 000045DE 66C7470C0800                mov     word [edi+12], 0x0008
  6324                                      ; IP header
  6325 000045E4 BF[41C10000]                mov     edi, net_tx_buf + 14
  6326 000045E9 C60745                      mov     byte [edi+0], 0x45
  6327 000045EC C6470100                    mov     byte [edi+1], 0
  6328 000045F0 66A1[BAC10000]              mov     ax, [udp_len]
  6329 000045F6 6683C01C                    add     ax, 28
  6330 000045FA 66894702                    mov     word [edi+2], ax
  6331 000045FE 66C747040000                mov     word [edi+4], 0
  6332 00004604 66C747060040                mov     word [edi+6], 0x4000
  6333 0000460A C6470840                    mov     byte [edi+8], 64
  6334 0000460E C6470911                    mov     byte [edi+9], 17
  6335 00004612 66C7470A0000                mov     word [edi+10], 0
  6336 00004618 C7470C0F02020A              mov     dword [edi+12], 0x0A02020F
  6337 0000461F C747100202020A              mov     dword [edi+16], 0x0A020202
  6338                                      ; IP checksum
  6339 00004626 89FE                        mov     esi, edi
  6340 00004628 66A1[BAC10000]              mov     ax, [udp_len]
  6341 0000462E 6683C014                    add     ax, 20
  6342 00004632 6689C1                      mov     cx, ax
  6343 00004635 66D1E9                      shr     cx, 1
  6344 00004638 E8D0FDFFFF                  call    ip_cksum
  6345 0000463D 6689470A                    mov     [edi+10], ax
  6346                                      ; UDP header
  6347 00004641 83C714                      add     edi, 20
  6348 00004644 66A1[B6C10000]              mov     ax, [udp_sport]
  6349 0000464A 668907                      mov     [edi+0], ax
  6350 0000464D 66A1[B8C10000]              mov     ax, [udp_dport]
  6351 00004653 66894702                    mov     [edi+2], ax
  6352 00004657 66A1[BAC10000]              mov     ax, [udp_len]
  6353 0000465D 6683C008                    add     ax, 8
  6354 00004661 66894704                    mov     [edi+4], ax
  6355 00004665 66C747060000                mov     word [edi+6], 0
  6356                                      ; Copy payload
  6357 0000466B 83C708                      add     edi, 8
  6358 0000466E BE[DDC10000]                mov     esi, udp_tx_buf
  6359 00004673 66A1[BAC10000]              mov     ax, [udp_len]
  6360 00004679 6685C0                      test    ax, ax
  6361 0000467C 7405                        jz      .us_d
  6362 0000467E 6689C1                      mov     cx, ax
  6363 00004681 F3A4                        rep     movsb
  6364                                  .us_d:
  6365 00004683 66A1[BAC10000]              mov     ax, [udp_len]
  6366 00004689 6683C02A                    add     ax, 42
  6367 0000468D 66A3[B3C10000]              mov     [net_tx_len], ax
  6368 00004693 E8C3FBFFFF                  call    eth_send
  6369 00004698 58                          pop     eax
  6370 00004699 5B                          pop     ebx
  6371 0000469A 59                          pop     ecx
  6372 0000469B 5A                          pop     edx
  6373 0000469C 5E                          pop     esi
  6374 0000469D 5F                          pop     edi
  6375 0000469E C3                          ret
  6376                                  
  6377                                  ; ============================================================================
  6378                                  ; tcp_check — check for SYN-ACK or data reply (RTL8139)
  6379                                  ;   Sets tcp_state=2 on SYN-ACK, tcp_state=3 on data received
  6380                                  ;   Main work is done by eth_rx -> ip_rx -> tcp_rx in the main loop
  6381                                  tcp_check:
  6382 0000469F 57                          push    edi
  6383 000046A0 52                          push    edx
  6384 000046A1 51                          push    ecx
  6385 000046A2 53                          push    ebx
  6386 000046A3 50                          push    eax
  6387 000046A4 803D[52B40000]01            cmp     byte [nic_type], 1
  6388 000046AB 0F85D4000000                jne     .tcp_d
  6389 000046B1 803D[FDC10000]01            cmp     byte [tcp_state], 1
  6390 000046B8 0F85C7000000                jne     .tcp_d
  6391                                      ; Check timeout first (300 ticks, more generous)
  6392 000046BE A1[CC730000]                mov     eax, [vtd_t]
  6393 000046C3 8B1D[44F20000]              mov     ebx, [tcp_timeout]
  6394 000046C9 29D8                        sub     eax, ebx
  6395 000046CB 3D2C010000                  cmp     eax, 300
  6396 000046D0 0F8D82000000                jge     .tcp_timeout
  6397                                      ; Check TX done: read TSD0 byte 0x11, test TOK (bit 15 of TSD0 = bit 7 of byte 0x11).
  6398                                      ; TOK=1 means NIC finished transmitting the frame.
  6399 000046D6 B011                        mov     al, 0x11
  6400 000046D8 E84CE6FFFF                  call    rtl8139_rd
  6401 000046DD A880                        test    al, 0x80
  6402 000046DF 742E                        jz      .tcp_pending              ; TOK=0 -> TX still pending, leave tcp_state=1
  6403                                      ; TX completed successfully: keep tcp_state=1 (will move to 2 on SYN-ACK recv)
  6404                                      dbg_puts "[A4X] tcp_check TX DONE", 13, 10, 0
    21 000046E1 EB1A                <1>  jmp %%skip
    22 000046E3 5B4134585D20746370- <1> %%str db %1
    22 000046EC 5F636865636B205458- <1>
    22 000046F5 20444F4E450D0A00    <1>
    23                              <1> %%skip:
    24                              <1> %if __BITS__ == 32
    25 000046FD 56                  <1>  push esi
    26 000046FE BE[E3460000]        <1>  mov esi, %%str
    27                              <1> %%.loop:
    28 00004703 AC                  <1>  lodsb
    29 00004704 08C0                <1>  or al, al
    30 00004706 7404                <1>  jz %%.done
    31 00004708 E6E9                <1>  out 0xE9, al
    32 0000470A EBF7                <1>  jmp %%.loop
    33                              <1> %%.done:
    34 0000470C 5E                  <1>  pop esi
    35                              <1> %else
    36                              <1>  push si
    37                              <1>  mov si, %%str
    38                              <1> %%.loop:
    39                              <1>  lodsb
    40                              <1>  or al, al
    41                              <1>  jz %%.done
    42                              <1>  out 0xE9, al
    43                              <1>  jmp %%.loop
    44                              <1> %%.done:
    45                              <1>  pop si
    46                              <1> %endif
  6405 0000470D EB76                        jmp     .tcp_d
  6406                                  .tcp_pending:
  6407                                      ; Only log once per TCP session to avoid log floods
  6408 0000470F 803D[FEC10000]01            cmp     byte [tcp_tx_pending_logged], 1
  6409 00004716 746D                        je      .tcp_d
  6410 00004718 C605[FEC10000]01            mov     byte [tcp_tx_pending_logged], 1
  6411                                      dbg_puts "[A4X] tcp_check TX pending (TOK=0)", 13, 10, 0
    21 0000471F EB25                <1>  jmp %%skip
    22 00004721 5B4134585D20746370- <1> %%str db %1
    22 0000472A 5F636865636B205458- <1>
    22 00004733 2070656E64696E6720- <1>
    22 0000473C 28544F4B3D30290D0A- <1>
    22 00004745 00                  <1>
    23                              <1> %%skip:
    24                              <1> %if __BITS__ == 32
    25 00004746 56                  <1>  push esi
    26 00004747 BE[21470000]        <1>  mov esi, %%str
    27                              <1> %%.loop:
    28 0000474C AC                  <1>  lodsb
    29 0000474D 08C0                <1>  or al, al
    30 0000474F 7404                <1>  jz %%.done
    31 00004751 E6E9                <1>  out 0xE9, al
    32 00004753 EBF7                <1>  jmp %%.loop
    33                              <1> %%.done:
    34 00004755 5E                  <1>  pop esi
    35                              <1> %else
    36                              <1>  push si
    37                              <1>  mov si, %%str
    38                              <1> %%.loop:
    39                              <1>  lodsb
    40                              <1>  or al, al
    41                              <1>  jz %%.done
    42                              <1>  out 0xE9, al
    43                              <1>  jmp %%.loop
    44                              <1> %%.done:
    45                              <1>  pop si
    46                              <1> %endif
  6412 00004756 EB2D                        jmp     .tcp_d
  6413                                  .tcp_timeout:
  6414                                      dbg_puts "[A4X] SYN TIMEOUT", 13, 10, 0
    21 00004758 EB14                <1>  jmp %%skip
    22 0000475A 5B4134585D2053594E- <1> %%str db %1
    22 00004763 2054494D454F55540D- <1>
    22 0000476C 0A00                <1>
    23                              <1> %%skip:
    24                              <1> %if __BITS__ == 32
    25 0000476E 56                  <1>  push esi
    26 0000476F BE[5A470000]        <1>  mov esi, %%str
    27                              <1> %%.loop:
    28 00004774 AC                  <1>  lodsb
    29 00004775 08C0                <1>  or al, al
    30 00004777 7404                <1>  jz %%.done
    31 00004779 E6E9                <1>  out 0xE9, al
    32 0000477B EBF7                <1>  jmp %%.loop
    33                              <1> %%.done:
    34 0000477D 5E                  <1>  pop esi
    35                              <1> %else
    36                              <1>  push si
    37                              <1>  mov si, %%str
    38                              <1> %%.loop:
    39                              <1>  lodsb
    40                              <1>  or al, al
    41                              <1>  jz %%.done
    42                              <1>  out 0xE9, al
    43                              <1>  jmp %%.loop
    44                              <1> %%.done:
    45                              <1>  pop si
    46                              <1> %endif
  6415 0000477E C605[FDC10000]00            mov     byte [tcp_state], 0
  6416                                  .tcp_d:
  6417 00004785 58                          pop     eax
  6418 00004786 5B                          pop     ebx
  6419 00004787 59                          pop     ecx
  6420 00004788 5A                          pop     edx
  6421 00004789 5F                          pop     edi
  6422 0000478A C3                          ret
  6423                                  
  6424                                  ; ============================================================================
  6425                                  ; tcp_recv_check — check RX ring for incoming TCP data
  6426                                  ;   IN:  edi = nic_rx_data (Ethernet frame)
  6427                                  ;   OUT: sets tcp_rx_len and copies payload to tcp_rx_buf
  6428                                  ; ============================================================================
  6429                                  tcp_recv_check:
  6430 0000478B 57                          push    edi
  6431 0000478C 52                          push    edx
  6432 0000478D 51                          push    ecx
  6433 0000478E 53                          push    ebx
  6434 0000478F 50                          push    eax
  6435 00004790 803D[52B40000]01            cmp     byte [nic_type], 1
  6436 00004797 753D                        jne     .trc_d
  6437 00004799 803D[FDC10000]02            cmp     byte [tcp_state], 2
  6438 000047A0 7534                        jne     .trc_d
  6439                                      ; Read RX data
  6440 000047A2 BF[00EC0000]                mov     edi, nic_rx_data
  6441 000047A7 83C736                      add     edi, 14+20+20  ; skip eth+ip+tcp headers
  6442                                      ; Get payload length from IP total length - 40
  6443 000047AA 66A1[10EC0000]              mov     ax, [nic_rx_data+14+2]
  6444 000047B0 6683E828                    sub     ax, 40
  6445 000047B4 6683F820                    cmp     ax, 32
  6446 000047B8 7F1C                        jg      .trc_d
  6447 000047BA 66A3[50C20000]              mov     [tcp_rx_len], ax
  6448                                      ; Copy payload to tcp_rx_buf
  6449 000047C0 89FE                        mov     esi, edi
  6450 000047C2 BF[0EC20000]                mov     edi, tcp_rx_buf
  6451 000047C7 8B0D[50C20000]              mov     ecx, [tcp_rx_len]
  6452 000047CD F3A4                        rep     movsb
  6453 000047CF C605[4FC20000]01            mov     byte [tcp_rx_state], 1
  6454                                  .trc_d:
  6455 000047D6 58                          pop     eax
  6456 000047D7 5B                          pop     ebx
  6457 000047D8 59                          pop     ecx
  6458 000047D9 5A                          pop     edx
  6459 000047DA 5F                          pop     edi
  6460 000047DB C3                          ret
  6461                                  
  6462                                  ; ============================================================================
  6463                                  ; dns_resolve — UDP DNS A-record query
  6464                                  ;   IN:  esi = domain name string (null-terminated)
  6465                                  ;   OUT: sets dns_ip[4] if resolved, dns_state=1/2/3
  6466                                  ; ============================================================================
  6467                                  dns_resolve:
  6468 000047DC 57                          push    edi
  6469 000047DD 52                          push    edx
  6470 000047DE 51                          push    ecx
  6471 000047DF 53                          push    ebx
  6472 000047E0 56                          push    esi
  6473 000047E1 50                          push    eax
  6474 000047E2 C605[48F20000]01            mov     byte [dns_state], 1
  6475                                      ; Build DNS query packet
  6476 000047E9 BF[DDC10000]                mov     edi, udp_tx_buf
  6477 000047EE 66C707A5A5                  mov     word [edi+0], 0xA5A5    ; transaction ID
  6478 000047F3 66C747020001                mov     word [edi+2], 0x0100    ; flags: standard query, recursion
  6479 000047F9 66C747040100                mov     word [edi+4], 1         ; qdcount
  6480 000047FF 6631C0                      xor     ax, ax
  6481 00004802 66894706                    mov     [edi+6], ax             ; ancount
  6482 00004806 66894708                    mov     [edi+8], ax             ; nscount
  6483 0000480A 6689470A                    mov     [edi+10], ax            ; arcount
  6484                                      ; Encode domain name as labels
  6485 0000480E 83C70C                      add     edi, 12
  6486 00004811 8935[51F20000]              mov     [dns_qname], esi
  6487                                  .dns_enc:
  6488 00004817 8A06                        mov     al, [esi]
  6489 00004819 84C0                        test    al, al
  6490 0000481B 741E                        jz      .dns_enc_done
  6491 0000481D 3C2E                        cmp     al, '.'
  6492 0000481F 7412                        je      .dns_dot
  6493                                      ; Count label length
  6494 00004821 88C3                        mov     bl, al
  6495 00004823 46                          inc     esi
  6496                                  .dns_lcount:
  6497 00004824 8A06                        mov     al, [esi]
  6498 00004826 84C0                        test    al, al
  6499 00004828 7411                        jz      .dns_enc_done
  6500 0000482A 3C2E                        cmp     al, '.'
  6501 0000482C 7405                        je      .dns_dot
  6502 0000482E FEC3                        inc     bl
  6503 00004830 46                          inc     esi
  6504 00004831 EBF1                        jmp     .dns_lcount
  6505                                  .dns_dot:
  6506 00004833 881F                        mov     [edi], bl
  6507 00004835 83C702                      add     edi, 2
  6508 00004838 46                          inc     esi
  6509 00004839 EBDC                        jmp     .dns_enc
  6510                                  .dns_enc_done:
  6511                                      ; Write label length + remaining chars
  6512 0000483B 881F                        mov     [edi], bl
  6513 0000483D 83C702                      add     edi, 2
  6514                                      ; Write qtype=1 (A), qclass=1 (IN)
  6515 00004840 66C7070100                  mov     word [edi+0], 1
  6516 00004845 66C747020100                mov     word [edi+2], 1
  6517                                      ; Set up UDP send
  6518 0000484B BF[DDC10000]                mov     edi, udp_tx_buf
  6519 00004850 83EF0C                      sub     edi, 12
  6520 00004853 C605[B8C10000]35            mov     [udp_dport], 53
  6521 0000485A C605[B6C10000]00            mov     [udp_sport], 0x1A00
  6521          ******************       warning: byte exceeds bounds [-w+number-overflow]
  6522 00004861 893D[BAC10000]              mov     [udp_len], edi
  6523 00004867 802D[BAC10000][DD]          sub     [udp_len], udp_tx_buf
  6524                                      ; Send via eth_send
  6525 0000486E B035                        mov     al, 53
  6526 00004870 66A3[B8C10000]              mov     [udp_dport], ax
  6527 00004876 6631C0                      xor     ax, ax
  6528 00004879 66A3[55F20000]              mov     [udp_state], ax
  6529 0000487F FE05[55F20000]              inc     byte [udp_state]
  6530                                      ; Mark timeout
  6531 00004885 66A1[CC730000]              mov     ax, [vtd_t]
  6532 0000488B 66A3[4DF20000]              mov     [dns_timeout], ax
  6533 00004891 EB00                        jmp     .dns_d
  6534                                  .dns_d:
  6535 00004893 58                          pop     eax
  6536 00004894 5E                          pop     esi
  6537 00004895 5B                          pop     ebx
  6538 00004896 59                          pop     ecx
  6539 00004897 5A                          pop     edx
  6540 00004898 5F                          pop     edi
  6541 00004899 C3                          ret
  6542                                  
  6543                                  ; ============================================================================
  6544                                  ; dns_check — parse DNS response
  6545                                  ;   Sets dns_state=2 (resolved) with dns_ip[4], or 3 (timeout/fail)
  6546                                  ; ============================================================================
  6547                                  dns_check:
  6548 0000489A 57                          push    edi
  6549 0000489B 52                          push    edx
  6550 0000489C 51                          push    ecx
  6551 0000489D 53                          push    ebx
  6552 0000489E 50                          push    eax
  6553 0000489F 803D[BCC10000]01            cmp     byte [udp_rx_state], 1
  6554 000048A6 7532                        jne     .dc_d
  6555                                      ; Check response
  6556 000048A8 BF[BDC10000]                mov     edi, udp_rx_buf
  6557 000048AD 83C70C                      add     edi, 12
  6558                                      ; Parse answer section — look for type=1 (A record)
  6559 000048B0 66A1[C3C10000]              mov     ax, [udp_rx_buf+6]
  6560 000048B6 6683F800                    cmp     ax, 0
  6561 000048BA 741E                        je      .dc_d
  6562                                      ; Skip question section (simplified: skip 16 bytes)
  6563 000048BC 83C710                      add     edi, 16
  6564                                      ; Answer: name(2 offset), type(2), class(2), ttl(4), rdlength(2), rdata(4)
  6565 000048BF 668B4702                    mov     ax, [edi+2]
  6566 000048C3 6683F801                    cmp     ax, 1
  6567 000048C7 7511                        jne     .dc_d
  6568 000048C9 8B470A                      mov     eax, [edi+10]
  6569 000048CC A3[49F20000]                mov     [dns_ip], eax
  6570 000048D1 C605[48F20000]02            mov     byte [dns_state], 2
  6571 000048D8 EB00                        jmp     .dc_d
  6572                                  .dc_d:
  6573 000048DA 58                          pop     eax
  6574 000048DB 5B                          pop     ebx
  6575 000048DC 59                          pop     ecx
  6576 000048DD 5A                          pop     edx
  6577 000048DE 5F                          pop     edi
  6578 000048DF C3                          ret
  6579                                  
  6580                                  ; ============================================================================
  6581                                  ; http_get — build HTTP GET request buffer
  6582                                  ;   IN:  esi = URL string
  6583                                  ;   OUT: http_buf contains HTTP request, http_len = length
  6584                                  ; ============================================================================
  6585                                  http_get:
  6586 000048E0 57                          push    edi
  6587 000048E1 52                          push    edx
  6588 000048E2 51                          push    ecx
  6589 000048E3 53                          push    ebx
  6590 000048E4 50                          push    eax
  6591 000048E5 BF[56F20000]                mov     edi, http_buf
  6592 000048EA B847455420                  mov     eax, "GET "
  6593 000048EF 8907                        mov     [edi+0], eax
  6594 000048F1 66B8202F                    mov     ax, " /H"
  6594          ******************       warning: word exceeds bounds [-w+number-overflow]
  6595 000048F5 66894704                    mov     [edi+4], ax
  6596 000048F9 C6470654                    mov     byte [edi+6], 'T'
  6597 000048FD C6470754                    mov     byte [edi+7], 'T'
  6598 00004901 83C708                      add     edi, 8
  6599                                      ; Copy path from URL (skip scheme://host/)
  6600 00004904 8B06                        mov     eax, [esi]
  6601 00004906 3D68747470                  cmp     eax, "http"
  6602 0000490B 751C                        jne     .hg_skip
  6603 0000490D 83C604                      add     esi, 4
  6604 00004910 B83A2F2F2F                  mov     eax, ":///"
  6605 00004915 3906                        cmp     [esi], eax
  6606 00004917 7510                        jne     .hg_skip
  6607 00004919 83C604                      add     esi, 4
  6608                                      ; Skip host until '/'
  6609                                  .hg_skiphost:
  6610 0000491C 8A06                        mov     al, [esi]
  6611 0000491E 84C0                        test    al, al
  6612 00004920 740B                        jz      .hg_addslash
  6613 00004922 3C2F                        cmp     al, '/'
  6614 00004924 7407                        je      .hg_addslash
  6615 00004926 46                          inc     esi
  6616 00004927 EBF3                        jmp     .hg_skiphost
  6617                                  .hg_skip:
  6618 00004929 C6072F                      mov     byte [edi], '/'
  6619 0000492C 47                          inc     edi
  6620                                  .hg_addslash:
  6621 0000492D 8A06                        mov     al, [esi]
  6622 0000492F 84C0                        test    al, al
  6623 00004931 7406                        jz      .hg_addslash2
  6624 00004933 8807                        mov     [edi], al
  6625 00004935 47                          inc     edi
  6626 00004936 46                          inc     esi
  6627 00004937 EBF4                        jmp     .hg_addslash
  6628                                  .hg_addslash2:
  6629 00004939 C6072F                      mov     byte [edi], '/'
  6630 0000493C 47                          inc     edi
  6631                                      ; Add " HTTP/1.1\r\nHost: "
  6632 0000493D B820485454                  mov     eax, " HTTP"
  6632          ******************       warning: dword exceeds bounds [-w+number-overflow]
  6633 00004942 8907                        mov     [edi+0], eax
  6634 00004944 C647042F                    mov     byte [edi+4], '/'
  6635 00004948 C6470531                    mov     byte [edi+5], '1'
  6636 0000494C C647062E                    mov     byte [edi+6], '.'
  6637 00004950 C6470731                    mov     byte [edi+7], '1'
  6638 00004954 C647080D                    mov     byte [edi+8], 13
  6639 00004958 C647090A                    mov     byte [edi+9], 10
  6640 0000495C 83C70A                      add     edi, 10
  6641                                      ; Host header
  6642 0000495F 8B06                        mov     eax, [esi]
  6643 00004961 3D68747470                  cmp     eax, "http"
  6644 00004966 751E                        jne     .hg_host_done
  6645 00004968 83C604                      add     esi, 4
  6646 0000496B 813E3A2F2F2F                cmp     dword [esi], ":///"
  6647 00004971 7513                        jne     .hg_host_done
  6648 00004973 83C604                      add     esi, 4
  6649                                  .hg_cpyhost:
  6650 00004976 8A06                        mov     al, [esi]
  6651 00004978 84C0                        test    al, al
  6652 0000497A 740A                        jz      .hg_host_done
  6653 0000497C 3C2F                        cmp     al, '/'
  6654 0000497E 7406                        je      .hg_host_done
  6655 00004980 8807                        mov     [edi], al
  6656 00004982 47                          inc     edi
  6657 00004983 46                          inc     esi
  6658 00004984 EBF0                        jmp     .hg_cpyhost
  6659                                  .hg_host_done:
  6660                                      ; Write "Connection: close\r\n\r\n" as bytes
  6661 00004986 66C7070D0A                  mov     word [edi+0], 0x0A0D
  6662 0000498B B8436F6E6E                  mov     eax, "Conn"
  6663 00004990 894702                      mov     [edi+2], eax
  6664 00004993 B865637469                  mov     eax, "ecti"
  6665 00004998 894706                      mov     [edi+6], eax
  6666 0000499B B86F6E3A20                  mov     eax, "on: "
  6667 000049A0 89470A                      mov     [edi+10], eax
  6668 000049A3 B8636C6F73                  mov     eax, "clos"
  6669 000049A8 89470E                      mov     [edi+14], eax
  6670 000049AB C6471265                    mov     byte [edi+18], 'e'
  6671 000049AF 66C747130D0A                mov     word [edi+19], 0x0A0D
  6672 000049B5 66C747150D0A                mov     word [edi+21], 0x0A0D
  6673 000049BB 83C717                      add     edi, 23
  6674 000049BE 893D[56F30000]              mov     [http_len], edi
  6675 000049C4 802D[56F30000][56]          sub     [http_len], http_buf
  6676 000049CB EB00                        jmp     .hg_d
  6677                                  .hg_d:
  6678 000049CD 58                          pop     eax
  6679 000049CE 5B                          pop     ebx
  6680 000049CF 59                          pop     ecx
  6681 000049D0 5A                          pop     edx
  6682 000049D1 5F                          pop     edi
  6683 000049D2 C3                          ret
  6684                                  
  6685                                  ; ============================================================================
  6686                                  ; http_parse — parse HTTP response, extract body
  6687                                  ;   IN:  http_buf contains response
  6688                                  ;   OUT: sets http_body_len, http_body points to first non-header byte
  6689                                  ; ============================================================================
  6690                                  http_parse:
  6691 000049D3 57                          push    edi
  6692 000049D4 52                          push    edx
  6693 000049D5 51                          push    ecx
  6694 000049D6 53                          push    ebx
  6695 000049D7 50                          push    eax
  6696 000049D8 BF[56F20000]                mov     edi, http_buf
  6697 000049DD 0FB70D[56F30000]            movzx   ecx, word [http_len]
  6698 000049E4 83F904                      cmp     ecx, 4
  6699 000049E7 7C31                        jl      .http_d
  6700                                  .http_find:
  6701 000049E9 83F904                      cmp     ecx, 4
  6702 000049EC 7C2C                        jl      .http_d
  6703 000049EE 813F0D0A0D0A                cmp     dword [edi], 0x0A0D0A0D    ; \r\n\r\n in LE (bytes 0D 0A 0D 0A)
  6704 000049F4 7404                        je      .http_found
  6705 000049F6 47                          inc     edi
  6706 000049F7 49                          dec     ecx
  6707 000049F8 EBEF                        jmp     .http_find
  6708                                  .http_found:
  6709 000049FA 83C704                      add     edi, 4
  6710 000049FD 893D[58F30000]              mov     [http_body], edi
  6711                                      ; body_len = http_len - (edi - http_buf)
  6712 00004A03 89F8                        mov     eax, edi
  6713 00004A05 2D[56F20000]                sub     eax, http_buf
  6714 00004A0A 0FB715[56F30000]            movzx   edx, word [http_len]
  6715 00004A11 29C2                        sub     edx, eax
  6716 00004A13 668915[5CF30000]            mov     [http_body_len], dx
  6717                                  .http_d:
  6718 00004A1A 58                          pop     eax
  6719 00004A1B 5B                          pop     ebx
  6720 00004A1C 59                          pop     ecx
  6721 00004A1D 5A                          pop     edx
  6722 00004A1E 5F                          pop     edi
  6723 00004A1F C3                          ret
  6724                                  
  6725                                  ; ============================================================================
  6726                                  ; net_test_inject — NET_TEST only: inject canned HTTP response into dl_code
  6727                                  ;   Bypasses ARP/DNS/TCP/HTTP. Simulates a real download by copying the
  6728                                  ;   test bytecode (0xA4 magic + program) into dl_code and setting dl_valid.
  6729                                  ; ============================================================================
  6730                                  %ifdef NET_TEST
  6731                                  net_test_inject:
  6732                                      push    esi
  6733                                      push    edi
  6734                                      push    ecx
  6735                                      push    eax
  6736                                      ; Simulate http_parse: set http_body to point past headers
  6737                                      mov     dword [http_body], test_bc_body
  6738                                      mov     eax, test_bc_body_len
  6739                                      mov     [http_body_len], ax
  6740                                      ; Phase B copy: body[0] must be BC_MAGIC, copy body[1..] to dl_code
  6741                                      mov     byte [dl_valid], 0
  6742                                      mov     esi, test_bc_body
  6743                                      mov     al, [esi]
  6744                                      cmp     al, BC_MAGIC
  6745                                      jne     .nti_d
  6746                                      inc     esi                        ; skip magic
  6747                                      mov     ecx, test_bc_body_len - 1  ; payload without magic
  6748                                      cmp     ecx, DL_CODE_SZ
  6749                                      jle     .nti_cap
  6750                                      mov     ecx, DL_CODE_SZ
  6751                                  .nti_cap:
  6752                                      mov     edi, dl_code
  6753                                      push    ecx
  6754                                      rep     movsb
  6755                                      pop     ecx
  6756                                      ; Zero-fill remainder
  6757                                      mov     eax, DL_CODE_SZ
  6758                                      sub     eax, ecx
  6759                                      mov     ecx, eax
  6760                                      xor     al, al
  6761                                      rep     stosb
  6762                                      mov     byte [dl_valid], 1
  6763                                      dbg_puts "[A4X] NET_TEST: injected downloaded bytecode (dl_valid=1)", 13, 10, 0
  6764                                  .nti_d:
  6765                                      pop     eax
  6766                                      pop     ecx
  6767                                      pop     edi
  6768                                      pop     esi
  6769                                      ret
  6770                                  %endif
  6771                                  
  6772                                  ; ============================================================================
  6773                                  ; net_download — orchestrate ARP→TCP→HTTP→download flow (skip DNS, direct to 10.0.2.2)
  6774                                  ;   Called from main_loop when ins_state==1
  6775                                  ; ============================================================================
  6776                                  net_download:
  6777 00004A20 57                          push    edi
  6778 00004A21 52                          push    edx
  6779 00004A22 51                          push    ecx
  6780 00004A23 53                          push    ebx
  6781 00004A24 50                          push    eax
  6782                                      ; ----- Print current state (scripted tracking, once per state entry) -----
  6783 00004A25 A0[E3030100]                mov     al, [net_dl_state]
  6784 00004A2A 3A05[53C20000]              cmp     al, [nd_last_logged_state]
  6785 00004A30 0F8495000000                je      .nd_skip_state_print
  6786 00004A36 A2[53C20000]                mov     [nd_last_logged_state], al
  6787 00004A3B 3C00                        cmp     al, 0
  6788 00004A3D 740D                        je      .nd_log_s0
  6789 00004A3F 3C01                        cmp     al, 1
  6790 00004A41 7434                        je      .nd_log_s1
  6791 00004A43 3C03                        cmp     al, 3
  6792 00004A45 745B                        je      .nd_log_s3
  6793 00004A47 E97F000000                  jmp     .nd_skip_state_print
  6794                                  .nd_log_s0:
  6795                                      dbg_puts "[A4X] net_dl state=0", 13, 10, 0
    21 00004A4C EB17                <1>  jmp %%skip
    22 00004A4E 5B4134585D206E6574- <1> %%str db %1
    22 00004A57 5F646C207374617465- <1>
    22 00004A60 3D300D0A00          <1>
    23                              <1> %%skip:
    24                              <1> %if __BITS__ == 32
    25 00004A65 56                  <1>  push esi
    26 00004A66 BE[4E4A0000]        <1>  mov esi, %%str
    27                              <1> %%.loop:
    28 00004A6B AC                  <1>  lodsb
    29 00004A6C 08C0                <1>  or al, al
    30 00004A6E 7404                <1>  jz %%.done
    31 00004A70 E6E9                <1>  out 0xE9, al
    32 00004A72 EBF7                <1>  jmp %%.loop
    33                              <1> %%.done:
    34 00004A74 5E                  <1>  pop esi
    35                              <1> %else
    36                              <1>  push si
    37                              <1>  mov si, %%str
    38                              <1> %%.loop:
    39                              <1>  lodsb
    40                              <1>  or al, al
    41                              <1>  jz %%.done
    42                              <1>  out 0xE9, al
    43                              <1>  jmp %%.loop
    44                              <1> %%.done:
    45                              <1>  pop si
    46                              <1> %endif
  6796 00004A75 EB54                        jmp     .nd_skip_state_print
  6797                                  .nd_log_s1:
  6798                                      dbg_puts "[A4X] net_dl state=1", 13, 10, 0
    21 00004A77 EB17                <1>  jmp %%skip
    22 00004A79 5B4134585D206E6574- <1> %%str db %1
    22 00004A82 5F646C207374617465- <1>
    22 00004A8B 3D310D0A00          <1>
    23                              <1> %%skip:
    24                              <1> %if __BITS__ == 32
    25 00004A90 56                  <1>  push esi
    26 00004A91 BE[794A0000]        <1>  mov esi, %%str
    27                              <1> %%.loop:
    28 00004A96 AC                  <1>  lodsb
    29 00004A97 08C0                <1>  or al, al
    30 00004A99 7404                <1>  jz %%.done
    31 00004A9B E6E9                <1>  out 0xE9, al
    32 00004A9D EBF7                <1>  jmp %%.loop
    33                              <1> %%.done:
    34 00004A9F 5E                  <1>  pop esi
    35                              <1> %else
    36                              <1>  push si
    37                              <1>  mov si, %%str
    38                              <1> %%.loop:
    39                              <1>  lodsb
    40                              <1>  or al, al
    41                              <1>  jz %%.done
    42                              <1>  out 0xE9, al
    43                              <1>  jmp %%.loop
    44                              <1> %%.done:
    45                              <1>  pop si
    46                              <1> %endif
  6799 00004AA0 EB29                        jmp     .nd_skip_state_print
  6800                                  .nd_log_s3:
  6801                                      dbg_puts "[A4X] net_dl state=3", 13, 10, 0
    21 00004AA2 EB17                <1>  jmp %%skip
    22 00004AA4 5B4134585D206E6574- <1> %%str db %1
    22 00004AAD 5F646C207374617465- <1>
    22 00004AB6 3D330D0A00          <1>
    23                              <1> %%skip:
    24                              <1> %if __BITS__ == 32
    25 00004ABB 56                  <1>  push esi
    26 00004ABC BE[A44A0000]        <1>  mov esi, %%str
    27                              <1> %%.loop:
    28 00004AC1 AC                  <1>  lodsb
    29 00004AC2 08C0                <1>  or al, al
    30 00004AC4 7404                <1>  jz %%.done
    31 00004AC6 E6E9                <1>  out 0xE9, al
    32 00004AC8 EBF7                <1>  jmp %%.loop
    33                              <1> %%.done:
    34 00004ACA 5E                  <1>  pop esi
    35                              <1> %else
    36                              <1>  push si
    37                              <1>  mov si, %%str
    38                              <1> %%.loop:
    39                              <1>  lodsb
    40                              <1>  or al, al
    41                              <1>  jz %%.done
    42                              <1>  out 0xE9, al
    43                              <1>  jmp %%.loop
    44                              <1> %%.done:
    45                              <1>  pop si
    46                              <1> %endif
  6802                                  .nd_skip_state_print:
  6803 00004ACB 803D[E3030100]00            cmp     byte [net_dl_state], 0
  6804 00004AD2 7435                        je      .nd_start
  6805 00004AD4 803D[E3030100]01            cmp     byte [net_dl_state], 1
  6806 00004ADB 7479                        je      .nd_arp
  6807 00004ADD 803D[E3030100]03            cmp     byte [net_dl_state], 3
  6808 00004AE4 0F84A6000000                je      .nd_tcp
  6809 00004AEA 803D[E3030100]04            cmp     byte [net_dl_state], 4
  6810 00004AF1 0F847B010000                je      .nd_http
  6811 00004AF7 803D[E3030100]05            cmp     byte [net_dl_state], 5
  6812 00004AFE 0F8421070000                je      .nd_done
  6813 00004B04 E923070000                  jmp     .nd_d
  6814                                  .nd_start:
  6815                                      ; Send a real ARP request for the gateway (10.0.2.2).  Even though we
  6816                                      ; know the gateway MAC in advance, sending the ARP request forces SLIRP
  6817                                      ; to send a UNICAST ARP reply directly to our MAC (52:54:00:12:34:56).
  6818                                      ; This exercises the unicast RX path (RCR.AUP) which we can verify
  6819                                      ; independently from the broadcast ARP requests SLIRP also transmits.
  6820 00004B09 C605[E3030100]01            mov     byte [net_dl_state], 1
  6821                                      dbg_puts "[A4X] ARP: sending request for 10.0.2.2", 13, 10, 0
    21 00004B10 EB2A                <1>  jmp %%skip
    22 00004B12 5B4134585D20415250- <1> %%str db %1
    22 00004B1B 3A2073656E64696E67- <1>
    22 00004B24 207265717565737420- <1>
    22 00004B2D 666F722031302E302E- <1>
    22 00004B36 322E320D0A00        <1>
    23                              <1> %%skip:
    24                              <1> %if __BITS__ == 32
    25 00004B3C 56                  <1>  push esi
    26 00004B3D BE[124B0000]        <1>  mov esi, %%str
    27                              <1> %%.loop:
    28 00004B42 AC                  <1>  lodsb
    29 00004B43 08C0                <1>  or al, al
    30 00004B45 7404                <1>  jz %%.done
    31 00004B47 E6E9                <1>  out 0xE9, al
    32 00004B49 EBF7                <1>  jmp %%.loop
    33                              <1> %%.done:
    34 00004B4B 5E                  <1>  pop esi
    35                              <1> %else
    36                              <1>  push si
    37                              <1>  mov si, %%str
    38                              <1> %%.loop:
    39                              <1>  lodsb
    40                              <1>  or al, al
    41                              <1>  jz %%.done
    42                              <1>  out 0xE9, al
    43                              <1>  jmp %%.loop
    44                              <1> %%.done:
    45                              <1>  pop si
    46                              <1> %endif
  6822 00004B4C E83EF5FFFF                  call    arp_send
  6823 00004B51 E9D6060000                  jmp     .nd_d
  6824                                  .nd_arp:
  6825 00004B56 803D[20C10000]04            cmp     byte [arp_state], 4
  6826 00004B5D 0F85C9060000                jne     .nd_d
  6827                                      ; ARP resolved — set TCP params and connect (skip DNS, direct to 10.0.2.2:8081)
  6828 00004B63 C605[E3030100]03            mov     byte [net_dl_state], 3
  6829 00004B6A C705[40F20000]0A00-         mov     dword [tcp_dst_ip], 0x0202000A  ; 10.0.2.2 (QEMU host)
  6829 00004B72 0202               
  6830 00004B74 66C705[0BC20000]1F-         mov     word [tcp_dport], 0x901F        ; port 8080 (BE 0x1F90 → LE 0x901F)
  6830 00004B7C 90                 
  6831 00004B7D 66C705[09C20000]C3-         mov     word [tcp_sport], 0x50C3        ; port 50000 (BE 0xC350 → LE 0x50C3)
  6831 00004B85 50                 
  6832 00004B86 E8310C0000                  call    tcp_connect
  6833 00004B8B E99C060000                  jmp     .nd_d
  6834                                  .nd_tcp:
  6835                                      ; Reset per-session TX-pending flag at the start of each state=3 poll cycle
  6836                                      ; (flag is used by tcp_check to print "TX pending" at most once per connect)
  6837 00004B90 803D[52C20000]01            cmp     byte [nd_tcp_checked], 1
  6838 00004B97 740E                        je      .nd_tcp_checked_ok
  6839 00004B99 C605[52C20000]01            mov     byte [nd_tcp_checked], 1
  6840 00004BA0 C605[FEC10000]00            mov     byte [tcp_tx_pending_logged], 0
  6841                                  .nd_tcp_checked_ok:
  6842                                      ; Poll TCP state: check TX completion + RX for SYN-ACK
  6843 00004BA7 E8F3FAFFFF                  call    tcp_check
  6844                                      ; Also poll ISR ROK and immediately process RX packets (so we don't wait for next tick)
  6845 00004BAC E881060000                  call    eth_rx
  6846                                      ; Now check if TCP handshake completed
  6847 00004BB1 803D[FDC10000]02            cmp     byte [tcp_state], 2
  6848 00004BB8 7420                        je      .nd_tcp_ok
  6849                                      ; Still waiting for SYN-ACK (or timed out -> back to state 0)
  6850 00004BBA 803D[FDC10000]00            cmp     byte [tcp_state], 0
  6851 00004BC1 0F8565060000                jne     .nd_d
  6852                                      ; Timeout, reset download state
  6853 00004BC7 C605[E3030100]00            mov     byte [net_dl_state], 0
  6854 00004BCE C605[52C20000]00            mov     byte [nd_tcp_checked], 0
  6855 00004BD5 E952060000                  jmp     .nd_d
  6856                                  .nd_tcp_ok:
  6857                                      ; TCP established — build and send HTTP GET over TCP
  6858                                      dbg_puts "[A4X] TCP: SYN-ACK received — ESTABLISHED", 13, 10, 0
    21 00004BDA EB2E                <1>  jmp %%skip
    22 00004BDC 5B4134585D20544350- <1> %%str db %1
    22 00004BE5 3A2053594E2D41434B- <1>
    22 00004BEE 207265636569766564- <1>
    22 00004BF7 20E280942045535441- <1>
    22 00004C00 424C49534845440D0A- <1>
    22 00004C09 00                  <1>
    23                              <1> %%skip:
    24                              <1> %if __BITS__ == 32
    25 00004C0A 56                  <1>  push esi
    26 00004C0B BE[DC4B0000]        <1>  mov esi, %%str
    27                              <1> %%.loop:
    28 00004C10 AC                  <1>  lodsb
    29 00004C11 08C0                <1>  or al, al
    30 00004C13 7404                <1>  jz %%.done
    31 00004C15 E6E9                <1>  out 0xE9, al
    32 00004C17 EBF7                <1>  jmp %%.loop
    33                              <1> %%.done:
    34 00004C19 5E                  <1>  pop esi
    35                              <1> %else
    36                              <1>  push si
    37                              <1>  mov si, %%str
    38                              <1> %%.loop:
    39                              <1>  lodsb
    40                              <1>  or al, al
    41                              <1>  jz %%.done
    42                              <1>  out 0xE9, al
    43                              <1>  jmp %%.loop
    44                              <1> %%.done:
    45                              <1>  pop si
    46                              <1> %endif
  6859 00004C1A C605[E3030100]04            mov     byte [net_dl_state], 4
  6860                                      ; Reset HTTP RX state for fresh response
  6861 00004C21 C605[60030100]00            mov     byte [http_rx_state], 0
  6862 00004C28 66C705[5E030100]00-         mov     word [http_rx_len], 0
  6862 00004C30 00                 
  6863 00004C31 66C705[61030100]00-         mov     word [http_hdr_end], 0
  6863 00004C39 00                 
  6864 00004C3A C705[63030100]0000-         mov     dword [http_content_len], 0
  6864 00004C42 0000               
  6865                                      ; Copy pre-built HTTP GET request to http_buf
  6866 00004C44 BF[56F20000]                mov     edi, http_buf
  6867 00004C49 BE[67030100]                mov     esi, http_get_req
  6868 00004C4E B918000000                  mov     ecx, http_get_req_len
  6869 00004C53 66890D[56F30000]            mov     [http_len], cx
  6870 00004C5A F3A4                        rep     movsb
  6871                                      ; Send HTTP request via TCP (PSH+ACK)
  6872 00004C5C BE[56F20000]                mov     esi, http_buf
  6873 00004C61 0FB70D[56F30000]            movzx   ecx, word [http_len]
  6874 00004C68 E8CC0D0000                  call    tcp_send_data
  6875 00004C6D E9BA050000                  jmp     .nd_d
  6876                                  .nd_http:
  6877                                      ; Poll for incoming packets (process TCP segments)
  6878 00004C72 E8BB050000                  call    eth_rx
  6879                                      ; Check if HTTP body is complete
  6880 00004C77 803D[60030100]03            cmp     byte [http_rx_state], 3
  6881 00004C7E 0F85A8050000                jne     .nd_d
  6882                                      ; HTTP response body is complete
  6883                                      ; http_body points to body start, http_body_len = body length
  6884 00004C84 C605[31740000]00            mov     byte [dl_valid], 0
  6885 00004C8B 8B35[58F30000]              mov     esi, [http_body]
  6886 00004C91 85F6                        test    esi, esi
  6887 00004C93 0F8483050000                jz      .nd_skip_dl
  6888 00004C99 0FB70D[5CF30000]            movzx   ecx, word [http_body_len]
  6889 00004CA0 85C9                        test    ecx, ecx
  6890 00004CA2 0F8474050000                jz      .nd_skip_dl
  6891                                      ; ---- MZ magic check: route PE downloads to pe_download_buf + pe_parse ----
  6892 00004CA8 668B06                      mov     ax, [esi]
  6893 00004CAB 663D4D5A                    cmp     ax, 0x5A4D
  6894 00004CAF 0F85F0040000                jne     .nd_mz_no
  6895 00004CB5 53                          push    ebx
  6896 00004CB6 56                          push    esi
  6897 00004CB7 51                          push    ecx
  6898 00004CB8 0FB705[5CF30000]            movzx   eax, word [http_body_len]
  6899 00004CBF 3D00000100                  cmp     eax, PE_DOWNLOAD_MAX
  6900 00004CC4 7E05                        jle     .nd_pe_cap
  6901 00004CC6 B800000100                  mov     eax, PE_DOWNLOAD_MAX
  6902                                  .nd_pe_cap:
  6903 00004CCB 89C1                        mov     ecx, eax
  6904 00004CCD 890D[1C080200]              mov     [pe_download_len], ecx    ; save before rep movsb destroys ecx
  6905 00004CD3 8B35[58F30000]              mov     esi, [http_body]
  6906 00004CD9 BF[1C080100]                mov     edi, pe_download_buf
  6907 00004CDE F3A4                        rep     movsb
  6908                                      dbg_puts "[A4X] PE downloaded — len=", 0
    21 00004CE0 EB1D                <1>  jmp %%skip
    22 00004CE2 5B4134585D20504520- <1> %%str db %1
    22 00004CEB 646F776E6C6F616465- <1>
    22 00004CF4 6420E28094206C656E- <1>
    22 00004CFD 3D00                <1>
    23                              <1> %%skip:
    24                              <1> %if __BITS__ == 32
    25 00004CFF 56                  <1>  push esi
    26 00004D00 BE[E24C0000]        <1>  mov esi, %%str
    27                              <1> %%.loop:
    28 00004D05 AC                  <1>  lodsb
    29 00004D06 08C0                <1>  or al, al
    30 00004D08 7404                <1>  jz %%.done
    31 00004D0A E6E9                <1>  out 0xE9, al
    32 00004D0C EBF7                <1>  jmp %%.loop
    33                              <1> %%.done:
    34 00004D0E 5E                  <1>  pop esi
    35                              <1> %else
    36                              <1>  push si
    37                              <1>  mov si, %%str
    38                              <1> %%.loop:
    39                              <1>  lodsb
    40                              <1>  or al, al
    41                              <1>  jz %%.done
    42                              <1>  out 0xE9, al
    43                              <1>  jmp %%.loop
    44                              <1> %%.done:
    45                              <1>  pop si
    46                              <1> %endif
  6909 00004D0F A1[1C080200]                mov     eax, [pe_download_len]
  6910                                      dbg_hex32
    84 00004D14 50                  <1>  push eax
    85 00004D15 51                  <1>  push ecx
    86 00004D16 B91C000000          <1>  mov ecx, 28
    87                              <1> %%loop:
    88 00004D1B 50                  <1>  push eax
    89 00004D1C D3E8                <1>  shr eax, cl
    90 00004D1E 83E00F              <1>  and eax, 0x0F
    91 00004D21 0430                <1>  add al, '0'
    92 00004D23 3C39                <1>  cmp al, '9'
    93 00004D25 7602                <1>  jbe %%ok2
    94 00004D27 0407                <1>  add al, 7
    95                              <1> %%ok2:
    96 00004D29 E6E9                <1>  out 0xE9, al
    97 00004D2B 58                  <1>  pop eax
    98 00004D2C 83E904              <1>  sub ecx, 4
    99 00004D2F 79EA                <1>  jns %%loop
   100 00004D31 59                  <1>  pop ecx
   101 00004D32 58                  <1>  pop eax
  6911                                      dbg_puts 13, 10, 0
    21 00004D33 EB03                <1>  jmp %%skip
    22 00004D35 0D0A00              <1> %%str db %1
    23                              <1> %%skip:
    24                              <1> %if __BITS__ == 32
    25 00004D38 56                  <1>  push esi
    26 00004D39 BE[354D0000]        <1>  mov esi, %%str
    27                              <1> %%.loop:
    28 00004D3E AC                  <1>  lodsb
    29 00004D3F 08C0                <1>  or al, al
    30 00004D41 7404                <1>  jz %%.done
    31 00004D43 E6E9                <1>  out 0xE9, al
    32 00004D45 EBF7                <1>  jmp %%.loop
    33                              <1> %%.done:
    34 00004D47 5E                  <1>  pop esi
    35                              <1> %else
    36                              <1>  push si
    37                              <1>  mov si, %%str
    38                              <1> %%.loop:
    39                              <1>  lodsb
    40                              <1>  or al, al
    41                              <1>  jz %%.done
    42                              <1>  out 0xE9, al
    43                              <1>  jmp %%.loop
    44                              <1> %%.done:
    45                              <1>  pop si
    46                              <1> %endif
  6912 00004D48 E88AE8FFFF                  call    pe_parse
  6913 00004D4D 84C0                        test    al, al
  6914 00004D4F 0F844D040000                jz      .nd_pe_bad
  6915 00004D55 C605[31740000]03            mov     byte [dl_valid], 3     ; 3 = PE downloaded and parsed
  6916 00004D5C C605[46B40000]01            mov     byte [redraw_fs], 1
  6917                                      dbg_puts "dl_valid=3", 13, 10, 0
    21 00004D63 EB0D                <1>  jmp %%skip
    22 00004D65 646C5F76616C69643D- <1> %%str db %1
    22 00004D6E 330D0A00            <1>
    23                              <1> %%skip:
    24                              <1> %if __BITS__ == 32
    25 00004D72 56                  <1>  push esi
    26 00004D73 BE[654D0000]        <1>  mov esi, %%str
    27                              <1> %%.loop:
    28 00004D78 AC                  <1>  lodsb
    29 00004D79 08C0                <1>  or al, al
    30 00004D7B 7404                <1>  jz %%.done
    31 00004D7D E6E9                <1>  out 0xE9, al
    32 00004D7F EBF7                <1>  jmp %%.loop
    33                              <1> %%.done:
    34 00004D81 5E                  <1>  pop esi
    35                              <1> %else
    36                              <1>  push si
    37                              <1>  mov si, %%str
    38                              <1> %%.loop:
    39                              <1>  lodsb
    40                              <1>  or al, al
    41                              <1>  jz %%.done
    42                              <1>  out 0xE9, al
    43                              <1>  jmp %%.loop
    44                              <1> %%.done:
    45                              <1>  pop si
    46                              <1> %endif
  6918                                      dbg_puts "[A4X] PE parse OK — calling exe_load", 13, 10, 0
    21 00004D82 EB29                <1>  jmp %%skip
    22 00004D84 5B4134585D20504520- <1> %%str db %1
    22 00004D8D 7061727365204F4B20- <1>
    22 00004D96 E280942063616C6C69- <1>
    22 00004D9F 6E67206578655F6C6F- <1>
    22 00004DA8 61640D0A00          <1>
    23                              <1> %%skip:
    24                              <1> %if __BITS__ == 32
    25 00004DAD 56                  <1>  push esi
    26 00004DAE BE[844D0000]        <1>  mov esi, %%str
    27                              <1> %%.loop:
    28 00004DB3 AC                  <1>  lodsb
    29 00004DB4 08C0                <1>  or al, al
    30 00004DB6 7404                <1>  jz %%.done
    31 00004DB8 E6E9                <1>  out 0xE9, al
    32 00004DBA EBF7                <1>  jmp %%.loop
    33                              <1> %%.done:
    34 00004DBC 5E                  <1>  pop esi
    35                              <1> %else
    36                              <1>  push si
    37                              <1>  mov si, %%str
    38                              <1> %%.loop:
    39                              <1>  lodsb
    40                              <1>  or al, al
    41                              <1>  jz %%.done
    42                              <1>  out 0xE9, al
    43                              <1>  jmp %%.loop
    44                              <1> %%.done:
    45                              <1>  pop si
    46                              <1> %endif
  6919                                      ; ---- Load and execute the PE ----
  6920 00004DBD E809EBFFFF                  call    exe_load
  6921 00004DC2 84C0                        test    al, al
  6922 00004DC4 0F84A8030000                jz      .nd_pe_exec_fail
  6923                                      dbg_puts "[A4X] PE exec returned OK", 13, 10, 0
    21 00004DCA EB1C                <1>  jmp %%skip
    22 00004DCC 5B4134585D20504520- <1> %%str db %1
    22 00004DD5 657865632072657475- <1>
    22 00004DDE 726E6564204F4B0D0A- <1>
    22 00004DE7 00                  <1>
    23                              <1> %%skip:
    24                              <1> %if __BITS__ == 32
    25 00004DE8 56                  <1>  push esi
    26 00004DE9 BE[CC4D0000]        <1>  mov esi, %%str
    27                              <1> %%.loop:
    28 00004DEE AC                  <1>  lodsb
    29 00004DEF 08C0                <1>  or al, al
    30 00004DF1 7404                <1>  jz %%.done
    31 00004DF3 E6E9                <1>  out 0xE9, al
    32 00004DF5 EBF7                <1>  jmp %%.loop
    33                              <1> %%.done:
    34 00004DF7 5E                  <1>  pop esi
    35                              <1> %else
    36                              <1>  push si
    37                              <1>  mov si, %%str
    38                              <1> %%.loop:
    39                              <1>  lodsb
    40                              <1>  or al, al
    41                              <1>  jz %%.done
    42                              <1>  out 0xE9, al
    43                              <1>  jmp %%.loop
    44                              <1> %%.done:
    45                              <1>  pop si
    46                              <1> %endif
  6924                                      ; ---- Install the downloaded PE into file_table (inet_dl.exe) so it
  6925                                      ;      persists as an installed OS program (can be re-run later from FS).
  6926 00004DF8 E827D7FFFF                  call    fs_install_pe_exe
  6927 00004DFD 84C0                        test    al, al
  6928 00004DFF 0F8439030000                jz      .nd_pe_install_fail
  6929                                      dbg_puts "[A4X] PE installed to OS OK", 13, 10, 0
    21 00004E05 EB1E                <1>  jmp %%skip
    22 00004E07 5B4134585D20504520- <1> %%str db %1
    22 00004E10 696E7374616C6C6564- <1>
    22 00004E19 20746F204F53204F4B- <1>
    22 00004E22 0D0A00              <1>
    23                              <1> %%skip:
    24                              <1> %if __BITS__ == 32
    25 00004E25 56                  <1>  push esi
    26 00004E26 BE[074E0000]        <1>  mov esi, %%str
    27                              <1> %%.loop:
    28 00004E2B AC                  <1>  lodsb
    29 00004E2C 08C0                <1>  or al, al
    30 00004E2E 7404                <1>  jz %%.done
    31 00004E30 E6E9                <1>  out 0xE9, al
    32 00004E32 EBF7                <1>  jmp %%.loop
    33                              <1> %%.done:
    34 00004E34 5E                  <1>  pop esi
    35                              <1> %else
    36                              <1>  push si
    37                              <1>  mov si, %%str
    38                              <1> %%.loop:
    39                              <1>  lodsb
    40                              <1>  or al, al
    41                              <1>  jz %%.done
    42                              <1>  out 0xE9, al
    43                              <1>  jmp %%.loop
    44                              <1> %%.done:
    45                              <1>  pop si
    46                              <1> %endif
  6930 00004E35 C605[46B40000]01            mov     byte [redraw_fs], 1
  6931                                      ; --- PROVE installation correctness: re-read the just-installed
  6932                                      ;     file_table entry from memory, verify it looks like a real PE
  6933                                      ;     (MZ magic at pool[content_off+0], and content_len within 1 byte of
  6934                                      ;     pe_download_len — the known readback quirk is documented above).
  6935 00004E3C 50                          push    eax
  6936 00004E3D 53                          push    ebx
  6937 00004E3E 51                          push    ecx
  6938 00004E3F 56                          push    esi
  6939 00004E40 57                          push    edi
  6940                                      ; locate the newest empty-ish slot that has FS_TYPE_FILE_EXE & name "inet_dl"
  6941 00004E41 31C0                        xor     eax, eax
  6942 00004E43 BF[40B90000]                mov     edi, file_table
  6943 00004E48 B910000000                  mov     ecx, FS_MAXF
  6944 00004E4D 31D2                        xor     edx, edx                            ; edx = matching slot count
  6945                                  .ver_scan:
  6946 00004E4F 807F1006                    cmp     byte [edi + 16], FS_TYPE_FILE_EXE
  6947 00004E53 7516                        jne     .ver_next
  6948                                      ; name is "inet_dl.exe" padded: compare dword[0] = "teni" and
  6949                                      ; dword[4] = ".ld_"  (chars '_','d','l','.' → LE: '.'<<24|'l'<<16|'d'<<8|'_' = 0x2E6C645F)
  6950 00004E55 8B07                        mov     eax, dword [edi + 0]
  6951 00004E57 3D74656E69                  cmp     eax, "teni"
  6952 00004E5C 750D                        jne     .ver_next
  6953 00004E5E 8B4704                      mov     eax, dword [edi + 4]
  6954 00004E61 3D5F646C2E                  cmp     eax, 0x2E6C645F
  6955 00004E66 7503                        jne     .ver_next
  6956                                      ; match! save pointer
  6957 00004E68 89FE                        mov     esi, edi
  6958 00004E6A 42                          inc     edx
  6959                                  .ver_next:
  6960 00004E6B 83C720                      add     edi, FS_SZ
  6961 00004E6E 49                          dec     ecx
  6962 00004E6F 75DE                        jnz     .ver_scan
  6963 00004E71 85D2                        test    edx, edx
  6964 00004E73 0F8471010000                jz      .ver_none
  6965                                      ; ESI points to inet_dl.exe entry. Dump off/len + MZ magic.
  6966 00004E79 8B4618                      mov     eax, [esi + FS_CONTENT_OFF]
  6967 00004E7C 8B5E1C                      mov     ebx, [esi + FS_CONTENT_LEN]
  6968                                      dbg_puts "[A4X] fpe-verify: inet_dl off=", 0
    21 00004E7F EB1F                <1>  jmp %%skip
    22 00004E81 5B4134585D20667065- <1> %%str db %1
    22 00004E8A 2D7665726966793A20- <1>
    22 00004E93 696E65745F646C206F- <1>
    22 00004E9C 66663D00            <1>
    23                              <1> %%skip:
    24                              <1> %if __BITS__ == 32
    25 00004EA0 56                  <1>  push esi
    26 00004EA1 BE[814E0000]        <1>  mov esi, %%str
    27                              <1> %%.loop:
    28 00004EA6 AC                  <1>  lodsb
    29 00004EA7 08C0                <1>  or al, al
    30 00004EA9 7404                <1>  jz %%.done
    31 00004EAB E6E9                <1>  out 0xE9, al
    32 00004EAD EBF7                <1>  jmp %%.loop
    33                              <1> %%.done:
    34 00004EAF 5E                  <1>  pop esi
    35                              <1> %else
    36                              <1>  push si
    37                              <1>  mov si, %%str
    38                              <1> %%.loop:
    39                              <1>  lodsb
    40                              <1>  or al, al
    41                              <1>  jz %%.done
    42                              <1>  out 0xE9, al
    43                              <1>  jmp %%.loop
    44                              <1> %%.done:
    45                              <1>  pop si
    46                              <1> %endif
  6969 00004EB0 E8CFE6FFFF                  call    dbg_print_eax_hex
  6970 00004EB5 89D8                        mov     eax, ebx
  6971                                      dbg_puts " len=", 0
    21 00004EB7 EB06                <1>  jmp %%skip
    22 00004EB9 206C656E3D00        <1> %%str db %1
    23                              <1> %%skip:
    24                              <1> %if __BITS__ == 32
    25 00004EBF 56                  <1>  push esi
    26 00004EC0 BE[B94E0000]        <1>  mov esi, %%str
    27                              <1> %%.loop:
    28 00004EC5 AC                  <1>  lodsb
    29 00004EC6 08C0                <1>  or al, al
    30 00004EC8 7404                <1>  jz %%.done
    31 00004ECA E6E9                <1>  out 0xE9, al
    32 00004ECC EBF7                <1>  jmp %%.loop
    33                              <1> %%.done:
    34 00004ECE 5E                  <1>  pop esi
    35                              <1> %else
    36                              <1>  push si
    37                              <1>  mov si, %%str
    38                              <1> %%.loop:
    39                              <1>  lodsb
    40                              <1>  or al, al
    41                              <1>  jz %%.done
    42                              <1>  out 0xE9, al
    43                              <1>  jmp %%.loop
    44                              <1> %%.done:
    45                              <1>  pop si
    46                              <1> %endif
  6972 00004ECF E8B0E6FFFF                  call    dbg_print_eax_hex
  6973                                      ; check MZ magic at pool[off]
  6974 00004ED4 BF[32740000]                mov     edi, file_contents_pool
  6975 00004ED9 037E18                      add     edi, [esi + FS_CONTENT_OFF]
  6976 00004EDC 668B07                      mov     ax, [edi]
  6977 00004EDF 663D4D5A                    cmp     ax, 0x5A4D
  6978 00004EE3 7565                        jne     .ver_bad_mz
  6979                                      ; check PE signature at file offset e_lfanew
  6980 00004EE5 8B4F3C                      mov     ecx, [edi + 60]                     ; e_lfanew
  6981 00004EE8 01F9                        add     ecx, edi
  6982 00004EEA 813950450000                cmp     dword [ecx], 0x00004550              ; "PE\0\0" LE dword
  6983 00004EF0 0F859C000000                jne     .ver_bad_pe
  6984                                      dbg_puts "[A4X] fpe-verify: MZ+PE signature OK in file_contents_pool", 13, 10, 0
    21 00004EF6 EB3D                <1>  jmp %%skip
    22 00004EF8 5B4134585D20667065- <1> %%str db %1
    22 00004F01 2D7665726966793A20- <1>
    22 00004F0A 4D5A2B504520736967- <1>
    22 00004F13 6E6174757265204F4B- <1>
    22 00004F1C 20696E2066696C655F- <1>
    22 00004F25 636F6E74656E74735F- <1>
    22 00004F2E 706F6F6C0D0A00      <1>
    23                              <1> %%skip:
    24                              <1> %if __BITS__ == 32
    25 00004F35 56                  <1>  push esi
    26 00004F36 BE[F84E0000]        <1>  mov esi, %%str
    27                              <1> %%.loop:
    28 00004F3B AC                  <1>  lodsb
    29 00004F3C 08C0                <1>  or al, al
    30 00004F3E 7404                <1>  jz %%.done
    31 00004F40 E6E9                <1>  out 0xE9, al
    32 00004F42 EBF7                <1>  jmp %%.loop
    33                              <1> %%.done:
    34 00004F44 5E                  <1>  pop esi
    35                              <1> %else
    36                              <1>  push si
    37                              <1>  mov si, %%str
    38                              <1> %%.loop:
    39                              <1>  lodsb
    40                              <1>  or al, al
    41                              <1>  jz %%.done
    42                              <1>  out 0xE9, al
    43                              <1>  jmp %%.loop
    44                              <1> %%.done:
    45                              <1>  pop si
    46                              <1> %endif
  6985 00004F45 E9ED010000                  jmp     .ver_out
  6986                                  .ver_bad_mz:
  6987                                      dbg_puts "[A4X] fpe-verify: FAIL MZ magic=", 0
    21 00004F4A EB21                <1>  jmp %%skip
    22 00004F4C 5B4134585D20667065- <1> %%str db %1
    22 00004F55 2D7665726966793A20- <1>
    22 00004F5E 4641494C204D5A206D- <1>
    22 00004F67 616769633D00        <1>
    23                              <1> %%skip:
    24                              <1> %if __BITS__ == 32
    25 00004F6D 56                  <1>  push esi
    26 00004F6E BE[4C4F0000]        <1>  mov esi, %%str
    27                              <1> %%.loop:
    28 00004F73 AC                  <1>  lodsb
    29 00004F74 08C0                <1>  or al, al
    30 00004F76 7404                <1>  jz %%.done
    31 00004F78 E6E9                <1>  out 0xE9, al
    32 00004F7A EBF7                <1>  jmp %%.loop
    33                              <1> %%.done:
    34 00004F7C 5E                  <1>  pop esi
    35                              <1> %else
    36                              <1>  push si
    37                              <1>  mov si, %%str
    38                              <1> %%.loop:
    39                              <1>  lodsb
    40                              <1>  or al, al
    41                              <1>  jz %%.done
    42                              <1>  out 0xE9, al
    43                              <1>  jmp %%.loop
    44                              <1> %%.done:
    45                              <1>  pop si
    46                              <1> %endif
  6988 00004F7D 0FB7C0                      movzx   eax, ax
  6989 00004F80 E8FFE5FFFF                  call    dbg_print_eax_hex
  6990                                      dbg_nl
    51 00004F85 B00D                <1>  mov al, 13
    52 00004F87 E6E9                <1>  out 0xE9, al
    53 00004F89 B00A                <1>  mov al, 10
    54 00004F8B E6E9                <1>  out 0xE9, al
  6991 00004F8D E9A5010000                  jmp     .ver_out
  6992                                  .ver_bad_pe:
  6993                                      dbg_puts "[A4X] fpe-verify: FAIL PE sig at e_lfanew: dword=", 0
    21 00004F92 EB32                <1>  jmp %%skip
    22 00004F94 5B4134585D20667065- <1> %%str db %1
    22 00004F9D 2D7665726966793A20- <1>
    22 00004FA6 4641494C2050452073- <1>
    22 00004FAF 696720617420655F6C- <1>
    22 00004FB8 66616E65773A206477- <1>
    22 00004FC1 6F72643D00          <1>
    23                              <1> %%skip:
    24                              <1> %if __BITS__ == 32
    25 00004FC6 56                  <1>  push esi
    26 00004FC7 BE[944F0000]        <1>  mov esi, %%str
    27                              <1> %%.loop:
    28 00004FCC AC                  <1>  lodsb
    29 00004FCD 08C0                <1>  or al, al
    30 00004FCF 7404                <1>  jz %%.done
    31 00004FD1 E6E9                <1>  out 0xE9, al
    32 00004FD3 EBF7                <1>  jmp %%.loop
    33                              <1> %%.done:
    34 00004FD5 5E                  <1>  pop esi
    35                              <1> %else
    36                              <1>  push si
    37                              <1>  mov si, %%str
    38                              <1> %%.loop:
    39                              <1>  lodsb
    40                              <1>  or al, al
    41                              <1>  jz %%.done
    42                              <1>  out 0xE9, al
    43                              <1>  jmp %%.loop
    44                              <1> %%.done:
    45                              <1>  pop si
    46                              <1> %endif
  6994 00004FD6 8B01                        mov     eax, [ecx]
  6995 00004FD8 E8A7E5FFFF                  call    dbg_print_eax_hex
  6996                                      dbg_nl
    51 00004FDD B00D                <1>  mov al, 13
    52 00004FDF E6E9                <1>  out 0xE9, al
    53 00004FE1 B00A                <1>  mov al, 10
    54 00004FE3 E6E9                <1>  out 0xE9, al
  6997 00004FE5 E94D010000                  jmp     .ver_out
  6998                                  .ver_none:
  6999                                      ; diagnostic: dump slot 7 32-byte entry as two dwords (name off/len)
  7000 00004FEA 50                          push    eax
  7001 00004FEB 56                          push    esi
  7002 00004FEC BE[20BA0000]                mov     esi, file_table + 7*FS_SZ
  7003 00004FF1 8B06                        mov     eax, [esi + 0]
  7004                                      dbg_puts "[A4X] fpe-verify: slot7+00 dword=", 0
    21 00004FF3 EB22                <1>  jmp %%skip
    22 00004FF5 5B4134585D20667065- <1> %%str db %1
    22 00004FFE 2D7665726966793A20- <1>
    22 00005007 736C6F74372B303020- <1>
    22 00005010 64776F72643D00      <1>
    23                              <1> %%skip:
    24                              <1> %if __BITS__ == 32
    25 00005017 56                  <1>  push esi
    26 00005018 BE[F54F0000]        <1>  mov esi, %%str
    27                              <1> %%.loop:
    28 0000501D AC                  <1>  lodsb
    29 0000501E 08C0                <1>  or al, al
    30 00005020 7404                <1>  jz %%.done
    31 00005022 E6E9                <1>  out 0xE9, al
    32 00005024 EBF7                <1>  jmp %%.loop
    33                              <1> %%.done:
    34 00005026 5E                  <1>  pop esi
    35                              <1> %else
    36                              <1>  push si
    37                              <1>  mov si, %%str
    38                              <1> %%.loop:
    39                              <1>  lodsb
    40                              <1>  or al, al
    41                              <1>  jz %%.done
    42                              <1>  out 0xE9, al
    43                              <1>  jmp %%.loop
    44                              <1> %%.done:
    45                              <1>  pop si
    46                              <1> %endif
  7005 00005027 E858E5FFFF                  call    dbg_print_eax_hex
  7006 0000502C 8B4604                      mov     eax, [esi + 4]
  7007                                      dbg_puts " +04=", 0
    21 0000502F EB06                <1>  jmp %%skip
    22 00005031 202B30343D00        <1> %%str db %1
    23                              <1> %%skip:
    24                              <1> %if __BITS__ == 32
    25 00005037 56                  <1>  push esi
    26 00005038 BE[31500000]        <1>  mov esi, %%str
    27                              <1> %%.loop:
    28 0000503D AC                  <1>  lodsb
    29 0000503E 08C0                <1>  or al, al
    30 00005040 7404                <1>  jz %%.done
    31 00005042 E6E9                <1>  out 0xE9, al
    32 00005044 EBF7                <1>  jmp %%.loop
    33                              <1> %%.done:
    34 00005046 5E                  <1>  pop esi
    35                              <1> %else
    36                              <1>  push si
    37                              <1>  mov si, %%str
    38                              <1> %%.loop:
    39                              <1>  lodsb
    40                              <1>  or al, al
    41                              <1>  jz %%.done
    42                              <1>  out 0xE9, al
    43                              <1>  jmp %%.loop
    44                              <1> %%.done:
    45                              <1>  pop si
    46                              <1> %endif
  7008 00005047 E838E5FFFF                  call    dbg_print_eax_hex
  7009 0000504C 8B4608                      mov     eax, [esi + 8]
  7010                                      dbg_puts " +08=", 0
    21 0000504F EB06                <1>  jmp %%skip
    22 00005051 202B30383D00        <1> %%str db %1
    23                              <1> %%skip:
    24                              <1> %if __BITS__ == 32
    25 00005057 56                  <1>  push esi
    26 00005058 BE[51500000]        <1>  mov esi, %%str
    27                              <1> %%.loop:
    28 0000505D AC                  <1>  lodsb
    29 0000505E 08C0                <1>  or al, al
    30 00005060 7404                <1>  jz %%.done
    31 00005062 E6E9                <1>  out 0xE9, al
    32 00005064 EBF7                <1>  jmp %%.loop
    33                              <1> %%.done:
    34 00005066 5E                  <1>  pop esi
    35                              <1> %else
    36                              <1>  push si
    37                              <1>  mov si, %%str
    38                              <1> %%.loop:
    39                              <1>  lodsb
    40                              <1>  or al, al
    41                              <1>  jz %%.done
    42                              <1>  out 0xE9, al
    43                              <1>  jmp %%.loop
    44                              <1> %%.done:
    45                              <1>  pop si
    46                              <1> %endif
  7011 00005067 E818E5FFFF                  call    dbg_print_eax_hex
  7012 0000506C 8B460C                      mov     eax, [esi + 12]
  7013                                      dbg_puts " +0C=", 0
    21 0000506F EB06                <1>  jmp %%skip
    22 00005071 202B30433D00        <1> %%str db %1
    23                              <1> %%skip:
    24                              <1> %if __BITS__ == 32
    25 00005077 56                  <1>  push esi
    26 00005078 BE[71500000]        <1>  mov esi, %%str
    27                              <1> %%.loop:
    28 0000507D AC                  <1>  lodsb
    29 0000507E 08C0                <1>  or al, al
    30 00005080 7404                <1>  jz %%.done
    31 00005082 E6E9                <1>  out 0xE9, al
    32 00005084 EBF7                <1>  jmp %%.loop
    33                              <1> %%.done:
    34 00005086 5E                  <1>  pop esi
    35                              <1> %else
    36                              <1>  push si
    37                              <1>  mov si, %%str
    38                              <1> %%.loop:
    39                              <1>  lodsb
    40                              <1>  or al, al
    41                              <1>  jz %%.done
    42                              <1>  out 0xE9, al
    43                              <1>  jmp %%.loop
    44                              <1> %%.done:
    45                              <1>  pop si
    46                              <1> %endif
  7014 00005087 E8F8E4FFFF                  call    dbg_print_eax_hex
  7015 0000508C 8B4610                      mov     eax, [esi + 16]
  7016                                      dbg_puts " +10=", 0
    21 0000508F EB06                <1>  jmp %%skip
    22 00005091 202B31303D00        <1> %%str db %1
    23                              <1> %%skip:
    24                              <1> %if __BITS__ == 32
    25 00005097 56                  <1>  push esi
    26 00005098 BE[91500000]        <1>  mov esi, %%str
    27                              <1> %%.loop:
    28 0000509D AC                  <1>  lodsb
    29 0000509E 08C0                <1>  or al, al
    30 000050A0 7404                <1>  jz %%.done
    31 000050A2 E6E9                <1>  out 0xE9, al
    32 000050A4 EBF7                <1>  jmp %%.loop
    33                              <1> %%.done:
    34 000050A6 5E                  <1>  pop esi
    35                              <1> %else
    36                              <1>  push si
    37                              <1>  mov si, %%str
    38                              <1> %%.loop:
    39                              <1>  lodsb
    40                              <1>  or al, al
    41                              <1>  jz %%.done
    42                              <1>  out 0xE9, al
    43                              <1>  jmp %%.loop
    44                              <1> %%.done:
    45                              <1>  pop si
    46                              <1> %endif
  7017 000050A7 E8D8E4FFFF                  call    dbg_print_eax_hex
  7018 000050AC 8B4618                      mov     eax, [esi + 24]
  7019                                      dbg_puts " +18=", 0
    21 000050AF EB06                <1>  jmp %%skip
    22 000050B1 202B31383D00        <1> %%str db %1
    23                              <1> %%skip:
    24                              <1> %if __BITS__ == 32
    25 000050B7 56                  <1>  push esi
    26 000050B8 BE[B1500000]        <1>  mov esi, %%str
    27                              <1> %%.loop:
    28 000050BD AC                  <1>  lodsb
    29 000050BE 08C0                <1>  or al, al
    30 000050C0 7404                <1>  jz %%.done
    31 000050C2 E6E9                <1>  out 0xE9, al
    32 000050C4 EBF7                <1>  jmp %%.loop
    33                              <1> %%.done:
    34 000050C6 5E                  <1>  pop esi
    35                              <1> %else
    36                              <1>  push si
    37                              <1>  mov si, %%str
    38                              <1> %%.loop:
    39                              <1>  lodsb
    40                              <1>  or al, al
    41                              <1>  jz %%.done
    42                              <1>  out 0xE9, al
    43                              <1>  jmp %%.loop
    44                              <1> %%.done:
    45                              <1>  pop si
    46                              <1> %endif
  7020 000050C7 E8B8E4FFFF                  call    dbg_print_eax_hex
  7021 000050CC 8B461C                      mov     eax, [esi + 28]
  7022                                      dbg_puts " +1C=", 0
    21 000050CF EB06                <1>  jmp %%skip
    22 000050D1 202B31433D00        <1> %%str db %1
    23                              <1> %%skip:
    24                              <1> %if __BITS__ == 32
    25 000050D7 56                  <1>  push esi
    26 000050D8 BE[D1500000]        <1>  mov esi, %%str
    27                              <1> %%.loop:
    28 000050DD AC                  <1>  lodsb
    29 000050DE 08C0                <1>  or al, al
    30 000050E0 7404                <1>  jz %%.done
    31 000050E2 E6E9                <1>  out 0xE9, al
    32 000050E4 EBF7                <1>  jmp %%.loop
    33                              <1> %%.done:
    34 000050E6 5E                  <1>  pop esi
    35                              <1> %else
    36                              <1>  push si
    37                              <1>  mov si, %%str
    38                              <1> %%.loop:
    39                              <1>  lodsb
    40                              <1>  or al, al
    41                              <1>  jz %%.done
    42                              <1>  out 0xE9, al
    43                              <1>  jmp %%.loop
    44                              <1> %%.done:
    45                              <1>  pop si
    46                              <1> %endif
  7023 000050E7 E898E4FFFF                  call    dbg_print_eax_hex
  7024                                      dbg_nl
    51 000050EC B00D                <1>  mov al, 13
    52 000050EE E6E9                <1>  out 0xE9, al
    53 000050F0 B00A                <1>  mov al, 10
    54 000050F2 E6E9                <1>  out 0xE9, al
  7025 000050F4 5E                          pop     esi
  7026 000050F5 58                          pop     eax
  7027                                      dbg_puts "[A4X] fpe-verify: inet_dl.exe slot not found", 13, 10, 0
    21 000050F6 EB2F                <1>  jmp %%skip
    22 000050F8 5B4134585D20667065- <1> %%str db %1
    22 00005101 2D7665726966793A20- <1>
    22 0000510A 696E65745F646C2E65- <1>
    22 00005113 786520736C6F74206E- <1>
    22 0000511C 6F7420666F756E640D- <1>
    22 00005125 0A00                <1>
    23                              <1> %%skip:
    24                              <1> %if __BITS__ == 32
    25 00005127 56                  <1>  push esi
    26 00005128 BE[F8500000]        <1>  mov esi, %%str
    27                              <1> %%.loop:
    28 0000512D AC                  <1>  lodsb
    29 0000512E 08C0                <1>  or al, al
    30 00005130 7404                <1>  jz %%.done
    31 00005132 E6E9                <1>  out 0xE9, al
    32 00005134 EBF7                <1>  jmp %%.loop
    33                              <1> %%.done:
    34 00005136 5E                  <1>  pop esi
    35                              <1> %else
    36                              <1>  push si
    37                              <1>  mov si, %%str
    38                              <1> %%.loop:
    39                              <1>  lodsb
    40                              <1>  or al, al
    41                              <1>  jz %%.done
    42                              <1>  out 0xE9, al
    43                              <1>  jmp %%.loop
    44                              <1> %%.done:
    45                              <1>  pop si
    46                              <1> %endif
  7028                                  .ver_out:
  7029 00005137 5F                          pop     edi
  7030 00005138 5E                          pop     esi
  7031 00005139 59                          pop     ecx
  7032 0000513A 5B                          pop     ebx
  7033 0000513B 58                          pop     eax
  7034 0000513C EB5F                        jmp     .nd_pe_done
  7035                                  .nd_pe_install_fail:
  7036                                      dbg_puts "[A4X] PE install to OS FAILED", 13, 10, 0
    21 0000513E EB20                <1>  jmp %%skip
    22 00005140 5B4134585D20504520- <1> %%str db %1
    22 00005149 696E7374616C6C2074- <1>
    22 00005152 6F204F53204641494C- <1>
    22 0000515B 45440D0A00          <1>
    23                              <1> %%skip:
    24                              <1> %if __BITS__ == 32
    25 00005160 56                  <1>  push esi
    26 00005161 BE[40510000]        <1>  mov esi, %%str
    27                              <1> %%.loop:
    28 00005166 AC                  <1>  lodsb
    29 00005167 08C0                <1>  or al, al
    30 00005169 7404                <1>  jz %%.done
    31 0000516B E6E9                <1>  out 0xE9, al
    32 0000516D EBF7                <1>  jmp %%.loop
    33                              <1> %%.done:
    34 0000516F 5E                  <1>  pop esi
    35                              <1> %else
    36                              <1>  push si
    37                              <1>  mov si, %%str
    38                              <1> %%.loop:
    39                              <1>  lodsb
    40                              <1>  or al, al
    41                              <1>  jz %%.done
    42                              <1>  out 0xE9, al
    43                              <1>  jmp %%.loop
    44                              <1> %%.done:
    45                              <1>  pop si
    46                              <1> %endif
  7037 00005170 EB2B                        jmp     .nd_pe_done
  7038                                  .nd_pe_exec_fail:
  7039                                      dbg_puts "[A4X] PE exec FAILED", 13, 10, 0
    21 00005172 EB17                <1>  jmp %%skip
    22 00005174 5B4134585D20504520- <1> %%str db %1
    22 0000517D 65786563204641494C- <1>
    22 00005186 45440D0A00          <1>
    23                              <1> %%skip:
    24                              <1> %if __BITS__ == 32
    25 0000518B 56                  <1>  push esi
    26 0000518C BE[74510000]        <1>  mov esi, %%str
    27                              <1> %%.loop:
    28 00005191 AC                  <1>  lodsb
    29 00005192 08C0                <1>  or al, al
    30 00005194 7404                <1>  jz %%.done
    31 00005196 E6E9                <1>  out 0xE9, al
    32 00005198 EBF7                <1>  jmp %%.loop
    33                              <1> %%.done:
    34 0000519A 5E                  <1>  pop esi
    35                              <1> %else
    36                              <1>  push si
    37                              <1>  mov si, %%str
    38                              <1> %%.loop:
    39                              <1>  lodsb
    40                              <1>  or al, al
    41                              <1>  jz %%.done
    42                              <1>  out 0xE9, al
    43                              <1>  jmp %%.loop
    44                              <1> %%.done:
    45                              <1>  pop si
    46                              <1> %endif
  7040 0000519B EB00                        jmp     .nd_pe_done
  7041                                  .nd_pe_done:
  7042 0000519D 59                          pop     ecx
  7043 0000519E 5E                          pop     esi
  7044 0000519F 5B                          pop     ebx
  7045 000051A0 EB7A                        jmp     .nd_skip_dl
  7046                                  .nd_pe_bad:
  7047 000051A2 59                          pop     ecx
  7048 000051A3 5E                          pop     esi
  7049 000051A4 5B                          pop     ebx
  7050                                  .nd_mz_no:
  7051                                      ; ---- Fall through to BC_MAGIC detection (original bytecode path) ----
  7052 000051A5 8A06                        mov     al, [esi]
  7053 000051A7 3CA4                        cmp     al, BC_MAGIC
  7054 000051A9 7571                        jne     .nd_skip_dl
  7055 000051AB 46                          inc     esi
  7056 000051AC 49                          dec     ecx
  7057 000051AD 746D                        jz      .nd_skip_dl
  7058 000051AF 81F900040000                cmp     ecx, DL_CODE_SZ
  7059 000051B5 7E05                        jle     .nd_cap
  7060 000051B7 B900040000                  mov     ecx, DL_CODE_SZ
  7061                                  .nd_cap:
  7062 000051BC 51                          push    ecx                    ; save actual bytecode length for later
  7063 000051BD BF[1B040100]                mov     edi, dl_code
  7064 000051C2 30C0                        xor     al, al
  7065 000051C4 B800040000                  mov     eax, DL_CODE_SZ
  7066 000051C9 AB                          stosd
  7067 000051CA 83E804                      sub     eax, 4
  7068 000051CD 89C1                        mov     ecx, eax
  7069 000051CF 30C0                        xor     al, al
  7070 000051D1 F3AA                        rep     stosb                  ; clear dl_code buffer to 0 first
  7071 000051D3 59                          pop     ecx                    ; restore actual bytecode length
  7072 000051D4 BF[1B040100]                mov     edi, dl_code
  7073 000051D9 89C8                        mov     eax, ecx
  7074 000051DB 51                          push    ecx
  7075 000051DC 50                          push    eax
  7076 000051DD F3A4                        rep     movsb                  ; copy bytecode body into dl_code[0..len-1]
  7077 000051DF C605[31740000]01            mov     byte [dl_valid], 1     ; transient raw-download state
  7078                                      ; -------- INSTALL into file_table as FS_TYPE_FILE_EXE --------
  7079 000051E6 E826D2FFFF                  call    fs_install_exe
  7080 000051EB 84C0                        test    al, al
  7081 000051ED 742D                        jz      .nd_skip_dl            ; install failed
  7082 000051EF C605[31740000]02            mov     byte [dl_valid], 2     ; dl_valid = 2 -> installed
  7083                                      dbg_puts "dl_valid=2", 13, 10, 0
    21 000051F6 EB0D                <1>  jmp %%skip
    22 000051F8 646C5F76616C69643D- <1> %%str db %1
    22 00005201 320D0A00            <1>
    23                              <1> %%skip:
    24                              <1> %if __BITS__ == 32
    25 00005205 56                  <1>  push esi
    26 00005206 BE[F8510000]        <1>  mov esi, %%str
    27                              <1> %%.loop:
    28 0000520B AC                  <1>  lodsb
    29 0000520C 08C0                <1>  or al, al
    30 0000520E 7404                <1>  jz %%.done
    31 00005210 E6E9                <1>  out 0xE9, al
    32 00005212 EBF7                <1>  jmp %%.loop
    33                              <1> %%.done:
    34 00005214 5E                  <1>  pop esi
    35                              <1> %else
    36                              <1>  push si
    37                              <1>  mov si, %%str
    38                              <1> %%.loop:
    39                              <1>  lodsb
    40                              <1>  or al, al
    41                              <1>  jz %%.done
    42                              <1>  out 0xE9, al
    43                              <1>  jmp %%.loop
    44                              <1> %%.done:
    45                              <1>  pop si
    46                              <1> %endif
  7084                                      ; Force desktop/file-explorer repaint next tick (redraw_all already runs per tick)
  7085 00005215 C605[46B40000]01            mov     byte [redraw_fs], 1
  7086                                  .nd_skip_dl:
  7087 0000521C C605[E3030100]06            mov     byte [net_dl_state], 6
  7088 00005223 EB07                        jmp     .nd_d
  7089                                  .nd_done:
  7090 00005225 C605[E3030100]06            mov     byte [net_dl_state], 6
  7091                                  .nd_d:
  7092 0000522C 58                          pop     eax
  7093 0000522D 5B                          pop     ebx
  7094 0000522E 59                          pop     ecx
  7095 0000522F 5A                          pop     edx
  7096 00005230 5F                          pop     edi
  7097 00005231 C3                          ret
  7098                                  
  7099                                  ; ============================================================================
  7100                                  ; eth_rx — classify received Ethernet frame by EtherType via RTL8139
  7101                                  ;   Properly polls RX ring: checks ISR for ROK, reads per-packet header
  7102                                  ;   (status+size DWORD), copies data to nic_rx_data, advances CAPR.
  7103                                  ;   RX ring size = 8192 bytes (RCR RBLEN=00).
  7104                                  ; ============================================================================
  7105                                  eth_rx:
  7106 00005232 57                          push    edi
  7107 00005233 52                          push    edx
  7108 00005234 51                          push    ecx
  7109 00005235 53                          push    ebx
  7110 00005236 50                          push    eax
  7111 00005237 803D[52B40000]01            cmp     byte [nic_type], 1
  7112 0000523E 0F8503050000                jne     .er_d
  7113                                  .er_next_pkt:
  7114                                      ; ----- Check if any packet is available -----
  7115                                      ; Method 1: ISR.ROK at 0x3E bit 0 (primary, works with RTL8139 IRQ status)
  7116 00005244 B03E                        mov     al, 0x3E
  7117 00005246 E81ADBFFFF                  call    rtl8139_rd_w         ; ax = ISR
  7118 0000524B 6689C3                      mov     bx, ax
  7119 0000524E F6C301                      test    bl, 0x01             ; ROK (Receive OK) interrupt bit
  7120 00005251 0F85F1010000                jnz     .er_process
  7121                                      ; Method 2: Pure ring-head poll. RTL8139 does NOT expose a "CBR" register
  7122                                      ; at 0x3A (that is TSD0 upper = TX status 0).  Instead we peek the next
  7123                                      ; expected packet-header DWORD in the RX ring at offset (CAPR+0x10) mod 8K.
  7124                                      ; If its ROK bit (dword bit 0) is set, NIC has finished writing this packet.
  7125 00005257 B038                        mov     al, 0x38
  7126 00005259 E807DBFFFF                  call    rtl8139_rd_w         ; ax = CAPR
  7127 0000525E 0FB7C8                      movzx   ecx, ax
  7128 00005261 6683C110                    add     cx, 0x10
  7129 00005265 6681E1FF1F                  and     cx, 0x1FFF           ; ecx = next expected header offset
  7130 0000526A BE[00CC0000]                mov     esi, rtl8139_rx_buf
  7131 0000526F 01CE                        add     esi, ecx             ; esi = &rx_buf[next_header_off]
  7132 00005271 8B06                        mov     eax, [esi]           ; eax = 32-bit packet header (status + size)
  7133 00005273 66A93F00                    test    ax, 0x003F           ; Check ROK(bit0) + error bits(0x3E) in low 16 bits
  7134 00005277 0F85CB010000                jnz     .er_process         ; ROK or errors set → packet present (even if bad)
  7135 0000527D 668B06                      mov     ax, [esi]            ; re-read low 16 bits
  7136 00005280 A90000FFFF                  test    eax, 0xFFFF0000      ; Check if upper 16 bits (frame size) are non-zero
  7137 00005285 0F85BD010000                jnz     .er_process         ; Size > 0 → packet present
  7138                                      ; One-shot debug: print why no packet was found (ISR, CAPR, peek value)
  7139 0000528B 803D[FFC10000]01            cmp     byte [eth_rx_dbg_logged], 1
  7140 00005292 0F84AF040000                je      .er_d
  7141 00005298 C605[FFC10000]01            mov     byte [eth_rx_dbg_logged], 1
  7142 0000529F 50                          push    eax
  7143 000052A0 53                          push    ebx
  7144 000052A1 51                          push    ecx
  7145 000052A2 52                          push    edx
  7146                                      dbg_puts "[A4X] eth_rx NOPKT ISR=", 0
    21 000052A3 EB18                <1>  jmp %%skip
    22 000052A5 5B4134585D20657468- <1> %%str db %1
    22 000052AE 5F7278204E4F504B54- <1>
    22 000052B7 204953523D00        <1>
    23                              <1> %%skip:
    24                              <1> %if __BITS__ == 32
    25 000052BD 56                  <1>  push esi
    26 000052BE BE[A5520000]        <1>  mov esi, %%str
    27                              <1> %%.loop:
    28 000052C3 AC                  <1>  lodsb
    29 000052C4 08C0                <1>  or al, al
    30 000052C6 7404                <1>  jz %%.done
    31 000052C8 E6E9                <1>  out 0xE9, al
    32 000052CA EBF7                <1>  jmp %%.loop
    33                              <1> %%.done:
    34 000052CC 5E                  <1>  pop esi
    35                              <1> %else
    36                              <1>  push si
    37                              <1>  mov si, %%str
    38                              <1> %%.loop:
    39                              <1>  lodsb
    40                              <1>  or al, al
    41                              <1>  jz %%.done
    42                              <1>  out 0xE9, al
    43                              <1>  jmp %%.loop
    44                              <1> %%.done:
    45                              <1>  pop si
    46                              <1> %endif
  7147 000052CD B03E                        mov     al, 0x3E
  7148 000052CF E891DAFFFF                  call    rtl8139_rd_w
  7149 000052D4 0FB7C0                      movzx   eax, ax
  7150 000052D7 E8A8E2FFFF                  call    dbg_print_eax_hex
  7151                                      dbg_puts " CAPR=", 0
    21 000052DC EB07                <1>  jmp %%skip
    22 000052DE 20434150523D00      <1> %%str db %1
    23                              <1> %%skip:
    24                              <1> %if __BITS__ == 32
    25 000052E5 56                  <1>  push esi
    26 000052E6 BE[DE520000]        <1>  mov esi, %%str
    27                              <1> %%.loop:
    28 000052EB AC                  <1>  lodsb
    29 000052EC 08C0                <1>  or al, al
    30 000052EE 7404                <1>  jz %%.done
    31 000052F0 E6E9                <1>  out 0xE9, al
    32 000052F2 EBF7                <1>  jmp %%.loop
    33                              <1> %%.done:
    34 000052F4 5E                  <1>  pop esi
    35                              <1> %else
    36                              <1>  push si
    37                              <1>  mov si, %%str
    38                              <1> %%.loop:
    39                              <1>  lodsb
    40                              <1>  or al, al
    41                              <1>  jz %%.done
    42                              <1>  out 0xE9, al
    43                              <1>  jmp %%.loop
    44                              <1> %%.done:
    45                              <1>  pop si
    46                              <1> %endif
  7152 000052F5 B038                        mov     al, 0x38
  7153 000052F7 E869DAFFFF                  call    rtl8139_rd_w
  7154 000052FC 0FB7C0                      movzx   eax, ax
  7155 000052FF E880E2FFFF                  call    dbg_print_eax_hex
  7156                                      dbg_puts " peek=", 0
    21 00005304 EB07                <1>  jmp %%skip
    22 00005306 207065656B3D00      <1> %%str db %1
    23                              <1> %%skip:
    24                              <1> %if __BITS__ == 32
    25 0000530D 56                  <1>  push esi
    26 0000530E BE[06530000]        <1>  mov esi, %%str
    27                              <1> %%.loop:
    28 00005313 AC                  <1>  lodsb
    29 00005314 08C0                <1>  or al, al
    30 00005316 7404                <1>  jz %%.done
    31 00005318 E6E9                <1>  out 0xE9, al
    32 0000531A EBF7                <1>  jmp %%.loop
    33                              <1> %%.done:
    34 0000531C 5E                  <1>  pop esi
    35                              <1> %else
    36                              <1>  push si
    37                              <1>  mov si, %%str
    38                              <1> %%.loop:
    39                              <1>  lodsb
    40                              <1>  or al, al
    41                              <1>  jz %%.done
    42                              <1>  out 0xE9, al
    43                              <1>  jmp %%.loop
    44                              <1> %%.done:
    45                              <1>  pop si
    46                              <1> %endif
  7157 0000531D B038                        mov     al, 0x38
  7158 0000531F E841DAFFFF                  call    rtl8139_rd_w
  7159 00005324 0FB7C8                      movzx   ecx, ax
  7160 00005327 6683C110                    add     cx, 0x10
  7161 0000532B 6681E1FF1F                  and     cx, 0x1FFF
  7162 00005330 BE[00CC0000]                mov     esi, rtl8139_rx_buf
  7163 00005335 01CE                        add     esi, ecx
  7164 00005337 8B06                        mov     eax, [esi]
  7165 00005339 E846E2FFFF                  call    dbg_print_eax_hex
  7166                                      dbg_puts " RSR=", 0
    21 0000533E EB06                <1>  jmp %%skip
    22 00005340 205253523D00        <1> %%str db %1
    23                              <1> %%skip:
    24                              <1> %if __BITS__ == 32
    25 00005346 56                  <1>  push esi
    26 00005347 BE[40530000]        <1>  mov esi, %%str
    27                              <1> %%.loop:
    28 0000534C AC                  <1>  lodsb
    29 0000534D 08C0                <1>  or al, al
    30 0000534F 7404                <1>  jz %%.done
    31 00005351 E6E9                <1>  out 0xE9, al
    32 00005353 EBF7                <1>  jmp %%.loop
    33                              <1> %%.done:
    34 00005355 5E                  <1>  pop esi
    35                              <1> %else
    36                              <1>  push si
    37                              <1>  mov si, %%str
    38                              <1> %%.loop:
    39                              <1>  lodsb
    40                              <1>  or al, al
    41                              <1>  jz %%.done
    42                              <1>  out 0xE9, al
    43                              <1>  jmp %%.loop
    44                              <1> %%.done:
    45                              <1>  pop si
    46                              <1> %endif
  7167                                      ; Also read RSR (Receive Status Register) at offset 0x3C (16-bit)
  7168 00005356 B03C                        mov     al, 0x3C
  7169 00005358 E808DAFFFF                  call    rtl8139_rd_w
  7170 0000535D 0FB7C0                      movzx   eax, ax
  7171 00005360 E81FE2FFFF                  call    dbg_print_eax_hex
  7172                                      dbg_puts " rbstart=", 0
    21 00005365 EB0A                <1>  jmp %%skip
    22 00005367 20726273746172743D- <1> %%str db %1
    22 00005370 00                  <1>
    23                              <1> %%skip:
    24                              <1> %if __BITS__ == 32
    25 00005371 56                  <1>  push esi
    26 00005372 BE[67530000]        <1>  mov esi, %%str
    27                              <1> %%.loop:
    28 00005377 AC                  <1>  lodsb
    29 00005378 08C0                <1>  or al, al
    30 0000537A 7404                <1>  jz %%.done
    31 0000537C E6E9                <1>  out 0xE9, al
    32 0000537E EBF7                <1>  jmp %%.loop
    33                              <1> %%.done:
    34 00005380 5E                  <1>  pop esi
    35                              <1> %else
    36                              <1>  push si
    37                              <1>  mov si, %%str
    38                              <1> %%.loop:
    39                              <1>  lodsb
    40                              <1>  or al, al
    41                              <1>  jz %%.done
    42                              <1>  out 0xE9, al
    43                              <1>  jmp %%.loop
    44                              <1> %%.done:
    45                              <1>  pop si
    46                              <1> %endif
  7173 00005381 B030                        mov     al, 0x30
  7174 00005383 E80EDAFFFF                  call    rtl8139_rd_d
  7175 00005388 89D8                        mov     eax, ebx
  7176 0000538A E8F5E1FFFF                  call    dbg_print_eax_hex
  7177                                      ; Dump first 32 bytes of rx_buf for forensic inspection
  7178 0000538F 50                          push    eax
  7179 00005390 51                          push    ecx
  7180 00005391 56                          push    esi
  7181 00005392 B920000000                  mov     ecx, 32
  7182 00005397 BE[00CC0000]                mov     esi, rtl8139_rx_buf
  7183                                      dbg_puts " rx[0..32]=", 0
    21 0000539C EB0C                <1>  jmp %%skip
    22 0000539E 2072785B302E2E3332- <1> %%str db %1
    22 000053A7 5D3D00              <1>
    23                              <1> %%skip:
    24                              <1> %if __BITS__ == 32
    25 000053AA 56                  <1>  push esi
    26 000053AB BE[9E530000]        <1>  mov esi, %%str
    27                              <1> %%.loop:
    28 000053B0 AC                  <1>  lodsb
    29 000053B1 08C0                <1>  or al, al
    30 000053B3 7404                <1>  jz %%.done
    31 000053B5 E6E9                <1>  out 0xE9, al
    32 000053B7 EBF7                <1>  jmp %%.loop
    33                              <1> %%.done:
    34 000053B9 5E                  <1>  pop esi
    35                              <1> %else
    36                              <1>  push si
    37                              <1>  mov si, %%str
    38                              <1> %%.loop:
    39                              <1>  lodsb
    40                              <1>  or al, al
    41                              <1>  jz %%.done
    42                              <1>  out 0xE9, al
    43                              <1>  jmp %%.loop
    44                              <1> %%.done:
    45                              <1>  pop si
    46                              <1> %endif
  7184                                  .er_hx_dump:
  7185 000053BA AC                          lodsb
  7186                                      dbg_hex8
    59 000053BB 6650                <1>  push ax
    60 000053BD 88C4                <1>  mov ah, al
    61 000053BF C0E804              <1>  shr al, 4
    62 000053C2 E80D000000          <1>  call %%hex_nibble
    63 000053C7 88E0                <1>  mov al, ah
    64 000053C9 240F                <1>  and al, 0x0F
    65 000053CB E804000000          <1>  call %%hex_nibble
    66 000053D0 6658                <1>  pop ax
    67 000053D2 EB0B                <1>  jmp %%done
    68                              <1> %%hex_nibble:
    69 000053D4 0430                <1>  add al, '0'
    70 000053D6 3C39                <1>  cmp al, '9'
    71 000053D8 7602                <1>  jbe %%ok
    72 000053DA 0407                <1>  add al, 7
    73                              <1> %%ok:
    74 000053DC E6E9                <1>  out 0xE9, al
    75 000053DE C3                  <1>  ret
    76                              <1> %%done:
  7187 000053DF 49                          dec     ecx
  7188 000053E0 75D8                        jnz     .er_hx_dump
  7189 000053E2 5E                          pop     esi
  7190 000053E3 59                          pop     ecx
  7191 000053E4 58                          pop     eax
  7192                                      dbg_puts 13, 10, 0
    21 000053E5 EB03                <1>  jmp %%skip
    22 000053E7 0D0A00              <1> %%str db %1
    23                              <1> %%skip:
    24                              <1> %if __BITS__ == 32
    25 000053EA 56                  <1>  push esi
    26 000053EB BE[E7530000]        <1>  mov esi, %%str
    27                              <1> %%.loop:
    28 000053F0 AC                  <1>  lodsb
    29 000053F1 08C0                <1>  or al, al
    30 000053F3 7404                <1>  jz %%.done
    31 000053F5 E6E9                <1>  out 0xE9, al
    32 000053F7 EBF7                <1>  jmp %%.loop
    33                              <1> %%.done:
    34 000053F9 5E                  <1>  pop esi
    35                              <1> %else
    36                              <1>  push si
    37                              <1>  mov si, %%str
    38                              <1> %%.loop:
    39                              <1>  lodsb
    40                              <1>  or al, al
    41                              <1>  jz %%.done
    42                              <1>  out 0xE9, al
    43                              <1>  jmp %%.loop
    44                              <1> %%.done:
    45                              <1>  pop si
    46                              <1> %endif
  7193 000053FA 5A                          pop     edx
  7194 000053FB 59                          pop     ecx
  7195 000053FC 5B                          pop     ebx
  7196 000053FD 58                          pop     eax
  7197 000053FE E944030000                  jmp     .er_d
  7198                                      ; Have packet via ring peek — log as CBR!=CAPR detected (equiv to ring head advance)
  7199                                      dbg_puts "[A4X] eth_rx CBR!=CAPR ring-head packet detected", 13, 10, 0
    21 00005403 EB33                <1>  jmp %%skip
    22 00005405 5B4134585D20657468- <1> %%str db %1
    22 0000540E 5F727820434252213D- <1>
    22 00005417 434150522072696E67- <1>
    22 00005420 2D6865616420706163- <1>
    22 00005429 6B6574206465746563- <1>
    22 00005432 7465640D0A00        <1>
    23                              <1> %%skip:
    24                              <1> %if __BITS__ == 32
    25 00005438 56                  <1>  push esi
    26 00005439 BE[05540000]        <1>  mov esi, %%str
    27                              <1> %%.loop:
    28 0000543E AC                  <1>  lodsb
    29 0000543F 08C0                <1>  or al, al
    30 00005441 7404                <1>  jz %%.done
    31 00005443 E6E9                <1>  out 0xE9, al
    32 00005445 EBF7                <1>  jmp %%.loop
    33                              <1> %%.done:
    34 00005447 5E                  <1>  pop esi
    35                              <1> %else
    36                              <1>  push si
    37                              <1>  mov si, %%str
    38                              <1> %%.loop:
    39                              <1>  lodsb
    40                              <1>  or al, al
    41                              <1>  jz %%.done
    42                              <1>  out 0xE9, al
    43                              <1>  jmp %%.loop
    44                              <1> %%.done:
    45                              <1>  pop si
    46                              <1> %endif
  7200                                  .er_process:
  7201                                      ; Compute read offset = (CAPR + 0x10) mod 8K -> points to 4-byte pkt header
  7202 00005448 B038                        mov     al, 0x38
  7203 0000544A E816D9FFFF                  call    rtl8139_rd_w         ; ax = CAPR
  7204 0000544F 0FB7D8                      movzx   ebx, ax
  7205 00005452 6683C310                    add     bx, 0x10
  7206 00005456 6681E3FF1F                  and     bx, 0x1FFF           ; ebx = read offset into rtl8139_rx_buf
  7207                                      ; Read packet header DWORD at rx_buf[ebx]:
  7208                                      ;   word [ebx+0] = RxStatus (ROK bit0, errors)
  7209                                      ;   word [ebx+2] = FrameSize (bytes, no header, usually strip CRC)
  7210 0000545B BE[00CC0000]                mov     esi, rtl8139_rx_buf
  7211 00005460 01DE                        add     esi, ebx
  7212 00005462 668B06                      mov     ax, [esi]            ; ax = status word
  7213 00005465 668B5602                    mov     dx, [esi+2]          ; dx = frame size
  7214                                      ; Log packet header
  7215                                      dbg_puts "[A4X] eth_rx HDR status=", 0
    21 00005469 EB19                <1>  jmp %%skip
    22 0000546B 5B4134585D20657468- <1> %%str db %1
    22 00005474 5F7278204844522073- <1>
    22 0000547D 74617475733D00      <1>
    23                              <1> %%skip:
    24                              <1> %if __BITS__ == 32
    25 00005484 56                  <1>  push esi
    26 00005485 BE[6B540000]        <1>  mov esi, %%str
    27                              <1> %%.loop:
    28 0000548A AC                  <1>  lodsb
    29 0000548B 08C0                <1>  or al, al
    30 0000548D 7404                <1>  jz %%.done
    31 0000548F E6E9                <1>  out 0xE9, al
    32 00005491 EBF7                <1>  jmp %%.loop
    33                              <1> %%.done:
    34 00005493 5E                  <1>  pop esi
    35                              <1> %else
    36                              <1>  push si
    37                              <1>  mov si, %%str
    38                              <1> %%.loop:
    39                              <1>  lodsb
    40                              <1>  or al, al
    41                              <1>  jz %%.done
    42                              <1>  out 0xE9, al
    43                              <1>  jmp %%.loop
    44                              <1> %%.done:
    45                              <1>  pop si
    46                              <1> %endif
  7216 00005494 0FB7C0                      movzx   eax, ax
  7217 00005497 E8E8E0FFFF                  call    dbg_print_eax_hex
  7218                                      dbg_puts " sz=", 0
    21 0000549C EB05                <1>  jmp %%skip
    22 0000549E 20737A3D00          <1> %%str db %1
    23                              <1> %%skip:
    24                              <1> %if __BITS__ == 32
    25 000054A3 56                  <1>  push esi
    26 000054A4 BE[9E540000]        <1>  mov esi, %%str
    27                              <1> %%.loop:
    28 000054A9 AC                  <1>  lodsb
    29 000054AA 08C0                <1>  or al, al
    30 000054AC 7404                <1>  jz %%.done
    31 000054AE E6E9                <1>  out 0xE9, al
    32 000054B0 EBF7                <1>  jmp %%.loop
    33                              <1> %%.done:
    34 000054B2 5E                  <1>  pop esi
    35                              <1> %else
    36                              <1>  push si
    37                              <1>  mov si, %%str
    38                              <1> %%.loop:
    39                              <1>  lodsb
    40                              <1>  or al, al
    41                              <1>  jz %%.done
    42                              <1>  out 0xE9, al
    43                              <1>  jmp %%.loop
    44                              <1> %%.done:
    45                              <1>  pop si
    46                              <1> %endif
  7219 000054B3 0FB7C2                      movzx   eax, dx
  7220 000054B6 E8E9E0FFFF                  call    dbg_print_eax_dec
  7221                                      dbg_puts 13, 10, 0
    21 000054BB EB03                <1>  jmp %%skip
    22 000054BD 0D0A00              <1> %%str db %1
    23                              <1> %%skip:
    24                              <1> %if __BITS__ == 32
    25 000054C0 56                  <1>  push esi
    26 000054C1 BE[BD540000]        <1>  mov esi, %%str
    27                              <1> %%.loop:
    28 000054C6 AC                  <1>  lodsb
    29 000054C7 08C0                <1>  or al, al
    30 000054C9 7404                <1>  jz %%.done
    31 000054CB E6E9                <1>  out 0xE9, al
    32 000054CD EBF7                <1>  jmp %%.loop
    33                              <1> %%.done:
    34 000054CF 5E                  <1>  pop esi
    35                              <1> %else
    36                              <1>  push si
    37                              <1>  mov si, %%str
    38                              <1> %%.loop:
    39                              <1>  lodsb
    40                              <1>  or al, al
    41                              <1>  jz %%.done
    42                              <1>  out 0xE9, al
    43                              <1>  jmp %%.loop
    44                              <1> %%.done:
    45                              <1>  pop si
    46                              <1> %endif
  7222 000054D0 66A93E00                    test    ax, 0x003E           ; Check error bits: FAE(0x02)|CRC(0x04)|LONG(0x08)|RUNT(0x10)|ISE(0x20)
  7223 000054D4 0F8545010000                jnz     .er_badpkt          ; Has errors → skip packet
  7224                                      ; Clamp frame size to <= 1536 (nic_rx_data capacity), skip 0-length
  7225 000054DA 0FB7CA                      movzx   ecx, dx
  7226 000054DD 85C9                        test    ecx, ecx
  7227 000054DF 0F843A010000                jz      .er_badpkt
  7228 000054E5 6681F90006                  cmp     cx, 1536
  7229 000054EA 7604                        jbe     .er_szok
  7230 000054EC 66B90006                    mov     cx, 1536
  7231                                  .er_szok:
  7232                                      ; Move read offset +4 to skip the 4-byte header -> frame data start
  7233 000054F0 6683C304                    add     bx, 4
  7234 000054F4 6681E3FF1F                  and     bx, 0x1FFF
  7235                                      ; Copy rtl8139_rx_buf[ebx : ebx+ecx] -> nic_rx_data
  7236 000054F9 BE[00CC0000]                mov     esi, rtl8139_rx_buf
  7237 000054FE 01DE                        add     esi, ebx
  7238 00005500 BF[00EC0000]                mov     edi, nic_rx_data
  7239 00005505 F3A4                        rep     movsb
  7240                                      ; --- Advance CAPR past the consumed packet (Linux 8139too convention) ---
  7241                                      ; Linux: RTL_W16(Capr, cur_rx - 16).  QEMU honors 16-bit reads AND 16-bit
  7242                                      ; writes to CAPR (0x38); 32-bit I/O on this register is broken (init's 32-bit
  7243                                      ; readback returned 0, and 32-bit writes are silently ignored).  Use 16-bit.
  7244                                      ; dx = frame size, preserved across debug prints & helper calls.
  7245 00005507 B038                        mov     al, 0x38
  7246 00005509 E857D8FFFF                  call    rtl8139_rd_w          ; ax = old CAPR
  7247 0000550E 0FB7D8                      movzx   ebx, ax              ; ebx = old CAPR
  7248 00005511 53                          push    ebx                  ; [esp+8] = old CAPR
  7249 00005512 6683C010                    add     ax, 0x10             ; read_offset = (CAPR + 0x10) & 0x1FFF
  7250 00005516 6625FF1F                    and     ax, 0x1FFF
  7251 0000551A 6683C004                    add     ax, 4                ; skip 4-byte header
  7252 0000551E 6601D0                      add     ax, dx               ; + frame size
  7253 00005521 6683C003                    add     ax, 3                ; dword align
  7254 00005525 6683E0FC                    and     ax, 0xFFFC
  7255 00005529 6625FF1F                    and     ax, 0x1FFF           ; ax = next read offset
  7256 0000552D 6683E810                    sub     ax, 0x10             ; ax = new CAPR (= next_read_off - 0x10)
  7257 00005531 0FB7C0                      movzx   eax, ax
  7258 00005534 50                          push    eax                  ; [esp+4] = new CAPR
  7259 00005535 6689C3                      mov     bx, ax               ; bx = new CAPR (16-bit value for wr_w)
  7260 00005538 B038                        mov     al, 0x38
  7261 0000553A E802D8FFFF                  call    rtl8139_wr_w          ; 16-bit write CAPR (QEMU honors this)
  7262 0000553F B038                        mov     al, 0x38
  7263 00005541 E81FD8FFFF                  call    rtl8139_rd_w          ; ax = readback CAPR
  7264 00005546 0FB7C0                      movzx   eax, ax
  7265 00005549 50                          push    eax                  ; [esp+0] = readback
  7266 0000554A 803D[00C20000]10            cmp     byte [eth_rx_adv_cnt], 16
  7267 00005551 0F838C000000                jae     .adv_dbg_done
  7268 00005557 FE05[00C20000]              inc     byte [eth_rx_adv_cnt]
  7269                                      dbg_puts "[A4X] eth_rx ADV old=", 0
    21 0000555D EB16                <1>  jmp %%skip
    22 0000555F 5B4134585D20657468- <1> %%str db %1
    22 00005568 5F727820414456206F- <1>
    22 00005571 6C643D00            <1>
    23                              <1> %%skip:
    24                              <1> %if __BITS__ == 32
    25 00005575 56                  <1>  push esi
    26 00005576 BE[5F550000]        <1>  mov esi, %%str
    27                              <1> %%.loop:
    28 0000557B AC                  <1>  lodsb
    29 0000557C 08C0                <1>  or al, al
    30 0000557E 7404                <1>  jz %%.done
    31 00005580 E6E9                <1>  out 0xE9, al
    32 00005582 EBF7                <1>  jmp %%.loop
    33                              <1> %%.done:
    34 00005584 5E                  <1>  pop esi
    35                              <1> %else
    36                              <1>  push si
    37                              <1>  mov si, %%str
    38                              <1> %%.loop:
    39                              <1>  lodsb
    40                              <1>  or al, al
    41                              <1>  jz %%.done
    42                              <1>  out 0xE9, al
    43                              <1>  jmp %%.loop
    44                              <1> %%.done:
    45                              <1>  pop si
    46                              <1> %endif
  7270 00005585 8B442408                    mov     eax, [esp+8]
  7271 00005589 E8F6DFFFFF                  call    dbg_print_eax_hex
  7272                                      dbg_puts " new=", 0
    21 0000558E EB06                <1>  jmp %%skip
    22 00005590 206E65773D00        <1> %%str db %1
    23                              <1> %%skip:
    24                              <1> %if __BITS__ == 32
    25 00005596 56                  <1>  push esi
    26 00005597 BE[90550000]        <1>  mov esi, %%str
    27                              <1> %%.loop:
    28 0000559C AC                  <1>  lodsb
    29 0000559D 08C0                <1>  or al, al
    30 0000559F 7404                <1>  jz %%.done
    31 000055A1 E6E9                <1>  out 0xE9, al
    32 000055A3 EBF7                <1>  jmp %%.loop
    33                              <1> %%.done:
    34 000055A5 5E                  <1>  pop esi
    35                              <1> %else
    36                              <1>  push si
    37                              <1>  mov si, %%str
    38                              <1> %%.loop:
    39                              <1>  lodsb
    40                              <1>  or al, al
    41                              <1>  jz %%.done
    42                              <1>  out 0xE9, al
    43                              <1>  jmp %%.loop
    44                              <1> %%.done:
    45                              <1>  pop si
    46                              <1> %endif
  7273 000055A6 8B442404                    mov     eax, [esp+4]
  7274 000055AA E8D5DFFFFF                  call    dbg_print_eax_hex
  7275                                      dbg_puts " rd=", 0
    21 000055AF EB05                <1>  jmp %%skip
    22 000055B1 2072643D00          <1> %%str db %1
    23                              <1> %%skip:
    24                              <1> %if __BITS__ == 32
    25 000055B6 56                  <1>  push esi
    26 000055B7 BE[B1550000]        <1>  mov esi, %%str
    27                              <1> %%.loop:
    28 000055BC AC                  <1>  lodsb
    29 000055BD 08C0                <1>  or al, al
    30 000055BF 7404                <1>  jz %%.done
    31 000055C1 E6E9                <1>  out 0xE9, al
    32 000055C3 EBF7                <1>  jmp %%.loop
    33                              <1> %%.done:
    34 000055C5 5E                  <1>  pop esi
    35                              <1> %else
    36                              <1>  push si
    37                              <1>  mov si, %%str
    38                              <1> %%.loop:
    39                              <1>  lodsb
    40                              <1>  or al, al
    41                              <1>  jz %%.done
    42                              <1>  out 0xE9, al
    43                              <1>  jmp %%.loop
    44                              <1> %%.done:
    45                              <1>  pop si
    46                              <1> %endif
  7276 000055C6 8B0424                      mov     eax, [esp]
  7277 000055C9 E8B6DFFFFF                  call    dbg_print_eax_hex
  7278                                      dbg_puts 13, 10, 0
    21 000055CE EB03                <1>  jmp %%skip
    22 000055D0 0D0A00              <1> %%str db %1
    23                              <1> %%skip:
    24                              <1> %if __BITS__ == 32
    25 000055D3 56                  <1>  push esi
    26 000055D4 BE[D0550000]        <1>  mov esi, %%str
    27                              <1> %%.loop:
    28 000055D9 AC                  <1>  lodsb
    29 000055DA 08C0                <1>  or al, al
    30 000055DC 7404                <1>  jz %%.done
    31 000055DE E6E9                <1>  out 0xE9, al
    32 000055E0 EBF7                <1>  jmp %%.loop
    33                              <1> %%.done:
    34 000055E2 5E                  <1>  pop esi
    35                              <1> %else
    36                              <1>  push si
    37                              <1>  mov si, %%str
    38                              <1> %%.loop:
    39                              <1>  lodsb
    40                              <1>  or al, al
    41                              <1>  jz %%.done
    42                              <1>  out 0xE9, al
    43                              <1>  jmp %%.loop
    44                              <1> %%.done:
    45                              <1>  pop si
    46                              <1> %endif
  7279                                  .adv_dbg_done:
  7280 000055E3 58                          pop     eax                  ; discard readback
  7281 000055E4 58                          pop     eax                  ; discard new CAPR
  7282 000055E5 5B                          pop     ebx                  ; discard old CAPR
  7283                                      ; Clear ISR ROK (write 1 to bit 0 of ISR 0x3E) — use 16-bit write for QEMU reliability
  7284 000055E6 B03E                        mov     al, 0x3E
  7285 000055E8 66BB0100                    mov     bx, 0x0001
  7286 000055EC E850D7FFFF                  call    rtl8139_wr_w
  7287                                      ; Dispatch frame by EtherType stored in nic_rx_data
  7288 000055F1 BF[00EC0000]                mov     edi, nic_rx_data
  7289 000055F6 668B470C                    mov     ax, [edi+12]
  7290 000055FA 663D0806                    cmp     ax, 0x0608           ; ARP 0x0806 BE -> LE 0x0608
  7291 000055FE 740B                        je      .er_arp
  7292 00005600 6683F808                    cmp     ax, 0x0008           ; IP 0x0800 BE -> LE 0x0008
  7293 00005604 740F                        je      .er_ip
  7294                                      ; unknown EtherType: continue polling for more packets
  7295 00005606 E937010000                  jmp     .er_continue
  7296                                  .er_arp:
  7297 0000560B E82FEBFFFF                  call    arp_check
  7298 00005610 E92D010000                  jmp     .er_continue
  7299                                  .er_ip:
  7300 00005615 E818EEFFFF                  call    ip_rx
  7301 0000561A E923010000                  jmp     .er_continue
  7302                                  .er_badpkt:
  7303                                      ; If size=0, this is an empty slot (ISR.RxOK stale or packet not yet
  7304                                      ; written). Do NOT advance CAPR — advancing past empty slots causes CAPR
  7305                                      ; to overrun CBR, making us miss packets that arrive later at CBR.
  7306                                      ; Re-read size directly from the buffer to be safe (in case dx was clobbered
  7307                                      ; by any debug helper between lines 6207 and here).
  7308 0000561F 52                          push    edx
  7309 00005620 B038                        mov     al, 0x38
  7310 00005622 E83ED7FFFF                  call    rtl8139_rd_w
  7311 00005627 0FB7D8                      movzx   ebx, ax
  7312 0000562A 6683C310                    add     bx, 0x10
  7313 0000562E 6681E3FF1F                  and     bx, 0x1FFF
  7314 00005633 BE[00CC0000]                mov     esi, rtl8139_rx_buf
  7315 00005638 01DE                        add     esi, ebx
  7316 0000563A 0FB75602                    movzx   edx, word [esi+2]    ; edx = frame size (re-read, safe)
  7317 0000563E 85D2                        test    edx, edx
  7318 00005640 5A                          pop     edx
  7319 00005641 754A                        jnz     .er_real_badpkt
  7320                                      ; Empty slot — clear ISR.RxOK via 16-bit write and return.
  7321                                      dbg_puts "[A4X] eth_rx empty slot — CAPR held", 13, 10, 0
    21 00005643 EB28                <1>  jmp %%skip
    22 00005645 5B4134585D20657468- <1> %%str db %1
    22 0000564E 5F727820656D707479- <1>
    22 00005657 20736C6F7420E28094- <1>
    22 00005660 20434150522068656C- <1>
    22 00005669 640D0A00            <1>
    23                              <1> %%skip:
    24                              <1> %if __BITS__ == 32
    25 0000566D 56                  <1>  push esi
    26 0000566E BE[45560000]        <1>  mov esi, %%str
    27                              <1> %%.loop:
    28 00005673 AC                  <1>  lodsb
    29 00005674 08C0                <1>  or al, al
    30 00005676 7404                <1>  jz %%.done
    31 00005678 E6E9                <1>  out 0xE9, al
    32 0000567A EBF7                <1>  jmp %%.loop
    33                              <1> %%.done:
    34 0000567C 5E                  <1>  pop esi
    35                              <1> %else
    36                              <1>  push si
    37                              <1>  mov si, %%str
    38                              <1> %%.loop:
    39                              <1>  lodsb
    40                              <1>  or al, al
    41                              <1>  jz %%.done
    42                              <1>  out 0xE9, al
    43                              <1>  jmp %%.loop
    44                              <1> %%.done:
    45                              <1>  pop si
    46                              <1> %endif
  7322 0000567D B03E                        mov     al, 0x3E
  7323 0000567F 66BB0100                    mov     bx, 0x0001
  7324 00005683 E8B9D6FFFF                  call    rtl8139_wr_w          ; 16-bit write: clear RxOK bit
  7325 00005688 E9BA000000                  jmp     .er_d
  7326                                  .er_real_badpkt:
  7327                                      ; Real bad packet (size>0 with error bits) — advance CAPR past it.
  7328                                      ; Use same advancement formula as good path: oldCAPR + 0x10 + 4 + size + align - 0x10
  7329                                      ; Re-read size from buffer for safety.
  7330 0000568D 52                          push    edx
  7331 0000568E B038                        mov     al, 0x38
  7332 00005690 E8D0D6FFFF                  call    rtl8139_rd_w
  7333 00005695 0FB7D8                      movzx   ebx, ax
  7334 00005698 6683C310                    add     bx, 0x10
  7335 0000569C 6681E3FF1F                  and     bx, 0x1FFF
  7336 000056A1 BE[00CC0000]                mov     esi, rtl8139_rx_buf
  7337 000056A6 01DE                        add     esi, ebx
  7338 000056A8 0FB75602                    movzx   edx, word [esi+2]    ; edx = frame size (safe re-read)
  7339                                      dbg_puts "[A4X] eth_rx BADPKT — skipping slot sz=", 0
    21 000056AC EB2A                <1>  jmp %%skip
    22 000056AE 5B4134585D20657468- <1> %%str db %1
    22 000056B7 5F727820424144504B- <1>
    22 000056C0 5420E2809420736B69- <1>
    22 000056C9 7070696E6720736C6F- <1>
    22 000056D2 7420737A3D00        <1>
    23                              <1> %%skip:
    24                              <1> %if __BITS__ == 32
    25 000056D8 56                  <1>  push esi
    26 000056D9 BE[AE560000]        <1>  mov esi, %%str
    27                              <1> %%.loop:
    28 000056DE AC                  <1>  lodsb
    29 000056DF 08C0                <1>  or al, al
    30 000056E1 7404                <1>  jz %%.done
    31 000056E3 E6E9                <1>  out 0xE9, al
    32 000056E5 EBF7                <1>  jmp %%.loop
    33                              <1> %%.done:
    34 000056E7 5E                  <1>  pop esi
    35                              <1> %else
    36                              <1>  push si
    37                              <1>  mov si, %%str
    38                              <1> %%.loop:
    39                              <1>  lodsb
    40                              <1>  or al, al
    41                              <1>  jz %%.done
    42                              <1>  out 0xE9, al
    43                              <1>  jmp %%.loop
    44                              <1> %%.done:
    45                              <1>  pop si
    46                              <1> %endif
  7340 000056E8 89D0                        mov     eax, edx
  7341 000056EA E8B5DEFFFF                  call    dbg_print_eax_dec
  7342                                      dbg_puts 13, 10, 0
    21 000056EF EB03                <1>  jmp %%skip
    22 000056F1 0D0A00              <1> %%str db %1
    23                              <1> %%skip:
    24                              <1> %if __BITS__ == 32
    25 000056F4 56                  <1>  push esi
    26 000056F5 BE[F1560000]        <1>  mov esi, %%str
    27                              <1> %%.loop:
    28 000056FA AC                  <1>  lodsb
    29 000056FB 08C0                <1>  or al, al
    30 000056FD 7404                <1>  jz %%.done
    31 000056FF E6E9                <1>  out 0xE9, al
    32 00005701 EBF7                <1>  jmp %%.loop
    33                              <1> %%.done:
    34 00005703 5E                  <1>  pop esi
    35                              <1> %else
    36                              <1>  push si
    37                              <1>  mov si, %%str
    38                              <1> %%.loop:
    39                              <1>  lodsb
    40                              <1>  or al, al
    41                              <1>  jz %%.done
    42                              <1>  out 0xE9, al
    43                              <1>  jmp %%.loop
    44                              <1> %%.done:
    45                              <1>  pop si
    46                              <1> %endif
  7343 00005704 B038                        mov     al, 0x38
  7344 00005706 E85AD6FFFF                  call    rtl8139_rd_w          ; ax = old CAPR
  7345 0000570B 6683C010                    add     ax, 0x10              ; +0x10 to get read offset
  7346 0000570F 6625FF1F                    and     ax, 0x1FFF
  7347 00005713 6683C004                    add     ax, 4                 ; skip 4-byte header
  7348 00005717 6601D0                      add     ax, dx                ; + frame size
  7349 0000571A 6683C003                    add     ax, 3                 ; dword align
  7350 0000571E 6683E0FC                    and     ax, 0xFFFC
  7351 00005722 6625FF1F                    and     ax, 0x1FFF            ; wrap to 8K
  7352 00005726 6683E810                    sub     ax, 0x10              ; convert back to CAPR
  7353 0000572A 6689C3                      mov     bx, ax                ; bx = new CAPR (16-bit value)
  7354 0000572D B038                        mov     al, 0x38
  7355 0000572F E80DD6FFFF                  call    rtl8139_wr_w          ; 16-bit write CAPR
  7356 00005734 5A                          pop     edx
  7357                                      ; Clear ROK via 16-bit write
  7358 00005735 B03E                        mov     al, 0x3E
  7359 00005737 66BB0100                    mov     bx, 0x0001
  7360 0000573B E801D6FFFF                  call    rtl8139_wr_w          ; 16-bit write: clear RxOK bit
  7361 00005740 EB05                        jmp     .er_d                ; bail out after bad packet
  7362                                  .er_continue:
  7363                                      ; Loop for more packets in the same tick (typical RX burst)
  7364 00005742 E9FDFAFFFF                  jmp     .er_next_pkt
  7365                                  .er_d:
  7366 00005747 58                          pop     eax
  7367 00005748 5B                          pop     ebx
  7368 00005749 59                          pop     ecx
  7369 0000574A 5A                          pop     edx
  7370 0000574B 5F                          pop     edi
  7371 0000574C C3                          ret
  7372                                  
  7373                                  ; ============================================================================
  7374                                  ; tcp_cksum — compute TCP checksum (pseudo-header + TCP segment)
  7375                                  ;   IN:  ax = TCP segment length (bytes, including TCP header)
  7376                                  ;   Uses: IP addresses from net_tx_buf IP header, TCP header at net_tx_buf+34
  7377                                  ;   OUT: ax = checksum (ready to store at TCP header offset +16)
  7378                                  ; ============================================================================
  7379                                  tcp_cksum:
  7380 0000574D 53                          push    ebx
  7381 0000574E 51                          push    ecx
  7382 0000574F 56                          push    esi
  7383 00005750 52                          push    edx
  7384 00005751 0FB7D0                      movzx   edx, ax
  7385                                      ; Clear TCP checksum field
  7386 00005754 66C705[65C10000]00-         mov     word [net_tx_buf+34+16], 0
  7386 0000575C 00                 
  7387                                      ; Pseudo-header sum — IP addresses stored in net byte order.
  7388                                      ; Sum directly as LE words so return AX is LE-ready for MOV.
  7389 0000575D 31DB                        xor     ebx, ebx
  7390 0000575F BE[4DC10000]                mov     esi, net_tx_buf + 26        ; src IP (IP header +12)
  7391 00005764 66AD                        lodsw
  7392 00005766 0FB7C0                      movzx   eax, ax
  7393 00005769 01C3                        add     ebx, eax
  7394 0000576B 66AD                        lodsw
  7395 0000576D 0FB7C0                      movzx   eax, ax
  7396 00005770 01C3                        add     ebx, eax
  7397 00005772 66AD                        lodsw                               ; dst IP (IP header +16)
  7398 00005774 0FB7C0                      movzx   eax, ax
  7399 00005777 01C3                        add     ebx, eax
  7400 00005779 66AD                        lodsw
  7401 0000577B 0FB7C0                      movzx   eax, ax
  7402 0000577E 01C3                        add     ebx, eax
  7403                                      ; proto(6)+zero in network byte order: 0x0600 (BE 0x0006)
  7404 00005780 81C300060000                add     ebx, 0x0600
  7405                                      ; TCP length (swap to match pseudo-header byte order)
  7406 00005786 6689D0                      mov     ax, dx
  7407 00005789 86C4                        xchg    al, ah
  7408 0000578B 0FB7C0                      movzx   eax, ax
  7409 0000578E 01C3                        add     ebx, eax
  7410                                      ; Sum TCP segment words
  7411 00005790 BE[55C10000]                mov     esi, net_tx_buf + 34
  7412 00005795 89D1                        mov     ecx, edx
  7413 00005797 D1E9                        shr     ecx, 1
  7414                                  .tc_l:
  7415 00005799 85C9                        test    ecx, ecx
  7416 0000579B 740A                        jz      .tc_d
  7417 0000579D 66AD                        lodsw
  7418 0000579F 0FB7C0                      movzx   eax, ax
  7419 000057A2 01C3                        add     ebx, eax
  7420 000057A4 49                          dec     ecx
  7421 000057A5 EBF2                        jmp     .tc_l
  7422                                  .tc_d:
  7423 000057A7 6689D8                      mov     ax, bx
  7424 000057AA C1EB10                      shr     ebx, 16
  7425 000057AD 6601D8                      add     ax, bx
  7426 000057B0 6683D000                    adc     ax, 0
  7427 000057B4 66F7D0                      not     ax
  7428 000057B7 5A                          pop     edx
  7429 000057B8 5E                          pop     esi
  7430 000057B9 59                          pop     ecx
  7431 000057BA 5B                          pop     ebx
  7432 000057BB C3                          ret
  7433                                  
  7434                                  ; ============================================================================
  7435                                  ; tcp_connect — send TCP SYN
  7436                                  ;   IN:  tcp_sport, tcp_dport, tcp_seq, tcp_dst_ip set
  7437                                  ;   OUT: tcp_state = 1 (SYN_SENT)
  7438                                  ; ============================================================================
  7439                                  tcp_connect:
  7440 000057BC 57                          push    edi
  7441 000057BD 52                          push    edx
  7442 000057BE 51                          push    ecx
  7443 000057BF 53                          push    ebx
  7444 000057C0 50                          push    eax
  7445                                      ; --- Ethernet header (14 bytes) ---
  7446 000057C1 BF[33C10000]                mov     edi, net_tx_buf
  7447                                      ; dst MAC = arp_reply_mac (resolved gateway/host MAC)
  7448 000057C6 A1[25C10000]                mov     eax, [arp_reply_mac]
  7449 000057CB 8907                        mov     dword [edi+0], eax
  7450 000057CD 66A1[29C10000]              mov     ax, [arp_reply_mac+4]
  7451 000057D3 66894704                    mov     word [edi+4], ax
  7452                                      ; src MAC = our MAC
  7453 000057D7 A1[55B40000]                mov     eax, [nic_mac_lo]
  7454 000057DC 894706                      mov     dword [edi+6], eax
  7455 000057DF 66A1[59B40000]              mov     ax, [nic_mac_hi]
  7456 000057E5 6689470A                    mov     word [edi+10], ax
  7457                                      ; EtherType 0x0800 (IP) → LE 0x0008
  7458 000057E9 66C7470C0800                mov     word [edi+12], 0x0008
  7459                                      ; --- IP header (20 bytes at net_tx_buf+14) ---
  7460 000057EF BF[41C10000]                mov     edi, net_tx_buf + 14
  7461 000057F4 C60745                      mov     byte [edi+0], 0x45          ; version/IHL
  7462 000057F7 C6470100                    mov     byte [edi+1], 0             ; TOS
  7463 000057FB 66C747020028                mov     word [edi+2], 0x2800        ; total length 40 (BE 0x0028 → LE 0x2800)
  7464 00005801 66C747040000                mov     word [edi+4], 0             ; identification
  7465 00005807 66C747064000                mov     word [edi+6], 0x0040        ; flags=DF (BE 0x4000 → LE 0x0040)
  7466 0000580D C6470840                    mov     byte [edi+8], 64            ; TTL
  7467 00005811 C6470906                    mov     byte [edi+9], 6             ; protocol = TCP
  7468 00005815 66C7470A0000                mov     word [edi+10], 0            ; checksum (to be filled)
  7469 0000581B C7470C0A00020F              mov     dword [edi+12], 0x0F02000A  ; src IP 10.0.2.15 (BE → LE dword)
  7470 00005822 A1[40F20000]                mov     eax, [tcp_dst_ip]
  7471 00005827 894710                      mov     [edi+16], eax               ; dst IP (already in BE/LE format)
  7472                                      ; IP checksum (10 words = 20 bytes)
  7473 0000582A 89FE                        mov     esi, edi
  7474 0000582C 66B90A00                    mov     cx, 10
  7475 00005830 E8D8EBFFFF                  call    ip_cksum
  7476 00005835 6689470A                    mov     [edi+10], ax
  7477                                      ; --- TCP header (20 bytes at net_tx_buf+34) ---
  7478 00005839 BF[55C10000]                mov     edi, net_tx_buf + 34
  7479 0000583E 66A1[09C20000]              mov     ax, [tcp_sport]
  7480 00005844 668907                      mov     [edi+0], ax                 ; src port (already BE-encoded)
  7481 00005847 66A1[0BC20000]              mov     ax, [tcp_dport]
  7482 0000584D 66894702                    mov     [edi+2], ax                 ; dst port (already BE-encoded)
  7483                                      ; seq number (bswap to BE)
  7484 00005851 A1[01C20000]                mov     eax, [tcp_seq]
  7485 00005856 0FC8                        bswap   eax
  7486 00005858 894704                      mov     [edi+4], eax
  7487                                      ; ack number = 0
  7488 0000585B C7470800000000              mov     dword [edi+8], 0
  7489                                      ; data offset (5 = 20 bytes) + flags (SYN=0x02)
  7490 00005862 C6470C50                    mov     byte [edi+12], 0x50         ; data offset = 5
  7491 00005866 C6470D02                    mov     byte [edi+13], 0x02         ; SYN flag
  7492 0000586A 66C7470EFFFF                mov     word [edi+14], 0xFFFF       ; window (max, same in BE/LE)
  7493 00005870 66C747100000                mov     word [edi+16], 0            ; checksum (to be filled)
  7494 00005876 66C747120000                mov     word [edi+18], 0            ; urgent pointer
  7495                                      ; TCP checksum (segment length = 20)
  7496 0000587C 66B81400                    mov     ax, 20
  7497 00005880 E8C8FEFFFF                  call    tcp_cksum
  7498 00005885 66A3[65C10000]              mov     [net_tx_buf+34+16], ax
  7499                                      ; Send
  7500 0000588B 66C705[B3C10000]36-         mov     word [net_tx_len], 54       ; 14 eth + 20 IP + 20 TCP
  7500 00005893 00                 
  7501                                      ; Debug: dump raw SYN bytes for analysis
  7502 00005894 50                          push    eax
  7503 00005895 51                          push    ecx
  7504 00005896 BE[33C10000]                mov     esi, net_tx_buf
  7505 0000589B B936000000                  mov     ecx, 54
  7506                                      dbg_puts "[A4X] SYN hex:", 13, 10, 0
    21 000058A0 EB11                <1>  jmp %%skip
    22 000058A2 5B4134585D2053594E- <1> %%str db %1
    22 000058AB 206865783A0D0A00    <1>
    23                              <1> %%skip:
    24                              <1> %if __BITS__ == 32
    25 000058B3 56                  <1>  push esi
    26 000058B4 BE[A2580000]        <1>  mov esi, %%str
    27                              <1> %%.loop:
    28 000058B9 AC                  <1>  lodsb
    29 000058BA 08C0                <1>  or al, al
    30 000058BC 7404                <1>  jz %%.done
    31 000058BE E6E9                <1>  out 0xE9, al
    32 000058C0 EBF7                <1>  jmp %%.loop
    33                              <1> %%.done:
    34 000058C2 5E                  <1>  pop esi
    35                              <1> %else
    36                              <1>  push si
    37                              <1>  mov si, %%str
    38                              <1> %%.loop:
    39                              <1>  lodsb
    40                              <1>  or al, al
    41                              <1>  jz %%.done
    42                              <1>  out 0xE9, al
    43                              <1>  jmp %%.loop
    44                              <1> %%.done:
    45                              <1>  pop si
    46                              <1> %endif
  7507 000058C3 56                          push    esi
  7508                                  tcp_syn_dump_loop:
  7509 000058C4 AC                          lodsb
  7510 000058C5 50                          push    eax
  7511                                      call    dbg_hex8
  7511                              <1>  call :
    59 000058C6 6650                <1>  push ax
    60 000058C8 88C4                <1>  mov ah, al
    61 000058CA C0E804              <1>  shr al, 4
    62 000058CD E80D000000          <1>  call %%hex_nibble
    63 000058D2 88E0                <1>  mov al, ah
    64 000058D4 240F                <1>  and al, 0x0F
    65 000058D6 E804000000          <1>  call %%hex_nibble
    66 000058DB 6658                <1>  pop ax
    67 000058DD EB0B                <1>  jmp %%done
    68                              <1> %%hex_nibble:
    69 000058DF 0430                <1>  add al, '0'
    70 000058E1 3C39                <1>  cmp al, '9'
    71 000058E3 7602                <1>  jbe %%ok
    72 000058E5 0407                <1>  add al, 7
    73                              <1> %%ok:
    74 000058E7 E6E9                <1>  out 0xE9, al
    75 000058E9 C3                  <1>  ret
    76                              <1> %%done:
  7512 000058EA 58                          pop     eax
  7513 000058EB 49                          dec     ecx
  7514 000058EC 75D6                        jnz     tcp_syn_dump_loop
  7515                                      dbg_puts 13, 10, 0
    21 000058EE EB03                <1>  jmp %%skip
    22 000058F0 0D0A00              <1> %%str db %1
    23                              <1> %%skip:
    24                              <1> %if __BITS__ == 32
    25 000058F3 56                  <1>  push esi
    26 000058F4 BE[F0580000]        <1>  mov esi, %%str
    27                              <1> %%.loop:
    28 000058F9 AC                  <1>  lodsb
    29 000058FA 08C0                <1>  or al, al
    30 000058FC 7404                <1>  jz %%.done
    31 000058FE E6E9                <1>  out 0xE9, al
    32 00005900 EBF7                <1>  jmp %%.loop
    33                              <1> %%.done:
    34 00005902 5E                  <1>  pop esi
    35                              <1> %else
    36                              <1>  push si
    37                              <1>  mov si, %%str
    38                              <1> %%.loop:
    39                              <1>  lodsb
    40                              <1>  or al, al
    41                              <1>  jz %%.done
    42                              <1>  out 0xE9, al
    43                              <1>  jmp %%.loop
    44                              <1> %%.done:
    45                              <1>  pop si
    46                              <1> %endif
  7516 00005903 5E                          pop     esi
  7517 00005904 59                          pop     ecx
  7518 00005905 58                          pop     eax
  7519 00005906 E850E9FFFF                  call    eth_send
  7520                                      dbg_puts "[A4X] TCP: SYN sent (len 54)", 13, 10, 0
    21 0000590B EB1F                <1>  jmp %%skip
    22 0000590D 5B4134585D20544350- <1> %%str db %1
    22 00005916 3A2053594E2073656E- <1>
    22 0000591F 7420286C656E203534- <1>
    22 00005928 290D0A00            <1>
    23                              <1> %%skip:
    24                              <1> %if __BITS__ == 32
    25 0000592C 56                  <1>  push esi
    26 0000592D BE[0D590000]        <1>  mov esi, %%str
    27                              <1> %%.loop:
    28 00005932 AC                  <1>  lodsb
    29 00005933 08C0                <1>  or al, al
    30 00005935 7404                <1>  jz %%.done
    31 00005937 E6E9                <1>  out 0xE9, al
    32 00005939 EBF7                <1>  jmp %%.loop
    33                              <1> %%.done:
    34 0000593B 5E                  <1>  pop esi
    35                              <1> %else
    36                              <1>  push si
    37                              <1>  mov si, %%str
    38                              <1> %%.loop:
    39                              <1>  lodsb
    40                              <1>  or al, al
    41                              <1>  jz %%.done
    42                              <1>  out 0xE9, al
    43                              <1>  jmp %%.loop
    44                              <1> %%.done:
    45                              <1>  pop si
    46                              <1> %endif
  7521 0000593C C605[FDC10000]01            mov     byte [tcp_state], 1
  7522 00005943 A1[CC730000]                mov     eax, [vtd_t]
  7523 00005948 A3[44F20000]                mov     [tcp_timeout], eax
  7524 0000594D 58                          pop     eax
  7525 0000594E 5B                          pop     ebx
  7526 0000594F 59                          pop     ecx
  7527 00005950 5A                          pop     edx
  7528 00005951 5F                          pop     edi
  7529 00005952 C3                          ret
  7530                                  
  7531                                  ; ============================================================================
  7532                                  ; tcp_send_ack — send a TCP ACK packet
  7533                                  ;   Uses: tcp_seq, tcp_ack, tcp_dst_ip, arp_reply_mac
  7534                                  ; ============================================================================
  7535                                  tcp_send_ack:
  7536 00005953 57                          push    edi
  7537 00005954 52                          push    edx
  7538 00005955 51                          push    ecx
  7539 00005956 53                          push    ebx
  7540 00005957 50                          push    eax
  7541                                      ; --- Ethernet header ---
  7542 00005958 BF[33C10000]                mov     edi, net_tx_buf
  7543 0000595D A1[25C10000]                mov     eax, [arp_reply_mac]
  7544 00005962 8907                        mov     dword [edi+0], eax
  7545 00005964 66A1[29C10000]              mov     ax, [arp_reply_mac+4]
  7546 0000596A 66894704                    mov     word [edi+4], ax
  7547 0000596E A1[55B40000]                mov     eax, [nic_mac_lo]
  7548 00005973 894706                      mov     dword [edi+6], eax
  7549 00005976 66A1[59B40000]              mov     ax, [nic_mac_hi]
  7550 0000597C 6689470A                    mov     word [edi+10], ax
  7551 00005980 66C7470C0800                mov     word [edi+12], 0x0008       ; EtherType IP
  7552                                      ; --- IP header ---
  7553 00005986 BF[41C10000]                mov     edi, net_tx_buf + 14
  7554 0000598B C60745                      mov     byte [edi+0], 0x45
  7555 0000598E C6470100                    mov     byte [edi+1], 0
  7556 00005992 66C747020028                mov     word [edi+2], 0x2800        ; total length 40
  7557 00005998 66C747040000                mov     word [edi+4], 0
  7558 0000599E 66C747064000                mov     word [edi+6], 0x0040        ; DF
  7559 000059A4 C6470840                    mov     byte [edi+8], 64
  7560 000059A8 C6470906                    mov     byte [edi+9], 6
  7561 000059AC 66C7470A0000                mov     word [edi+10], 0
  7562 000059B2 C7470C0A00020F              mov     dword [edi+12], 0x0F02000A  ; src 10.0.2.15
  7563 000059B9 A1[40F20000]                mov     eax, [tcp_dst_ip]
  7564 000059BE 894710                      mov     [edi+16], eax
  7565 000059C1 89FE                        mov     esi, edi
  7566 000059C3 66B90A00                    mov     cx, 10
  7567 000059C7 E841EAFFFF                  call    ip_cksum
  7568 000059CC 6689470A                    mov     [edi+10], ax
  7569                                      ; --- TCP header ---
  7570 000059D0 BF[55C10000]                mov     edi, net_tx_buf + 34
  7571 000059D5 66A1[09C20000]              mov     ax, [tcp_sport]
  7572 000059DB 668907                      mov     [edi+0], ax
  7573 000059DE 66A1[0BC20000]              mov     ax, [tcp_dport]
  7574 000059E4 66894702                    mov     [edi+2], ax
  7575 000059E8 A1[01C20000]                mov     eax, [tcp_seq]
  7576 000059ED 0FC8                        bswap   eax
  7577 000059EF 894704                      mov     [edi+4], eax                ; seq
  7578 000059F2 A1[05C20000]                mov     eax, [tcp_ack]
  7579 000059F7 0FC8                        bswap   eax
  7580 000059F9 894708                      mov     [edi+8], eax                ; ack
  7581 000059FC C6470C50                    mov     byte [edi+12], 0x50         ; data offset = 5
  7582 00005A00 C6470D10                    mov     byte [edi+13], 0x10         ; ACK flag
  7583 00005A04 66C7470EFFFF                mov     word [edi+14], 0xFFFF       ; window
  7584 00005A0A 66C747100000                mov     word [edi+16], 0
  7585 00005A10 66C747120000                mov     word [edi+18], 0
  7586 00005A16 66B81400                    mov     ax, 20
  7587 00005A1A E82EFDFFFF                  call    tcp_cksum
  7588 00005A1F 66A3[65C10000]              mov     [net_tx_buf+34+16], ax
  7589 00005A25 66C705[B3C10000]36-         mov     word [net_tx_len], 54
  7589 00005A2D 00                 
  7590 00005A2E E828E8FFFF                  call    eth_send
  7591 00005A33 58                          pop     eax
  7592 00005A34 5B                          pop     ebx
  7593 00005A35 59                          pop     ecx
  7594 00005A36 5A                          pop     edx
  7595 00005A37 5F                          pop     edi
  7596 00005A38 C3                          ret
  7597                                  
  7598                                  ; ============================================================================
  7599                                  ; tcp_send_data — send TCP data (PSH+ACK)
  7600                                  ;   IN:  esi = data pointer, ecx = data length
  7601                                  ;   Uses: tcp_seq, tcp_ack, tcp_dst_ip, arp_reply_mac, tcp_sport, tcp_dport
  7602                                  ; ============================================================================
  7603                                  tcp_send_data:
  7604 00005A39 57                          push    edi
  7605 00005A3A 52                          push    edx
  7606 00005A3B 51                          push    ecx
  7607 00005A3C 53                          push    ebx
  7608 00005A3D 50                          push    eax
  7609 00005A3E 89CA                        mov     edx, ecx                    ; edx = data length
  7610                                      ; --- Copy payload to net_tx_buf+54 FIRST (before ip_cksum clobbers esi) ---
  7611 00005A40 BF[69C10000]                mov     edi, net_tx_buf + 54
  7612 00005A45 89D1                        mov     ecx, edx
  7613 00005A47 F3A4                        rep     movsb
  7614                                      ; --- Ethernet header ---
  7615 00005A49 BF[33C10000]                mov     edi, net_tx_buf
  7616 00005A4E A1[25C10000]                mov     eax, [arp_reply_mac]
  7617 00005A53 8907                        mov     dword [edi+0], eax
  7618 00005A55 66A1[29C10000]              mov     ax, [arp_reply_mac+4]
  7619 00005A5B 66894704                    mov     word [edi+4], ax
  7620 00005A5F A1[55B40000]                mov     eax, [nic_mac_lo]
  7621 00005A64 894706                      mov     dword [edi+6], eax
  7622 00005A67 66A1[59B40000]              mov     ax, [nic_mac_hi]
  7623 00005A6D 6689470A                    mov     word [edi+10], ax
  7624 00005A71 66C7470C0800                mov     word [edi+12], 0x0008       ; EtherType IP
  7625                                      ; --- IP header (20 bytes at net_tx_buf+14) ---
  7626 00005A77 BF[41C10000]                mov     edi, net_tx_buf + 14
  7627 00005A7C C60745                      mov     byte [edi+0], 0x45
  7628 00005A7F C6470100                    mov     byte [edi+1], 0
  7629                                      ; total length = 40 + data_len, stored as BE word
  7630 00005A83 B828000000                  mov     eax, 40
  7631 00005A88 01D0                        add     eax, edx
  7632 00005A8A 86C4                        xchg    al, ah
  7633 00005A8C 66894702                    mov     [edi+2], ax
  7634 00005A90 66C747040000                mov     word [edi+4], 0
  7635 00005A96 66C747064000                mov     word [edi+6], 0x0040        ; DF
  7636 00005A9C C6470840                    mov     byte [edi+8], 64
  7637 00005AA0 C6470906                    mov     byte [edi+9], 6             ; TCP
  7638 00005AA4 66C7470A0000                mov     word [edi+10], 0
  7639 00005AAA C7470C0A00020F              mov     dword [edi+12], 0x0F02000A  ; src 10.0.2.15
  7640 00005AB1 A1[40F20000]                mov     eax, [tcp_dst_ip]
  7641 00005AB6 894710                      mov     [edi+16], eax
  7642 00005AB9 89FE                        mov     esi, edi
  7643 00005ABB 66B90A00                    mov     cx, 10
  7644 00005ABF E849E9FFFF                  call    ip_cksum
  7645 00005AC4 6689470A                    mov     [edi+10], ax
  7646                                      ; --- TCP header (20 bytes at net_tx_buf+34) ---
  7647 00005AC8 BF[55C10000]                mov     edi, net_tx_buf + 34
  7648 00005ACD 66A1[09C20000]              mov     ax, [tcp_sport]
  7649 00005AD3 668907                      mov     [edi+0], ax
  7650 00005AD6 66A1[0BC20000]              mov     ax, [tcp_dport]
  7651 00005ADC 66894702                    mov     [edi+2], ax
  7652 00005AE0 A1[01C20000]                mov     eax, [tcp_seq]
  7653 00005AE5 0FC8                        bswap   eax
  7654 00005AE7 894704                      mov     [edi+4], eax                ; seq
  7655 00005AEA A1[05C20000]                mov     eax, [tcp_ack]
  7656 00005AEF 0FC8                        bswap   eax
  7657 00005AF1 894708                      mov     [edi+8], eax                ; ack
  7658 00005AF4 C6470C50                    mov     byte [edi+12], 0x50         ; data offset = 5
  7659 00005AF8 C6470D18                    mov     byte [edi+13], 0x18         ; PSH+ACK flags
  7660 00005AFC 66C7470EFFFF                mov     word [edi+14], 0xFFFF       ; window
  7661 00005B02 66C747100000                mov     word [edi+16], 0            ; checksum (to be filled)
  7662 00005B08 66C747120000                mov     word [edi+18], 0            ; urgent pointer
  7663                                      ; TCP checksum: segment length = 20 + data_len
  7664 00005B0E B814000000                  mov     eax, 20
  7665 00005B13 01D0                        add     eax, edx
  7666 00005B15 E833FCFFFF                  call    tcp_cksum
  7667 00005B1A 66A3[65C10000]              mov     [net_tx_buf+34+16], ax
  7668                                      ; --- Send ---
  7669 00005B20 B836000000                  mov     eax, 54
  7670 00005B25 01D0                        add     eax, edx
  7671 00005B27 66A3[B3C10000]              mov     [net_tx_len], ax
  7672 00005B2D E829E7FFFF                  call    eth_send
  7673                                      dbg_puts "[A4X] TCP: data sent (GET request)", 13, 10, 0
    21 00005B32 EB25                <1>  jmp %%skip
    22 00005B34 5B4134585D20544350- <1> %%str db %1
    22 00005B3D 3A2064617461207365- <1>
    22 00005B46 6E7420284745542072- <1>
    22 00005B4F 657175657374290D0A- <1>
    22 00005B58 00                  <1>
    23                              <1> %%skip:
    24                              <1> %if __BITS__ == 32
    25 00005B59 56                  <1>  push esi
    26 00005B5A BE[345B0000]        <1>  mov esi, %%str
    27                              <1> %%.loop:
    28 00005B5F AC                  <1>  lodsb
    29 00005B60 08C0                <1>  or al, al
    30 00005B62 7404                <1>  jz %%.done
    31 00005B64 E6E9                <1>  out 0xE9, al
    32 00005B66 EBF7                <1>  jmp %%.loop
    33                              <1> %%.done:
    34 00005B68 5E                  <1>  pop esi
    35                              <1> %else
    36                              <1>  push si
    37                              <1>  mov si, %%str
    38                              <1> %%.loop:
    39                              <1>  lodsb
    40                              <1>  or al, al
    41                              <1>  jz %%.done
    42                              <1>  out 0xE9, al
    43                              <1>  jmp %%.loop
    44                              <1> %%.done:
    45                              <1>  pop si
    46                              <1> %endif
  7674                                      ; --- Update sequence: tcp_seq += data_len ---
  7675 00005B69 A1[01C20000]                mov     eax, [tcp_seq]
  7676 00005B6E 01D0                        add     eax, edx
  7677 00005B70 A3[01C20000]                mov     [tcp_seq], eax
  7678 00005B75 58                          pop     eax
  7679 00005B76 5B                          pop     ebx
  7680 00005B77 59                          pop     ecx
  7681 00005B78 5A                          pop     edx
  7682 00005B79 5F                          pop     edi
  7683 00005B7A C3                          ret
  7684                                  
  7685                                  ; ============================================================================
  7686                                  ; tcp_rx — process received TCP segment at nic_rx_data
  7687                                  ;   Called from ip_rx when protocol = 6 (TCP)
  7688                                  ; ============================================================================
  7689                                  tcp_rx:
  7690 00005B7B 57                          push    edi
  7691 00005B7C 52                          push    edx
  7692 00005B7D 51                          push    ecx
  7693 00005B7E 53                          push    ebx
  7694 00005B7F 56                          push    esi
  7695 00005B80 50                          push    eax
  7696                                      ; TCP header starts at nic_rx_data + 14 (eth) + 20 (IP, IHL=5)
  7697 00005B81 BF[22EC0000]                mov     edi, nic_rx_data + 34
  7698                                      ; Read data offset (upper 4 bits of byte +12)
  7699 00005B86 8A470C                      mov     al, [edi+12]
  7700 00005B89 C0E804                      shr     al, 4
  7701 00005B8C 0FB6C8                      movzx   ecx, al
  7702 00005B8F C1E102                      shl     ecx, 2              ; ecx = TCP header length in bytes
  7703                                      ; Debug: print TCP header length at start of tcp_rx
  7704 00005B92 50                          push    eax
  7705 00005B93 53                          push    ebx
  7706 00005B94 51                          push    ecx
  7707 00005B95 52                          push    edx
  7708                                      dbg_puts "[A4X] tcp_rx hdrlen=", 0
    21 00005B96 EB15                <1>  jmp %%skip
    22 00005B98 5B4134585D20746370- <1> %%str db %1
    22 00005BA1 5F7278206864726C65- <1>
    22 00005BAA 6E3D00              <1>
    23                              <1> %%skip:
    24                              <1> %if __BITS__ == 32
    25 00005BAD 56                  <1>  push esi
    26 00005BAE BE[985B0000]        <1>  mov esi, %%str
    27                              <1> %%.loop:
    28 00005BB3 AC                  <1>  lodsb
    29 00005BB4 08C0                <1>  or al, al
    30 00005BB6 7404                <1>  jz %%.done
    31 00005BB8 E6E9                <1>  out 0xE9, al
    32 00005BBA EBF7                <1>  jmp %%.loop
    33                              <1> %%.done:
    34 00005BBC 5E                  <1>  pop esi
    35                              <1> %else
    36                              <1>  push si
    37                              <1>  mov si, %%str
    38                              <1> %%.loop:
    39                              <1>  lodsb
    40                              <1>  or al, al
    41                              <1>  jz %%.done
    42                              <1>  out 0xE9, al
    43                              <1>  jmp %%.loop
    44                              <1> %%.done:
    45                              <1>  pop si
    46                              <1> %endif
  7709 00005BBD 0FB6C1                      movzx   eax, cl
  7710                                      dbg_hex32
    84 00005BC0 50                  <1>  push eax
    85 00005BC1 51                  <1>  push ecx
    86 00005BC2 B91C000000          <1>  mov ecx, 28
    87                              <1> %%loop:
    88 00005BC7 50                  <1>  push eax
    89 00005BC8 D3E8                <1>  shr eax, cl
    90 00005BCA 83E00F              <1>  and eax, 0x0F
    91 00005BCD 0430                <1>  add al, '0'
    92 00005BCF 3C39                <1>  cmp al, '9'
    93 00005BD1 7602                <1>  jbe %%ok2
    94 00005BD3 0407                <1>  add al, 7
    95                              <1> %%ok2:
    96 00005BD5 E6E9                <1>  out 0xE9, al
    97 00005BD7 58                  <1>  pop eax
    98 00005BD8 83E904              <1>  sub ecx, 4
    99 00005BDB 79EA                <1>  jns %%loop
   100 00005BDD 59                  <1>  pop ecx
   101 00005BDE 58                  <1>  pop eax
  7711                                      dbg_puts " flags=", 0
    21 00005BDF EB08                <1>  jmp %%skip
    22 00005BE1 20666C6167733D00    <1> %%str db %1
    23                              <1> %%skip:
    24                              <1> %if __BITS__ == 32
    25 00005BE9 56                  <1>  push esi
    26 00005BEA BE[E15B0000]        <1>  mov esi, %%str
    27                              <1> %%.loop:
    28 00005BEF AC                  <1>  lodsb
    29 00005BF0 08C0                <1>  or al, al
    30 00005BF2 7404                <1>  jz %%.done
    31 00005BF4 E6E9                <1>  out 0xE9, al
    32 00005BF6 EBF7                <1>  jmp %%.loop
    33                              <1> %%.done:
    34 00005BF8 5E                  <1>  pop esi
    35                              <1> %else
    36                              <1>  push si
    37                              <1>  mov si, %%str
    38                              <1> %%.loop:
    39                              <1>  lodsb
    40                              <1>  or al, al
    41                              <1>  jz %%.done
    42                              <1>  out 0xE9, al
    43                              <1>  jmp %%.loop
    44                              <1> %%.done:
    45                              <1>  pop si
    46                              <1> %endif
  7712 00005BF9 0FB6C3                      movzx   eax, bl
  7713                                      dbg_hex32
    84 00005BFC 50                  <1>  push eax
    85 00005BFD 51                  <1>  push ecx
    86 00005BFE B91C000000          <1>  mov ecx, 28
    87                              <1> %%loop:
    88 00005C03 50                  <1>  push eax
    89 00005C04 D3E8                <1>  shr eax, cl
    90 00005C06 83E00F              <1>  and eax, 0x0F
    91 00005C09 0430                <1>  add al, '0'
    92 00005C0B 3C39                <1>  cmp al, '9'
    93 00005C0D 7602                <1>  jbe %%ok2
    94 00005C0F 0407                <1>  add al, 7
    95                              <1> %%ok2:
    96 00005C11 E6E9                <1>  out 0xE9, al
    97 00005C13 58                  <1>  pop eax
    98 00005C14 83E904              <1>  sub ecx, 4
    99 00005C17 79EA                <1>  jns %%loop
   100 00005C19 59                  <1>  pop ecx
   101 00005C1A 58                  <1>  pop eax
  7714                                      dbg_puts 13, 10, 0
    21 00005C1B EB03                <1>  jmp %%skip
    22 00005C1D 0D0A00              <1> %%str db %1
    23                              <1> %%skip:
    24                              <1> %if __BITS__ == 32
    25 00005C20 56                  <1>  push esi
    26 00005C21 BE[1D5C0000]        <1>  mov esi, %%str
    27                              <1> %%.loop:
    28 00005C26 AC                  <1>  lodsb
    29 00005C27 08C0                <1>  or al, al
    30 00005C29 7404                <1>  jz %%.done
    31 00005C2B E6E9                <1>  out 0xE9, al
    32 00005C2D EBF7                <1>  jmp %%.loop
    33                              <1> %%.done:
    34 00005C2F 5E                  <1>  pop esi
    35                              <1> %else
    36                              <1>  push si
    37                              <1>  mov si, %%str
    38                              <1> %%.loop:
    39                              <1>  lodsb
    40                              <1>  or al, al
    41                              <1>  jz %%.done
    42                              <1>  out 0xE9, al
    43                              <1>  jmp %%.loop
    44                              <1> %%.done:
    45                              <1>  pop si
    46                              <1> %endif
  7715 00005C30 5A                          pop     edx
  7716 00005C31 59                          pop     ecx
  7717 00005C32 5B                          pop     ebx
  7718 00005C33 58                          pop     eax
  7719                                      ; Read flags (byte +13)
  7720 00005C34 8A5F0D                      mov     bl, [edi+13]
  7721                                      ; Debug: print flags at start of tcp_rx
  7722 00005C37 50                          push    eax
  7723 00005C38 53                          push    ebx
  7724 00005C39 51                          push    ecx
  7725 00005C3A 52                          push    edx
  7726                                      dbg_puts "[A4X] tcp_rx flags=", 0
    21 00005C3B EB14                <1>  jmp %%skip
    22 00005C3D 5B4134585D20746370- <1> %%str db %1
    22 00005C46 5F727820666C616773- <1>
    22 00005C4F 3D00                <1>
    23                              <1> %%skip:
    24                              <1> %if __BITS__ == 32
    25 00005C51 56                  <1>  push esi
    26 00005C52 BE[3D5C0000]        <1>  mov esi, %%str
    27                              <1> %%.loop:
    28 00005C57 AC                  <1>  lodsb
    29 00005C58 08C0                <1>  or al, al
    30 00005C5A 7404                <1>  jz %%.done
    31 00005C5C E6E9                <1>  out 0xE9, al
    32 00005C5E EBF7                <1>  jmp %%.loop
    33                              <1> %%.done:
    34 00005C60 5E                  <1>  pop esi
    35                              <1> %else
    36                              <1>  push si
    37                              <1>  mov si, %%str
    38                              <1> %%.loop:
    39                              <1>  lodsb
    40                              <1>  or al, al
    41                              <1>  jz %%.done
    42                              <1>  out 0xE9, al
    43                              <1>  jmp %%.loop
    44                              <1> %%.done:
    45                              <1>  pop si
    46                              <1> %endif
  7727 00005C61 0FB6C3                      movzx   eax, bl
  7728 00005C64 E81BD9FFFF                  call    dbg_print_eax_hex
  7729                                      dbg_puts 13, 10, 0
    21 00005C69 EB03                <1>  jmp %%skip
    22 00005C6B 0D0A00              <1> %%str db %1
    23                              <1> %%skip:
    24                              <1> %if __BITS__ == 32
    25 00005C6E 56                  <1>  push esi
    26 00005C6F BE[6B5C0000]        <1>  mov esi, %%str
    27                              <1> %%.loop:
    28 00005C74 AC                  <1>  lodsb
    29 00005C75 08C0                <1>  or al, al
    30 00005C77 7404                <1>  jz %%.done
    31 00005C79 E6E9                <1>  out 0xE9, al
    32 00005C7B EBF7                <1>  jmp %%.loop
    33                              <1> %%.done:
    34 00005C7D 5E                  <1>  pop esi
    35                              <1> %else
    36                              <1>  push si
    37                              <1>  mov si, %%str
    38                              <1> %%.loop:
    39                              <1>  lodsb
    40                              <1>  or al, al
    41                              <1>  jz %%.done
    42                              <1>  out 0xE9, al
    43                              <1>  jmp %%.loop
    44                              <1> %%.done:
    45                              <1>  pop si
    46                              <1> %endif
  7730 00005C7E 5A                          pop     edx
  7731 00005C7F 59                          pop     ecx
  7732 00005C80 5B                          pop     ebx
  7733 00005C81 58                          pop     eax
  7734                                      ; Check for SYN+ACK: BOTH SYN(0x02) AND ACK(0x10) must be set.
  7735                                      ; BUG-FIX: previous code used `test bl, 0x12; jnz .tr_synack` which matched
  7736                                      ; ANY packet with SYN OR ACK — since ALL post-handshake packets have ACK,
  7737                                      ; every PSH+ACK/FIN+ACK/pure-ACK segment misrouted here, discarding payload
  7738                                      ; and causing the server retransmission storm (1314 packets in pcap).
  7739 00005C82 88DF                        mov     bh, bl
  7740 00005C84 80E712                      and     bh, 0x12
  7741 00005C87 80FF12                      cmp     bh, 0x12
  7742 00005C8A 7420                        je      .tr_synack
  7743                                      ; FIX: any segment with payload must be appended, even WITHOUT the PSH
  7744                                      ; flag.  Linux servers set PSH only on the last segment of a burst; middle
  7745                                      ; segments arrive as pure ACK (0x10).  The old code only processed PSH
  7746                                      ; segments, dropping e.g. a 1444-byte middle fragment (never appended and
  7747                                      ; never ACKed -> server retransmitted, leaving a permanent body hole).
  7748                                      ; payload_len = IP total length - IP header (20) - TCP header (ecx)
  7749 00005C8C 0FB705[10EC0000]            movzx   eax, word [nic_rx_data + 16]  ; IP total length (BE, at offset 14+2)
  7750 00005C93 86C4                        xchg    al, ah              ; byte-swap to LE
  7751 00005C95 83E814                      sub     eax, 20             ; subtract IP header
  7752 00005C98 29C8                        sub     eax, ecx            ; subtract TCP header
  7753 00005C9A 85C0                        test    eax, eax
  7754 00005C9C 7534                        jnz     .tr_data            ; payload present -> process as data
  7755                                      ; Zero-payload: FIN ends the stream (covers FIN+ACK)
  7756 00005C9E F6C301                      test    bl, 0x01
  7757 00005CA1 0F8516050000                jnz     .tr_fin
  7758                                      ; Pure ACK (0x10) — nothing to do, fall through
  7759 00005CA7 E907060000                  jmp     .tr_d
  7760                                  .tr_synack:
  7761                                      ; Save server seq for ACK
  7762 00005CAC 8B4704                      mov     eax, [edi+4]        ; server seq (BE in packet)
  7763 00005CAF 0FC8                        bswap   eax                 ; convert to LE
  7764 00005CB1 40                          inc     eax                 ; ack = server_seq + 1
  7765 00005CB2 A3[05C20000]                mov     [tcp_ack], eax
  7766                                      ; Save our new seq from the ACK field
  7767 00005CB7 8B4708                      mov     eax, [edi+8]        ; ack field (BE)
  7768 00005CBA 0FC8                        bswap   eax                 ; convert to LE
  7769 00005CBC A3[01C20000]                mov     [tcp_seq], eax
  7770 00005CC1 C605[FDC10000]02            mov     byte [tcp_state], 2 ; ESTABLISHED
  7771 00005CC8 E886FCFFFF                  call    tcp_send_ack
  7772 00005CCD E9E1050000                  jmp     .tr_d
  7773                                  .tr_data:
  7774                                      ; Extract payload
  7775                                      ; Payload start = edi + TCP_header_length
  7776 00005CD2 89FE                        mov     esi, edi
  7777 00005CD4 01CE                        add     esi, ecx            ; esi = payload start
  7778                                      dbg_puts "[A4X] TCP data received — appending to http_rx_buf", 13, 10, 0
    21 00005CD6 EB37                <1>  jmp %%skip
    22 00005CD8 5B4134585D20544350- <1> %%str db %1
    22 00005CE1 206461746120726563- <1>
    22 00005CEA 656976656420E28094- <1>
    22 00005CF3 20617070656E64696E- <1>
    22 00005CFC 6720746F2068747470- <1>
    22 00005D05 5F72785F6275660D0A- <1>
    22 00005D0E 00                  <1>
    23                              <1> %%skip:
    24                              <1> %if __BITS__ == 32
    25 00005D0F 56                  <1>  push esi
    26 00005D10 BE[D85C0000]        <1>  mov esi, %%str
    27                              <1> %%.loop:
    28 00005D15 AC                  <1>  lodsb
    29 00005D16 08C0                <1>  or al, al
    30 00005D18 7404                <1>  jz %%.done
    31 00005D1A E6E9                <1>  out 0xE9, al
    32 00005D1C EBF7                <1>  jmp %%.loop
    33                              <1> %%.done:
    34 00005D1E 5E                  <1>  pop esi
    35                              <1> %else
    36                              <1>  push si
    37                              <1>  mov si, %%str
    38                              <1> %%.loop:
    39                              <1>  lodsb
    40                              <1>  or al, al
    41                              <1>  jz %%.done
    42                              <1>  out 0xE9, al
    43                              <1>  jmp %%.loop
    44                              <1> %%.done:
    45                              <1>  pop si
    46                              <1> %endif
  7779                                      ; Debug: print TCP flags
  7780 00005D1F 50                          push    eax
  7781 00005D20 53                          push    ebx
  7782 00005D21 51                          push    ecx
  7783 00005D22 52                          push    edx
  7784 00005D23 8A1D[2FEC0000]              mov     bl, [nic_rx_data + 34 + 13]
  7785                                      dbg_puts " TCP flags=0x", 0
    21 00005D29 EB0E                <1>  jmp %%skip
    22 00005D2B 2054435020666C6167- <1> %%str db %1
    22 00005D34 733D307800          <1>
    23                              <1> %%skip:
    24                              <1> %if __BITS__ == 32
    25 00005D39 56                  <1>  push esi
    26 00005D3A BE[2B5D0000]        <1>  mov esi, %%str
    27                              <1> %%.loop:
    28 00005D3F AC                  <1>  lodsb
    29 00005D40 08C0                <1>  or al, al
    30 00005D42 7404                <1>  jz %%.done
    31 00005D44 E6E9                <1>  out 0xE9, al
    32 00005D46 EBF7                <1>  jmp %%.loop
    33                              <1> %%.done:
    34 00005D48 5E                  <1>  pop esi
    35                              <1> %else
    36                              <1>  push si
    37                              <1>  mov si, %%str
    38                              <1> %%.loop:
    39                              <1>  lodsb
    40                              <1>  or al, al
    41                              <1>  jz %%.done
    42                              <1>  out 0xE9, al
    43                              <1>  jmp %%.loop
    44                              <1> %%.done:
    45                              <1>  pop si
    46                              <1> %endif
  7786 00005D49 0FB6C3                      movzx   eax, bl
  7787                                      dbg_hex32
    84 00005D4C 50                  <1>  push eax
    85 00005D4D 51                  <1>  push ecx
    86 00005D4E B91C000000          <1>  mov ecx, 28
    87                              <1> %%loop:
    88 00005D53 50                  <1>  push eax
    89 00005D54 D3E8                <1>  shr eax, cl
    90 00005D56 83E00F              <1>  and eax, 0x0F
    91 00005D59 0430                <1>  add al, '0'
    92 00005D5B 3C39                <1>  cmp al, '9'
    93 00005D5D 7602                <1>  jbe %%ok2
    94 00005D5F 0407                <1>  add al, 7
    95                              <1> %%ok2:
    96 00005D61 E6E9                <1>  out 0xE9, al
    97 00005D63 58                  <1>  pop eax
    98 00005D64 83E904              <1>  sub ecx, 4
    99 00005D67 79EA                <1>  jns %%loop
   100 00005D69 59                  <1>  pop ecx
   101 00005D6A 58                  <1>  pop eax
  7788                                      dbg_puts 13, 10, 0
    21 00005D6B EB03                <1>  jmp %%skip
    22 00005D6D 0D0A00              <1> %%str db %1
    23                              <1> %%skip:
    24                              <1> %if __BITS__ == 32
    25 00005D70 56                  <1>  push esi
    26 00005D71 BE[6D5D0000]        <1>  mov esi, %%str
    27                              <1> %%.loop:
    28 00005D76 AC                  <1>  lodsb
    29 00005D77 08C0                <1>  or al, al
    30 00005D79 7404                <1>  jz %%.done
    31 00005D7B E6E9                <1>  out 0xE9, al
    32 00005D7D EBF7                <1>  jmp %%.loop
    33                              <1> %%.done:
    34 00005D7F 5E                  <1>  pop esi
    35                              <1> %else
    36                              <1>  push si
    37                              <1>  mov si, %%str
    38                              <1> %%.loop:
    39                              <1>  lodsb
    40                              <1>  or al, al
    41                              <1>  jz %%.done
    42                              <1>  out 0xE9, al
    43                              <1>  jmp %%.loop
    44                              <1> %%.done:
    45                              <1>  pop si
    46                              <1> %endif
  7789 00005D80 5A                          pop     edx
  7790 00005D81 59                          pop     ecx
  7791 00005D82 5B                          pop     ebx
  7792 00005D83 58                          pop     eax
  7793                                      ; Payload length = IP total length - IP header (20) - TCP header
  7794 00005D84 0FB705[10EC0000]            movzx   eax, word [nic_rx_data + 16]  ; IP total length (BE, at offset 14+2)
  7795 00005D8B 86C4                        xchg    al, ah              ; byte-swap to LE
  7796 00005D8D 83E814                      sub     eax, 20             ; subtract IP header
  7797 00005D90 29C8                        sub     eax, ecx            ; subtract TCP header
  7798                                      ; eax = payload length
  7799 00005D92 85C0                        test    eax, eax
  7800 00005D94 0F8414040000                jz      .tr_ack_only
  7801                                      ; Save payload length
  7802 00005D9A 66A3[50C20000]              mov     [tcp_rx_len], ax
  7803                                      ; --- Append payload to http_rx_buf at http_rx_len offset ---
  7804 00005DA0 0FB7C8                      movzx   ecx, ax             ; ecx = payload length (for rep movsb)
  7805 00005DA3 BF[5EF30000]                mov     edi, http_rx_buf
  7806 00005DA8 0FB715[5E030100]            movzx   edx, word [http_rx_len]
  7807 00005DAF 01D7                        add     edi, edx            ; edi = http_rx_buf + accumulated offset
  7808                                      ; Bounds check: http_rx_len + payload_len <= 4096
  7809 00005DB1 0FB715[5E030100]            movzx   edx, word [http_rx_len]
  7810 00005DB8 01CA                        add     edx, ecx
  7811 00005DBA 81FA00100000                cmp     edx, 4096
  7812 00005DC0 7612                        jbe     .tr_fit
  7813                                      ; Truncate to fit
  7814 00005DC2 B900100000                  mov     ecx, 4096
  7815 00005DC7 662B0D[5E030100]            sub     cx, word [http_rx_len]
  7816 00005DCE 0F84A4030000                jz      .tr_skip_copy      ; buffer full, skip
  7817                                  .tr_fit:
  7818 00005DD4 51                          push    ecx                 ; save actual copy count
  7819 00005DD5 56                          push    esi                 ; save payload ptr
  7820 00005DD6 F3A4                        rep     movsb               ; append payload to http_rx_buf
  7821 00005DD8 5E                          pop     esi                 ; restore payload ptr (for seq calc below)
  7822                                      ; Update http_rx_len
  7823 00005DD9 0FB705[5E030100]            movzx   eax, word [http_rx_len]
  7824 00005DE0 59                          pop     ecx                 ; ecx = actual copy count
  7825 00005DE1 01C8                        add     eax, ecx
  7826 00005DE3 66A3[5E030100]              mov     [http_rx_len], ax
  7827                                      ; Debug: print http_rx_len after copy
  7828 00005DE9 50                          push    eax
  7829 00005DEA 53                          push    ebx
  7830 00005DEB 51                          push    ecx
  7831 00005DEC 52                          push    edx
  7832                                      dbg_puts "[A4X] after_copy http_rx_len=", 0
    21 00005DED EB1E                <1>  jmp %%skip
    22 00005DEF 5B4134585D20616674- <1> %%str db %1
    22 00005DF8 65725F636F70792068- <1>
    22 00005E01 7474705F72785F6C65- <1>
    22 00005E0A 6E3D00              <1>
    23                              <1> %%skip:
    24                              <1> %if __BITS__ == 32
    25 00005E0D 56                  <1>  push esi
    26 00005E0E BE[EF5D0000]        <1>  mov esi, %%str
    27                              <1> %%.loop:
    28 00005E13 AC                  <1>  lodsb
    29 00005E14 08C0                <1>  or al, al
    30 00005E16 7404                <1>  jz %%.done
    31 00005E18 E6E9                <1>  out 0xE9, al
    32 00005E1A EBF7                <1>  jmp %%.loop
    33                              <1> %%.done:
    34 00005E1C 5E                  <1>  pop esi
    35                              <1> %else
    36                              <1>  push si
    37                              <1>  mov si, %%str
    38                              <1> %%.loop:
    39                              <1>  lodsb
    40                              <1>  or al, al
    41                              <1>  jz %%.done
    42                              <1>  out 0xE9, al
    43                              <1>  jmp %%.loop
    44                              <1> %%.done:
    45                              <1>  pop si
    46                              <1> %endif
  7833 00005E1D 0FB705[5E030100]            movzx   eax, word [http_rx_len]
  7834                                      dbg_hex32
    84 00005E24 50                  <1>  push eax
    85 00005E25 51                  <1>  push ecx
    86 00005E26 B91C000000          <1>  mov ecx, 28
    87                              <1> %%loop:
    88 00005E2B 50                  <1>  push eax
    89 00005E2C D3E8                <1>  shr eax, cl
    90 00005E2E 83E00F              <1>  and eax, 0x0F
    91 00005E31 0430                <1>  add al, '0'
    92 00005E33 3C39                <1>  cmp al, '9'
    93 00005E35 7602                <1>  jbe %%ok2
    94 00005E37 0407                <1>  add al, 7
    95                              <1> %%ok2:
    96 00005E39 E6E9                <1>  out 0xE9, al
    97 00005E3B 58                  <1>  pop eax
    98 00005E3C 83E904              <1>  sub ecx, 4
    99 00005E3F 79EA                <1>  jns %%loop
   100 00005E41 59                  <1>  pop ecx
   101 00005E42 58                  <1>  pop eax
  7835                                      dbg_puts " buf[0..3]=", 0
    21 00005E43 EB0C                <1>  jmp %%skip
    22 00005E45 206275665B302E2E33- <1> %%str db %1
    22 00005E4E 5D3D00              <1>
    23                              <1> %%skip:
    24                              <1> %if __BITS__ == 32
    25 00005E51 56                  <1>  push esi
    26 00005E52 BE[455E0000]        <1>  mov esi, %%str
    27                              <1> %%.loop:
    28 00005E57 AC                  <1>  lodsb
    29 00005E58 08C0                <1>  or al, al
    30 00005E5A 7404                <1>  jz %%.done
    31 00005E5C E6E9                <1>  out 0xE9, al
    32 00005E5E EBF7                <1>  jmp %%.loop
    33                              <1> %%.done:
    34 00005E60 5E                  <1>  pop esi
    35                              <1> %else
    36                              <1>  push si
    37                              <1>  mov si, %%str
    38                              <1> %%.loop:
    39                              <1>  lodsb
    40                              <1>  or al, al
    41                              <1>  jz %%.done
    42                              <1>  out 0xE9, al
    43                              <1>  jmp %%.loop
    44                              <1> %%.done:
    45                              <1>  pop si
    46                              <1> %endif
  7836 00005E61 A1[5EF30000]                mov     eax, [http_rx_buf]
  7837                                      dbg_hex32
    84 00005E66 50                  <1>  push eax
    85 00005E67 51                  <1>  push ecx
    86 00005E68 B91C000000          <1>  mov ecx, 28
    87                              <1> %%loop:
    88 00005E6D 50                  <1>  push eax
    89 00005E6E D3E8                <1>  shr eax, cl
    90 00005E70 83E00F              <1>  and eax, 0x0F
    91 00005E73 0430                <1>  add al, '0'
    92 00005E75 3C39                <1>  cmp al, '9'
    93 00005E77 7602                <1>  jbe %%ok2
    94 00005E79 0407                <1>  add al, 7
    95                              <1> %%ok2:
    96 00005E7B E6E9                <1>  out 0xE9, al
    97 00005E7D 58                  <1>  pop eax
    98 00005E7E 83E904              <1>  sub ecx, 4
    99 00005E81 79EA                <1>  jns %%loop
   100 00005E83 59                  <1>  pop ecx
   101 00005E84 58                  <1>  pop eax
  7838                                      dbg_puts 13, 10, 0
    21 00005E85 EB03                <1>  jmp %%skip
    22 00005E87 0D0A00              <1> %%str db %1
    23                              <1> %%skip:
    24                              <1> %if __BITS__ == 32
    25 00005E8A 56                  <1>  push esi
    26 00005E8B BE[875E0000]        <1>  mov esi, %%str
    27                              <1> %%.loop:
    28 00005E90 AC                  <1>  lodsb
    29 00005E91 08C0                <1>  or al, al
    30 00005E93 7404                <1>  jz %%.done
    31 00005E95 E6E9                <1>  out 0xE9, al
    32 00005E97 EBF7                <1>  jmp %%.loop
    33                              <1> %%.done:
    34 00005E99 5E                  <1>  pop esi
    35                              <1> %else
    36                              <1>  push si
    37                              <1>  mov si, %%str
    38                              <1> %%.loop:
    39                              <1>  lodsb
    40                              <1>  or al, al
    41                              <1>  jz %%.done
    42                              <1>  out 0xE9, al
    43                              <1>  jmp %%.loop
    44                              <1> %%.done:
    45                              <1>  pop si
    46                              <1> %endif
  7839 00005E9A 5A                          pop     edx
  7840 00005E9B 59                          pop     ecx
  7841 00005E9C 5B                          pop     ebx
  7842 00005E9D 58                          pop     eax
  7843                                      ; --- Check for HTTP header end (\r\n\r\n) if not yet found ---
  7844 00005E9E 803D[60030100]02            cmp     byte [http_rx_state], 2
  7845 00005EA5 0F83CE010000                jae     .tr_hdr_done        ; already found header end
  7846                                      ; Search for \r\n\r\n in http_rx_buf
  7847 00005EAB BF[5EF30000]                mov     edi, http_rx_buf
  7848 00005EB0 0FB70D[5E030100]            movzx   ecx, word [http_rx_len]
  7849 00005EB7 83E903                      sub     ecx, 3              ; need at least 4 bytes
  7850 00005EBA 0F8E89010000                jle     .tr_no_hdr
  7851 00005EC0 B00D                        mov     al, 0x0D
  7852                                  .tr_find_cr:
  7853 00005EC2 F2AE                        repne   scasb
  7854 00005EC4 0F857F010000                jne     .tr_no_hdr          ; no \r found
  7855                                      ; Check \r\n\r\n
  7856 00005ECA 817FFF0D0A0D0A              cmp     dword [edi-1], 0x0A0D0A0D  ; \r\n\r\n (LE: 0D 0A 0D 0A)
  7857 00005ED1 75EF                        jne     .tr_find_cr
  7858                                      ; Found! edi-1 points to \r, body starts at edi+3
  7859                                      ; body offset = (edi+3) - http_rx_buf
  7860 00005ED3 89F8                        mov     eax, edi
  7861 00005ED5 2D[5EF30000]                sub     eax, http_rx_buf
  7862 00005EDA 83C003                      add     eax, 3              ; skip \r\n\r\n (edi-1..edi+2)
  7863 00005EDD 66A3[61030100]              mov     [http_hdr_end], ax
  7864 00005EE3 C605[60030100]02            mov     byte [http_rx_state], 2  ; headers done
  7865                                      dbg_puts "[A4X] HTTP header end found", 13, 10, 0
    21 00005EEA EB1E                <1>  jmp %%skip
    22 00005EEC 5B4134585D20485454- <1> %%str db %1
    22 00005EF5 502068656164657220- <1>
    22 00005EFE 656E6420666F756E64- <1>
    22 00005F07 0D0A00              <1>
    23                              <1> %%skip:
    24                              <1> %if __BITS__ == 32
    25 00005F0A 56                  <1>  push esi
    26 00005F0B BE[EC5E0000]        <1>  mov esi, %%str
    27                              <1> %%.loop:
    28 00005F10 AC                  <1>  lodsb
    29 00005F11 08C0                <1>  or al, al
    30 00005F13 7404                <1>  jz %%.done
    31 00005F15 E6E9                <1>  out 0xE9, al
    32 00005F17 EBF7                <1>  jmp %%.loop
    33                              <1> %%.done:
    34 00005F19 5E                  <1>  pop esi
    35                              <1> %else
    36                              <1>  push si
    37                              <1>  mov si, %%str
    38                              <1> %%.loop:
    39                              <1>  lodsb
    40                              <1>  or al, al
    41                              <1>  jz %%.done
    42                              <1>  out 0xE9, al
    43                              <1>  jmp %%.loop
    44                              <1> %%.done:
    45                              <1>  pop si
    46                              <1> %endif
  7866                                      ; --- Parse Content-Length ---
  7867                                      ; Search for "Content-Length:" in http_rx_buf (simple byte-by-byte scan)
  7868 00005F1A BF[5EF30000]                mov     edi, http_rx_buf
  7869 00005F1F 0FB70D[5E030100]            movzx   ecx, word [http_rx_len]
  7870 00005F26 83E90F                      sub     ecx, 15
  7871 00005F29 0F86E8000000                jbe     .tr_no_cl
  7872                                      ; ecx = search window size (number of starting positions to try)
  7873                                  .tr_find_cl:
  7874 00005F2F 57                          push    edi
  7875 00005F30 BE[E0620000]                mov     esi, .str_content_length
  7876 00005F35 B20F                        mov     dl, 15
  7877                                  .tr_find_cl_byte:
  7878 00005F37 8A07                        mov     al, [edi]
  7879 00005F39 3A06                        cmp     al, [esi]
  7880 00005F3B 750B                        jne     .tr_find_cl_mismatch
  7881 00005F3D 46                          inc     esi
  7882 00005F3E 47                          inc     edi
  7883 00005F3F FECA                        dec     dl
  7884 00005F41 75F4                        jnz     .tr_find_cl_byte
  7885                                      ; All 15 bytes matched — edi is already advanced past "Content-Length:"
  7886 00005F43 83C404                      add     esp, 4
  7887 00005F46 EB09                        jmp     .tr_cl_found
  7888                                  .tr_find_cl_mismatch:
  7889 00005F48 5F                          pop     edi
  7890 00005F49 47                          inc     edi
  7891 00005F4A E2E3                        loop    .tr_find_cl
  7892 00005F4C E9C6000000                  jmp     .tr_no_cl
  7893                                  .tr_cl_found:
  7894                                      dbg_puts "[A4X] Content-Length header found!", 13, 10, 0
    21 00005F51 EB25                <1>  jmp %%skip
    22 00005F53 5B4134585D20436F6E- <1> %%str db %1
    22 00005F5C 74656E742D4C656E67- <1>
    22 00005F65 746820686561646572- <1>
    22 00005F6E 20666F756E64210D0A- <1>
    22 00005F77 00                  <1>
    23                              <1> %%skip:
    24                              <1> %if __BITS__ == 32
    25 00005F78 56                  <1>  push esi
    26 00005F79 BE[535F0000]        <1>  mov esi, %%str
    27                              <1> %%.loop:
    28 00005F7E AC                  <1>  lodsb
    29 00005F7F 08C0                <1>  or al, al
    30 00005F81 7404                <1>  jz %%.done
    31 00005F83 E6E9                <1>  out 0xE9, al
    32 00005F85 EBF7                <1>  jmp %%.loop
    33                              <1> %%.done:
    34 00005F87 5E                  <1>  pop esi
    35                              <1> %else
    36                              <1>  push si
    37                              <1>  mov si, %%str
    38                              <1> %%.loop:
    39                              <1>  lodsb
    40                              <1>  or al, al
    41                              <1>  jz %%.done
    42                              <1>  out 0xE9, al
    43                              <1>  jmp %%.loop
    44                              <1> %%.done:
    45                              <1>  pop si
    46                              <1> %endif
  7895                                      ; edi points past "Content-Length:" (15 bytes scanned)
  7896                                  .tr_cl_space:
  7897                                      ; Skip spaces after the colon (loop label separate from the debug print)
  7898 00005F88 803F20                      cmp     byte [edi], ' '
  7899 00005F8B 7503                        jne     .tr_cl_digit
  7900 00005F8D 47                          inc     edi
  7901 00005F8E EBF8                        jmp     .tr_cl_space
  7902                                  .tr_cl_digit:
  7903                                      ; Parse decimal number
  7904 00005F90 31C0                        xor     eax, eax
  7905                                  .tr_cl_lp:
  7906 00005F92 0FB61F                      movzx   ebx, byte [edi]
  7907 00005F95 80FB30                      cmp     bl, '0'
  7908 00005F98 7210                        jb      .tr_cl_done
  7909 00005F9A 80FB39                      cmp     bl, '9'
  7910 00005F9D 770B                        ja      .tr_cl_done
  7911 00005F9F 80EB30                      sub     bl, '0'
  7912 00005FA2 6BC00A                      imul    eax, eax, 10
  7913 00005FA5 01D8                        add     eax, ebx
  7914 00005FA7 47                          inc     edi
  7915 00005FA8 EBE8                        jmp     .tr_cl_lp
  7916                                  .tr_cl_done:
  7917 00005FAA A3[63030100]                mov     [http_content_len], eax
  7918                                      dbg_puts "[A4X] HTTP Content-Length=", 0
    21 00005FAF EB1B                <1>  jmp %%skip
    22 00005FB1 5B4134585D20485454- <1> %%str db %1
    22 00005FBA 5020436F6E74656E74- <1>
    22 00005FC3 2D4C656E6774683D00  <1>
    23                              <1> %%skip:
    24                              <1> %if __BITS__ == 32
    25 00005FCC 56                  <1>  push esi
    26 00005FCD BE[B15F0000]        <1>  mov esi, %%str
    27                              <1> %%.loop:
    28 00005FD2 AC                  <1>  lodsb
    29 00005FD3 08C0                <1>  or al, al
    30 00005FD5 7404                <1>  jz %%.done
    31 00005FD7 E6E9                <1>  out 0xE9, al
    32 00005FD9 EBF7                <1>  jmp %%.loop
    33                              <1> %%.done:
    34 00005FDB 5E                  <1>  pop esi
    35                              <1> %else
    36                              <1>  push si
    37                              <1>  mov si, %%str
    38                              <1> %%.loop:
    39                              <1>  lodsb
    40                              <1>  or al, al
    41                              <1>  jz %%.done
    42                              <1>  out 0xE9, al
    43                              <1>  jmp %%.loop
    44                              <1> %%.done:
    45                              <1>  pop si
    46                              <1> %endif
  7919 00005FDC A1[63030100]                mov     eax, [http_content_len]
  7920                                      dbg_hex32
    84 00005FE1 50                  <1>  push eax
    85 00005FE2 51                  <1>  push ecx
    86 00005FE3 B91C000000          <1>  mov ecx, 28
    87                              <1> %%loop:
    88 00005FE8 50                  <1>  push eax
    89 00005FE9 D3E8                <1>  shr eax, cl
    90 00005FEB 83E00F              <1>  and eax, 0x0F
    91 00005FEE 0430                <1>  add al, '0'
    92 00005FF0 3C39                <1>  cmp al, '9'
    93 00005FF2 7602                <1>  jbe %%ok2
    94 00005FF4 0407                <1>  add al, 7
    95                              <1> %%ok2:
    96 00005FF6 E6E9                <1>  out 0xE9, al
    97 00005FF8 58                  <1>  pop eax
    98 00005FF9 83E904              <1>  sub ecx, 4
    99 00005FFC 79EA                <1>  jns %%loop
   100 00005FFE 59                  <1>  pop ecx
   101 00005FFF 58                  <1>  pop eax
  7921                                      dbg_puts 13, 10, 0
    21 00006000 EB03                <1>  jmp %%skip
    22 00006002 0D0A00              <1> %%str db %1
    23                              <1> %%skip:
    24                              <1> %if __BITS__ == 32
    25 00006005 56                  <1>  push esi
    26 00006006 BE[02600000]        <1>  mov esi, %%str
    27                              <1> %%.loop:
    28 0000600B AC                  <1>  lodsb
    29 0000600C 08C0                <1>  or al, al
    30 0000600E 7404                <1>  jz %%.done
    31 00006010 E6E9                <1>  out 0xE9, al
    32 00006012 EBF7                <1>  jmp %%.loop
    33                              <1> %%.done:
    34 00006014 5E                  <1>  pop esi
    35                              <1> %else
    36                              <1>  push si
    37                              <1>  mov si, %%str
    38                              <1> %%.loop:
    39                              <1>  lodsb
    40                              <1>  or al, al
    41                              <1>  jz %%.done
    42                              <1>  out 0xE9, al
    43                              <1>  jmp %%.loop
    44                              <1> %%.done:
    45                              <1>  pop si
    46                              <1> %endif
  7922 00006015 EB62                        jmp     .tr_hdr_done
  7923                                  .tr_no_cl:
  7924                                      dbg_puts "[A4X] no Content-Length found", 13, 10, 0
    21 00006017 EB20                <1>  jmp %%skip
    22 00006019 5B4134585D206E6F20- <1> %%str db %1
    22 00006022 436F6E74656E742D4C- <1>
    22 0000602B 656E67746820666F75- <1>
    22 00006034 6E640D0A00          <1>
    23                              <1> %%skip:
    24                              <1> %if __BITS__ == 32
    25 00006039 56                  <1>  push esi
    26 0000603A BE[19600000]        <1>  mov esi, %%str
    27                              <1> %%.loop:
    28 0000603F AC                  <1>  lodsb
    29 00006040 08C0                <1>  or al, al
    30 00006042 7404                <1>  jz %%.done
    31 00006044 E6E9                <1>  out 0xE9, al
    32 00006046 EBF7                <1>  jmp %%.loop
    33                              <1> %%.done:
    34 00006048 5E                  <1>  pop esi
    35                              <1> %else
    36                              <1>  push si
    37                              <1>  mov si, %%str
    38                              <1> %%.loop:
    39                              <1>  lodsb
    40                              <1>  or al, al
    41                              <1>  jz %%.done
    42                              <1>  out 0xE9, al
    43                              <1>  jmp %%.loop
    44                              <1> %%.done:
    45                              <1>  pop si
    46                              <1> %endif
  7925                                  .tr_no_hdr:
  7926                                      dbg_puts "[A4X] no \\r\\n\\r\\n found", 13, 10, 0
    21 00006049 EB1E                <1>  jmp %%skip
    22 0000604B 5B4134585D206E6F20- <1> %%str db %1
    22 00006054 5C5C725C5C6E5C5C72- <1>
    22 0000605D 5C5C6E20666F756E64- <1>
    22 00006066 0D0A00              <1>
    23                              <1> %%skip:
    24                              <1> %if __BITS__ == 32
    25 00006069 56                  <1>  push esi
    26 0000606A BE[4B600000]        <1>  mov esi, %%str
    27                              <1> %%.loop:
    28 0000606F AC                  <1>  lodsb
    29 00006070 08C0                <1>  or al, al
    30 00006072 7404                <1>  jz %%.done
    31 00006074 E6E9                <1>  out 0xE9, al
    32 00006076 EBF7                <1>  jmp %%.loop
    33                              <1> %%.done:
    34 00006078 5E                  <1>  pop esi
    35                              <1> %else
    36                              <1>  push si
    37                              <1>  mov si, %%str
    38                              <1> %%.loop:
    39                              <1>  lodsb
    40                              <1>  or al, al
    41                              <1>  jz %%.done
    42                              <1>  out 0xE9, al
    43                              <1>  jmp %%.loop
    44                              <1> %%.done:
    45                              <1>  pop si
    46                              <1> %endif
  7927                                  .tr_hdr_done:
  7928                                      ; --- Check if body is complete ---
  7929                                      ; body_len = http_rx_len - http_hdr_end
  7930 00006079 0FB705[5E030100]            movzx   eax, word [http_rx_len]
  7931 00006080 662B05[61030100]            sub     ax, [http_hdr_end]
  7932                                      ; Compare with http_content_len
  7933 00006087 803D[60030100]02            cmp     byte [http_rx_state], 2
  7934 0000608E 0F82A7000000                jb      .tr_not_complete   ; header not yet found
  7935                                      ; If Content-Length known, check body completeness
  7936 00006094 8B15[63030100]              mov     edx, [http_content_len]
  7937 0000609A 85D2                        test    edx, edx
  7938 0000609C 0F8499000000                jz      .tr_no_cl_check    ; unknown content-length
  7939 000060A2 39D0                        cmp     eax, edx
  7940 000060A4 0F8291000000                jb      .tr_not_complete   ; body not yet complete
  7941                                      ; Body complete!
  7942 000060AA C605[60030100]03            mov     byte [http_rx_state], 3  ; body_done
  7943 000060B1 66A3[5CF30000]              mov     [http_body_len], ax
  7944 000060B7 0FB715[61030100]            movzx   edx, word [http_hdr_end]
  7945 000060BE B8[5EF30000]                mov     eax, http_rx_buf
  7946 000060C3 01D0                        add     eax, edx
  7947 000060C5 A3[58F30000]                mov     [http_body], eax
  7948                                      dbg_puts "[A4X] HTTP body complete — len=", 0
    21 000060CA EB22                <1>  jmp %%skip
    22 000060CC 5B4134585D20485454- <1> %%str db %1
    22 000060D5 5020626F647920636F- <1>
    22 000060DE 6D706C65746520E280- <1>
    22 000060E7 94206C656E3D00      <1>
    23                              <1> %%skip:
    24                              <1> %if __BITS__ == 32
    25 000060EE 56                  <1>  push esi
    26 000060EF BE[CC600000]        <1>  mov esi, %%str
    27                              <1> %%.loop:
    28 000060F4 AC                  <1>  lodsb
    29 000060F5 08C0                <1>  or al, al
    30 000060F7 7404                <1>  jz %%.done
    31 000060F9 E6E9                <1>  out 0xE9, al
    32 000060FB EBF7                <1>  jmp %%.loop
    33                              <1> %%.done:
    34 000060FD 5E                  <1>  pop esi
    35                              <1> %else
    36                              <1>  push si
    37                              <1>  mov si, %%str
    38                              <1> %%.loop:
    39                              <1>  lodsb
    40                              <1>  or al, al
    41                              <1>  jz %%.done
    42                              <1>  out 0xE9, al
    43                              <1>  jmp %%.loop
    44                              <1> %%.done:
    45                              <1>  pop si
    46                              <1> %endif
  7949 000060FE 0FB705[5CF30000]            movzx   eax, word [http_body_len]
  7950                                      dbg_hex32
    84 00006105 50                  <1>  push eax
    85 00006106 51                  <1>  push ecx
    86 00006107 B91C000000          <1>  mov ecx, 28
    87                              <1> %%loop:
    88 0000610C 50                  <1>  push eax
    89 0000610D D3E8                <1>  shr eax, cl
    90 0000610F 83E00F              <1>  and eax, 0x0F
    91 00006112 0430                <1>  add al, '0'
    92 00006114 3C39                <1>  cmp al, '9'
    93 00006116 7602                <1>  jbe %%ok2
    94 00006118 0407                <1>  add al, 7
    95                              <1> %%ok2:
    96 0000611A E6E9                <1>  out 0xE9, al
    97 0000611C 58                  <1>  pop eax
    98 0000611D 83E904              <1>  sub ecx, 4
    99 00006120 79EA                <1>  jns %%loop
   100 00006122 59                  <1>  pop ecx
   101 00006123 58                  <1>  pop eax
  7951                                      dbg_puts 13, 10, 0
    21 00006124 EB03                <1>  jmp %%skip
    22 00006126 0D0A00              <1> %%str db %1
    23                              <1> %%skip:
    24                              <1> %if __BITS__ == 32
    25 00006129 56                  <1>  push esi
    26 0000612A BE[26610000]        <1>  mov esi, %%str
    27                              <1> %%.loop:
    28 0000612F AC                  <1>  lodsb
    29 00006130 08C0                <1>  or al, al
    30 00006132 7404                <1>  jz %%.done
    31 00006134 E6E9                <1>  out 0xE9, al
    32 00006136 EBF7                <1>  jmp %%.loop
    33                              <1> %%.done:
    34 00006138 5E                  <1>  pop esi
    35                              <1> %else
    36                              <1>  push si
    37                              <1>  mov si, %%str
    38                              <1> %%.loop:
    39                              <1>  lodsb
    40                              <1>  or al, al
    41                              <1>  jz %%.done
    42                              <1>  out 0xE9, al
    43                              <1>  jmp %%.loop
    44                              <1> %%.done:
    45                              <1>  pop si
    46                              <1> %endif
  7952 00006139 EB07                        jmp     .tr_ack_data
  7953                                  .tr_no_cl_check:
  7954                                      ; No Content-Length: assume body = what we have so far (HTTP/1.0 style)
  7955                                      ; Only mark complete when FIN is received (handled in .tr_fin)
  7956                                  .tr_not_complete:
  7957 0000613B C605[4FC20000]01            mov     byte [tcp_rx_state], 1  ; data received, but maybe not complete
  7958                                  .tr_ack_data:
  7959                                      ; Update tcp_ack: new ack = server seq + payload length
  7960 00006142 A1[26EC0000]                mov     eax, [nic_rx_data + 34 + 4]  ; server seq (BE)
  7961 00006147 0FC8                        bswap   eax
  7962 00006149 0FB715[50C20000]            movzx   edx, word [tcp_rx_len]
  7963 00006150 01D0                        add     eax, edx            ; ack = server_seq + data_length
  7964 00006152 A3[05C20000]                mov     [tcp_ack], eax
  7965                                      ; Update tcp_seq from ACK field
  7966 00006157 A1[2AEC0000]                mov     eax, [nic_rx_data + 34 + 8]  ; ack field (BE)
  7967 0000615C 0FC8                        bswap   eax
  7968 0000615E A3[01C20000]                mov     [tcp_seq], eax
  7969 00006163 E8EBF7FFFF                  call    tcp_send_ack
  7970                                      ; FIN+PSH+ACK common for final HTTP data chunk — check FIN after ACK
  7971 00006168 8A1D[2FEC0000]              mov     bl, [nic_rx_data + 34 + 13]
  7972 0000616E F6C301                      test    bl, 0x01
  7973 00006171 754A                        jnz     .tr_fin
  7974 00006173 E93B010000                  jmp     .tr_d
  7975                                  .tr_skip_copy:
  7976                                      ; Buffer full — still update ACK
  7977 00006178 A1[26EC0000]                mov     eax, [nic_rx_data + 34 + 4]  ; server seq (BE)
  7978 0000617D 0FC8                        bswap   eax
  7979 0000617F 0FB715[50C20000]            movzx   edx, word [tcp_rx_len]
  7980 00006186 01D0                        add     eax, edx
  7981 00006188 A3[05C20000]                mov     [tcp_ack], eax
  7982 0000618D A1[2AEC0000]                mov     eax, [nic_rx_data + 34 + 8]
  7983 00006192 0FC8                        bswap   eax
  7984 00006194 A3[01C20000]                mov     [tcp_seq], eax
  7985 00006199 E8B5F7FFFF                  call    tcp_send_ack
  7986                                      ; Also check FIN after ACK for FIN+PSH+ACK final chunk
  7987 0000619E 8A1D[2FEC0000]              mov     bl, [nic_rx_data + 34 + 13]
  7988 000061A4 F6C301                      test    bl, 0x01
  7989 000061A7 7514                        jnz     .tr_fin
  7990 000061A9 E905010000                  jmp     .tr_d
  7991                                  .tr_ack_only:
  7992                                      ; ACK without data — update seq
  7993 000061AE 8B4708                      mov     eax, [edi+8]
  7994 000061B1 0FC8                        bswap   eax
  7995 000061B3 A3[01C20000]                mov     [tcp_seq], eax
  7996 000061B8 E9F6000000                  jmp     .tr_d
  7997                                  .tr_fin:
  7998                                      ; FIN received — update ack and send ACK
  7999 000061BD 8B4704                      mov     eax, [edi+4]
  8000 000061C0 0FC8                        bswap   eax
  8001 000061C2 40                          inc     eax
  8002 000061C3 A3[05C20000]                mov     [tcp_ack], eax
  8003 000061C8 E886F7FFFF                  call    tcp_send_ack
  8004                                      ; If HTTP headers were found but body not marked complete, check completeness
  8005 000061CD 803D[60030100]02            cmp     byte [http_rx_state], 2
  8006 000061D4 0F82D2000000                jb      .tr_fin_done
  8007 000061DA 803D[60030100]03            cmp     byte [http_rx_state], 3
  8008 000061E1 0F83C5000000                jae     .tr_fin_done
  8009                                      ; If Content-Length known, only mark complete if body length matches
  8010 000061E7 8B15[63030100]              mov     edx, [http_content_len]
  8011 000061ED 85D2                        test    edx, edx
  8012 000061EF 7417                        jz      .tr_fin_mark_complete  ; unknown CL → FIN means done
  8013 000061F1 0FB705[5E030100]            movzx   eax, word [http_rx_len]
  8014 000061F8 662B05[61030100]            sub     ax, [http_hdr_end]
  8015 000061FF 6639D0                      cmp     ax, dx
  8016 00006202 0F82A4000000                jb      .tr_fin_done          ; body incomplete, wait for more data
  8017                                  .tr_fin_mark_complete:
  8018 00006208 0FB705[5E030100]            movzx   eax, word [http_rx_len]
  8019 0000620F 662B05[61030100]            sub     ax, [http_hdr_end]
  8020 00006216 66A3[5CF30000]              mov     [http_body_len], ax
  8021 0000621C 0FB715[61030100]            movzx   edx, word [http_hdr_end]
  8022 00006223 B9[5EF30000]                mov     ecx, http_rx_buf
  8023 00006228 01D1                        add     ecx, edx
  8024 0000622A 890D[58F30000]              mov     [http_body], ecx
  8025 00006230 C605[60030100]03            mov     byte [http_rx_state], 3
  8026                                      dbg_puts "[A4X] HTTP body complete (FIN) — len=", 0
    21 00006237 EB28                <1>  jmp %%skip
    22 00006239 5B4134585D20485454- <1> %%str db %1
    22 00006242 5020626F647920636F- <1>
    22 0000624B 6D706C657465202846- <1>
    22 00006254 494E2920E28094206C- <1>
    22 0000625D 656E3D00            <1>
    23                              <1> %%skip:
    24                              <1> %if __BITS__ == 32
    25 00006261 56                  <1>  push esi
    26 00006262 BE[39620000]        <1>  mov esi, %%str
    27                              <1> %%.loop:
    28 00006267 AC                  <1>  lodsb
    29 00006268 08C0                <1>  or al, al
    30 0000626A 7404                <1>  jz %%.done
    31 0000626C E6E9                <1>  out 0xE9, al
    32 0000626E EBF7                <1>  jmp %%.loop
    33                              <1> %%.done:
    34 00006270 5E                  <1>  pop esi
    35                              <1> %else
    36                              <1>  push si
    37                              <1>  mov si, %%str
    38                              <1> %%.loop:
    39                              <1>  lodsb
    40                              <1>  or al, al
    41                              <1>  jz %%.done
    42                              <1>  out 0xE9, al
    43                              <1>  jmp %%.loop
    44                              <1> %%.done:
    45                              <1>  pop si
    46                              <1> %endif
  8027 00006271 0FB705[5CF30000]            movzx   eax, word [http_body_len]
  8028                                      dbg_hex32
    84 00006278 50                  <1>  push eax
    85 00006279 51                  <1>  push ecx
    86 0000627A B91C000000          <1>  mov ecx, 28
    87                              <1> %%loop:
    88 0000627F 50                  <1>  push eax
    89 00006280 D3E8                <1>  shr eax, cl
    90 00006282 83E00F              <1>  and eax, 0x0F
    91 00006285 0430                <1>  add al, '0'
    92 00006287 3C39                <1>  cmp al, '9'
    93 00006289 7602                <1>  jbe %%ok2
    94 0000628B 0407                <1>  add al, 7
    95                              <1> %%ok2:
    96 0000628D E6E9                <1>  out 0xE9, al
    97 0000628F 58                  <1>  pop eax
    98 00006290 83E904              <1>  sub ecx, 4
    99 00006293 79EA                <1>  jns %%loop
   100 00006295 59                  <1>  pop ecx
   101 00006296 58                  <1>  pop eax
  8029                                      dbg_puts 13, 10, 0
    21 00006297 EB03                <1>  jmp %%skip
    22 00006299 0D0A00              <1> %%str db %1
    23                              <1> %%skip:
    24                              <1> %if __BITS__ == 32
    25 0000629C 56                  <1>  push esi
    26 0000629D BE[99620000]        <1>  mov esi, %%str
    27                              <1> %%.loop:
    28 000062A2 AC                  <1>  lodsb
    29 000062A3 08C0                <1>  or al, al
    30 000062A5 7404                <1>  jz %%.done
    31 000062A7 E6E9                <1>  out 0xE9, al
    32 000062A9 EBF7                <1>  jmp %%.loop
    33                              <1> %%.done:
    34 000062AB 5E                  <1>  pop esi
    35                              <1> %else
    36                              <1>  push si
    37                              <1>  mov si, %%str
    38                              <1> %%.loop:
    39                              <1>  lodsb
    40                              <1>  or al, al
    41                              <1>  jz %%.done
    42                              <1>  out 0xE9, al
    43                              <1>  jmp %%.loop
    44                              <1> %%.done:
    45                              <1>  pop si
    46                              <1> %endif
  8030                                  .tr_fin_done:
  8031 000062AC C605[FDC10000]00            mov     byte [tcp_state], 0
  8032                                  .tr_d:
  8033                                      dbg_puts "[A4X] tcp_rx EXIT", 13, 10, 0
    21 000062B3 EB14                <1>  jmp %%skip
    22 000062B5 5B4134585D20746370- <1> %%str db %1
    22 000062BE 5F727820455849540D- <1>
    22 000062C7 0A00                <1>
    23                              <1> %%skip:
    24                              <1> %if __BITS__ == 32
    25 000062C9 56                  <1>  push esi
    26 000062CA BE[B5620000]        <1>  mov esi, %%str
    27                              <1> %%.loop:
    28 000062CF AC                  <1>  lodsb
    29 000062D0 08C0                <1>  or al, al
    30 000062D2 7404                <1>  jz %%.done
    31 000062D4 E6E9                <1>  out 0xE9, al
    32 000062D6 EBF7                <1>  jmp %%.loop
    33                              <1> %%.done:
    34 000062D8 5E                  <1>  pop esi
    35                              <1> %else
    36                              <1>  push si
    37                              <1>  mov si, %%str
    38                              <1> %%.loop:
    39                              <1>  lodsb
    40                              <1>  or al, al
    41                              <1>  jz %%.done
    42                              <1>  out 0xE9, al
    43                              <1>  jmp %%.loop
    44                              <1> %%.done:
    45                              <1>  pop si
    46                              <1> %endif
  8034 000062D9 58                          pop     eax
  8035 000062DA 5E                          pop     esi
  8036 000062DB 5B                          pop     ebx
  8037 000062DC 59                          pop     ecx
  8038 000062DD 5A                          pop     edx
  8039 000062DE 5F                          pop     edi
  8040 000062DF C3                          ret
  8041                                  .str_content_length:
  8042 000062E0 436F6E74656E742D4C-         db "Content-Length:"
  8042 000062E9 656E6774683A       
  8043                                  ; ============================================================================
  8044                                  vin_load:
  8045 000062EF 50                          push    eax
  8046 000062F0 56                          push    esi
  8047 000062F1 BE[E00B0200]                mov     esi, vin_scr
  8048 000062F6 8935[D0730000]              mov     [vin_ptr], esi
  8049 000062FC C705[D4730000]0000-         mov     dword [vin_ck], 0
  8049 00006304 0000               
  8050 00006306 C705[D8730000]0000-         mov     dword [vin_ev], 0
  8050 0000630E 0000               
  8051                                      dbg_puts "[A4X] VIN script loaded", 13, 10, 0
    21 00006310 EB1A                <1>  jmp %%skip
    22 00006312 5B4134585D2056494E- <1> %%str db %1
    22 0000631B 20736372697074206C- <1>
    22 00006324 6F616465640D0A00    <1>
    23                              <1> %%skip:
    24                              <1> %if __BITS__ == 32
    25 0000632C 56                  <1>  push esi
    26 0000632D BE[12630000]        <1>  mov esi, %%str
    27                              <1> %%.loop:
    28 00006332 AC                  <1>  lodsb
    29 00006333 08C0                <1>  or al, al
    30 00006335 7404                <1>  jz %%.done
    31 00006337 E6E9                <1>  out 0xE9, al
    32 00006339 EBF7                <1>  jmp %%.loop
    33                              <1> %%.done:
    34 0000633B 5E                  <1>  pop esi
    35                              <1> %else
    36                              <1>  push si
    37                              <1>  mov si, %%str
    38                              <1> %%.loop:
    39                              <1>  lodsb
    40                              <1>  or al, al
    41                              <1>  jz %%.done
    42                              <1>  out 0xE9, al
    43                              <1>  jmp %%.loop
    44                              <1> %%.done:
    45                              <1>  pop si
    46                              <1> %endif
  8052 0000633C 5E                          pop     esi
  8053 0000633D 58                          pop     eax
  8054 0000633E C3                          ret
  8055                                  
  8056                                  ; ============================================================================
  8057                                  ; vin_tick
  8058                                  ; ============================================================================
  8059                                  vin_tick:
  8060 0000633F 56                          push    esi
  8061 00006340 50                          push    eax
  8062 00006341 53                          push    ebx
  8063 00006342 51                          push    ecx
  8064 00006343 52                          push    edx
  8065 00006344 8B35[D0730000]              mov     esi, [vin_ptr]
  8066 0000634A 85F6                        test    esi, esi
  8067 0000634C 0F84ED040000                jz      .vt_d
  8068                                  %ifdef NET_QUICK
  8069                                      ; Skip VIN demo — jump straight to installer + download
  8070 00006352 E9E6030000                  jmp     .vt_e
  8071                                  %endif
  8072                                      ; delay countdown: if delay>0, decrement and skip this tick
  8073 00006357 668B06                      mov     ax, [esi]
  8074 0000635A 6685C0                      test    ax, ax
  8075 0000635D 7408                        jz      .vt_run
  8076 0000635F 66FF0E                      dec     word [esi]
  8077 00006362 E9D8040000                  jmp     .vt_d
  8078                                  .vt_run:
  8079 00006367 8A4602                      mov     al, [esi+2]
  8080 0000636A 3C06                        cmp     al, VIN_EN
  8081 0000636C 0F84CB030000                je      .vt_e
  8082 00006372 3C00                        cmp     al, VIN_MM
  8083 00006374 7421                        je      .vt_mm
  8084 00006376 3C01                        cmp     al, VIN_LD
  8085 00006378 7476                        je      .vt_ld
  8086 0000637A 3C02                        cmp     al, VIN_LU
  8087 0000637C 0F8437030000                je      .vt_lu
  8088 00006382 3C03                        cmp     al, VIN_RD
  8089 00006384 0F8442030000                je      .vt_rd
  8090 0000638A 3C04                        cmp     al, VIN_RU
  8091 0000638C 0F847E030000                je      .vt_ru
  8092 00006392 E98C030000                  jmp     .vt_n
  8093                                  .vt_mm:
  8094 00006397 31C0                        xor     eax, eax
  8095 00006399 668B4603                    mov     ax, [esi+3]
  8096 0000639D A3[78700000]                mov     [mou_x], eax
  8097 000063A2 31C0                        xor     eax, eax
  8098 000063A4 668B4605                    mov     ax, [esi+5]
  8099 000063A8 A3[7C700000]                mov     [mou_y], eax
  8100                                      ; Phase B: update hover_btn for title bar buttons (WBC/WBM/WBN)
  8101 000063AD C605[23740000]00            mov     byte [hover_btn], 0
  8102 000063B4 E8A5B1FFFF                  call    hit_test
  8103 000063B9 83F806                      cmp     eax, WBC
  8104 000063BC 750C                        jne     .mm_h2
  8105 000063BE C605[23740000]04            mov     byte [hover_btn], B_CL
  8106 000063C5 E959030000                  jmp     .vt_n
  8107                                  .mm_h2:
  8108 000063CA 83F805                      cmp     eax, WBM
  8109 000063CD 750C                        jne     .mm_h3
  8110 000063CF C605[23740000]03            mov     byte [hover_btn], B_MX
  8111 000063D6 E948030000                  jmp     .vt_n
  8112                                  .mm_h3:
  8113 000063DB 83F804                      cmp     eax, WBN
  8114 000063DE 0F853F030000                jne     .vt_n
  8115 000063E4 C605[23740000]02            mov     byte [hover_btn], B_MN
  8116 000063EB E933030000                  jmp     .vt_n
  8117                                  .vt_ld:
  8118 000063F0 C605[80700000]01            mov     byte [mou_lb], 1
  8119 000063F7 A1[78700000]                mov     eax, [mou_x]
  8120 000063FC A3[AC730000]                mov     [drag_mx], eax
  8121 00006401 A1[7C700000]                mov     eax, [mou_y]
  8122 00006406 A3[B0730000]                mov     [drag_my], eax
  8123 0000640B E84EB1FFFF                  call    hit_test
  8124 00006410 83F8FF                      cmp     eax, -1
  8125 00006413 750A                        jne     .ld_disp
  8126                                      ; Phase B: no window hit — try taskbar button
  8127 00006415 E89FB1FFFF                  call    tb_hit
  8128 0000641A E998020000                  jmp     .ld1
  8129                                  .ld_disp:
  8130 0000641F 83F801                      cmp     eax, WB
  8131 00006422 0F8591000000                jne     .ld2
  8132                                      ; start button click
  8133 00006428 C705[B4730000]0100-         mov     dword [menu_vis], 1
  8133 00006430 0000               
  8134 00006432 C705[54700000]0400-         mov     dword [CW_X], MNX
  8134 0000643A 0000               
  8135 0000643C C705[58700000]2800-         mov     dword [CW_Y], MNY
  8135 00006444 0000               
  8136 00006446 C705[5C700000]6000-         mov     dword [CW_W], MNW
  8136 0000644E 0000               
  8137 00006450 C705[60700000]8C00-         mov     dword [CW_H], MNH
  8137 00006458 0000               
  8138 0000645A C605[64700000]04            mov     byte [CW_WP], 4
  8139 00006461 C605[65700000]00            mov     byte [CW_BI], 0
  8140 00006468 C705[66700000]0300-         mov     dword [CW_HND], WM
  8140 00006470 0000               
  8141 00006472 E853A1FFFF                  call    CreateWindow
  8142                                      dbg_puts "[A4X] menu show", 13, 10, 0
    21 00006477 EB12                <1>  jmp %%skip
    22 00006479 5B4134585D206D656E- <1> %%str db %1
    22 00006482 752073686F770D0A00  <1>
    23                              <1> %%skip:
    24                              <1> %if __BITS__ == 32
    25 0000648B 56                  <1>  push esi
    26 0000648C BE[79640000]        <1>  mov esi, %%str
    27                              <1> %%.loop:
    28 00006491 AC                  <1>  lodsb
    29 00006492 08C0                <1>  or al, al
    30 00006494 7404                <1>  jz %%.done
    31 00006496 E6E9                <1>  out 0xE9, al
    32 00006498 EBF7                <1>  jmp %%.loop
    33                              <1> %%.done:
    34 0000649A 5E                  <1>  pop esi
    35                              <1> %else
    36                              <1>  push si
    37                              <1>  mov si, %%str
    38                              <1> %%.loop:
    39                              <1>  lodsb
    40                              <1>  or al, al
    41                              <1>  jz %%.done
    42                              <1>  out 0xE9, al
    43                              <1>  jmp %%.loop
    44                              <1> %%.done:
    45                              <1>  pop si
    46                              <1> %endif
  8143 0000649B C705[66700000]0300-         mov     dword [CW_HND], WM
  8143 000064A3 0000               
  8144 000064A5 C705[6A700000]0100-         mov     dword [CW_MSG], WM_PAINT
  8144 000064AD 0000               
  8145 000064AF E8A5A2FFFF                  call    user_dispatch
  8146 000064B4 E9FE010000                  jmp     .ld1
  8147                                  .ld2:
  8148 000064B9 83F802                      cmp     eax, WA
  8149 000064BC 0F8503010000                jne     .ld3
  8150 000064C2 A1[7C700000]                mov     eax, [mou_y]
  8151 000064C7 83F81C                      cmp     eax, WAY + TH
  8152 000064CA 0F8DE7010000                jge     .ld1            ; below title bar — no-op
  8153                                      ; Phase B: title bar click — detect double-click
  8154 000064D0 8A1D[28740000]              mov     bl, [dbl_hwnd]
  8155 000064D6 80FB02                      cmp     bl, WA
  8156 000064D9 0F85B2000000                jne     .ld_first
  8157 000064DF A1[C8730000]                mov     eax, [tick_n]
  8158 000064E4 2B05[24740000]              sub     eax, [dbl_tick]
  8159 000064EA 83F80A                      cmp     eax, DBLCLK_TICKS
  8160 000064ED 0F8F9E000000                jg      .ld_first       ; too slow — treat as new first click
  8161                                      ; Position proximity check: both clicks must be within 4 px of each other
  8162 000064F3 A1[78700000]                mov     eax, [mou_x]
  8163 000064F8 2B05[29740000]              sub     eax, [dbl_x]
  8164 000064FE 83F804                      cmp     eax, 4
  8165 00006501 0F8F8A000000                jg      .ld_first
  8166 00006507 83F8FC                      cmp     eax, -4
  8167 0000650A 0F8C81000000                jl      .ld_first
  8168 00006510 A1[7C700000]                mov     eax, [mou_y]
  8169 00006515 2B05[2D740000]              sub     eax, [dbl_y]
  8170 0000651B 83F804                      cmp     eax, 4
  8171 0000651E 7F71                        jg      .ld_first
  8172 00006520 83F8FC                      cmp     eax, -4
  8173 00006523 7C6C                        jl      .ld_first
  8174                                      ; Double-click on title — toggle maximize/restore (mirrors .ld4/.ld_rest)
  8175 00006525 C605[28740000]00            mov     byte [dbl_hwnd], 0
  8176 0000652C BF02000000                  mov     edi, WA
  8177 00006531 6BFF20                      imul    edi, WSZ
  8178 00006534 81C7[60B40000]              add     edi, wnd_table
  8179 0000653A 807F1803                    cmp     byte [edi+24], WS_MAX
  8180 0000653E 742F                        je      .ld_dbl_rest
  8181 00006540 8B07                        mov     eax, [edi]
  8182 00006542 894710                      mov     [edi+16], eax
  8183 00006545 8B4704                      mov     eax, [edi+4]
  8184 00006548 894714                      mov     [edi+20], eax
  8185 0000654B C70700000000                mov     dword [edi], 0
  8186 00006551 C7470400000000              mov     dword [edi+4], 0
  8187 00006558 C7470840010000              mov     dword [edi+8], SW
  8188 0000655F C7470CB4000000              mov     dword [edi+12], SH - TH2
  8189 00006566 C6471803                    mov     byte [edi+24], WS_MAX
  8190 0000656A E948010000                  jmp     .ld1
  8191                                  .ld_dbl_rest:
  8192 0000656F 8B4710                      mov     eax, [edi+16]
  8193 00006572 8907                        mov     [edi], eax
  8194 00006574 8B4714                      mov     eax, [edi+20]
  8195 00006577 894704                      mov     [edi+4], eax
  8196 0000657A C74708F0000000              mov     dword [edi+8], WAW
  8197 00006581 C7470C82000000              mov     dword [edi+12], WAH
  8198 00006588 C6471801                    mov     byte [edi+24], WS_NORM
  8199 0000658C E926010000                  jmp     .ld1
  8200                                  .ld_first:
  8201 00006591 C605[28740000]02            mov     byte [dbl_hwnd], WA
  8202 00006598 A1[C8730000]                mov     eax, [tick_n]
  8203 0000659D A3[24740000]                mov     [dbl_tick], eax
  8204 000065A2 A1[78700000]                mov     eax, [mou_x]
  8205 000065A7 A3[29740000]                mov     [dbl_x], eax
  8206 000065AC A1[7C700000]                mov     eax, [mou_y]
  8207 000065B1 A3[2D740000]                mov     [dbl_y], eax
  8208 000065B6 C705[A8730000]0200-         mov     dword [drag_h], WA
  8208 000065BE 0000               
  8209 000065C0 E9F2000000                  jmp     .ld1
  8210                                  .ld3:
  8211 000065C5 83F806                      cmp     eax, WBC
  8212 000065C8 752D                        jne     .ld4
  8213                                      ; Close-button click: emit the "window closed" event marker, but keep the
  8214                                      ; app window visible so the final screenshot still shows its client area.
  8215                                      dbg_puts "[A4X] window closed", 13, 10, 0
    21 000065CA EB16                <1>  jmp %%skip
    22 000065CC 5B4134585D2077696E- <1> %%str db %1
    22 000065D5 646F7720636C6F7365- <1>
    22 000065DE 640D0A00            <1>
    23                              <1> %%skip:
    24                              <1> %if __BITS__ == 32
    25 000065E2 56                  <1>  push esi
    26 000065E3 BE[CC650000]        <1>  mov esi, %%str
    27                              <1> %%.loop:
    28 000065E8 AC                  <1>  lodsb
    29 000065E9 08C0                <1>  or al, al
    30 000065EB 7404                <1>  jz %%.done
    31 000065ED E6E9                <1>  out 0xE9, al
    32 000065EF EBF7                <1>  jmp %%.loop
    33                              <1> %%.done:
    34 000065F1 5E                  <1>  pop esi
    35                              <1> %else
    36                              <1>  push si
    37                              <1>  mov si, %%str
    38                              <1> %%.loop:
    39                              <1>  lodsb
    40                              <1>  or al, al
    41                              <1>  jz %%.done
    42                              <1>  out 0xE9, al
    43                              <1>  jmp %%.loop
    44                              <1> %%.done:
    45                              <1>  pop si
    46                              <1> %endif
  8216 000065F2 E9C0000000                  jmp     .ld1
  8217                                  .ld4:
  8218 000065F7 83F805                      cmp     eax, WBM
  8219 000065FA 755F                        jne     .ld5
  8220 000065FC BF02000000                  mov     edi, WA
  8221 00006601 6BFF20                      imul    edi, WSZ
  8222 00006604 81C7[60B40000]              add     edi, wnd_table
  8223 0000660A 807F1803                    cmp     byte [edi+24], WS_MAX
  8224 0000660E 742C                        je      .ld_rest
  8225 00006610 8B07                        mov     eax, [edi]
  8226 00006612 894710                      mov     [edi+16], eax
  8227 00006615 8B4704                      mov     eax, [edi+4]
  8228 00006618 894714                      mov     [edi+20], eax
  8229 0000661B C70700000000                mov     dword [edi], 0
  8230 00006621 C7470400000000              mov     dword [edi+4], 0
  8231 00006628 C7470840010000              mov     dword [edi+8], SW
  8232 0000662F C7470CB4000000              mov     dword [edi+12], SH - TH2
  8233 00006636 C6471803                    mov     byte [edi+24], WS_MAX
  8234 0000663A EB7B                        jmp     .ld1
  8235                                  .ld_rest:
  8236 0000663C 8B4710                      mov     eax, [edi+16]
  8237 0000663F 8907                        mov     [edi], eax
  8238 00006641 8B4714                      mov     eax, [edi+20]
  8239 00006644 894704                      mov     [edi+4], eax
  8240 00006647 C74708F0000000              mov     dword [edi+8], WAW
  8241 0000664E C7470C82000000              mov     dword [edi+12], WAH
  8242 00006655 C6471801                    mov     byte [edi+24], WS_NORM
  8243 00006659 EB5C                        jmp     .ld1
  8244                                  .ld5:
  8245 0000665B 83F804                      cmp     eax, WBN
  8246 0000665E 7514                        jne     .ld_ctx
  8247 00006660 BF02000000                  mov     edi, WA
  8248 00006665 6BFF20                      imul    edi, WSZ
  8249 00006668 81C7[60B40000]              add     edi, wnd_table
  8250 0000666E C6471802                    mov     byte [edi+24], WS_MIN
  8251 00006672 EB43                        jmp     .ld1
  8252                                  .ld_ctx:
  8253                                      ; right-click on app -> context menu
  8254 00006674 83F802                      cmp     eax, WA
  8255 00006677 753E                        jne     .ld1
  8256 00006679 803D[81700000]01            cmp     byte [mou_rb], 1
  8257 00006680 7402                        je      .ld_ctxok
  8258 00006682 EB33                        jmp     .ld1
  8259                                  .ld_ctxok:
  8260 00006684 C705[BC730000]0100-         mov     dword [ctx_vis], 1
  8260 0000668C 0000               
  8261                                      dbg_puts "[A4X] context menu", 13, 10, 0
    21 0000668E EB15                <1>  jmp %%skip
    22 00006690 5B4134585D20636F6E- <1> %%str db %1
    22 00006699 74657874206D656E75- <1>
    22 000066A2 0D0A00              <1>
    23                              <1> %%skip:
    24                              <1> %if __BITS__ == 32
    25 000066A5 56                  <1>  push esi
    26 000066A6 BE[90660000]        <1>  mov esi, %%str
    27                              <1> %%.loop:
    28 000066AB AC                  <1>  lodsb
    29 000066AC 08C0                <1>  or al, al
    30 000066AE 7404                <1>  jz %%.done
    31 000066B0 E6E9                <1>  out 0xE9, al
    32 000066B2 EBF7                <1>  jmp %%.loop
    33                              <1> %%.done:
    34 000066B4 5E                  <1>  pop esi
    35                              <1> %else
    36                              <1>  push si
    37                              <1>  mov si, %%str
    38                              <1> %%.loop:
    39                              <1>  lodsb
    40                              <1>  or al, al
    41                              <1>  jz %%.done
    42                              <1>  out 0xE9, al
    43                              <1>  jmp %%.loop
    44                              <1> %%.done:
    45                              <1>  pop si
    46                              <1> %endif
  8262 000066B5 EB00                        jmp     .ld1
  8263                                  .ld1:
  8264 000066B7 EB6A                        jmp     .vt_n
  8265                                  .vt_lu:
  8266 000066B9 C605[80700000]00            mov     byte [mou_lb], 0
  8267 000066C0 C705[A8730000]FFFF-         mov     dword [drag_h], -1
  8267 000066C8 FFFF               
  8268 000066CA EB57                        jmp     .vt_n
  8269                                  .vt_rd:
  8270                                      dbg_puts "[A4X] context menu", 13, 10, 0
    21 000066CC EB15                <1>  jmp %%skip
    22 000066CE 5B4134585D20636F6E- <1> %%str db %1
    22 000066D7 74657874206D656E75- <1>
    22 000066E0 0D0A00              <1>
    23                              <1> %%skip:
    24                              <1> %if __BITS__ == 32
    25 000066E3 56                  <1>  push esi
    26 000066E4 BE[CE660000]        <1>  mov esi, %%str
    27                              <1> %%.loop:
    28 000066E9 AC                  <1>  lodsb
    29 000066EA 08C0                <1>  or al, al
    30 000066EC 7404                <1>  jz %%.done
    31 000066EE E6E9                <1>  out 0xE9, al
    32 000066F0 EBF7                <1>  jmp %%.loop
    33                              <1> %%.done:
    34 000066F2 5E                  <1>  pop esi
    35                              <1> %else
    36                              <1>  push si
    37                              <1>  mov si, %%str
    38                              <1> %%.loop:
    39                              <1>  lodsb
    40                              <1>  or al, al
    41                              <1>  jz %%.done
    42                              <1>  out 0xE9, al
    43                              <1>  jmp %%.loop
    44                              <1> %%.done:
    45                              <1>  pop si
    46                              <1> %endif
  8271 000066F3 C605[81700000]01            mov     byte [mou_rb], 1
  8272 000066FA E85FAEFFFF                  call    hit_test
  8273 000066FF 83F802                      cmp     eax, WA
  8274 00006702 750A                        jne     .rd_n
  8275 00006704 C705[BC730000]0100-         mov     dword [ctx_vis], 1
  8275 0000670C 0000               
  8276                                  .rd_n:
  8277 0000670E EB13                        jmp     .vt_n
  8278                                  .vt_ru:
  8279 00006710 C605[81700000]00            mov     byte [mou_rb], 0
  8280 00006717 C705[BC730000]0000-         mov     dword [ctx_vis], 0
  8280 0000671F 0000               
  8281 00006721 EB00                        jmp     .vt_n
  8282                                  .vt_n:
  8283 00006723 83C60C                      add     esi, VINSZ
  8284 00006726 8935[D0730000]              mov     [vin_ptr], esi
  8285 0000672C FF05[D8730000]              inc     dword [vin_ev]
  8286 00006732 807E0206                    cmp     byte [esi+2], VIN_EN
  8287 00006736 7405                        je      .vt_e
  8288 00006738 E902010000                  jmp     .vt_d
  8289                                  .vt_e:
  8290 0000673D C705[D0730000]0000-         mov     dword [vin_ptr], 0
  8290 00006745 0000               
  8291                                      dbg_puts "[A4X] VIN done", 13, 10, 0
    21 00006747 EB11                <1>  jmp %%skip
    22 00006749 5B4134585D2056494E- <1> %%str db %1
    22 00006752 20646F6E650D0A00    <1>
    23                              <1> %%skip:
    24                              <1> %if __BITS__ == 32
    25 0000675A 56                  <1>  push esi
    26 0000675B BE[49670000]        <1>  mov esi, %%str
    27                              <1> %%.loop:
    28 00006760 AC                  <1>  lodsb
    29 00006761 08C0                <1>  or al, al
    30 00006763 7404                <1>  jz %%.done
    31 00006765 E6E9                <1>  out 0xE9, al
    32 00006767 EBF7                <1>  jmp %%.loop
    33                              <1> %%.done:
    34 00006769 5E                  <1>  pop esi
    35                              <1> %else
    36                              <1>  push si
    37                              <1>  mov si, %%str
    38                              <1> %%.loop:
    39                              <1>  lodsb
    40                              <1>  or al, al
    41                              <1>  jz %%.done
    42                              <1>  out 0xE9, al
    43                              <1>  jmp %%.loop
    44                              <1> %%.done:
    45                              <1>  pop si
    46                              <1> %endif
  8292                                      dbg_puts "[A4X] DONE", 13, 10, 0
    21 0000676A EB0D                <1>  jmp %%skip
    22 0000676C 5B4134585D20444F4E- <1> %%str db %1
    22 00006775 450D0A00            <1>
    23                              <1> %%skip:
    24                              <1> %if __BITS__ == 32
    25 00006779 56                  <1>  push esi
    26 0000677A BE[6C670000]        <1>  mov esi, %%str
    27                              <1> %%.loop:
    28 0000677F AC                  <1>  lodsb
    29 00006780 08C0                <1>  or al, al
    30 00006782 7404                <1>  jz %%.done
    31 00006784 E6E9                <1>  out 0xE9, al
    32 00006786 EBF7                <1>  jmp %%.loop
    33                              <1> %%.done:
    34 00006788 5E                  <1>  pop esi
    35                              <1> %else
    36                              <1>  push si
    37                              <1>  mov si, %%str
    38                              <1> %%.loop:
    39                              <1>  lodsb
    40                              <1>  or al, al
    41                              <1>  jz %%.done
    42                              <1>  out 0xE9, al
    43                              <1>  jmp %%.loop
    44                              <1> %%.done:
    45                              <1>  pop si
    46                              <1> %endif
  8293                                      ; Auto-trigger installer + download flow after VIN demo (both NET_TEST and real)
  8294 00006789 C705[66700000]0F00-         mov     dword [CW_HND], WIN
  8294 00006791 0000               
  8295 00006793 C705[54700000]6400-         mov     dword [CW_X], 100
  8295 0000679B 0000               
  8296 0000679D C705[58700000]5000-         mov     dword [CW_Y], 80
  8296 000067A5 0000               
  8297 000067A7 C705[5C700000]A000-         mov     dword [CW_W], 160
  8297 000067AF 0000               
  8298 000067B1 C705[60700000]3C00-         mov     dword [CW_H], 60
  8298 000067B9 0000               
  8299 000067BB C605[64700000]0C            mov     byte [CW_WP], 12
  8300 000067C2 C605[65700000]00            mov     byte [CW_BI], 0
  8301 000067C9 E8FC9DFFFF                  call    CreateWindow
  8302 000067CE C605[43B40000]01            mov     byte [ins_state], 1
  8303 000067D5 C605[E3030100]00            mov     byte [net_dl_state], 0
  8304 000067DC C605[20C10000]00            mov     byte [arp_state], 0
  8305 000067E3 C605[FDC10000]00            mov     byte [tcp_state], 0
  8306 000067EA C605[4FC20000]00            mov     byte [tcp_rx_state], 0
  8307 000067F1 C605[31740000]00            mov     byte [dl_valid], 0
  8308                                  %ifdef NET_TEST
  8309                                      mov     byte [ins_prog], 99
  8310                                      dbg_puts "[A4X] NET_TEST: auto-started installer (fast-forward)", 13, 10, 0
  8311                                  %else
  8312 000067F8 C605[42B40000]00            mov     byte [ins_prog], 0
  8313                                      dbg_puts "[A4X] auto-started installer (real network)", 13, 10, 0
    21 000067FF EB2E                <1>  jmp %%skip
    22 00006801 5B4134585D20617574- <1> %%str db %1
    22 0000680A 6F2D73746172746564- <1>
    22 00006813 20696E7374616C6C65- <1>
    22 0000681C 7220287265616C206E- <1>
    22 00006825 6574776F726B290D0A- <1>
    22 0000682E 00                  <1>
    23                              <1> %%skip:
    24                              <1> %if __BITS__ == 32
    25 0000682F 56                  <1>  push esi
    26 00006830 BE[01680000]        <1>  mov esi, %%str
    27                              <1> %%.loop:
    28 00006835 AC                  <1>  lodsb
    29 00006836 08C0                <1>  or al, al
    30 00006838 7404                <1>  jz %%.done
    31 0000683A E6E9                <1>  out 0xE9, al
    32 0000683C EBF7                <1>  jmp %%.loop
    33                              <1> %%.done:
    34 0000683E 5E                  <1>  pop esi
    35                              <1> %else
    36                              <1>  push si
    37                              <1>  mov si, %%str
    38                              <1> %%.loop:
    39                              <1>  lodsb
    40                              <1>  or al, al
    41                              <1>  jz %%.done
    42                              <1>  out 0xE9, al
    43                              <1>  jmp %%.loop
    44                              <1> %%.done:
    45                              <1>  pop si
    46                              <1> %endif
  8314                                  %endif
  8315                                  .vt_d:
  8316 0000683F 5A                          pop     edx
  8317 00006840 59                          pop     ecx
  8318 00006841 5B                          pop     ebx
  8319 00006842 58                          pop     eax
  8320 00006843 5E                          pop     esi
  8321 00006844 C3                          ret
  8322                                  
  8323                                  ; ============================================================================
  8324                                  ; draw_desktop — blue gradient
  8325                                  ; ============================================================================
  8326                                  draw_desktop:
  8327 00006845 50                          push    eax
  8328 00006846 53                          push    ebx
  8329 00006847 51                          push    ecx
  8330 00006848 52                          push    edx
  8331 00006849 57                          push    edi
  8332 0000684A 31DB                        xor     ebx, ebx
  8333                                  .dd_r:
  8334 0000684C 81FBC8000000                cmp     ebx, 200
  8335 00006852 7D2A                        jge     .dd_d
  8336 00006854 89D8                        mov     eax, ebx
  8337 00006856 6BC01F                      imul    eax, 31
  8338 00006859 31D2                        xor     edx, edx
  8339 0000685B B9C7000000                  mov     ecx, 199
  8340 00006860 F7F1                        div     ecx
  8341 00006862 0420                        add     al, MCU
  8342 00006864 50                          push    eax
  8343 00006865 89DF                        mov     edi, ebx
  8344 00006867 69FF40010000                imul    edi, SW
  8345 0000686D 81C700000300                add     edi, LFB
  8346 00006873 B940010000                  mov     ecx, SW
  8347 00006878 58                          pop     eax
  8348 00006879 F3AA                        rep     stosb
  8349 0000687B 43                          inc     ebx
  8350 0000687C EBCE                        jmp     .dd_r
  8351                                  .dd_d:
  8352 0000687E 5F                          pop     edi
  8353 0000687F 5A                          pop     edx
  8354 00006880 59                          pop     ecx
  8355 00006881 5B                          pop     ebx
  8356 00006882 58                          pop     eax
  8357 00006883 C3                          ret
  8358                                  
  8359                                  ; ============================================================================
  8360                                  ; redraw_all — paint all visible windows + cursor + context menu
  8361                                  ; ============================================================================
  8362                                  redraw_all:
  8363 00006884 57                          push    edi
  8364 00006885 50                          push    eax
  8365 00006886 53                          push    ebx
  8366 00006887 51                          push    ecx
  8367 00006888 52                          push    edx
  8368 00006889 B900000000                  mov     ecx, 0
  8369                                  .ra_l:
  8370 0000688E 83F911                      cmp     ecx, MAXW
  8371 00006891 7D47                        jge     .ra_d
  8372 00006893 50                          push    eax
  8373 00006894 52                          push    edx
  8374 00006895 0FB6C1                      movzx   eax, cl
  8375 00006898 0430                        add     al, '0'
  8376 0000689A E6E9                        out     0xE9, al
  8377 0000689C B02D                        mov     al, 0x2D
  8378 0000689E E6E9                        out     0xE9, al
  8379 000068A0 5A                          pop     edx
  8380 000068A1 58                          pop     eax
  8381 000068A2 89CB                        mov     ebx, ecx
  8382 000068A4 89CF                        mov     edi, ecx
  8383 000068A6 6BFF20                      imul    edi, WSZ
  8384 000068A9 81C7[60B40000]              add     edi, wnd_table
  8385 000068AF 8A5F18                      mov     bl, [edi+24]
  8386 000068B2 80FB01                      cmp     bl, WS_NORM
  8387 000068B5 7520                        jne     .ra_n
  8388 000068B7 8A5F1A                      mov     bl, [edi+26]
  8389 000068BA 80FB00                      cmp     bl, 0
  8390 000068BD 7418                        je      .ra_n
  8391 000068BF 51                          push    ecx
  8392 000068C0 89C8                        mov     eax, ecx
  8393 000068C2 A3[6C700000]                mov     [DM_HND], eax
  8394 000068C7 C705[70700000]0100-         mov     dword [DM_MSG], WM_PAINT
  8394 000068CF 0000               
  8395 000068D1 E8839EFFFF                  call    user_dispatch
  8396 000068D6 59                          pop     ecx
  8397                                  .ra_n:
  8398 000068D7 41                          inc     ecx
  8399 000068D8 EBB4                        jmp     .ra_l
  8400                                  .ra_d:
  8401 000068DA 50                          push    eax
  8402 000068DB B044                        mov     al, 'D'
  8403 000068DD E6E9                        out     0xE9, al
  8404 000068DF 58                          pop     eax
  8405 000068E0 A1[BC730000]                mov     eax, [ctx_vis]
  8406 000068E5 85C0                        test    eax, eax
  8407 000068E7 7405                        jz      .ra_c
  8408 000068E9 E88CAEFFFF                  call    ctx_draw
  8409                                  .ra_c:
  8410 000068EE E833AEFFFF                  call    gdi_cursor
  8411 000068F3 5A                          pop     edx
  8412 000068F4 59                          pop     ecx
  8413 000068F5 5B                          pop     ebx
  8414 000068F6 58                          pop     eax
  8415 000068F7 5F                          pop     edi
  8416 000068F8 C3                          ret
  8417                                  
  8418                                  ; ============================================================================
  8419                                  ; main_loop
  8420                                  ; ============================================================================
  8421                                  main_loop:
  8422 000068F9 FF05[DB030100]              inc     dword [sys_tick]
  8423 000068FF 50                          push    eax
  8424 00006900 53                          push    ebx
  8425 00006901 51                          push    ecx
  8426 00006902 52                          push    edx
  8427 00006903 56                          push    esi
  8428 00006904 57                          push    edi
  8429                                      dbg_puts "[A4X] main_loop ENTER", 13, 10, 0
    21 00006905 EB18                <1>  jmp %%skip
    22 00006907 5B4134585D206D6169- <1> %%str db %1
    22 00006910 6E5F6C6F6F7020454E- <1>
    22 00006919 5445520D0A00        <1>
    23                              <1> %%skip:
    24                              <1> %if __BITS__ == 32
    25 0000691F 56                  <1>  push esi
    26 00006920 BE[07690000]        <1>  mov esi, %%str
    27                              <1> %%.loop:
    28 00006925 AC                  <1>  lodsb
    29 00006926 08C0                <1>  or al, al
    30 00006928 7404                <1>  jz %%.done
    31 0000692A E6E9                <1>  out 0xE9, al
    32 0000692C EBF7                <1>  jmp %%.loop
    33                              <1> %%.done:
    34 0000692E 5E                  <1>  pop esi
    35                              <1> %else
    36                              <1>  push si
    37                              <1>  mov si, %%str
    38                              <1> %%.loop:
    39                              <1>  lodsb
    40                              <1>  or al, al
    41                              <1>  jz %%.done
    42                              <1>  out 0xE9, al
    43                              <1>  jmp %%.loop
    44                              <1> %%.done:
    45                              <1>  pop si
    46                              <1> %endif
  8430                                  .ml_l:
  8431                                      ; Debug: print loop counter every iteration (temp)
  8432 0000692F 50                          push    eax
  8433 00006930 53                          push    ebx
  8434 00006931 A1[DB030100]                mov     eax, [sys_tick]
  8435                                      dbg_puts "[A4X] ml:tick ", 0
    21 00006936 EB0F                <1>  jmp %%skip
    22 00006938 5B4134585D206D6C3A- <1> %%str db %1
    22 00006941 7469636B2000        <1>
    23                              <1> %%skip:
    24                              <1> %if __BITS__ == 32
    25 00006947 56                  <1>  push esi
    26 00006948 BE[38690000]        <1>  mov esi, %%str
    27                              <1> %%.loop:
    28 0000694D AC                  <1>  lodsb
    29 0000694E 08C0                <1>  or al, al
    30 00006950 7404                <1>  jz %%.done
    31 00006952 E6E9                <1>  out 0xE9, al
    32 00006954 EBF7                <1>  jmp %%.loop
    33                              <1> %%.done:
    34 00006956 5E                  <1>  pop esi
    35                              <1> %else
    36                              <1>  push si
    37                              <1>  mov si, %%str
    38                              <1> %%.loop:
    39                              <1>  lodsb
    40                              <1>  or al, al
    41                              <1>  jz %%.done
    42                              <1>  out 0xE9, al
    43                              <1>  jmp %%.loop
    44                              <1> %%.done:
    45                              <1>  pop si
    46                              <1> %endif
  8436                                      dbg_hex32
    84 00006957 50                  <1>  push eax
    85 00006958 51                  <1>  push ecx
    86 00006959 B91C000000          <1>  mov ecx, 28
    87                              <1> %%loop:
    88 0000695E 50                  <1>  push eax
    89 0000695F D3E8                <1>  shr eax, cl
    90 00006961 83E00F              <1>  and eax, 0x0F
    91 00006964 0430                <1>  add al, '0'
    92 00006966 3C39                <1>  cmp al, '9'
    93 00006968 7602                <1>  jbe %%ok2
    94 0000696A 0407                <1>  add al, 7
    95                              <1> %%ok2:
    96 0000696C E6E9                <1>  out 0xE9, al
    97 0000696E 58                  <1>  pop eax
    98 0000696F 83E904              <1>  sub ecx, 4
    99 00006972 79EA                <1>  jns %%loop
   100 00006974 59                  <1>  pop ecx
   101 00006975 58                  <1>  pop eax
  8437                                      dbg_puts 13, 10, 0
    21 00006976 EB03                <1>  jmp %%skip
    22 00006978 0D0A00              <1> %%str db %1
    23                              <1> %%skip:
    24                              <1> %if __BITS__ == 32
    25 0000697B 56                  <1>  push esi
    26 0000697C BE[78690000]        <1>  mov esi, %%str
    27                              <1> %%.loop:
    28 00006981 AC                  <1>  lodsb
    29 00006982 08C0                <1>  or al, al
    30 00006984 7404                <1>  jz %%.done
    31 00006986 E6E9                <1>  out 0xE9, al
    32 00006988 EBF7                <1>  jmp %%.loop
    33                              <1> %%.done:
    34 0000698A 5E                  <1>  pop esi
    35                              <1> %else
    36                              <1>  push si
    37                              <1>  mov si, %%str
    38                              <1> %%.loop:
    39                              <1>  lodsb
    40                              <1>  or al, al
    41                              <1>  jz %%.done
    42                              <1>  out 0xE9, al
    43                              <1>  jmp %%.loop
    44                              <1> %%.done:
    45                              <1>  pop si
    46                              <1> %endif
  8438 0000698B 5B                          pop     ebx
  8439 0000698C 58                          pop     eax
  8440                                      ; Deterministic software tick
  8441                                      ; runs with identical binary), so the main loop generates its own tick.
  8442                                      ; vtd_t advances here so ARP/network timeout logic keeps working.
  8443 0000698D B900800000                  mov     ecx, 0x8000
  8444                                  .ml_dl:
  8445 00006992 90                          nop
  8446 00006993 49                          dec     ecx
  8447 00006994 75FC                        jnz     .ml_dl
  8448 00006996 FF05[CC730000]              inc     dword [vtd_t]
  8449 0000699C FF05[C8730000]              inc     dword [tick_n]
  8450                                      dbg_puts "[A4X] ml:vin_tick", 13, 10, 0
    21 000069A2 EB14                <1>  jmp %%skip
    22 000069A4 5B4134585D206D6C3A- <1> %%str db %1
    22 000069AD 76696E5F7469636B0D- <1>
    22 000069B6 0A00                <1>
    23                              <1> %%skip:
    24                              <1> %if __BITS__ == 32
    25 000069B8 56                  <1>  push esi
    26 000069B9 BE[A4690000]        <1>  mov esi, %%str
    27                              <1> %%.loop:
    28 000069BE AC                  <1>  lodsb
    29 000069BF 08C0                <1>  or al, al
    30 000069C1 7404                <1>  jz %%.done
    31 000069C3 E6E9                <1>  out 0xE9, al
    32 000069C5 EBF7                <1>  jmp %%.loop
    33                              <1> %%.done:
    34 000069C7 5E                  <1>  pop esi
    35                              <1> %else
    36                              <1>  push si
    37                              <1>  mov si, %%str
    38                              <1> %%.loop:
    39                              <1>  lodsb
    40                              <1>  or al, al
    41                              <1>  jz %%.done
    42                              <1>  out 0xE9, al
    43                              <1>  jmp %%.loop
    44                              <1> %%.done:
    45                              <1>  pop si
    46                              <1> %endif
  8451 000069C8 E872F9FFFF                  call    vin_tick
  8452                                      dbg_puts "[A4X] ml:drag", 13, 10, 0
    21 000069CD EB10                <1>  jmp %%skip
    22 000069CF 5B4134585D206D6C3A- <1> %%str db %1
    22 000069D8 647261670D0A00      <1>
    23                              <1> %%skip:
    24                              <1> %if __BITS__ == 32
    25 000069DF 56                  <1>  push esi
    26 000069E0 BE[CF690000]        <1>  mov esi, %%str
    27                              <1> %%.loop:
    28 000069E5 AC                  <1>  lodsb
    29 000069E6 08C0                <1>  or al, al
    30 000069E8 7404                <1>  jz %%.done
    31 000069EA E6E9                <1>  out 0xE9, al
    32 000069EC EBF7                <1>  jmp %%.loop
    33                              <1> %%.done:
    34 000069EE 5E                  <1>  pop esi
    35                              <1> %else
    36                              <1>  push si
    37                              <1>  mov si, %%str
    38                              <1> %%.loop:
    39                              <1>  lodsb
    40                              <1>  or al, al
    41                              <1>  jz %%.done
    42                              <1>  out 0xE9, al
    43                              <1>  jmp %%.loop
    44                              <1> %%.done:
    45                              <1>  pop si
    46                              <1> %endif
  8453 000069EF E853ACFFFF                  call    drag_update
  8454                                      ; process messages (2 per tick)
  8455 000069F4 A1[E4730000]                mov     eax, [msg_count]
  8456 000069F9 83F800                      cmp     eax, 0
  8457 000069FC 7429                        je      .ml_sk
  8458 000069FE 50                          push    eax
  8459 000069FF A1[DC730000]                mov     eax, [msg_head]
  8460 00006A04 6BC00C                      imul    eax, MSZ
  8461 00006A07 05[80B60000]                add     eax, msg_queue
  8462 00006A0C A3[6C700000]                mov     [DM_HND], eax
  8463 00006A11 668B4004                    mov     ax, [eax+4]
  8464 00006A15 66A3[70700000]              mov     [DM_MSG], ax
  8465 00006A1B E8399DFFFF                  call    user_dispatch
  8466 00006A20 FF05[C8730000]              inc     dword [tick_n]
  8467 00006A26 58                          pop     eax
  8468                                  .ml_sk:
  8469                                      ; redraw every tick (final frame must reach VGA)
  8470 00006A27 E819FEFFFF                  call    draw_desktop
  8471                                      dbg_puts "[A4X] ml:drawdesk", 13, 10, 0
    21 00006A2C EB14                <1>  jmp %%skip
    22 00006A2E 5B4134585D206D6C3A- <1> %%str db %1
    22 00006A37 647261776465736B0D- <1>
    22 00006A40 0A00                <1>
    23                              <1> %%skip:
    24                              <1> %if __BITS__ == 32
    25 00006A42 56                  <1>  push esi
    26 00006A43 BE[2E6A0000]        <1>  mov esi, %%str
    27                              <1> %%.loop:
    28 00006A48 AC                  <1>  lodsb
    29 00006A49 08C0                <1>  or al, al
    30 00006A4B 7404                <1>  jz %%.done
    31 00006A4D E6E9                <1>  out 0xE9, al
    32 00006A4F EBF7                <1>  jmp %%.loop
    33                              <1> %%.done:
    34 00006A51 5E                  <1>  pop esi
    35                              <1> %else
    36                              <1>  push si
    37                              <1>  mov si, %%str
    38                              <1> %%.loop:
    39                              <1>  lodsb
    40                              <1>  or al, al
    41                              <1>  jz %%.done
    42                              <1>  out 0xE9, al
    43                              <1>  jmp %%.loop
    44                              <1> %%.done:
    45                              <1>  pop si
    46                              <1> %endif
  8472 00006A52 E82DFEFFFF                  call    redraw_all
  8473                                      dbg_puts "[A4X] ml:redraw", 13, 10, 0
    21 00006A57 EB12                <1>  jmp %%skip
    22 00006A59 5B4134585D206D6C3A- <1> %%str db %1
    22 00006A62 7265647261770D0A00  <1>
    23                              <1> %%skip:
    24                              <1> %if __BITS__ == 32
    25 00006A6B 56                  <1>  push esi
    26 00006A6C BE[596A0000]        <1>  mov esi, %%str
    27                              <1> %%.loop:
    28 00006A71 AC                  <1>  lodsb
    29 00006A72 08C0                <1>  or al, al
    30 00006A74 7404                <1>  jz %%.done
    31 00006A76 E6E9                <1>  out 0xE9, al
    32 00006A78 EBF7                <1>  jmp %%.loop
    33                              <1> %%.done:
    34 00006A7A 5E                  <1>  pop esi
    35                              <1> %else
    36                              <1>  push si
    37                              <1>  mov si, %%str
    38                              <1> %%.loop:
    39                              <1>  lodsb
    40                              <1>  or al, al
    41                              <1>  jz %%.done
    42                              <1>  out 0xE9, al
    43                              <1>  jmp %%.loop
    44                              <1> %%.done:
    45                              <1>  pop si
    46                              <1> %endif
  8474                                      ; Installer progress animation
  8475 00006A7B 50                          push    eax
  8476 00006A7C B061                        mov     al, 'a'
  8477 00006A7E E6E9                        out     0xE9, al
  8478 00006A80 58                          pop     eax
  8479 00006A81 8A1D[43B40000]              mov     bl, [ins_state]
  8480 00006A87 50                          push    eax
  8481 00006A88 B062                        mov     al, 'b'
  8482 00006A8A E6E9                        out     0xE9, al
  8483 00006A8C 58                          pop     eax
  8484 00006A8D 84DB                        test    bl, bl
  8485 00006A8F 0F8450010000                jz      .ml_noins
  8486 00006A95 50                          push    eax
  8487 00006A96 B063                        mov     al, 'c'
  8488 00006A98 E6E9                        out     0xE9, al
  8489 00006A9A 58                          pop     eax
  8490 00006A9B 80FB03                      cmp     bl, 3
  8491 00006A9E 0F8441010000                je      .ml_noins
  8492                                      ; Advance network state machine during download phase (ins_state==1)
  8493 00006AA4 80FB01                      cmp     bl, 1
  8494 00006AA7 7505                        jne     .ml_skip_netdl
  8495 00006AA9 E872DFFFFF                  call    net_download
  8496                                  .ml_skip_netdl:
  8497 00006AAE 66FF05[44B40000]            inc     word [ins_prog_tick]
  8498 00006AB5 66A1[44B40000]              mov     ax, [ins_prog_tick]
  8499 00006ABB 6683F804                    cmp     ax, 4
  8500 00006ABF 0F8C20010000                jl      .ml_noins
  8501 00006AC5 66C705[44B40000]00-         mov     word [ins_prog_tick], 0
  8501 00006ACD 00                 
  8502 00006ACE FE05[42B40000]              inc     byte [ins_prog]
  8503 00006AD4 803D[42B40000]64            cmp     byte [ins_prog], 100
  8504 00006ADB 0F8CEB000000                jl      .ml_redins
  8505 00006AE1 C605[42B40000]64            mov     byte [ins_prog], 100
  8506 00006AE8 80FB01                      cmp     bl, 1
  8507 00006AEB 752B                        jne     .ml_ins_done
  8508                                      ; Download phase: wait for actual download to complete (dl_valid set by net_download)
  8509                                  %ifdef NET_TEST
  8510                                      call    net_test_inject
  8511                                  %endif
  8512 00006AED 803D[31740000]01            cmp     byte [dl_valid], 1
  8513 00006AF4 740F                        je      .ml_dl_done
  8514 00006AF6 803D[31740000]03            cmp     byte [dl_valid], 3
  8515 00006AFD 7406                        je      .ml_dl_done
  8516 00006AFF 0F85C7000000                jne     .ml_redins              ; progress at 100% but download not done, keep waiting
  8517                                  .ml_dl_done:
  8518                                      ; Download complete → start install
  8519 00006B05 C605[43B40000]02            mov     byte [ins_state], 2
  8520                                  %ifdef NET_TEST
  8521                                      mov     byte [ins_prog], 99
  8522                                  %else
  8523 00006B0C C605[42B40000]00            mov     byte [ins_prog], 0
  8524                                  %endif
  8525 00006B13 E9B4000000                  jmp     .ml_redins
  8526                                  .ml_ins_done:
  8527                                      ; Install complete → register exe + create runner
  8528 00006B18 C605[43B40000]03            mov     byte [ins_state], 3
  8529                                      ; Register ludashi.exe in file_table (find free slot)
  8530 00006B1F BF[40B90000]                mov     edi, file_table
  8531 00006B24 B910000000                  mov     ecx, FS_MAXF
  8532                                  .ml_reg_l:
  8533 00006B29 F60700                      test    byte [edi], 0
  8534 00006B2C 740B                        jz      .ml_reg_f
  8535 00006B2E 83C720                      add     edi, FS_SZ
  8536 00006B31 49                          dec     ecx
  8537 00006B32 75F5                        jnz     .ml_reg_l
  8538 00006B34 E993000000                  jmp     .ml_redins
  8539                                  .ml_reg_f:
  8540 00006B39 C7076C756400                mov     dword [edi+0], 'lud'
  8541 00006B3F C7470461736800              mov     dword [edi+4], 'ash'
  8542 00006B46 C747082E657800              mov     dword [edi+8], '.ex'
  8543 00006B4D C7470C65000000              mov     dword [edi+12], 'e'
  8544 00006B54 C6471006                    mov     byte [edi+16], FS_TYPE_FILE_EXE
  8545                                      ; Create runner window
  8546 00006B58 C705[66700000]1000-         mov     dword [CW_HND], WEX
  8546 00006B60 0000               
  8547 00006B62 C705[54700000]5A00-         mov     dword [CW_X], 90
  8547 00006B6A 0000               
  8548 00006B6C C705[58700000]4600-         mov     dword [CW_Y], 70
  8548 00006B74 0000               
  8549 00006B76 C705[5C700000]A000-         mov     dword [CW_W], 160
  8549 00006B7E 0000               
  8550 00006B80 C705[60700000]4000-         mov     dword [CW_H], 64
  8550 00006B88 0000               
  8551 00006B8A C605[64700000]0D            mov     byte [CW_WP], 13
  8552 00006B91 C605[65700000]00            mov     byte [CW_BI], 0
  8553 00006B98 E82D9AFFFF                  call    CreateWindow
  8554 00006B9D C705[66700000]1000-         mov     dword [CW_HND], WEX
  8554 00006BA5 0000               
  8555 00006BA7 C705[6A700000]0100-         mov     dword [CW_MSG], WM_PAINT
  8555 00006BAF 0000               
  8556 00006BB1 E8A39BFFFF                  call    user_dispatch
  8557                                      ; Phase A: initiate real ARP request + load VM bytecode for the EXE
  8558 00006BB6 E8D4D4FFFF                  call    arp_send
  8559 00006BBB C605[47B40000]06            mov     byte [run_prog], 6   ; ludashi.exe = entry 6 in file_table
  8560 00006BC2 E804CDFFFF                  call    exe_load
  8561 00006BC7 E851CFFFFF                  call    exe_run
  8562                                  .ml_redins:
  8563                                      ; Redraw installer
  8564 00006BCC C705[66700000]0F00-         mov     dword [CW_HND], WIN
  8564 00006BD4 0000               
  8565 00006BD6 C705[6A700000]0100-         mov     dword [CW_MSG], WM_PAINT
  8565 00006BDE 0000               
  8566 00006BE0 E8749BFFFF                  call    user_dispatch
  8567                                  .ml_noins:
  8568                                      ; Phase A: per-tick network RX (ARP+IP dispatch) + EXE VM step
  8569 00006BE5 E848E6FFFF                  call    eth_rx
  8570 00006BEA F605[06C10000]01            test    byte [exe_running], 1
  8571 00006BF1 7405                        jz      .ml_noexerun
  8572 00006BF3 E825CFFFFF                  call    exe_run
  8573                                  .ml_noexerun:
  8574 00006BF8 50                          push    eax
  8575 00006BF9 B04E                        mov     al, 'N'
  8576 00006BFB E6E9                        out     0xE9, al
  8577 00006BFD 58                          pop     eax
  8578 00006BFE 50                          push    eax
  8579 00006BFF B045                        mov     al, 'E'
  8580 00006C01 E6E9                        out     0xE9, al
  8581 00006C03 58                          pop     eax
  8582 00006C04 E85797FFFF                  call    gdi_flip
  8583 00006C09 50                          push    eax
  8584 00006C0A B047                        mov     al, 'G'
  8585 00006C0C E6E9                        out     0xE9, al
  8586 00006C0E 58                          pop     eax
  8587 00006C0F 50                          push    eax
  8588 00006C10 B058                        mov     al, 'X'
  8589 00006C12 E6E9                        out     0xE9, al
  8590 00006C14 58                          pop     eax
  8591 00006C15 E86FA6FFFF                  call    draw_icons
  8592 00006C1A 50                          push    eax
  8593 00006C1B B059                        mov     al, 'Y'
  8594 00006C1D E6E9                        out     0xE9, al
  8595 00006C1F 58                          pop     eax
  8596                                  .ml_s:
  8597 00006C20 50                          push    eax
  8598 00006C21 B053                        mov     al, 'S'
  8599 00006C23 E6E9                        out     0xE9, al
  8600 00006C25 58                          pop     eax
  8601 00006C26 A1[D0730000]                mov     eax, [vin_ptr]
  8602 00006C2B 85C0                        test    eax, eax
  8603 00006C2D 0F85FCFCFFFF                jnz     .ml_l
  8604 00006C33 E858A7FFFF                  call    mou_handle
  8605 00006C38 E85EAEFFFF                  call    kbd_scan
  8606                                      ; Cursor blink toggle (every ~32 ticks = 0.32s at 100Hz)
  8607 00006C3D A1[CC730000]                mov     eax, [vtd_t]
  8608 00006C42 C1E805                      shr     eax, 5
  8609 00006C45 2401                        and     al, 1
  8610 00006C47 A2[17740000]                mov     [note_blink], al
  8611 00006C4C BF0B000000                  mov     edi, WSH
  8612 00006C51 6BFF20                      imul    edi, WSZ
  8613 00006C54 81C7[60B40000]              add     edi, wnd_table
  8614 00006C5A 8A5F18                      mov     bl, [edi+24]
  8615 00006C5D 80FB01                      cmp     bl, WS_NORM
  8616 00006C60 0F85C9FCFFFF                jne     .ml_l
  8617                                      ; Keep loop running while download in progress or EXE executing
  8618 00006C66 803D[E3030100]06            cmp     byte [net_dl_state], 6
  8619 00006C6D 0F82BCFCFFFF                jb      .ml_l
  8620 00006C73 F605[06C10000]01            test    byte [exe_running], 1
  8621 00006C7A 0F85AFFCFFFF                jnz     .ml_l
  8622 00006C80 FA                          cli
  8623 00006C81 F4                          hlt
  8624 00006C82 EBFE                        jmp $
  8625 00006C84 5F                          pop     edi
  8626 00006C85 5E                          pop     esi
  8627 00006C86 5A                          pop     edx
  8628 00006C87 59                          pop     ecx
  8629 00006C88 5B                          pop     ebx
  8630 00006C89 58                          pop     eax
  8631 00006C8A C3                          ret
  8632                                  
  8633                                  ; ============================================================================
  8634                                  ; demo_run
  8635                                  ; ============================================================================
  8636                                  demo_run:
  8637 00006C8B 50                          push    eax
  8638 00006C8C 53                          push    ebx
  8639 00006C8D 51                          push    ecx
  8640 00006C8E 52                          push    edx
  8641 00006C8F 56                          push    esi
  8642 00006C90 57                          push    edi
  8643                                      dbg_puts "[A4X] demo:start", 13, 10, 0
    21 00006C91 EB13                <1>  jmp %%skip
    22 00006C93 5B4134585D2064656D- <1> %%str db %1
    22 00006C9C 6F3A73746172740D0A- <1>
    22 00006CA5 00                  <1>
    23                              <1> %%skip:
    24                              <1> %if __BITS__ == 32
    25 00006CA6 56                  <1>  push esi
    26 00006CA7 BE[936C0000]        <1>  mov esi, %%str
    27                              <1> %%.loop:
    28 00006CAC AC                  <1>  lodsb
    29 00006CAD 08C0                <1>  or al, al
    30 00006CAF 7404                <1>  jz %%.done
    31 00006CB1 E6E9                <1>  out 0xE9, al
    32 00006CB3 EBF7                <1>  jmp %%.loop
    33                              <1> %%.done:
    34 00006CB5 5E                  <1>  pop esi
    35                              <1> %else
    36                              <1>  push si
    37                              <1>  mov si, %%str
    38                              <1> %%.loop:
    39                              <1>  lodsb
    40                              <1>  or al, al
    41                              <1>  jz %%.done
    42                              <1>  out 0xE9, al
    43                              <1>  jmp %%.loop
    44                              <1> %%.done:
    45                              <1>  pop si
    46                              <1> %endif
  8644                                      ; draw desktop
  8645 00006CB6 E88AFBFFFF                  call    draw_desktop
  8646                                      dbg_puts "[A4X] demo:desktop", 13, 10, 0
    21 00006CBB EB15                <1>  jmp %%skip
    22 00006CBD 5B4134585D2064656D- <1> %%str db %1
    22 00006CC6 6F3A6465736B746F70- <1>
    22 00006CCF 0D0A00              <1>
    23                              <1> %%skip:
    24                              <1> %if __BITS__ == 32
    25 00006CD2 56                  <1>  push esi
    26 00006CD3 BE[BD6C0000]        <1>  mov esi, %%str
    27                              <1> %%.loop:
    28 00006CD8 AC                  <1>  lodsb
    29 00006CD9 08C0                <1>  or al, al
    30 00006CDB 7404                <1>  jz %%.done
    31 00006CDD E6E9                <1>  out 0xE9, al
    32 00006CDF EBF7                <1>  jmp %%.loop
    33                              <1> %%.done:
    34 00006CE1 5E                  <1>  pop esi
    35                              <1> %else
    36                              <1>  push si
    37                              <1>  mov si, %%str
    38                              <1> %%.loop:
    39                              <1>  lodsb
    40                              <1>  or al, al
    41                              <1>  jz %%.done
    42                              <1>  out 0xE9, al
    43                              <1>  jmp %%.loop
    44                              <1> %%.done:
    45                              <1>  pop si
    46                              <1> %endif
  8647                                      ; create taskbar
  8648 00006CE2 C705[66700000]0000-         mov     dword [CW_HND], WT
  8648 00006CEA 0000               
  8649 00006CEC C705[54700000]0000-         mov     dword [CW_X], 0
  8649 00006CF4 0000               
  8650 00006CF6 C705[58700000]B400-         mov     dword [CW_Y], TBRY
  8650 00006CFE 0000               
  8651 00006D00 C705[5C700000]4001-         mov     dword [CW_W], SW
  8651 00006D08 0000               
  8652 00006D0A C705[60700000]1400-         mov     dword [CW_H], TH2
  8652 00006D12 0000               
  8653 00006D14 C605[64700000]02            mov     byte [CW_WP], 2
  8654 00006D1B C605[65700000]00            mov     byte [CW_BI], 0
  8655 00006D22 E8A398FFFF                  call    CreateWindow
  8656                                      dbg_puts "[A4X] demo:taskbar", 13, 10, 0
    21 00006D27 EB15                <1>  jmp %%skip
    22 00006D29 5B4134585D2064656D- <1> %%str db %1
    22 00006D32 6F3A7461736B626172- <1>
    22 00006D3B 0D0A00              <1>
    23                              <1> %%skip:
    24                              <1> %if __BITS__ == 32
    25 00006D3E 56                  <1>  push esi
    26 00006D3F BE[296D0000]        <1>  mov esi, %%str
    27                              <1> %%.loop:
    28 00006D44 AC                  <1>  lodsb
    29 00006D45 08C0                <1>  or al, al
    30 00006D47 7404                <1>  jz %%.done
    31 00006D49 E6E9                <1>  out 0xE9, al
    32 00006D4B EBF7                <1>  jmp %%.loop
    33                              <1> %%.done:
    34 00006D4D 5E                  <1>  pop esi
    35                              <1> %else
    36                              <1>  push si
    37                              <1>  mov si, %%str
    38                              <1> %%.loop:
    39                              <1>  lodsb
    40                              <1>  or al, al
    41                              <1>  jz %%.done
    42                              <1>  out 0xE9, al
    43                              <1>  jmp %%.loop
    44                              <1> %%.done:
    45                              <1>  pop si
    46                              <1> %endif
  8657                                      ; create start button
  8658 00006D4E C705[66700000]0100-         mov     dword [CW_HND], WB
  8658 00006D56 0000               
  8659 00006D58 C705[54700000]0400-         mov     dword [CW_X], SXT
  8659 00006D60 0000               
  8660 00006D62 C705[58700000]B600-         mov     dword [CW_Y], SYT
  8660 00006D6A 0000               
  8661 00006D6C C705[5C700000]5000-         mov     dword [CW_W], SXX
  8661 00006D74 0000               
  8662 00006D76 C705[60700000]1000-         mov     dword [CW_H], SYX
  8662 00006D7E 0000               
  8663 00006D80 C605[64700000]03            mov     byte [CW_WP], 3
  8664 00006D87 C605[65700000]01            mov     byte [CW_BI], B_ST
  8665 00006D8E E83798FFFF                  call    CreateWindow
  8666                                      dbg_puts "[A4X] demo:startbtn", 13, 10, 0
    21 00006D93 EB16                <1>  jmp %%skip
    22 00006D95 5B4134585D2064656D- <1> %%str db %1
    22 00006D9E 6F3A73746172746274- <1>
    22 00006DA7 6E0D0A00            <1>
    23                              <1> %%skip:
    24                              <1> %if __BITS__ == 32
    25 00006DAB 56                  <1>  push esi
    26 00006DAC BE[956D0000]        <1>  mov esi, %%str
    27                              <1> %%.loop:
    28 00006DB1 AC                  <1>  lodsb
    29 00006DB2 08C0                <1>  or al, al
    30 00006DB4 7404                <1>  jz %%.done
    31 00006DB6 E6E9                <1>  out 0xE9, al
    32 00006DB8 EBF7                <1>  jmp %%.loop
    33                              <1> %%.done:
    34 00006DBA 5E                  <1>  pop esi
    35                              <1> %else
    36                              <1>  push si
    37                              <1>  mov si, %%str
    38                              <1> %%.loop:
    39                              <1>  lodsb
    40                              <1>  or al, al
    41                              <1>  jz %%.done
    42                              <1>  out 0xE9, al
    43                              <1>  jmp %%.loop
    44                              <1> %%.done:
    45                              <1>  pop si
    46                              <1> %endif
  8667                                      ; create app window
  8668 00006DBB C705[66700000]0200-         mov     dword [CW_HND], WA
  8668 00006DC3 0000               
  8669 00006DC5 C705[54700000]2800-         mov     dword [CW_X], WAX
  8669 00006DCD 0000               
  8670 00006DCF C705[58700000]0A00-         mov     dword [CW_Y], WAY
  8670 00006DD7 0000               
  8671 00006DD9 C705[5C700000]F000-         mov     dword [CW_W], WAW
  8671 00006DE1 0000               
  8672 00006DE3 C705[60700000]8200-         mov     dword [CW_H], WAH
  8672 00006DEB 0000               
  8673 00006DED C605[64700000]01            mov     byte [CW_WP], 1
  8674 00006DF4 C605[65700000]00            mov     byte [CW_BI], 0
  8675 00006DFB E8CA97FFFF                  call    CreateWindow
  8676                                      dbg_puts "[A4X] demo:appwnd", 13, 10, 0
    21 00006E00 EB14                <1>  jmp %%skip
    22 00006E02 5B4134585D2064656D- <1> %%str db %1
    22 00006E0B 6F3A617070776E640D- <1>
    22 00006E14 0A00                <1>
    23                              <1> %%skip:
    24                              <1> %if __BITS__ == 32
    25 00006E16 56                  <1>  push esi
    26 00006E17 BE[026E0000]        <1>  mov esi, %%str
    27                              <1> %%.loop:
    28 00006E1C AC                  <1>  lodsb
    29 00006E1D 08C0                <1>  or al, al
    30 00006E1F 7404                <1>  jz %%.done
    31 00006E21 E6E9                <1>  out 0xE9, al
    32 00006E23 EBF7                <1>  jmp %%.loop
    33                              <1> %%.done:
    34 00006E25 5E                  <1>  pop esi
    35                              <1> %else
    36                              <1>  push si
    37                              <1>  mov si, %%str
    38                              <1> %%.loop:
    39                              <1>  lodsb
    40                              <1>  or al, al
    41                              <1>  jz %%.done
    42                              <1>  out 0xE9, al
    43                              <1>  jmp %%.loop
    44                              <1> %%.done:
    45                              <1>  pop si
    46                              <1> %endif
  8677                                      ; create min/max/close buttons
  8678 00006E26 C705[66700000]0400-         mov     dword [CW_HND], WBN
  8678 00006E2E 0000               
  8679 00006E30 C705[54700000]E800-         mov     dword [CW_X], MN2X
  8679 00006E38 0000               
  8680 00006E3A C705[58700000]0C00-         mov     dword [CW_Y], MN2Y
  8680 00006E42 0000               
  8681 00006E44 C705[5C700000]0E00-         mov     dword [CW_W], BS
  8681 00006E4C 0000               
  8682 00006E4E C705[60700000]0E00-         mov     dword [CW_H], BS
  8682 00006E56 0000               
  8683 00006E58 C605[64700000]03            mov     byte [CW_WP], 3
  8684 00006E5F C605[65700000]02            mov     byte [CW_BI], B_MN
  8685 00006E66 E85F97FFFF                  call    CreateWindow
  8686 00006E6B C705[66700000]0500-         mov     dword [CW_HND], WBM
  8686 00006E73 0000               
  8687 00006E75 C705[54700000]F800-         mov     dword [CW_X], MXX
  8687 00006E7D 0000               
  8688 00006E7F C705[58700000]0C00-         mov     dword [CW_Y], MXY
  8688 00006E87 0000               
  8689 00006E89 C705[5C700000]0E00-         mov     dword [CW_W], BS
  8689 00006E91 0000               
  8690 00006E93 C705[60700000]0E00-         mov     dword [CW_H], BS
  8690 00006E9B 0000               
  8691 00006E9D C605[64700000]03            mov     byte [CW_WP], 3
  8692 00006EA4 C605[65700000]03            mov     byte [CW_BI], B_MX
  8693 00006EAB E81A97FFFF                  call    CreateWindow
  8694 00006EB0 C705[66700000]0600-         mov     dword [CW_HND], WBC
  8694 00006EB8 0000               
  8695 00006EBA C705[54700000]0801-         mov     dword [CW_X], CLX
  8695 00006EC2 0000               
  8696 00006EC4 C705[58700000]0C00-         mov     dword [CW_Y], CLY
  8696 00006ECC 0000               
  8697 00006ECE C705[5C700000]0E00-         mov     dword [CW_W], BS
  8697 00006ED6 0000               
  8698 00006ED8 C705[60700000]0E00-         mov     dword [CW_H], BS
  8698 00006EE0 0000               
  8699 00006EE2 C605[64700000]03            mov     byte [CW_WP], 3
  8700 00006EE9 C605[65700000]04            mov     byte [CW_BI], B_CL
  8701 00006EF0 E8D596FFFF                  call    CreateWindow
  8702                                      dbg_puts "[A4X] demo:closebtn", 13, 10, 0
    21 00006EF5 EB16                <1>  jmp %%skip
    22 00006EF7 5B4134585D2064656D- <1> %%str db %1
    22 00006F00 6F3A636C6F73656274- <1>
    22 00006F09 6E0D0A00            <1>
    23                              <1> %%skip:
    24                              <1> %if __BITS__ == 32
    25 00006F0D 56                  <1>  push esi
    26 00006F0E BE[F76E0000]        <1>  mov esi, %%str
    27                              <1> %%.loop:
    28 00006F13 AC                  <1>  lodsb
    29 00006F14 08C0                <1>  or al, al
    30 00006F16 7404                <1>  jz %%.done
    31 00006F18 E6E9                <1>  out 0xE9, al
    32 00006F1A EBF7                <1>  jmp %%.loop
    33                              <1> %%.done:
    34 00006F1C 5E                  <1>  pop esi
    35                              <1> %else
    36                              <1>  push si
    37                              <1>  mov si, %%str
    38                              <1> %%.loop:
    39                              <1>  lodsb
    40                              <1>  or al, al
    41                              <1>  jz %%.done
    42                              <1>  out 0xE9, al
    43                              <1>  jmp %%.loop
    44                              <1> %%.done:
    45                              <1>  pop si
    46                              <1> %endif
  8703                                      ; paint all
  8704                                      dbg_puts "[A4X] demo:beforepaint", 13, 10, 0
    21 00006F1D EB19                <1>  jmp %%skip
    22 00006F1F 5B4134585D2064656D- <1> %%str db %1
    22 00006F28 6F3A6265666F726570- <1>
    22 00006F31 61696E740D0A00      <1>
    23                              <1> %%skip:
    24                              <1> %if __BITS__ == 32
    25 00006F38 56                  <1>  push esi
    26 00006F39 BE[1F6F0000]        <1>  mov esi, %%str
    27                              <1> %%.loop:
    28 00006F3E AC                  <1>  lodsb
    29 00006F3F 08C0                <1>  or al, al
    30 00006F41 7404                <1>  jz %%.done
    31 00006F43 E6E9                <1>  out 0xE9, al
    32 00006F45 EBF7                <1>  jmp %%.loop
    33                              <1> %%.done:
    34 00006F47 5E                  <1>  pop esi
    35                              <1> %else
    36                              <1>  push si
    37                              <1>  mov si, %%str
    38                              <1> %%.loop:
    39                              <1>  lodsb
    40                              <1>  or al, al
    41                              <1>  jz %%.done
    42                              <1>  out 0xE9, al
    43                              <1>  jmp %%.loop
    44                              <1> %%.done:
    45                              <1>  pop si
    46                              <1> %endif
  8705 00006F48 B900000000                  mov     ecx, 0
  8706                                  .dr_p:
  8707 00006F4D 83F906                      cmp     ecx, 6
  8708 00006F50 7D21                        jge     .dr_pd
  8709 00006F52 51                          push    ecx
  8710 00006F53 89C8                        mov     eax, ecx
  8711 00006F55 A3[6C700000]                mov     [DM_HND], eax
  8712 00006F5A C705[70700000]0100-         mov     dword [DM_MSG], WM_PAINT
  8712 00006F62 0000               
  8713 00006F64 E8F097FFFF                  call    user_dispatch
  8714 00006F69 59                          pop     ecx
  8715 00006F6A 50                          push    eax
  8716 00006F6B B050                        mov     al, 'P'
  8717 00006F6D E6E9                        out     0xE9, al
  8718 00006F6F 58                          pop     eax
  8719 00006F70 41                          inc     ecx
  8720 00006F71 EBDA                        jmp     .dr_p
  8721                                  .dr_pd:
  8722 00006F73 E8E893FFFF                  call    gdi_flip
  8723                                      dbg_puts "[A4X] CreateWindow x6", 13, 10, 0
    21 00006F78 EB18                <1>  jmp %%skip
    22 00006F7A 5B4134585D20437265- <1> %%str db %1
    22 00006F83 61746557696E646F77- <1>
    22 00006F8C 2078360D0A00        <1>
    23                              <1> %%skip:
    24                              <1> %if __BITS__ == 32
    25 00006F92 56                  <1>  push esi
    26 00006F93 BE[7A6F0000]        <1>  mov esi, %%str
    27                              <1> %%.loop:
    28 00006F98 AC                  <1>  lodsb
    29 00006F99 08C0                <1>  or al, al
    30 00006F9B 7404                <1>  jz %%.done
    31 00006F9D E6E9                <1>  out 0xE9, al
    32 00006F9F EBF7                <1>  jmp %%.loop
    33                              <1> %%.done:
    34 00006FA1 5E                  <1>  pop esi
    35                              <1> %else
    36                              <1>  push si
    37                              <1>  mov si, %%str
    38                              <1> %%.loop:
    39                              <1>  lodsb
    40                              <1>  or al, al
    41                              <1>  jz %%.done
    42                              <1>  out 0xE9, al
    43                              <1>  jmp %%.loop
    44                              <1> %%.done:
    45                              <1>  pop si
    46                              <1> %endif
  8724 00006FA2 E807BEFFFF                  call    net_init
  8725                                      ; Skip VIN demo wait — jump directly into download phase (ins_state=1, dl reset)
  8726 00006FA7 C605[43B40000]01            mov     byte [ins_state], 1
  8727 00006FAE C605[42B40000]00            mov     byte [ins_prog], 0
  8728 00006FB5 C605[E3030100]00            mov     byte [net_dl_state], 0
  8729 00006FBC C605[20C10000]00            mov     byte [arp_state], 0
  8730 00006FC3 C605[FDC10000]00            mov     byte [tcp_state], 0
  8731 00006FCA C605[4FC20000]00            mov     byte [tcp_rx_state], 0
  8732 00006FD1 C605[31740000]00            mov     byte [dl_valid], 0
  8733 00006FD8 C605[53C20000]FF            mov     byte [nd_last_logged_state], 0xFF  ; force next state log
  8734 00006FDF C605[52C20000]00            mov     byte [nd_tcp_checked], 0
  8735                                      dbg_puts "[A4X] entering net_download phase immediately", 13, 10, 0
    21 00006FE6 EB30                <1>  jmp %%skip
    22 00006FE8 5B4134585D20656E74- <1> %%str db %1
    22 00006FF1 6572696E67206E6574- <1>
    22 00006FFA 5F646F776E6C6F6164- <1>
    22 00007003 20706861736520696D- <1>
    22 0000700C 6D6564696174656C79- <1>
    22 00007015 0D0A00              <1>
    23                              <1> %%skip:
    24                              <1> %if __BITS__ == 32
    25 00007018 56                  <1>  push esi
    26 00007019 BE[E86F0000]        <1>  mov esi, %%str
    27                              <1> %%.loop:
    28 0000701E AC                  <1>  lodsb
    29 0000701F 08C0                <1>  or al, al
    30 00007021 7404                <1>  jz %%.done
    31 00007023 E6E9                <1>  out 0xE9, al
    32 00007025 EBF7                <1>  jmp %%.loop
    33                              <1> %%.done:
    34 00007027 5E                  <1>  pop esi
    35                              <1> %else
    36                              <1>  push si
    37                              <1>  mov si, %%str
    38                              <1> %%.loop:
    39                              <1>  lodsb
    40                              <1>  or al, al
    41                              <1>  jz %%.done
    42                              <1>  out 0xE9, al
    43                              <1>  jmp %%.loop
    44                              <1> %%.done:
    45                              <1>  pop si
    46                              <1> %endif
  8736 00007028 E8C2F2FFFF                  call    vin_load
  8737 0000702D E8C7F8FFFF                  call    main_loop
  8738 00007032 5F                          pop     edi
  8739 00007033 5E                          pop     esi
  8740 00007034 5A                          pop     edx
  8741 00007035 59                          pop     ecx
  8742 00007036 5B                          pop     ebx
  8743 00007037 58                          pop     eax
  8744 00007038 C3                          ret
  8745                                  
  8746                                  ; ============================================================================
  8747                                  ; DATA
  8748                                  ; ============================================================================
  8749 00007039 90<rep 3h>              ALIGN 4
  8750 0000703C 00000000                vd_x          dd 0
  8751 00007040 00000000                vd_y          dd 0
  8752 00007044 00000000                vd_w          dd 0
  8753 00007048 00000000                vd_h          dd 0
  8754 0000704C 00                      vd_ch         db 0
  8755 0000704D 00                      vd_col        db 0
  8756 0000704E 00                      vd_col2       db 0
  8757 0000704F 00000000                vd_str        dd 0
  8758                                  
  8759 00007053 90                      ALIGN 4
  8760 00007054 00000000                CW_X          dd 0
  8761 00007058 00000000                CW_Y          dd 0
  8762 0000705C 00000000                CW_W          dd 0
  8763 00007060 00000000                CW_H          dd 0
  8764 00007064 00                      CW_WP         db 0
  8765 00007065 00                      CW_BI         db 0
  8766 00007066 00000000                CW_HND        dd 0
  8767 0000706A 0000                    CW_MSG        dw 0
  8768                                  
  8769                                  ALIGN 4
  8770 0000706C 00000000                DM_HND        dd 0
  8771 00007070 0000                    DM_MSG        dw 0
  8772 00007072 0000                    DM_WP         dw 0
  8773 00007074 0000                    DM_LP         dw 0
  8774                                  
  8775 00007076 90<rep 2h>              ALIGN 4
  8776 00007078 A0000000                mou_x         dd 160
  8777 0000707C 64000000                mou_y         dd 100
  8778 00007080 00                      mou_lb        db 0
  8779 00007081 00                      mou_rb        db 0
  8780 00007082 00                      mou_bc        db 0
  8781 00007083 00                      mou_byte      db 0
  8782 00007084 00                      mou_xr        db 0
  8783 00007085 00                      mou_yr        db 0
  8784 00007086 00000000                mou_pk        dd 0
  8785                                  
  8786                                  ; ============================================================================
  8787                                  ; PE stub functions (Win32 shims for PE imports)
  8788                                  ; All use stdcall calling convention
  8789                                  ; ============================================================================
  8790                                  
  8791                                  ; ExitProcess(uExitCode)
  8792                                  ; [esp+4] = uExitCode
  8793                                  pe_exec_return:
  8794 0000708A 53                          push    ebx
  8795 0000708B 8B442408                    mov     eax, [esp + 8]          ; uExitCode
  8796 0000708F A3[D6030100]                mov     [pe_exit_code], eax
  8797 00007094 C605[D3030100]00            mov     byte [pe_running], 0
  8798 0000709B 5B                          pop     ebx
  8799 0000709C C20400                      ret     4                       ; pop PE return addr + discard uExitCode
  8800                                  
  8801                                  ; GetModuleHandleA/W(lpModuleName)
  8802                                  ; [esp+4] = lpModuleName
  8803                                  ; Returns 0 (no module concept)
  8804                                  pe_modhandle_stub:
  8805 0000709F 31C0                        xor     eax, eax
  8806 000070A1 C3                          ret
  8807                                  
  8808                                  ; GetTickCount()
  8809                                  ; Returns sys_tick (100Hz)
  8810                                  pe_gettickcount_stub:
  8811 000070A2 A1[DB030100]                mov     eax, [sys_tick]
  8812 000070A7 C3                          ret
  8813                                  
  8814                                  ; Sleep(dwMilliseconds)
  8815                                  ; [esp+4] = dwMilliseconds
  8816                                  ; Sets pe_sleep_ticks, returns immediately
  8817                                  pe_sleep_stub:
  8818 000070A8 50                          push    eax
  8819 000070A9 8B442408                    mov     eax, [esp + 8]
  8820 000070AD 66A3[D4030100]              mov     [pe_sleep_ticks], ax
  8821 000070B3 31C0                        xor     eax, eax
  8822 000070B5 58                          pop     eax
  8823 000070B6 C3                          ret
  8824                                  
  8825                                  ; GetStdHandle(nStdHandle)
  8826                                  ; [esp+4] = nStdHandle
  8827                                  ; Returns 0x1000 (fake handle)
  8828                                  pe_getstdhandle_stub:
  8829 000070B7 B800100000                  mov     eax, 0x1000
  8830 000070BC C3                          ret
  8831                                  
  8832                                  ; WriteFile(hFile, lpBuffer, nBytesToWrite, lpBytesWritten, lpOverlapped)
  8833                                  ; [esp+4]=hFile [esp+8]=lpBuffer [esp+12]=nBytesToWrite [esp+16]=lpBytesWritten
  8834                                  ; Appends lpBuffer content to exe_out, max 63 bytes
  8835                                  pe_writefile_stub:
  8836 000070BD 53                          push    ebx
  8837 000070BE 51                          push    ecx
  8838 000070BF 52                          push    edx
  8839 000070C0 56                          push    esi
  8840 000070C1 57                          push    edi
  8841                                  
  8842 000070C2 8B4C241C                    mov     ecx,  [esp + 28]       ; lpBuffer (param2)
  8843 000070C6 8B542420                    mov     edx,  [esp + 32]       ; nBytesToWrite (param3)
  8844 000070CA 8B5C2424                    mov     ebx,  [esp + 36]       ; lpBytesWritten (param4)
  8845                                  
  8846                                      ; Cap to 63
  8847 000070CE 83FA3F                      cmp     edx, 63
  8848 000070D1 7605                        jbe     .wf_cap_ok
  8849 000070D3 BA3F000000                  mov     edx, 63
  8850                                  .wf_cap_ok:
  8851                                  
  8852                                      ; Check room in exe_out
  8853 000070D8 0FB705[02C10000]            movzx   eax, word [exe_out_len]
  8854 000070DF 01D0                        add     eax, edx
  8855 000070E1 83F83F                      cmp     eax, 63
  8856 000070E4 7604                        jbe     .wf_fit
  8857 000070E6 31D2                        xor     edx, edx                ; no room, write 0 bytes
  8858 000070E8 EB23                        jmp     .wf_writeback
  8859                                  
  8860                                  .wf_fit:
  8861                                      ; Copy lpBuffer -> exe_out[exe_out_len..]
  8862 000070EA 89CE                        mov     esi, ecx
  8863 000070EC BF[C2C00000]                mov     edi, exe_out
  8864 000070F1 0FB705[02C10000]            movzx   eax, word [exe_out_len]
  8865 000070F8 01C7                        add     edi, eax
  8866 000070FA 89D1                        mov     ecx, edx
  8867 000070FC F3A4                        rep     movsb
  8868 000070FE 0FB705[02C10000]            movzx   eax, word [exe_out_len]
  8869 00007105 01D0                        add     eax, edx
  8870 00007107 66A3[02C10000]              mov     [exe_out_len], ax
  8871                                  
  8872                                  .wf_writeback:
  8873 0000710D 85DB                        test    ebx, ebx
  8874 0000710F 7402                        jz      .wf_done
  8875 00007111 8913                        mov     [ebx], edx              ; *lpBytesWritten = bytes written
  8876                                  .wf_done:
  8877 00007113 B801000000                  mov     eax, 1                  ; TRUE
  8878 00007118 5F                          pop     edi
  8879 00007119 5E                          pop     esi
  8880 0000711A 5A                          pop     edx
  8881 0000711B 59                          pop     ecx
  8882 0000711C 5B                          pop     ebx
  8883 0000711D C3                          ret
  8884                                  
  8885                                  ; ReadFile(hFile, lpBuffer, nBytesToRead, lpBytesRead, lpOverlapped)
  8886                                  ; [esp+16]=lpBytesRead
  8887                                  ; No input available, writes 0 to lpBytesRead
  8888                                  pe_readfile_stub:
  8889 0000711E 53                          push    ebx
  8890 0000711F 8B5C2414                    mov     ebx, [esp + 20]       ; lpBytesRead (param4)
  8891 00007123 85DB                        test    ebx, ebx
  8892 00007125 7404                        jz      .rf_done
  8893 00007127 31C0                        xor     eax, eax
  8894 00007129 8903                        mov     [ebx], eax
  8895                                  .rf_done:
  8896 0000712B 5B                          pop     ebx
  8897 0000712C 31C0                        xor     eax, eax
  8898 0000712E C3                          ret
  8899                                  
  8900                                  ; printf(fmt, ...)
  8901                                  ; [esp+4] = fmt
  8902                                  ; Appends fmt string to exe_out
  8903                                  pe_printf_stub:
  8904 0000712F 53                          push    ebx
  8905 00007130 51                          push    ecx
  8906 00007131 52                          push    edx
  8907 00007132 56                          push    esi
  8908 00007133 57                          push    edi
  8909                                  
  8910 00007134 8B742418                    mov     esi, [esp + 24]       ; fmt (param1)
  8911 00007138 BF[C2C00000]                mov     edi, exe_out
  8912 0000713D 0FB705[02C10000]            movzx   eax, word [exe_out_len]
  8913 00007144 01C7                        add     edi, eax
  8914                                  
  8915                                  .printf_loop:
  8916 00007146 AC                          lodsb
  8917 00007147 84C0                        test    al, al
  8918 00007149 7410                        jz      .printf_done
  8919 0000714B 89F9                        mov     ecx, edi
  8920 0000714D 81E9[C2C00000]              sub     ecx, exe_out
  8921 00007153 83F93F                      cmp     ecx, 63
  8922 00007156 7303                        jae     .printf_done
  8923 00007158 AA                          stosb
  8924 00007159 EBEB                        jmp     .printf_loop
  8925                                  
  8926                                  .printf_done:
  8927 0000715B 89F8                        mov     eax, edi
  8928 0000715D 2D[C2C00000]                sub     eax, exe_out
  8929 00007162 66A3[02C10000]              mov     [exe_out_len], ax
  8930 00007168 31C0                        xor     eax, eax                ; return 0
  8931 0000716A 5F                          pop     edi
  8932 0000716B 5E                          pop     esi
  8933 0000716C 5A                          pop     edx
  8934 0000716D 59                          pop     ecx
  8935 0000716E 5B                          pop     ebx
  8936 0000716F C3                          ret
  8937                                  
  8938                                  ; GetProcAddress(hModule, lpProcName)
  8939                                  ; [esp+4]=hModule [esp+8]=lpProcName
  8940                                  ; Searches pe_stub_table for lpProcName, returns stub address
  8941                                  pe_getprocaddr_stub:
  8942 00007170 53                          push    ebx
  8943 00007171 51                          push    ecx
  8944 00007172 52                          push    edx
  8945 00007173 56                          push    esi
  8946 00007174 57                          push    edi
  8947                                  
  8948 00007175 8B74241C                    mov     esi, [esp + 28]       ; lpProcName (param2)
  8949 00007179 BB[CA720000]                mov     ebx, pe_stub_table
  8950 0000717E 31C0                        xor     eax, eax
  8951                                  
  8952                                  .pga_loop:
  8953 00007180 8B4B10                      mov     ecx, [ebx + 16]
  8954 00007183 85C9                        test    ecx, ecx
  8955 00007185 7415                        jz      .pga_done
  8956 00007187 89DF                        mov     edi, ebx
  8957 00007189 B904000000                  mov     ecx, 4
  8958 0000718E F3A6                        repe    cmpsb
  8959 00007190 7505                        jne     .pga_next
  8960 00007192 8B4310                      mov     eax, [ebx + 16]
  8961 00007195 EB05                        jmp     .pga_done
  8962                                  .pga_next:
  8963 00007197 83C314                      add     ebx, 20
  8964 0000719A EBE4                        jmp     .pga_loop
  8965                                  .pga_done:
  8966 0000719C 5F                          pop     edi
  8967 0000719D 5E                          pop     esi
  8968 0000719E 5A                          pop     edx
  8969 0000719F 59                          pop     ecx
  8970 000071A0 5B                          pop     ebx
  8971 000071A1 C3                          ret
  8972                                  
  8973                                  ; ============================================================================
  8974                                  ; pe_dispatch_call: lookup function name in pe_stub_table
  8975                                  ; IN:  esi = function name string pointer
  8976                                  ; OUT: eax = stub address, 0 if not found
  8977                                  ; Clobbers: eax ebx ecx esi edi
  8978                                  ; ============================================================================
  8979                                  pe_dispatch_call:
  8980 000071A2 53                          push    ebx
  8981 000071A3 51                          push    ecx
  8982 000071A4 52                          push    edx
  8983 000071A5 57                          push    edi
  8984                                  
  8985 000071A6 BB[CA720000]                mov     ebx, pe_stub_table
  8986 000071AB 31C0                        xor     eax, eax
  8987                                  
  8988                                  .pdc_loop:
  8989 000071AD 8B4B10                      mov     ecx, [ebx + 16]
  8990 000071B0 85C9                        test    ecx, ecx
  8991 000071B2 741D                        jz      .pdc_done
  8992                                      ; NUL-terminated string compare: incoming name at esi vs stub name at ebx.
  8993                                      ; (Fixed-length compares are wrong: bytes after the NUL in the PE's import
  8994                                      ; name area are arbitrary header data, while stub entries are zero-padded.)
  8995 000071B4 56                          push    esi
  8996 000071B5 89DF                        mov     edi, ebx
  8997                                  .pdc_cmp:
  8998 000071B7 8A06                        mov     al, [esi]
  8999 000071B9 3A07                        cmp     al, [edi]
  9000 000071BB 750E                        jne     .pdc_mismatch
  9001 000071BD 84C0                        test    al, al
  9002 000071BF 7404                        jz      .pdc_found              ; both ended -> full match
  9003 000071C1 46                          inc     esi
  9004 000071C2 47                          inc     edi
  9005 000071C3 EBF2                        jmp     .pdc_cmp
  9006                                  .pdc_found:
  9007 000071C5 5E                          pop     esi
  9008 000071C6 8B4310                      mov     eax, [ebx + 16]
  9009 000071C9 EB06                        jmp     .pdc_done
  9010                                  .pdc_mismatch:
  9011 000071CB 5E                          pop     esi
  9012 000071CC 83C314                      add     ebx, 20
  9013 000071CF EBDC                        jmp     .pdc_loop
  9014                                  .pdc_done:
  9015 000071D1 5F                          pop     edi
  9016 000071D2 5A                          pop     edx
  9017 000071D3 59                          pop     ecx
  9018 000071D4 5B                          pop     ebx
  9019 000071D5 C3                          ret
  9020                                  
  9021                                  ; ============================================================================
  9022                                  ; pe_resolve_imports: walk import table, resolve all imported functions
  9023                                  ; IN:  pe_download_buf, pe_load_base, pe_datadir_off
  9024                                  ; OUT: pe_import_resolved = 1 (success), 0 (unresolved imports)
  9025                                  ;      AL = 1/0
  9026                                  ; ============================================================================
  9027                                  pe_resolve_imports:
  9028 000071D6 53                          push    ebx
  9029 000071D7 51                          push    ecx
  9030 000071D8 52                          push    edx
  9031 000071D9 56                          push    esi
  9032 000071DA 57                          push    edi
  9033                                  
  9034                                      ; DataDirectory[1] = Import Dir at datadir_off + 8
  9035 000071DB 8B35[BE030100]              mov     esi, [pe_datadir_off]
  9036 000071E1 83C608                      add     esi, 8
  9037 000071E4 8BB6[1C080100]              mov     esi, [pe_download_buf + esi]
  9038 000071EA 85F6                        test    esi, esi
  9039 000071EC 747B                        jz      .rim_done_ok
  9040                                  
  9041                                      ; RVA -> file offset (pe_rva_to_fileoff takes the RVA in EAX)
  9042 000071EE 89F0                        mov     eax, esi
  9043 000071F0 E81DC5FFFF                  call    pe_rva_to_fileoff
  9044 000071F5 83F8FF                      cmp     eax, 0xFFFFFFFF
  9045 000071F8 747B                        je      .rim_fail
  9046 000071FA BE[1C080100]                mov     esi, pe_download_buf     ; buffer base (label, NOT [ptr])
  9047 000071FF 01C6                        add     esi, eax                ; ESI -> first IMAGE_IMPORT_DESCRIPTOR
  9048                                  
  9049                                  .rim_import_loop:
  9050 00007201 8B1E                        mov     ebx, [esi]              ; OriginalFirstThunk RVA
  9051 00007203 85DB                        test    ebx, ebx
  9052 00007205 7462                        jz      .rim_done_ok            ; terminator
  9053 00007207 56                          push    esi                     ; save descriptor ptr — ESI is clobbered
  9054                                      ;                               ; by name lookup (pe_dispatch_call/cmpsb)
  9055                                      ;                               ; below, so .rim_next_import must restore it
  9056                                  
  9057                                      ; IAT in memory = pe_load_base + FirstThunk_RVA
  9058 00007208 8B3D[C6030100]              mov     edi, [pe_load_base]
  9059 0000720E 037E10                      add     edi, [esi + 16]         ; EDI -> IAT in memory
  9060                                  
  9061                                      ; thunk source: OriginalFirstThunk if nonzero, else FirstThunk
  9062 00007211 85DB                        test    ebx, ebx
  9063 00007213 7503                        jnz     .rim_has_orig
  9064 00007215 8B5E10                      mov     ebx, [esi + 16]
  9065                                  .rim_has_orig:
  9066                                  
  9067                                      ; thunk source RVA -> file offset (RVA passed in EAX)
  9068 00007218 89D8                        mov     eax, ebx
  9069 0000721A E8F3C4FFFF                  call    pe_rva_to_fileoff
  9070 0000721F 83F8FF                      cmp     eax, 0xFFFFFFFF
  9071 00007222 7450                        je      .rim_fail_pop
  9072 00007224 BB[1C080100]                mov     ebx, pe_download_buf     ; buffer base (label, NOT [ptr])
  9073 00007229 01C3                        add     ebx, eax                ; EBX -> thunks in file
  9074                                  
  9075                                  .rim_thunk_loop:
  9076 0000722B 8B03                        mov     eax, [ebx]
  9077 0000722D 85C0                        test    eax, eax
  9078 0000722F 7432                        jz      .rim_next_import        ; null thunk = end of DLL
  9079                                  
  9080                                      ; ordinal import? skip
  9081 00007231 A900000080                  test    eax, 0x80000000
  9082 00007236 7523                        jnz     .rim_skip_thunk
  9083                                  
  9084                                      ; RVA -> IMAGE_IMPORT_BY_NAME
  9085 00007238 50                          push    eax
  9086 00007239 E8D4C4FFFF                  call    pe_rva_to_fileoff
  9087 0000723E 59                          pop     ecx
  9088 0000723F 83F8FF                      cmp     eax, 0xFFFFFFFF
  9089 00007242 7417                        je      .rim_skip_thunk
  9090 00007244 BE[1C080100]                mov     esi, pe_download_buf     ; buffer base (label, NOT [ptr])
  9091 00007249 01C6                        add     esi, eax
  9092 0000724B 83C602                      add     esi, 2                  ; skip Hint
  9093                                  
  9094                                      ; lookup stub function
  9095 0000724E 57                          push    edi
  9096 0000724F E84EFFFFFF                  call    pe_dispatch_call        ; IN: esi=name, OUT: eax=handler
  9097 00007254 5F                          pop     edi
  9098 00007255 85C0                        test    eax, eax
  9099 00007257 7402                        jz      .rim_skip_thunk         ; not found
  9100                                  
  9101                                      ; write into IAT
  9102 00007259 8907                        mov     [edi], eax
  9103                                  
  9104                                  .rim_skip_thunk:
  9105 0000725B 83C304                      add     ebx, 4
  9106 0000725E 83C704                      add     edi, 4
  9107 00007261 EBC8                        jmp     .rim_thunk_loop
  9108                                  
  9109                                  .rim_next_import:
  9110 00007263 5E                          pop     esi                     ; restore descriptor pointer
  9111 00007264 83C614                      add     esi, 20
  9112 00007267 EB98                        jmp     .rim_import_loop
  9113                                  
  9114                                  .rim_done_ok:
  9115 00007269 C605[D2030100]01            mov     byte [pe_import_resolved], 1
  9116 00007270 B001                        mov     al, 1
  9117 00007272 EB0A                        jmp     .rim_out
  9118                                  
  9119                                  .rim_fail_pop:
  9120 00007274 5E                          pop     esi                     ; balance the push in .rim_import_loop
  9121                                  .rim_fail:
  9122 00007275 C605[D2030100]00            mov     byte [pe_import_resolved], 0
  9123 0000727C 30C0                        xor     al, al
  9124                                  
  9125                                  .rim_out:
  9126 0000727E 5F                          pop     edi
  9127 0000727F 5E                          pop     esi
  9128 00007280 5A                          pop     edx
  9129 00007281 59                          pop     ecx
  9130 00007282 5B                          pop     ebx
  9131 00007283 C3                          ret
  9132                                  
  9133                                  ; ============================================================================
  9134                                  ; pe_exec: 设置 PE 栈帧并跳转到入口点执行
  9135                                  ; IN:  pe_load_base, pe_entry (RVA), pe_running
  9136                                  ; OUT: AL = 1 (成功返回), pe_exit_code 已设置
  9137                                  ;      如果入口点无效，AL = 0, pe_state = 0
  9138                                  ; Clobbers: eax（返回值），其他寄存器通过 pushad 保存
  9139                                  ; ============================================================================
  9140                                  pe_exec:
  9141                                      ; 1. 校验入口点 RVA 有效
  9142 00007284 A1[80030100]                mov     eax, [pe_entry]
  9143 00007289 85C0                        test    eax, eax
  9144 0000728B 7433                        jz      .pe_invalid_entry
  9145 0000728D 3D00000100                  cmp     eax, PE_MAX_SIZE
  9146 00007292 732C                        jae     .pe_invalid_entry
  9147                                  
  9148                                      ; 2. 保存所有上下文
  9149 00007294 60                          pushad
  9150 00007295 1E                          push    ds
  9151 00007296 06                          push    es
  9152                                  
  9153                                      ; 3. 设置 WinMain 参数栈 (stdcall, 从右向左压栈)
  9154 00007297 6A01                        push    1                   ; nCmdShow = SW_SHOWNORMAL
  9155 00007299 6A00                        push    0                   ; lpCmdLine = NULL
  9156 0000729B 6A00                        push    0                   ; hPrevInstance = 0
  9157 0000729D FF35[C6030100]              push    [pe_load_base]      ; hInstance = pe_load_base
  9158                                  
  9159                                      ; 4. 标记运行中
  9160 000072A3 C605[D3030100]01            mov     byte [pe_running], 1
  9161                                  
  9162                                      ; 5. 调用入口点 (地址 = pe_load_base + pe_entry)
  9163 000072AA A1[C6030100]                mov     eax, [pe_load_base]
  9164 000072AF 0305[80030100]              add     eax, [pe_entry]
  9165 000072B5 FFD0                        call    eax
  9166                                  
  9167                                      ; 6. PE 返回（ExitProcess 或 WinMain return）
  9168                                      ;    清理 4 个参数 (stdcall 但这里手动调整以兼容)
  9169 000072B7 83C410                      add     esp, 16
  9170                                  
  9171                                      ; 7. 恢复上下文
  9172 000072BA 07                          pop     es
  9173 000072BB 1F                          pop     ds
  9174 000072BC 61                          popad
  9175                                  
  9176                                      ; 8. 返回成功
  9177 000072BD B001                        mov     al, 1
  9178 000072BF C3                          ret
  9179                                  
  9180                                  .pe_invalid_entry:
  9181 000072C0 C605[7F030100]00            mov     byte [pe_state], 0
  9182 000072C7 30C0                        xor     al, al
  9183 000072C9 C3                          ret
  9184                                  
  9185                                  ; ============================================================================
  9186                                  ; pe_stub_table: function name -> stub address
  9187                                  ; Each entry: name[16] + handler_addr[4] = 20 bytes
  9188                                  ; Terminated by handler=0
  9189                                  ; ============================================================================
  9190                                  pe_stub_table:
  9191 000072CA 4578697450726F6365-         db      "ExitProcess"
  9191 000072D3 7373               
  9192 000072D5 00<rep 5h>                  times   5  db 0
  9193 000072DA [8A700000]                  dd      pe_exec_return
  9194                                  
  9195 000072DE 4765744D6F64756C65-         db      "GetModuleHandleA"
  9195 000072E7 48616E646C6541     
  9196 000072EE 00                          db      0
  9197 000072EF [9F700000]                  dd      pe_modhandle_stub
  9198                                  
  9199 000072F3 4765744D6F64756C65-         db      "GetModuleHandleW"
  9199 000072FC 48616E646C6557     
  9200 00007303 00                          db      0
  9201 00007304 [9F700000]                  dd      pe_modhandle_stub
  9202                                  
  9203 00007308 47657450726F634164-         db      "GetProcAddress"
  9203 00007311 6472657373         
  9204 00007316 00<rep 2h>                  times   2  db 0
  9205 00007318 [70710000]                  dd      pe_getprocaddr_stub
  9206                                  
  9207 0000731C 4765745469636B436F-         db      "GetTickCount"
  9207 00007325 756E74             
  9208 00007328 00<rep 4h>                  times   4  db 0
  9209 0000732C [A2700000]                  dd      pe_gettickcount_stub
  9210                                  
  9211 00007330 536C656570                  db      "Sleep"
  9212 00007335 00<rep Bh>                  times   11 db 0
  9213 00007340 [A8700000]                  dd      pe_sleep_stub
  9214                                  
  9215 00007344 47657453746448616E-         db      "GetStdHandle"
  9215 0000734D 646C65             
  9216 00007350 00<rep 4h>                  times   4  db 0
  9217 00007354 [B7700000]                  dd      pe_getstdhandle_stub
  9218                                  
  9219 00007358 577269746546696C65          db      "WriteFile"
  9220 00007361 00<rep 7h>                  times   7  db 0
  9221 00007368 [BD700000]                  dd      pe_writefile_stub
  9222                                  
  9223 0000736C 5265616446696C65            db      "ReadFile"
  9224 00007374 00<rep 8h>                  times   8  db 0
  9225 0000737C [1E710000]                  dd      pe_readfile_stub
  9226                                  
  9227 00007380 7072696E7466                db      "printf"
  9228 00007386 00<rep Ah>                  times   10 db 0
  9229 00007390 [2F710000]                  dd      pe_printf_stub
  9230                                  
  9231 00007394 00<rep 10h>                 times   16 db 0
  9232 000073A4 00000000                    dd      0
  9233                                  
  9234 000073A8 FFFFFFFF                drag_h        dd -1
  9235 000073AC 00000000                drag_mx       dd 0
  9236 000073B0 00000000                drag_my       dd 0
  9237 000073B4 00000000                menu_vis      dd 0
  9238 000073B8 FFFFFFFF                menu_sel      dd -1
  9239 000073BC 00000000                ctx_vis       dd 0
  9240 000073C0 A0000000                ctx_x         dd 160
  9241 000073C4 64000000                ctx_y         dd 100
  9242 000073C8 00000000                tick_n        dd 0
  9243 000073CC 00000000                vtd_t         dd 0
  9244 000073D0 00000000                vin_ptr       dd 0
  9245 000073D4 00000000                vin_ck        dd 0
  9246 000073D8 00000000                vin_ev        dd 0
  9247 000073DC 00000000                msg_head      dd 0
  9248 000073E0 00000000                msg_tail      dd 0
  9249 000073E4 00000000                msg_count     dd 0
  9250 000073E8 00000000                drag_bx       dd 0
  9251 000073EC 00000000                drag_by       dd 0
  9252 000073F0 00                      clk_h         db 0
  9253 000073F1 00                      clk_m         db 0
  9254 000073F2 30303A303000            clk_str       db "00:00",0
  9255 000073F8 00000000                tb_x          dd 0
  9256 000073FC 00                      prev_lb       db 0
  9257 000073FD 00                      prev_rb       db 0
  9258 000073FE FFFFFFFF                evt_hnd       dd -1
  9259 00007402 0000                    evt_msg       dw 0
  9260 00007404 0000                    evt_wp        dw 0
  9261 00007406 0000                    evt_lp        dw 0
  9262                                  
  9263                                  ; --- keyboard state ---
  9264 00007408 00                      kbd_sc        db 0
  9265 00007409 00                      kbd_ascii     db 0
  9266 0000740A 00                      kbd_shift     db 0
  9267 0000740B 00                      kbd_caps      db 0
  9268 0000740C 00                      kbd_break     db 0
  9269 0000740D FFFFFFFF                kbd_focus     dd -1
  9270 00007411 00                      kbd_have      db 0
  9271                                  ; --- Notepad state ---
  9272 00007412 00                      note_cur_col  db 0
  9273 00007413 00                      note_cur_row  db 0
  9274 00007414 01                      note_dirty    db 1
  9275 00007415 0000                    note_len      dw 0
  9276 00007417 00                      note_blink    db 0
  9277                                  ; --- File browser state ---
  9278 00007418 FF                      fs_cur_dir    db 255    ; current folder index (255 = root)
  9279 00007419 FF                      fs_sel        db 255    ; selected file index
  9280 0000741A 01                      fs_dirty      db 1
  9281                                  ; --- Net state ---
  9282 0000741B FFFFFFFF                net_hnd       dd -1     ; network neighbor handle
  9283 0000741F 0000                    net_tick      dw 0      ; last broadcast tick
  9284                                  ; --- Browser state ---
  9285 00007421 00                      br_page       db 0      ; 0=idle, 1=ludashi, 2=google, 3=report
  9286 00007422 00                      br_dl_click   db 0      ; download button clicked?
  9287                                  ; --- Phase B: hover / dbl-click / downloaded bytecode ---
  9288 00007423 00                      hover_btn     db 0      ; 0=none, B_CL/B_MX/B_MN = hovered title button
  9289 00007424 00000000                dbl_tick      dd 0      ; tick of last title-bar click
  9290 00007428 00                      dbl_hwnd      db 0      ; window ID of last title-bar click
  9291 00007429 00000000                dbl_x         dd 0      ; x of last title-bar click (for proximity check)
  9292 0000742D 00000000                dbl_y         dd 0      ; y of last title-bar click
  9293 00007431 00                      dl_valid      db 0      ; 0 = none, 1 = dl_code raw, 2 = installed to file_table
  9294                                  ; --- EXE contents pool: 16 x 1KB chunks, statically mapped by file index ---
  9295                                  ;   file_contents_pool + i*EXE_CONTENT_CHUNK  <==>  content_off = i*EXE_CONTENT_CHUNK
  9296 00007432 00<rep 4000h>           file_contents_pool times FS_MAX_CONTENTS*EXE_CONTENT_CHUNK db 0
  9297 0000B432 000000000000000000-     file_contents_used db 0,0,0,0, 0,0,0,0, 0,0,0,0, 0,0,0,0  ; 1 = chunk occupied
  9297 0000B43B 00000000000000     
  9298                                  ; --- Installer state ---
  9299 0000B442 00                      ins_prog      db 0      ; 0..100
  9300 0000B443 00                      ins_state     db 0      ; 0=idle,1=dl,2=install,3=done
  9301 0000B444 0000                    ins_prog_tick dw 0
  9302 0000B446 00                      redraw_fs     db 0      ; 1 = file_table changed; force File Explorer repaint next tick
  9303                                  ; --- Runner state ---
  9304 0000B447 00                      run_prog      db 0          ; which exe (file index)
  9305                                  ; --- EXE VM state ---
  9306 0000B448 0000                    exe_pc        dw 0          ; bytecode program counter
  9307 0000B44A 0000                    exe_sp        dw 0          ; stack pointer (index)
  9308 0000B44C 00                      exe_flags     db 0          ; ZF
  9309 0000B44D 00                      exe_done      db 0          ; 1 = VM halted
  9310                                  ; --- NIC state ---
  9311 0000B44E FFFFFFFF                nic_base      dd -1         ; NIC MMIO base
  9312 0000B452 00                      nic_type      db 0          ; 0=none,1=e1000
  9313 0000B453 0000                    nic_ioport    dw 0          ; E1000 I/O port base (BAR1) for reliable register access
  9314 0000B455 00000000                nic_mac_lo    dd 0          ; MAC[0..3]
  9315 0000B459 0000                    nic_mac_hi    dw 0          ; MAC[4..5]
  9316 0000B45B 00000000                pci_dbg_val   dd 0          ; temp for PCI debug output
  9317                                  
  9318 0000B45F 90                      ALIGN 4
  9319 0000B460 00<rep 220h>            wnd_table     times MAXW*WSZ db 0
  9320                                  ALIGN 4
  9321 0000B680 00<rep C0h>             msg_queue     times MAXM*MSZ db 0
  9322                                  ; --- Notepad text buffer (512 bytes) ---
  9323 0000B740 00<rep 200h>            note_text     times 512 db 0
  9324                                  ; --- File table (64 entries × 32 bytes = 2KB) ---
  9325                                  ; Each entry: name[16], type(1), size(4), flags(1), parent(1), pad(7)
  9326 0000B940 00<rep 200h>            file_table    times FS_MAXF*FS_SZ db 0
  9327                                  ; --- Network host table (8 entries × 32 bytes = 256 bytes) ---
  9328 0000BB40 00<rep 100h>            net_hosts     times NET_MAXH*NET_SZ db 0
  9329                                  ; --- EXE VM: code + data + stack buffers ---
  9330 0000BC40 00000000<rep 10h>       exe_stack     times 16 dd 0     ; 64 bytes value stack
  9331 0000BC80 00000000<rep 8h>        exe_cstack    times 8 dd 0      ; 32 bytes call stack
  9332 0000BCA0 00                      exe_csp       db 0
  9333 0000BCA1 00                      exe_zf        db 0
  9334 0000BCA2 00<rep 400h>            exe_code      times EXE_CONTENT_CHUNK db 0     ; bytecode buffer (now 1KB)
  9335 0000C0A2 00<rep 20h>             exe_data      times 32 db 0     ; static data (strings/vars for program)
  9336 0000C0C2 00<rep 40h>             exe_out       times 64 db 0     ; VM console output
  9337 0000C102 0000                    exe_out_len   dw 0
  9338 0000C104 0000                    exe_delay     dw 0              ; remaining delay ticks
  9339 0000C106 00                      exe_running   db 0              ; 1 = VM active
  9340 0000C107 00<rep 11h>             exe_prog_name times 17 db 0     ; exe name copy
  9341                                  ; --- ARP state ---
  9342 0000C118 00000000<rep 2h>        arp_cache     times 2 dd 0      ; 2 MACs (24 bytes)
  9343 0000C120 00                      arp_state     db 0              ; 0=idle,1=req_sent,2=timeout,4=reply,0x40=fail
  9344 0000C121 00<rep 4h>              arp_target_ip times 4 db 0      ; 4 bytes IP
  9345 0000C125 00<rep 6h>              arp_reply_mac times 6 db 0
  9346 0000C12B 00<rep 4h>              arp_reply_ip  times 4 db 0      ; replied gateway IP (for display)
  9347 0000C12F 00000000                arp_timeout   dd 0              ; vtd_t when ARP request was sent
  9348                                  ; --- Network protocol stack ---
  9349 0000C133 00<rep 80h>             net_tx_buf     times 128 db 0    ; outbound Ethernet frame buffer
  9350 0000C1B3 0000                    net_tx_len     dw 0
  9351 0000C1B5 00                      net_send_state db 0              ; 1=sent, 2=no NIC
  9352 0000C1B6 0000                    udp_sport      dw 0
  9353 0000C1B8 0000                    udp_dport      dw 0
  9354 0000C1BA 0000                    udp_len        dw 0
  9355 0000C1BC 00                      udp_rx_state   db 0
  9356 0000C1BD 00<rep 20h>             udp_rx_buf     times 32 db 0
  9357 0000C1DD 00<rep 20h>             udp_tx_buf     times 32 db 0
  9358 0000C1FD 00                      tcp_state      db 0              ; 0=closed,1=SYN_SENT,2=ESTABLISHED
  9359 0000C1FE 00                      tcp_tx_pending_logged db 0       ; 1 = already printed "TX pending" this session (avoid flood)
  9360 0000C1FF 00                      eth_rx_dbg_logged  db 0          ; 1 = already printed eth_rx no-pkt debug
  9361 0000C200 00                      eth_rx_adv_cnt     db 0          ; counter: how many CAPR-advance events we've logged
  9362 0000C201 01000000                tcp_seq        dd 1
  9363 0000C205 00000000                tcp_ack        dd 0
  9364 0000C209 0000                    tcp_sport      dw 0
  9365 0000C20B 0000                    tcp_dport      dw 0
  9366 0000C20D 00                      tcp_psh        db 0
  9367 0000C20E 00<rep 20h>             tcp_rx_buf     times 32 db 0
  9368 0000C22E 00<rep 20h>             tcp_tx_buf     times 32 db 0
  9369 0000C24E 00                      tx_tail        db 0          ; next TX descriptor index (0-7)
  9370 0000C24F 00                      tcp_rx_state   db 0           ; 0=idle,1=data received
  9371 0000C250 0000                    tcp_rx_len     dw 0           ; received payload length
  9372 0000C252 00                      nd_tcp_checked db 0           ; one-time TDH debug check flag
  9373 0000C253 FF                      nd_last_logged_state db 0xFF ; last net_dl_state value printed (0xFF = forces first log)
  9374                                  ; --- NIC ring buffers (RTL8139 TX buffer + 8K RX ring) ---
  9375                                  ; NOTE: QEMU RTL8139 model masks TSAD0 to 64-byte alignment (low 6 bits clear)
  9376                                  ; after TSD0 size write.  NASM's ALIGN directive only aligns within the
  9377                                  ; current section output alignment (usually 16-byte); for guaranteed 256-byte
  9378                                  ; alignment we pad explicitly.
  9379 0000C254 90<rep ACh>             ALIGN 256
  9380 0000C300 000000000000000000-     db 0,0,0,0,0,0,0,0,0,0,0,0,0,0,0,0,0,0,0,0,0,0,0,0,0,0,0,0,0,0,0,0
  9380 0000C309 000000000000000000-
  9380 0000C312 000000000000000000-
  9380 0000C31B 0000000000         
  9381 0000C320 90<rep E0h>             ALIGN 256
  9382 0000C400 00<rep 700h>            rtl8139_tx_buf times 1792 db 0  ; RTL8139 TX buffer (256-byte aligned for QEMU mask safety)
  9383                                  ALIGN 256
  9384 0000CB00 000000000000000000-     db 0,0,0,0,0,0,0,0,0,0,0,0,0,0,0,0,0,0,0,0,0,0,0,0,0,0,0,0,0,0,0,0
  9384 0000CB09 000000000000000000-
  9384 0000CB12 000000000000000000-
  9384 0000CB1B 0000000000         
  9385 0000CB20 90<rep E0h>             ALIGN 256
  9386 0000CC00 00<rep 2000h>           rtl8139_rx_buf times 8192 db 0  ; RTL8139 RX buffer (256-byte aligned, 8KB = RBLEN=00 min size)
  9387                                  ALIGN 16
  9388 0000EC00 00<rep 640h>            nic_rx_data times 1600 db 0; received frame buffer (full MTU 1514 + slack)
  9389                                  ; --- TCP state ---
  9390 0000F240 00<rep 4h>              tcp_dst_ip    times 4 db 0   ; destination IP
  9391 0000F244 00000000                tcp_timeout   dd 0           ; vtd_t when SYN sent (32-bit, matches dword vtd_t)
  9392                                  ; --- DNS state ---
  9393 0000F248 00                      dns_state     db 0           ; 0=idle,1=querying,2=resolved,3=timeout
  9394 0000F249 00<rep 4h>              dns_ip        times 4 db 0   ; resolved IP
  9395 0000F24D 00000000                dns_timeout   dd 0           ; vtd_t when query sent (32-bit, matches dword vtd_t)
  9396 0000F251 00000000                dns_qname     dd 0           ; query name string pointer
  9397 0000F255 00                      udp_state     db 0           ; 0=idle,1=sending
  9398                                  ; --- HTTP state ---
  9399 0000F256 00<rep 100h>            http_buf      times 256 db 0 ; HTTP request/TX buffer
  9400 0000F356 0000                    http_len      dw 0
  9401 0000F358 00000000                http_body     dd 0           ; pointer to body start (in http_rx_buf)
  9402 0000F35C 0000                    http_body_len dw 0
  9403                                  ; --- HTTP RX accumulation (separate from TX http_buf) ---
  9404 0000F35E 00<rep 1000h>           http_rx_buf   times 4096 db 0 ; HTTP response accumulation buffer
  9405 0001035E 0000                    http_rx_len   dw 0           ; accumulated bytes in http_rx_buf
  9406 00010360 00                      http_rx_state db 0           ; 0=idle,1=accumulating,2=complete(headers done),3=body_done
  9407 00010361 0000                    http_hdr_end  dw 0           ; offset in http_rx_buf where body starts (after \r\n\r\n)
  9408 00010363 00000000                http_content_len dd 0        ; Content-Length from HTTP headers (0 = unknown)
  9409                                  ; --- Pre-built HTTP GET request for real network download ---
  9410                                  http_get_req:
  9411 00010367 474554202F61342E65-         db "GET /a4.exe HTTP/1.0", 0x0D, 0x0A, 0x0D, 0x0A
  9411 00010370 786520485454502F31-
  9411 00010379 2E300D0A0D0A       
  9412                                  http_get_req_len equ $ - http_get_req
  9413                                  ; --- PE state ---
  9414 0001037F 00                      pe_state      db 0           ; 0=unparsed,1=valid
  9415 00010380 00000000                pe_entry      dd 0           ; entry point RVA
  9416 00010384 00000000                pe_sections   dd 0           ; section count
  9417 00010388 00000000                pe_optional_size dd 0
  9418 0001038C 00<rep 8h>              pe_section_name times 8 db 0
  9419 00010394 00000000                pe_vsize      dd 0
  9420 00010398 00000000                pe_vaddr      dd 0
  9421 0001039C 00000000                pe_rawsize    dd 0
  9422 000103A0 00000000                pe_rawoff     dd 0
  9423 000103A4 00000000                pe_pCOFF_off      dd 0             ; COFF header offset in PE file (= e_lfanew + 4)
  9424 000103A8 0000                    pe_coff_machine   dw 0             ; COFF Machine field
  9425 000103AA 00000000                pe_baseofcode     dd 0             ; Optional+20
  9426 000103AE 00000000                pe_baseofdata     dd 0             ; Optional+24 (PE32 only)
  9427 000103B2 00000000                pe_imagebase      dd 0             ; Optional+28, PE preferred load base
  9428 000103B6 00000000                pe_sectionalign   dd 0             ; Optional+32
  9429 000103BA 00000000                pe_filealign      dd 0             ; Optional+36
  9430 000103BE 00000000                pe_datadir_off    dd 0             ; DataDirectory offset in PE file (= pe_pCOFF_off + 116)
  9431 000103C2 00000000                pe_sectable_off   dd 0             ; Section Table offset in PE file
  9432 000103C6 00000000                pe_load_base      dd 0             ; actual load base (may != ImageBase)
  9433 000103CA 00000000                pe_reloc_delta    dd 0             ; pe_load_base - pe_imagebase
  9434 000103CE 00000000                pe_rva_end        dd 0             ; pe_load_base + code_size + data_size, safety bound
  9435 000103D2 00                      pe_import_resolved db 0            ; 1=imports resolved
  9436 000103D3 00                      pe_running        db 0             ; 0=stopped, 1=running
  9437 000103D4 0000                    pe_sleep_ticks    dw 0             ; Sleep() pending tick count
  9438 000103D6 00000000                pe_exit_code      dd 0             ; ExitProcess return code
  9439 000103DA 00                      pe_file_index     db 0             ; file_table index for current PE
  9440 000103DB 00000000                sys_tick          dd 0             ; global system tick counter (100Hz)
  9441 000103DF 00000000                ml_debug_cnt      dd 0             ; main_loop iteration counter (debug)
  9442                                  ; --- Download orchestration ---
  9443 000103E3 00                      net_dl_state  db 0           ; 0=idle,1=arp,2=dns,3=tcp,4=http,5=got,6=done
  9444                                  ; --- Local MAC ---
  9445 000103E4 00<rep 6h>              eth_myt_mac   times 6 db 0  ; filled by net_init
  9446                                  ; --- Default bytecode programs (inline null-terminated strings) ---
  9447                                  app_code:
  9448 000103EA 036170702072756E6E-         db 0x03, "app running.", 0       ; PRINT
  9448 000103F3 696E672E00         
  9449 000103F8 00                          db 0x00                            ; HALT
  9450                                  ludashi_code:
  9451 000103F9 035363616E6E696E67-         db 0x03, "Scanning...", 0        ; PRINT
  9451 00010402 2E2E2E00           
  9452 00010406 101E                        db 0x10, 30                       ; DELAY 30 ticks
  9453 00010408 0353797374656D2069-         db 0x03, "System is clean.", 0   ; PRINT
  9453 00010411 7320636C65616E2E00 
  9454 0001041A 00                          db 0x00                            ; HALT
  9455                                  ; --- Phase B: downloaded bytecode buffer (filled by net_download), now 1KB ---
  9456 0001041B 00<rep 400h>            dl_code       times EXE_CONTENT_CHUNK db 0
  9457                                  
  9458                                  ; --- PE download buffer: 64KB, 可容纳小至中等 PE ---
  9459 0001081B 90                      ALIGN 4
  9460 0001081C 00<rep 10000h>          pe_download_buf   times PE_DOWNLOAD_MAX db 0
  9461 0002081C 00000000                pe_download_len   dd 0                ; 实际下载长度（字节）
  9462                                  
  9463                                  ; --- NET_TEST: canned HTTP response with 0xA4 magic + test bytecode ---
  9464                                  %ifdef NET_TEST
  9465                                  test_http_resp:
  9466                                      db "HTTP/1.1 200 OK", 0x0D, 0x0A
  9467                                      db "Content-Length: 19", 0x0D, 0x0A
  9468                                      db 0x0D, 0x0A
  9469                                  test_bc_body:
  9470                                      db BC_MAGIC                              ; 0xA4 magic header
  9471                                      db 0x03, "DL:OK", 0x00                   ; PRINT "DL:OK"
  9472                                      db 0x10, 0x10                            ; DELAY 16 ticks
  9473                                      db 0x03, " VM OK", 0x00                  ; PRINT " VM OK"
  9474                                      db 0x00                                  ; HALT
  9475                                  test_bc_body_len equ $ - test_bc_body
  9476                                  test_http_resp_len equ $ - test_http_resp
  9477                                  %endif
  9478                                  ; --- Browser URL buffer ---
  9479 00020820 00<rep 20h>             br_url        times BR_ADDR db 0
  9480                                  
  9481                                  ; --- strings ---
  9482 00020840 4D532D444F5300          title_t       db "MS-DOS", 0
  9483 00020847 535441525400            start_t       db "START", 0
  9484                                  mnu_t1        equ title_t        ; alias: "MS-DOS"
  9485 0002084D 4E6F746570616400        mnu_t2        db "Notepad", 0
  9486 00020855 46696C65204578706C-     mnu_t3        db "File Explorer", 0
  9486 0002085E 6F72657200         
  9487 00020863 4E6574776F726B00        mnu_t4        db "Network", 0
  9488 0002086B 52656379636C652042-     mnu_t5        db "Recycle Bin", 0
  9488 00020874 696E00             
  9489 00020877 4E65772046696C6500      mnu_t6        db "New File", 0
  9490 00020880 5368757420446F776E-     mnu_t7        db "Shut Down", 0
  9490 00020889 00                 
  9491 0002088A 5265667265736800        ctx_t1        db "Refresh", 0
  9492 00020892 50726F706572746965-     ctx_t2        db "Properties", 0
  9492 0002089B 7300               
  9493 0002089D 4578697400              ctx_t3        db "Exit", 0
  9494                                  title_dos_t   equ title_t        ; alias: "MS-DOS"
  9495                                  title_note_t  equ mnu_t2         ; alias: "Notepad"
  9496 000208A2 41626F757400            title_about_t db "About", 0
  9497 000208A8 57696E646F777300        title_win_t   db "Windows", 0
  9498 000208B0 556E7469746C656400      note_t1       db "Untitled", 0
  9499 000208B9 4D7920436F6D707574-     icon_pc_t     db "My Computer", 0
  9499 000208C2 657200             
  9500 000208C5 52656379636C652042-     icon_rc_t     db "Recycle Bin", 0
  9500 000208CE 696E00             
  9501 000208D1 5800                    btn_close_c   db "X", 0
  9502 000208D3 2D00                    btn_min_c     db "-", 0
  9503 000208D5 4E6574776F726B204E-     net_hdr_t     db "Network Neighbors", 0
  9503 000208DE 65696768626F727300 
  9504 000208E7 31302E302E322E3100      net_ip_t      db "10.0.2.1", 0
  9505                                  fl_hdr_t      equ mnu_t3         ; alias: "File Explorer"
  9506                                  ; Browser
  9507 000208F0 68747470733A2F2F77-     br_addr_t     db "https://www.ludashi.com/pc/download/getDownloadUrl?type=2", 0
  9507 000208F9 77772E6C7564617368-
  9507 00020902 692E636F6D2F70632F-
  9507 0002090B 646F776E6C6F61642F-
  9507 00020914 676574446F776E6C6F-
  9507 0002091D 616455726C3F747970-
  9507 00020926 653D3200           
  9508 0002092A 68747470733A2F2F77-     br_goog_t     db "https://www.google.com/search?q=download", 0
  9508 00020933 77772E676F6F676C65-
  9508 0002093C 2E636F6D2F73656172-
  9508 00020945 63683F713D646F776E-
  9508 0002094E 6C6F616400         
  9509 00020953 61626F75743A726570-     br_rep_t      db "about:report", 0
  9509 0002095C 6F727400           
  9510 00020960 446F776E6C6F616400      br_dlbtn_t    db "Download", 0
  9511 00020969 496E7374616C6C6174-     br_inst_t     db "Installation Complete", 0
  9511 00020972 696F6E20436F6D706C-
  9511 0002097B 65746500           
  9512 0002097F 53797374656D205265-     br_report_t   db "System Report", 0
  9512 00020988 706F727400         
  9513 0002098D 56657273696F6E3A20-     br_ver_t      db "Version: 1.0.0.1", 0
  9513 00020996 312E302E302E3100   
  9514 0002099E 46696C65733A203720-     br_files_t    db "Files: 7 registered", 0
  9514 000209A7 726567697374657265-
  9514 000209B0 6400               
  9515 000209B2 4B65726E656C3A2033-     br_mem_t      db "Kernel: 32KB, RAM FS: 2KB", 0
  9515 000209BB 324B422C2052414D20-
  9515 000209C4 46533A20324B4200   
  9516 000209CC 4E6574776F726B3A20-     br_net_t      db "Network: SLIRP Guest", 0
  9516 000209D5 534C49525020477565-
  9516 000209DE 737400             
  9517 000209E1 5374617475733A2052-     br_status_t   db "Status: Running", 0
  9517 000209EA 756E6E696E6700     
  9518 000209F1 476F6F676C65205365-     br_google_t   db "Google Search Results", 0
  9518 000209FA 617263682052657375-
  9518 00020A03 6C747300           
  9519 00020A07 4C7564617368692044-     br_lud_t      db "Ludashi Download Page", 0
  9519 00020A10 6F776E6C6F61642050-
  9519 00020A19 61676500           
  9520 00020A1D 446F776E6C6F616469-     br_dl_prog_t  db "Downloading...", 0
  9520 00020A26 6E672E2E2E00       
  9521 00020A2C 496E7374616C6C696E-     br_inst_prog_t db "Installing...", 0
  9521 00020A35 672E2E2E00         
  9522 00020A3A 496E7374616C6C6174-     br_done_t     db "Installation Complete!", 0
  9522 00020A43 696F6E20436F6D706C-
  9522 00020A4C 6574652100         
  9523 00020A51 4C7564617368692041-     br_run_t      db "Ludashi Antivirus", 0
  9523 00020A5A 6E7469766972757300 
  9524 00020A63 5363616E6E696E672E-     br_run_stat_t db "Scanning...", 0
  9524 00020A6C 2E2E00             
  9525 00020A6F 53797374656D206973-     br_run_ok_t   db "System is clean.", 0
  9525 00020A78 20636C65616E2E00   
  9526 00020A80 4152503A2050656E64-     arp_stat_t    db "ARP: Pending...", 0
  9526 00020A89 696E672E2E2E00     
  9527 00020A90 4152503A205265706C-     arp_ok_t      db "ARP: Reply OK", 0
  9527 00020A99 79204F4B00         
  9528 00020A9E 4152503A204E6F204E-     arp_fail_t    db "ARP: No NIC", 0
  9528 00020AA7 494300             
  9529 00020AAA 4152503A2054696D65-     arp_tout_t    db "ARP: Timeout", 0
  9529 00020AB3 6F757400           
  9530 00020AB7 6E657766696C652E74-     newfn_t       db "newfile.txt", 0
  9530 00020AC0 787400             
  9531                                  fl_trsh_t     equ icon_rc_t      ; alias: "Recycle Bin"
  9532                                  
  9533                                  ; --- DOS command output strings (stub, no longer used) ---
  9534 00020AC3 00                      dos_out_ver   db "", 0
  9535 00020AC4 00                      dos_out_bad   db "", 0
  9536 00020AC5 00                      dos_prom_t    db "", 0
  9537                                  
  9538                                  ; --- Real AT Set 1 scan code table (unshifted) ---
  9539                                  kbd_at1:
  9540 00020AC6 001B313233343536        db 0,27,'1','2','3','4','5','6'
  9541 00020ACE 373839302D080900        db '7','8','9','0','-',8,9,0
  9542 00020AD6 7177657274797569        db 'q','w','e','r','t','y','u','i'
  9543 00020ADE 6F705B5D0D00            db 'o','p','[',']',13,0
  9544 00020AE4 6173646667686A6B        db 'a','s','d','f','g','h','j','k'
  9545 00020AEC 6C3B2760005C            db 'l',';',39,96,0,92
  9546 00020AF2 7A786376626E6D2C        db 'z','x','c','v','b','n','m',44
  9547 00020AFA 2E2F000020000000        db 46,47,0,0,32,0,0,0
  9548 00020B02 0000000000000000        db 0,0,0,0,0,0,0,0
  9549 00020B0A 0000000000000000        db 0,0,0,0,0,0,0,0
  9550 00020B12 0000000000000000        db 0,0,0,0,0,0,0,0
  9551 00020B1A 0000000000000000        db 0,0,0,0,0,0,0,0
  9552 00020B22 0000000000000000        db 0,0,0,0,0,0,0,0
  9553 00020B2A 0000000000000000        db 0,0,0,0,0,0,0,0
  9554 00020B32 0000000000000000        db 0,0,0,0,0,0,0,0
  9555 00020B3A 0000000000000000        db 0,0,0,0,0,0,0,0
  9556 00020B42 0000000000000000        db 0,0,0,0,0,0,0,0
  9557                                  
  9558                                  ; --- AT Set 1 scan code table (shifted) ---
  9559                                  kbd_at2:
  9560 00020B4A 001B21402324255E        db 0,27,'!','@','#','$','%','^'
  9561 00020B52 262A28295F2B0809        db '&','*','(',')','_','+',8,9
  9562 00020B5A 5157455254595549        db 'Q','W','E','R','T','Y','U','I'
  9563 00020B62 4F507B7D0D00            db 'O','P','{','}',13,0
  9564 00020B68 4153444647484A4B        db 'A','S','D','F','G','H','J','K'
  9565 00020B70 4C3A227E007C            db 'L',':',34,126,0,124
  9566 00020B76 5A584356424E4D3C        db 'Z','X','C','V','B','N','M',60
  9567 00020B7E 3E3F000020000000        db 62,63,0,0,32,0,0,0
  9568 00020B86 0000000000000000        db 0,0,0,0,0,0,0,0
  9569 00020B8E 0000000000000000        db 0,0,0,0,0,0,0,0
  9570 00020B96 0000000000000000        db 0,0,0,0,0,0,0,0
  9571 00020B9E 0000000000000000        db 0,0,0,0,0,0,0,0
  9572 00020BA6 0000000000000000        db 0,0,0,0,0,0,0,0
  9573 00020BAE 0000000000000000        db 0,0,0,0,0,0,0,0
  9574 00020BB6 0000000000000000        db 0,0,0,0,0,0,0,0
  9575 00020BBE 0000000000000000        db 0,0,0,0,0,0,0,0
  9576 00020BC6 0000000000000000        db 0,0,0,0,0,0,0,0
  9577 00020BCE 0000000000000000        db 0,0,0,0,0,0,0,0
  9578 00020BD6 0000000000000000        db 0,0,0,0,0,0,0,0
  9579                                  
  9580                                  ; --- VIN script ---
  9581                                  ; Packed 12-byte event: dw delay, db type, dw x, dw y, db data, db pad[4]
  9582                                  ;   (delay@0, type@2, x@3, y@5, data@7, pad@8..11) — matches VINSZ=12
  9583                                  %macro VINEV 5
  9584                                      dw      %1
  9585                                      db      %2
  9586                                      dw      %3
  9587                                      dw      %4
  9588                                      db      %5, 0, 0, 0, 0
  9589                                  %endmacro
  9590 00020BDE 90<rep 2h>              ALIGN 4
  9591                                  vin_scr:
  9592                                      VINEV 3,   VIN_MM, 40,  186, 0
  9584 00020BE0 0300                <1>  dw %1
  9585 00020BE2 00                  <1>  db %2
  9586 00020BE3 2800                <1>  dw %3
  9587 00020BE5 BA00                <1>  dw %4
  9588 00020BE7 0000000000          <1>  db %5, 0, 0, 0, 0
  9593                                      VINEV 0,   VIN_LD, 40,  186, 0
  9584 00020BEC 0000                <1>  dw %1
  9585 00020BEE 01                  <1>  db %2
  9586 00020BEF 2800                <1>  dw %3
  9587 00020BF1 BA00                <1>  dw %4
  9588 00020BF3 0000000000          <1>  db %5, 0, 0, 0, 0
  9594                                      VINEV 0,   VIN_LU, 40,  186, 0
  9584 00020BF8 0000                <1>  dw %1
  9585 00020BFA 02                  <1>  db %2
  9586 00020BFB 2800                <1>  dw %3
  9587 00020BFD BA00                <1>  dw %4
  9588 00020BFF 0000000000          <1>  db %5, 0, 0, 0, 0
  9595                                      VINEV 8,   VIN_WT, 0,   0,   0
  9584 00020C04 0800                <1>  dw %1
  9585 00020C06 05                  <1>  db %2
  9586 00020C07 0000                <1>  dw %3
  9587 00020C09 0000                <1>  dw %4
  9588 00020C0B 0000000000          <1>  db %5, 0, 0, 0, 0
  9596                                      VINEV 0,   VIN_MM, 50,  130, 0
  9584 00020C10 0000                <1>  dw %1
  9585 00020C12 00                  <1>  db %2
  9586 00020C13 3200                <1>  dw %3
  9587 00020C15 8200                <1>  dw %4
  9588 00020C17 0000000000          <1>  db %5, 0, 0, 0, 0
  9597                                      VINEV 0,   VIN_LD, 50,  130, 0
  9584 00020C1C 0000                <1>  dw %1
  9585 00020C1E 01                  <1>  db %2
  9586 00020C1F 3200                <1>  dw %3
  9587 00020C21 8200                <1>  dw %4
  9588 00020C23 0000000000          <1>  db %5, 0, 0, 0, 0
  9598                                      VINEV 0,   VIN_LU, 50,  130, 0
  9584 00020C28 0000                <1>  dw %1
  9585 00020C2A 02                  <1>  db %2
  9586 00020C2B 3200                <1>  dw %3
  9587 00020C2D 8200                <1>  dw %4
  9588 00020C2F 0000000000          <1>  db %5, 0, 0, 0, 0
  9599                                      VINEV 3,   VIN_WT, 0,   0,   0
  9584 00020C34 0300                <1>  dw %1
  9585 00020C36 05                  <1>  db %2
  9586 00020C37 0000                <1>  dw %3
  9587 00020C39 0000                <1>  dw %4
  9588 00020C3B 0000000000          <1>  db %5, 0, 0, 0, 0
  9600                                      VINEV 0,   VIN_MM, 160, 15,  0
  9584 00020C40 0000                <1>  dw %1
  9585 00020C42 00                  <1>  db %2
  9586 00020C43 A000                <1>  dw %3
  9587 00020C45 0F00                <1>  dw %4
  9588 00020C47 0000000000          <1>  db %5, 0, 0, 0, 0
  9601                                      VINEV 0,   VIN_LD, 160, 15,  0
  9584 00020C4C 0000                <1>  dw %1
  9585 00020C4E 01                  <1>  db %2
  9586 00020C4F A000                <1>  dw %3
  9587 00020C51 0F00                <1>  dw %4
  9588 00020C53 0000000000          <1>  db %5, 0, 0, 0, 0
  9602                                      VINEV 0,   VIN_MM, 180, 40,  0
  9584 00020C58 0000                <1>  dw %1
  9585 00020C5A 00                  <1>  db %2
  9586 00020C5B B400                <1>  dw %3
  9587 00020C5D 2800                <1>  dw %4
  9588 00020C5F 0000000000          <1>  db %5, 0, 0, 0, 0
  9603                                      VINEV 0,   VIN_LU, 180, 40,  0
  9584 00020C64 0000                <1>  dw %1
  9585 00020C66 02                  <1>  db %2
  9586 00020C67 B400                <1>  dw %3
  9587 00020C69 2800                <1>  dw %4
  9588 00020C6B 0000000000          <1>  db %5, 0, 0, 0, 0
  9604                                      VINEV 3,   VIN_WT, 0,   0,   0
  9584 00020C70 0300                <1>  dw %1
  9585 00020C72 05                  <1>  db %2
  9586 00020C73 0000                <1>  dw %3
  9587 00020C75 0000                <1>  dw %4
  9588 00020C77 0000000000          <1>  db %5, 0, 0, 0, 0
  9605                                      VINEV 0,   VIN_MM, 160, 100, 0
  9584 00020C7C 0000                <1>  dw %1
  9585 00020C7E 00                  <1>  db %2
  9586 00020C7F A000                <1>  dw %3
  9587 00020C81 6400                <1>  dw %4
  9588 00020C83 0000000000          <1>  db %5, 0, 0, 0, 0
  9606                                      VINEV 0,   VIN_RD, 160, 100, 0
  9584 00020C88 0000                <1>  dw %1
  9585 00020C8A 03                  <1>  db %2
  9586 00020C8B A000                <1>  dw %3
  9587 00020C8D 6400                <1>  dw %4
  9588 00020C8F 0000000000          <1>  db %5, 0, 0, 0, 0
  9607                                      VINEV 0,   VIN_RU, 160, 100, 0
  9584 00020C94 0000                <1>  dw %1
  9585 00020C96 04                  <1>  db %2
  9586 00020C97 A000                <1>  dw %3
  9587 00020C99 6400                <1>  dw %4
  9588 00020C9B 0000000000          <1>  db %5, 0, 0, 0, 0
  9608                                      VINEV 3,   VIN_WT, 0,   0,   0
  9584 00020CA0 0300                <1>  dw %1
  9585 00020CA2 05                  <1>  db %2
  9586 00020CA3 0000                <1>  dw %3
  9587 00020CA5 0000                <1>  dw %4
  9588 00020CA7 0000000000          <1>  db %5, 0, 0, 0, 0
  9609                                      VINEV 0,   VIN_MM, 219, 19,  0
  9584 00020CAC 0000                <1>  dw %1
  9585 00020CAE 00                  <1>  db %2
  9586 00020CAF DB00                <1>  dw %3
  9587 00020CB1 1300                <1>  dw %4
  9588 00020CB3 0000000000          <1>  db %5, 0, 0, 0, 0
  9610                                      VINEV 0,   VIN_LD, 219, 19,  0
  9584 00020CB8 0000                <1>  dw %1
  9585 00020CBA 01                  <1>  db %2
  9586 00020CBB DB00                <1>  dw %3
  9587 00020CBD 1300                <1>  dw %4
  9588 00020CBF 0000000000          <1>  db %5, 0, 0, 0, 0
  9611                                      VINEV 0,   VIN_LU, 219, 19,  0
  9584 00020CC4 0000                <1>  dw %1
  9585 00020CC6 02                  <1>  db %2
  9586 00020CC7 DB00                <1>  dw %3
  9587 00020CC9 1300                <1>  dw %4
  9588 00020CCB 0000000000          <1>  db %5, 0, 0, 0, 0
  9612                                      VINEV 6,   VIN_WT, 0,   0,   0
  9584 00020CD0 0600                <1>  dw %1
  9585 00020CD2 05                  <1>  db %2
  9586 00020CD3 0000                <1>  dw %3
  9587 00020CD5 0000                <1>  dw %4
  9588 00020CD7 0000000000          <1>  db %5, 0, 0, 0, 0
  9613                                      VINEV 0,   VIN_EN, 0,   0,   0
  9584 00020CDC 0000                <1>  dw %1
  9585 00020CDE 06                  <1>  db %2
  9586 00020CDF 0000                <1>  dw %3
  9587 00020CE1 0000                <1>  dw %4
  9588 00020CE3 0000000000          <1>  db %5, 0, 0, 0, 0
  9614                                  
  9615                                  ; ============================================================================
  9616                                  ; GDT + IDT
  9617                                  ; ============================================================================
  9618                                  ALIGN 8
  9619                                  gdt_data:
  9620                                      gdt_entry 0, 0, 0, 0                              ; null  (0x00)
    46 00020CE8 0000                <1>  dw (%2) & 0xFFFF
    47 00020CEA 0000                <1>  dw (%1) & 0xFFFF
    48 00020CEC 00                  <1>  db ((%1) >> 16) & 0xFF
    49 00020CED 00                  <1>  db (%3) & 0xFF
    50 00020CEE 00                  <1>  db (((%2) >> 16) & 0x0F) | ((%4) & 0xF0)
    51 00020CEF 00                  <1>  db ((%1) >> 24) & 0xFF
  9621                                      gdt_entry 0, 0xFFFFF, ACCESS_RING0_CODE, FLAG_4K_32BIT  ; code  (0x08)
    46 00020CF0 FFFF                <1>  dw (%2) & 0xFFFF
    47 00020CF2 0000                <1>  dw (%1) & 0xFFFF
    48 00020CF4 00                  <1>  db ((%1) >> 16) & 0xFF
    49 00020CF5 9A                  <1>  db (%3) & 0xFF
    50 00020CF6 CF                  <1>  db (((%2) >> 16) & 0x0F) | ((%4) & 0xF0)
    51 00020CF7 00                  <1>  db ((%1) >> 24) & 0xFF
  9622                                      gdt_entry 0, 0xFFFFF, ACCESS_RING0_DATA, FLAG_4K_32BIT  ; data  (0x10)
    46 00020CF8 FFFF                <1>  dw (%2) & 0xFFFF
    47 00020CFA 0000                <1>  dw (%1) & 0xFFFF
    48 00020CFC 00                  <1>  db ((%1) >> 16) & 0xFF
    49 00020CFD 92                  <1>  db (%3) & 0xFF
    50 00020CFE CF                  <1>  db (((%2) >> 16) & 0x0F) | ((%4) & 0xF0)
    51 00020CFF 00                  <1>  db ((%1) >> 24) & 0xFF
  9623                                      gdt_entry 0xA0000, 0xFFFFF, ACCESS_RING0_DATA, FLAG_4K_32BIT ; VGA   (0x18)
    46 00020D00 FFFF                <1>  dw (%2) & 0xFFFF
    47 00020D02 0000                <1>  dw (%1) & 0xFFFF
    48 00020D04 0A                  <1>  db ((%1) >> 16) & 0xFF
    49 00020D05 92                  <1>  db (%3) & 0xFF
    50 00020D06 CF                  <1>  db (((%2) >> 16) & 0x0F) | ((%4) & 0xF0)
    51 00020D07 00                  <1>  db ((%1) >> 24) & 0xFF
  9624                                  gdt_data_end_local:
  9625                                  gdt_desc_local:
  9626 00020D08 1F00                        dw      gdt_data_end_local - gdt_data - 1
  9627 00020D0A [E80C0200]                  dd      gdt_data
  9628                                  
  9629 00020D0E 90<rep 2h>              ALIGN 4
  9630 00020D10 00<rep 180h>            idt_table     times 0x30*8 db 0    ; 48 entries (vectors 0-0x2F, covers IRQ0-15 remapped)
  9631                                  idt_desc_local:
  9632 00020E90 7F01                        dw      0x30*8 - 1
  9633 00020E92 [100D0200]                  dd      idt_table
  9634                                  
  9635                                  ; palette source table (64 entries * 3 bytes RGB, 0-63 each)
  9636                                  pal_src:
  9637                                      ; 0 black
  9638 00020E96 000000                      db 0,0,0
  9639                                      ; 1 white
  9640 00020E99 3F3F3F                      db 63,63,63
  9641                                      ; 2 gray
  9642 00020E9C 2C2C2C                      db 44,44,44
  9643                                      ; 3 navy 0
  9644 00020E9F 05051E                      db 5,5,30
  9645                                      ; 4 navy 1
  9646 00020EA2 0A0C2D                      db 10,12,45
  9647                                      ; 5 client
  9648 00020EA5 3A3A3A                      db 58,58,58
  9649                                      ; 6 dark
  9650 00020EA8 141414                      db 20,20,20
  9651                                      ; 7 light
  9652 00020EAB 323232                      db 50,50,50
  9653                                      ; 8 red close
  9654 00020EAE 320808                      db 50,8,8
  9655                                      ; 9 green max
  9656 00020EB1 082808                      db 8,40,8
  9657                                      ; 10 yellow min
  9658 00020EB4 282305                      db 40,35,5
  9659                                      ; 11 menu bg
  9660 00020EB7 303030                      db 48,48,48
  9661                                      ; 12-31 gray 40
  9662 00020EBA 28<rep 3Ch>                 times 20*3 db 40
  9663                                      ; 32-63 blue gradient (top deep blue -> bottom bright blue/cyan)
  9664                                  %assign _j 0
  9665                                  %rep 32
  9666                                      db 0, (_j*50/31), (30 + _j*33/31)
  9667                                  %assign _j _j+1
  9668                                  %endrep
  9666 00020EF6 00001E              <1>  db 0, (_j*50/31), (30 + _j*33/31)
  9667                              <1> %assign _j _j+1
  9666 00020EF9 00011F              <1>  db 0, (_j*50/31), (30 + _j*33/31)
  9667                              <1> %assign _j _j+1
  9666 00020EFC 000320              <1>  db 0, (_j*50/31), (30 + _j*33/31)
  9667                              <1> %assign _j _j+1
  9666 00020EFF 000421              <1>  db 0, (_j*50/31), (30 + _j*33/31)
  9667                              <1> %assign _j _j+1
  9666 00020F02 000622              <1>  db 0, (_j*50/31), (30 + _j*33/31)
  9667                              <1> %assign _j _j+1
  9666 00020F05 000823              <1>  db 0, (_j*50/31), (30 + _j*33/31)
  9667                              <1> %assign _j _j+1
  9666 00020F08 000924              <1>  db 0, (_j*50/31), (30 + _j*33/31)
  9667                              <1> %assign _j _j+1
  9666 00020F0B 000B25              <1>  db 0, (_j*50/31), (30 + _j*33/31)
  9667                              <1> %assign _j _j+1
  9666 00020F0E 000C26              <1>  db 0, (_j*50/31), (30 + _j*33/31)
  9667                              <1> %assign _j _j+1
  9666 00020F11 000E27              <1>  db 0, (_j*50/31), (30 + _j*33/31)
  9667                              <1> %assign _j _j+1
  9666 00020F14 001028              <1>  db 0, (_j*50/31), (30 + _j*33/31)
  9667                              <1> %assign _j _j+1
  9666 00020F17 001129              <1>  db 0, (_j*50/31), (30 + _j*33/31)
  9667                              <1> %assign _j _j+1
  9666 00020F1A 00132A              <1>  db 0, (_j*50/31), (30 + _j*33/31)
  9667                              <1> %assign _j _j+1
  9666 00020F1D 00142B              <1>  db 0, (_j*50/31), (30 + _j*33/31)
  9667                              <1> %assign _j _j+1
  9666 00020F20 00162C              <1>  db 0, (_j*50/31), (30 + _j*33/31)
  9667                              <1> %assign _j _j+1
  9666 00020F23 00182D              <1>  db 0, (_j*50/31), (30 + _j*33/31)
  9667                              <1> %assign _j _j+1
  9666 00020F26 00192F              <1>  db 0, (_j*50/31), (30 + _j*33/31)
  9667                              <1> %assign _j _j+1
  9666 00020F29 001B30              <1>  db 0, (_j*50/31), (30 + _j*33/31)
  9667                              <1> %assign _j _j+1
  9666 00020F2C 001D31              <1>  db 0, (_j*50/31), (30 + _j*33/31)
  9667                              <1> %assign _j _j+1
  9666 00020F2F 001E32              <1>  db 0, (_j*50/31), (30 + _j*33/31)
  9667                              <1> %assign _j _j+1
  9666 00020F32 002033              <1>  db 0, (_j*50/31), (30 + _j*33/31)
  9667                              <1> %assign _j _j+1
  9666 00020F35 002134              <1>  db 0, (_j*50/31), (30 + _j*33/31)
  9667                              <1> %assign _j _j+1
  9666 00020F38 002335              <1>  db 0, (_j*50/31), (30 + _j*33/31)
  9667                              <1> %assign _j _j+1
  9666 00020F3B 002536              <1>  db 0, (_j*50/31), (30 + _j*33/31)
  9667                              <1> %assign _j _j+1
  9666 00020F3E 002637              <1>  db 0, (_j*50/31), (30 + _j*33/31)
  9667                              <1> %assign _j _j+1
  9666 00020F41 002838              <1>  db 0, (_j*50/31), (30 + _j*33/31)
  9667                              <1> %assign _j _j+1
  9666 00020F44 002939              <1>  db 0, (_j*50/31), (30 + _j*33/31)
  9667                              <1> %assign _j _j+1
  9666 00020F47 002B3A              <1>  db 0, (_j*50/31), (30 + _j*33/31)
  9667                              <1> %assign _j _j+1
  9666 00020F4A 002D3B              <1>  db 0, (_j*50/31), (30 + _j*33/31)
  9667                              <1> %assign _j _j+1
  9666 00020F4D 002E3C              <1>  db 0, (_j*50/31), (30 + _j*33/31)
  9667                              <1> %assign _j _j+1
  9666 00020F50 00303D              <1>  db 0, (_j*50/31), (30 + _j*33/31)
  9667                              <1> %assign _j _j+1
  9666 00020F53 00323F              <1>  db 0, (_j*50/31), (30 + _j*33/31)
  9667                              <1> %assign _j _j+1
  9669                                  
  9670                                  ; font
  9671                                  %include "common/font8x8.inc"
     1                              <1> ; ============================================================================
     2                              <1> ; font8x8.inc — Complete 8x8 bitmap font for ASCII 0x00..0x7E (shared)
     3                              <1> ; ----------------------------------------------------------------------------
     4                              <1> ;  Layout: 8 bytes per glyph, one byte per scanline, bit 7 = leftmost pixel.
     5                              <1> ;  The table is indexed by the RAW ASCII code (entries 0x00..0x1F are blank
     6                              <1> ;  padding), so a renderer must do  FONT + ch*8  with NO 0x20 bias.
     7                              <1> ;
     8                              <1> ;  Usage:  %include "common/font8x8.inc"   then reference the label FONT.
     9                              <1> ; ============================================================================
    10                              <1> 
    11                              <1> FONT:
    12 00020F56 00<rep 100h>        <1>     times 0x20 * 8 db 0                              ; 0x00..0x1F control (blank)
    13                              <1> 
    14 00021056 0000000000000000    <1>     db 0x00,0x00,0x00,0x00,0x00,0x00,0x00,0x00       ; 0x20 ' '
    15 0002105E 1818181818001800    <1>     db 0x18,0x18,0x18,0x18,0x18,0x00,0x18,0x00       ; 0x21 '!'
    16 00021066 6C6C480000000000    <1>     db 0x6C,0x6C,0x48,0x00,0x00,0x00,0x00,0x00       ; 0x22 '"'
    17 0002106E 6C6CFE6CFE6C6C00    <1>     db 0x6C,0x6C,0xFE,0x6C,0xFE,0x6C,0x6C,0x00       ; 0x23 '#'
    18 00021076 183E603C067C1800    <1>     db 0x18,0x3E,0x60,0x3C,0x06,0x7C,0x18,0x00       ; 0x24 '$'
    19 0002107E 00C6CC183066C600    <1>     db 0x00,0xC6,0xCC,0x18,0x30,0x66,0xC6,0x00       ; 0x25 '%'
    20 00021086 386C3876DCCC7600    <1>     db 0x38,0x6C,0x38,0x76,0xDC,0xCC,0x76,0x00       ; 0x26 '&'
    21 0002108E 1818300000000000    <1>     db 0x18,0x18,0x30,0x00,0x00,0x00,0x00,0x00       ; 0x27 '\''
    22 00021096 0C18303030180C00    <1>     db 0x0C,0x18,0x30,0x30,0x30,0x18,0x0C,0x00       ; 0x28 '('
    23 0002109E 30180C0C0C183000    <1>     db 0x30,0x18,0x0C,0x0C,0x0C,0x18,0x30,0x00       ; 0x29 ')'
    24 000210A6 00663CFF3C660000    <1>     db 0x00,0x66,0x3C,0xFF,0x3C,0x66,0x00,0x00       ; 0x2A '*'
    25 000210AE 0018187E18180000    <1>     db 0x00,0x18,0x18,0x7E,0x18,0x18,0x00,0x00       ; 0x2B '+'
    26 000210B6 0000000000181830    <1>     db 0x00,0x00,0x00,0x00,0x00,0x18,0x18,0x30       ; 0x2C ','
    27 000210BE 0000007E00000000    <1>     db 0x00,0x00,0x00,0x7E,0x00,0x00,0x00,0x00       ; 0x2D '-'
    28 000210C6 0000000000181800    <1>     db 0x00,0x00,0x00,0x00,0x00,0x18,0x18,0x00       ; 0x2E '.'
    29 000210CE 060C183060C08000    <1>     db 0x06,0x0C,0x18,0x30,0x60,0xC0,0x80,0x00       ; 0x2F '/'
    30                              <1> 
    31 000210D6 7CC6CED6E6C67C00    <1>     db 0x7C,0xC6,0xCE,0xD6,0xE6,0xC6,0x7C,0x00       ; 0x30 '0'
    32 000210DE 1838181818187E00    <1>     db 0x18,0x38,0x18,0x18,0x18,0x18,0x7E,0x00       ; 0x31 '1'
    33 000210E6 7CC6061C3066FE00    <1>     db 0x7C,0xC6,0x06,0x1C,0x30,0x66,0xFE,0x00       ; 0x32 '2'
    34 000210EE 7CC6063C06C67C00    <1>     db 0x7C,0xC6,0x06,0x3C,0x06,0xC6,0x7C,0x00       ; 0x33 '3'
    35 000210F6 1C3C6CCCFE0C1E00    <1>     db 0x1C,0x3C,0x6C,0xCC,0xFE,0x0C,0x1E,0x00       ; 0x34 '4'
    36 000210FE FEC0C0FC06C67C00    <1>     db 0xFE,0xC0,0xC0,0xFC,0x06,0xC6,0x7C,0x00       ; 0x35 '5'
    37 00021106 3860C0FCC6C67C00    <1>     db 0x38,0x60,0xC0,0xFC,0xC6,0xC6,0x7C,0x00       ; 0x36 '6'
    38 0002110E FEC60C1830303000    <1>     db 0xFE,0xC6,0x0C,0x18,0x30,0x30,0x30,0x00       ; 0x37 '7'
    39 00021116 7CC6C67CC6C67C00    <1>     db 0x7C,0xC6,0xC6,0x7C,0xC6,0xC6,0x7C,0x00       ; 0x38 '8'
    40 0002111E 7CC6C67E060C7800    <1>     db 0x7C,0xC6,0xC6,0x7E,0x06,0x0C,0x78,0x00       ; 0x39 '9'
    41 00021126 0018180000181800    <1>     db 0x00,0x18,0x18,0x00,0x00,0x18,0x18,0x00       ; 0x3A ':'
    42 0002112E 0018180000181830    <1>     db 0x00,0x18,0x18,0x00,0x00,0x18,0x18,0x30       ; 0x3B ';'
    43 00021136 0C18306030180C00    <1>     db 0x0C,0x18,0x30,0x60,0x30,0x18,0x0C,0x00       ; 0x3C '<'
    44 0002113E 00007E007E000000    <1>     db 0x00,0x00,0x7E,0x00,0x7E,0x00,0x00,0x00       ; 0x3D '='
    45 00021146 6030180C18306000    <1>     db 0x60,0x30,0x18,0x0C,0x18,0x30,0x60,0x00       ; 0x3E '>'
    46 0002114E 7CC60C1818001800    <1>     db 0x7C,0xC6,0x0C,0x18,0x18,0x00,0x18,0x00       ; 0x3F '?'
    47                              <1> 
    48 00021156 7CC6DEDEDEC07800    <1>     db 0x7C,0xC6,0xDE,0xDE,0xDE,0xC0,0x78,0x00       ; 0x40 '@'
    49 0002115E 386CC6C6FEC6C600    <1>     db 0x38,0x6C,0xC6,0xC6,0xFE,0xC6,0xC6,0x00       ; 0x41 'A'
    50 00021166 FC66667C6666FC00    <1>     db 0xFC,0x66,0x66,0x7C,0x66,0x66,0xFC,0x00       ; 0x42 'B'
    51 0002116E 3C66C0C0C0663C00    <1>     db 0x3C,0x66,0xC0,0xC0,0xC0,0x66,0x3C,0x00       ; 0x43 'C'
    52 00021176 F86C6666666CF800    <1>     db 0xF8,0x6C,0x66,0x66,0x66,0x6C,0xF8,0x00       ; 0x44 'D'
    53 0002117E FE6268786862FE00    <1>     db 0xFE,0x62,0x68,0x78,0x68,0x62,0xFE,0x00       ; 0x45 'E'
    54 00021186 FE6268786860F000    <1>     db 0xFE,0x62,0x68,0x78,0x68,0x60,0xF0,0x00       ; 0x46 'F'
    55 0002118E 3C66C0C0CE663E00    <1>     db 0x3C,0x66,0xC0,0xC0,0xCE,0x66,0x3E,0x00       ; 0x47 'G'
    56 00021196 C6C6C6FEC6C6C600    <1>     db 0xC6,0xC6,0xC6,0xFE,0xC6,0xC6,0xC6,0x00       ; 0x48 'H'
    57 0002119E 3C18181818183C00    <1>     db 0x3C,0x18,0x18,0x18,0x18,0x18,0x3C,0x00       ; 0x49 'I'
    58 000211A6 1E0C0C0CCCCC7800    <1>     db 0x1E,0x0C,0x0C,0x0C,0xCC,0xCC,0x78,0x00       ; 0x4A 'J'
    59 000211AE E6666C786C66E600    <1>     db 0xE6,0x66,0x6C,0x78,0x6C,0x66,0xE6,0x00       ; 0x4B 'K'
    60 000211B6 F06060606266FE00    <1>     db 0xF0,0x60,0x60,0x60,0x62,0x66,0xFE,0x00       ; 0x4C 'L'
    61 000211BE C6EEFEFED6C6C600    <1>     db 0xC6,0xEE,0xFE,0xFE,0xD6,0xC6,0xC6,0x00       ; 0x4D 'M'
    62 000211C6 C6E6F6DECEC6C600    <1>     db 0xC6,0xE6,0xF6,0xDE,0xCE,0xC6,0xC6,0x00       ; 0x4E 'N'
    63 000211CE 7CC6C6C6C6C67C00    <1>     db 0x7C,0xC6,0xC6,0xC6,0xC6,0xC6,0x7C,0x00       ; 0x4F 'O'
    64                              <1> 
    65 000211D6 FC66667C6060F000    <1>     db 0xFC,0x66,0x66,0x7C,0x60,0x60,0xF0,0x00       ; 0x50 'P'
    66 000211DE 7CC6C6C6D6DE7C06    <1>     db 0x7C,0xC6,0xC6,0xC6,0xD6,0xDE,0x7C,0x06       ; 0x51 'Q'
    67 000211E6 FC66667C6C66E600    <1>     db 0xFC,0x66,0x66,0x7C,0x6C,0x66,0xE6,0x00       ; 0x52 'R'
    68 000211EE 7CC660380CC67C00    <1>     db 0x7C,0xC6,0x60,0x38,0x0C,0xC6,0x7C,0x00       ; 0x53 'S'
    69 000211F6 7E5A181818183C00    <1>     db 0x7E,0x5A,0x18,0x18,0x18,0x18,0x3C,0x00       ; 0x54 'T'
    70 000211FE C6C6C6C6C6C67C00    <1>     db 0xC6,0xC6,0xC6,0xC6,0xC6,0xC6,0x7C,0x00       ; 0x55 'U'
    71 00021206 C6C6C6C6C66C3800    <1>     db 0xC6,0xC6,0xC6,0xC6,0xC6,0x6C,0x38,0x00       ; 0x56 'V'
    72 0002120E C6C6C6D6FEEEC600    <1>     db 0xC6,0xC6,0xC6,0xD6,0xFE,0xEE,0xC6,0x00       ; 0x57 'W'
    73 00021216 C66C38386CC6C600    <1>     db 0xC6,0x6C,0x38,0x38,0x6C,0xC6,0xC6,0x00       ; 0x58 'X'
    74 0002121E 6666663C18183C00    <1>     db 0x66,0x66,0x66,0x3C,0x18,0x18,0x3C,0x00       ; 0x59 'Y'
    75 00021226 FEC68C183266FE00    <1>     db 0xFE,0xC6,0x8C,0x18,0x32,0x66,0xFE,0x00       ; 0x5A 'Z'
    76 0002122E 3C30303030303C00    <1>     db 0x3C,0x30,0x30,0x30,0x30,0x30,0x3C,0x00       ; 0x5B '['
    77 00021236 C06030180C060200    <1>     db 0xC0,0x60,0x30,0x18,0x0C,0x06,0x02,0x00       ; 0x5C '\'
    78 0002123E 3C0C0C0C0C0C3C00    <1>     db 0x3C,0x0C,0x0C,0x0C,0x0C,0x0C,0x3C,0x00       ; 0x5D ']'
    79 00021246 10386CC600000000    <1>     db 0x10,0x38,0x6C,0xC6,0x00,0x00,0x00,0x00       ; 0x5E '^'
    80 0002124E 00000000000000FF    <1>     db 0x00,0x00,0x00,0x00,0x00,0x00,0x00,0xFF       ; 0x5F '_'
    81                              <1> 
    82 00021256 30180C0000000000    <1>     db 0x30,0x18,0x0C,0x00,0x00,0x00,0x00,0x00       ; 0x60 '`'
    83 0002125E 0000780C7CCC7600    <1>     db 0x00,0x00,0x78,0x0C,0x7C,0xCC,0x76,0x00       ; 0x61 'a'
    84 00021266 E0607C666666DC00    <1>     db 0xE0,0x60,0x7C,0x66,0x66,0x66,0xDC,0x00       ; 0x62 'b'
    85 0002126E 00007CC6C0C67C00    <1>     db 0x00,0x00,0x7C,0xC6,0xC0,0xC6,0x7C,0x00       ; 0x63 'c'
    86 00021276 1C0C7CCCCCCC7600    <1>     db 0x1C,0x0C,0x7C,0xCC,0xCC,0xCC,0x76,0x00       ; 0x64 'd'
    87 0002127E 00007CC6FEC07C00    <1>     db 0x00,0x00,0x7C,0xC6,0xFE,0xC0,0x7C,0x00       ; 0x65 'e'
    88 00021286 1C36307830307800    <1>     db 0x1C,0x36,0x30,0x78,0x30,0x30,0x78,0x00       ; 0x66 'f'
    89 0002128E 000076CCCC7C0C78    <1>     db 0x00,0x00,0x76,0xCC,0xCC,0x7C,0x0C,0x78       ; 0x67 'g'
    90 00021296 E0606C766666E600    <1>     db 0xE0,0x60,0x6C,0x76,0x66,0x66,0xE6,0x00       ; 0x68 'h'
    91 0002129E 1800381818183C00    <1>     db 0x18,0x00,0x38,0x18,0x18,0x18,0x3C,0x00       ; 0x69 'i'
    92 000212A6 0C001C0C0CCCCC78    <1>     db 0x0C,0x00,0x1C,0x0C,0x0C,0xCC,0xCC,0x78       ; 0x6A 'j'
    93 000212AE E060666C786CE600    <1>     db 0xE0,0x60,0x66,0x6C,0x78,0x6C,0xE6,0x00       ; 0x6B 'k'
    94 000212B6 3818181818183C00    <1>     db 0x38,0x18,0x18,0x18,0x18,0x18,0x3C,0x00       ; 0x6C 'l'
    95 000212BE 0000ECFED6D6C600    <1>     db 0x00,0x00,0xEC,0xFE,0xD6,0xD6,0xC6,0x00       ; 0x6D 'm'
    96 000212C6 0000DC6666666600    <1>     db 0x00,0x00,0xDC,0x66,0x66,0x66,0x66,0x00       ; 0x6E 'n'
    97 000212CE 00007CC6C6C67C00    <1>     db 0x00,0x00,0x7C,0xC6,0xC6,0xC6,0x7C,0x00       ; 0x6F 'o'
    98                              <1> 
    99 000212D6 0000DC66667C60F0    <1>     db 0x00,0x00,0xDC,0x66,0x66,0x7C,0x60,0xF0       ; 0x70 'p'
   100 000212DE 000076CCCC7C0C1E    <1>     db 0x00,0x00,0x76,0xCC,0xCC,0x7C,0x0C,0x1E       ; 0x71 'q'
   101 000212E6 0000DC766060F000    <1>     db 0x00,0x00,0xDC,0x76,0x60,0x60,0xF0,0x00       ; 0x72 'r'
   102 000212EE 00007EC07C06FC00    <1>     db 0x00,0x00,0x7E,0xC0,0x7C,0x06,0xFC,0x00       ; 0x73 's'
   103 000212F6 30307C3030361C00    <1>     db 0x30,0x30,0x7C,0x30,0x30,0x36,0x1C,0x00       ; 0x74 't'
   104 000212FE 0000CCCCCCCC7600    <1>     db 0x00,0x00,0xCC,0xCC,0xCC,0xCC,0x76,0x00       ; 0x75 'u'
   105 00021306 0000C6C6C66C3800    <1>     db 0x00,0x00,0xC6,0xC6,0xC6,0x6C,0x38,0x00       ; 0x76 'v'
   106 0002130E 0000C6D6D6FE6C00    <1>     db 0x00,0x00,0xC6,0xD6,0xD6,0xFE,0x6C,0x00       ; 0x77 'w'
   107 00021316 0000C66C386CC600    <1>     db 0x00,0x00,0xC6,0x6C,0x38,0x6C,0xC6,0x00       ; 0x78 'x'
   108 0002131E 0000C6C6C67E06FC    <1>     db 0x00,0x00,0xC6,0xC6,0xC6,0x7E,0x06,0xFC       ; 0x79 'y'
   109 00021326 0000FE8C1832FE00    <1>     db 0x00,0x00,0xFE,0x8C,0x18,0x32,0xFE,0x00       ; 0x7A 'z'
   110 0002132E 0E18187018180E00    <1>     db 0x0E,0x18,0x18,0x70,0x18,0x18,0x0E,0x00       ; 0x7B '{'
   111 00021336 1818181818181800    <1>     db 0x18,0x18,0x18,0x18,0x18,0x18,0x18,0x00       ; 0x7C '|'
   112 0002133E 7018180E18187000    <1>     db 0x70,0x18,0x18,0x0E,0x18,0x18,0x70,0x00       ; 0x7D '}'
   113 00021346 76DC000000000000    <1>     db 0x76,0xDC,0x00,0x00,0x00,0x00,0x00,0x00       ; 0x7E '~'
   114                              <1> FONT_END:
  9672                                  
  9673                                  ; Buffer for sgdt output during boot diagnostics (placed at end to avoid
  9674                                  ; shifting global_start away from the 0x100000 entry point)
  9675 0002134E 90<rep 2h>              ALIGN 4
  9676 00021350 00<rep 6h>              gdtr_dump:    times 6 db 0
  9677 00021356 00<rep 2h>              gs_load_tmp:  times 2 db 0
