     1                                  ; ============================================================================
     2                                  ; a4x_gui.asm - M-A4+ Win9x enhanced GUI (boot32+VIDEO_MODE=0x13 pipeline)
     3                                  ;   Uses the SAME boot32 pipeline verified by M-D2:
     4                                  ;     boot32.asm loads kernel at 0x8000, relocates to 0x100000, jumps.
     5                                  ;     Kernel: BITS 32, ORG 0x100000, flat addressing, base 0 for data.
     6                                  ;
     7                                  ;   Features:
     8                                  ;     - LFB double buffer (0x30000 -> 0xA0000)
     9                                  ;     - 64-color palette, blue gradient desktop
    10                                  ;     - Window manager: Z-order, drag, min/max/restore/close
    11                                  ;     - Mouse driver (PS/2 IRQ12) + arrow cursor + hit test
    12                                  ;     - Start menu + right-click context menu + taskbar
    13                                  ;     - VIN virtual input script (deterministic demo)
    14                                  ;     - VMM/VTD (PIT IRQ0) message loop
    15                                  ; ============================================================================
    16                                  BITS 32
    17                                  ORG 0x100000
    18                                  %include "common/debug.inc"
     1                              <1> ; ============================================================================
     2                              <1> ; debug.inc — QEMU 0xE9 debug port output macros (shared by all axes)
     3                              <1> ; ----------------------------------------------------------------------------
     4                              <1> ;  Usage:  %include "common/debug.inc"
     5                              <1> ;          dbg_puts "hello", 13, 10, 0
     6                              <1> ;
     7                              <1> ;  Works in both 16-bit and 32-bit code (uses out instruction, no BIOS).
     8                              <1> ;  The QEMU flag -debugcon file:dbg.log captures all 0xE9 output.
     9                              <1> ; ============================================================================
    10                              <1> 
    11                              <1> ; --- dbg_putc : write AL to port 0xE9 (16-bit) ------------------------------
    12                              <1> %macro dbg_putc 0
    13                              <1>     out     0xE9, al
    14                              <1> %endmacro
    15                              <1> 
    16                              <1> ; --- dbg_puts : emit a NUL-terminated string literal to 0xE9 ----------------
    17                              <1> ;  Accepts 1 or more arguments (all collected into %1 as a single token list).
    18                              <1> ;  Usage:  dbg_puts "hello", 13, 10, 0
    19                              <1> ;  Works in BITS 16 and BITS 32 (detected via __BITS__).
    20                              <1> %macro dbg_puts 1+
    21                              <1>     jmp     %%skip
    22                              <1> %%str   db  %1
    23                              <1> %%skip:
    24                              <1> %if __BITS__ == 32
    25                              <1>     push    esi
    26                              <1>     mov     esi, %%str
    27                              <1> %%.loop:
    28                              <1>     lodsb
    29                              <1>     or      al, al
    30                              <1>     jz      %%.done
    31                              <1>     out     0xE9, al
    32                              <1>     jmp     %%.loop
    33                              <1> %%.done:
    34                              <1>     pop     esi
    35                              <1> %else
    36                              <1>     push    si
    37                              <1>     mov     si, %%str
    38                              <1> %%.loop:
    39                              <1>     lodsb
    40                              <1>     or      al, al
    41                              <1>     jz      %%.done
    42                              <1>     out     0xE9, al
    43                              <1>     jmp     %%.loop
    44                              <1> %%.done:
    45                              <1>     pop     si
    46                              <1> %endif
    47                              <1> %endmacro
    48                              <1> 
    49                              <1> ; --- dbg_nl : emit CR+LF to 0xE9 --------------------------------------------
    50                              <1> %macro dbg_nl 0
    51                              <1>     mov     al, 13
    52                              <1>     out     0xE9, al
    53                              <1>     mov     al, 10
    54                              <1>     out     0xE9, al
    55                              <1> %endmacro
    56                              <1> 
    57                              <1> ; --- dbg_hex8 : print AL as 2 hex digits to 0xE9 ---------------------------
    58                              <1> %macro dbg_hex8 0
    59                              <1>     push    ax
    60                              <1>     mov     ah, al
    61                              <1>     shr     al, 4
    62                              <1>     call    %%hex_nibble
    63                              <1>     mov     al, ah
    64                              <1>     and     al, 0x0F
    65                              <1>     call    %%hex_nibble
    66                              <1>     pop     ax
    67                              <1>     jmp     %%done
    68                              <1> %%hex_nibble:
    69                              <1>     add     al, '0'
    70                              <1>     cmp     al, '9'
    71                              <1>     jbe     %%ok
    72                              <1>     add     al, 7        ; 'A' - '0' - 10 = 7
    73                              <1> %%ok:
    74                              <1>     out     0xE9, al
    75                              <1>     ret
    76                              <1> %%done:
    77                              <1> %endmacro
    78                              <1> 
    79                              <1> ; --- dbg_hex32 : print EAX as 8 hex digits to 0xE9 (32-bit only) -----------
    80                              <1> ;  The previous implementation only emitted 4 digits: its helper printed the
    81                              <1> ;  two nibbles of AL and was called twice on a rotated EAX, so bytes 1 and 3
    82                              <1> ;  were silently dropped.  Shift out all 8 nibbles instead.
    83                              <1> %macro dbg_hex32 0
    84                              <1>     push    eax
    85                              <1>     push    ecx
    86                              <1>     mov     ecx, 28
    87                              <1> %%loop:
    88                              <1>     push    eax
    89                              <1>     shr     eax, cl
    90                              <1>     and     eax, 0x0F
    91                              <1>     add     al, '0'
    92                              <1>     cmp     al, '9'
    93                              <1>     jbe     %%ok2
    94                              <1>     add     al, 7            ; 'A' - '0' - 10 = 7
    95                              <1> %%ok2:
    96                              <1>     out     0xE9, al
    97                              <1>     pop     eax
    98                              <1>     sub     ecx, 4
    99                              <1>     jns     %%loop
   100                              <1>     pop     ecx
   101                              <1>     pop     eax
   102                              <1> %endmacro
    19                                  %include "common/gdt.inc"
     1                              <1> ; ============================================================================
     2                              <1> ; gdt.inc — GDT (Global Descriptor Table) macros for 32-bit protected mode
     3                              <1> ; ----------------------------------------------------------------------------
     4                              <1> ;  Usage:  %include "common/gdt.inc"
     5                              <1> ;
     6                              <1> ;  Provides:
     7                              <1> ;    gdt_entry  base, limit, flags, access  — build one 8-byte descriptor
     8                              <1> ;    gdt_load   label                       — lgdt from a gdt_descriptor
     9                              <1> ;
    10                              <1> ;  Standard descriptor sets are provided as macros:
    11                              <1> ;    GDT_FLAT    — null + flat code + flat data (4GB each)
    12                              <1> ;    GDT_RING3   — flat + ring3 code + ring3 data (adds two entries)
    13                              <1> ; ============================================================================
    14                              <1> 
    15                              <1> ; --- Descriptor field layout (x86 GDT entry, 8 bytes) ---
    16                              <1> ;   bits  0-15  : limit  low
    17                              <1> ;   bits 16-39  : base   low/mid
    18                              <1> ;   bits 40-47  : access byte
    19                              <1> ;   bits 48-51  : limit  high (bits 16-19)
    20                              <1> ;   bits 52-55  : flags   (Granularity, Size, L, Reserved)
    21                              <1> ;   bits 56-63  : base   high
    22                              <1> 
    23                              <1> struc gdt_entry_t
    24 00000000 ????                <1>     .limit_lo   resw 1
    25 00000002 ????                <1>     .base_lo    resw 1
    26 00000004 ??                  <1>     .base_mid   resb 1
    27 00000005 ??                  <1>     .access     resb 1
    28 00000006 ??                  <1>     .flags_lim  resb 1
    29 00000007 ??                  <1>     .base_hi    resb 1
    30                              <1> endstruc
    31                              <1> 
    32                              <1> ; Access byte bits:
    33                              <1> ;   7 Present | 6-5 DPL | 4 S(1=code/data) | 3 E/DT | 2 DC | 1 R/W | 0 A
    34                              <1> ACCESS_RING0_CODE  equ 0x9A   ; Present, ring0, code, executable, read
    35                              <1> ACCESS_RING0_DATA  equ 0x92   ; Present, ring0, data, writable
    36                              <1> ACCESS_RING3_CODE  equ 0xFA   ; Present, ring3, code, executable, read
    37                              <1> ACCESS_RING3_DATA  equ 0xF2   ; Present, ring3, data, writable
    38                              <1> 
    39                              <1> ; Flags nibble (bits 52-55):
    40                              <1> ;   7 Granularity (1=4K) | 6 D/B (1=32-bit) | 5 L (64-bit, keep 0) | 4 Reserved
    41                              <1> FLAG_4K_32BIT      equ 0xCF   ; G=1, D=1, L=0, 0
    42                              <1> 
    43                              <1> ; --- gdt_entry : emit one 8-byte descriptor --------------------------------
    44                              <1> ;  %1=base(32)  %2=limit(20)  %3=access  %4=flags
    45                              <1> %macro gdt_entry 4
    46                              <1>     dw      (%2) & 0xFFFF                       ; limit 0-15
    47                              <1>     dw      (%1) & 0xFFFF                       ; base  0-15
    48                              <1>     db      ((%1) >> 16) & 0xFF                  ; base 16-23
    49                              <1>     db      (%3) & 0xFF                          ; access
    50                              <1>     db      (((%2) >> 16) & 0x0F) | ((%4) & 0xF0) ; flags + limit 16-19
    51                              <1>     db      ((%1) >> 24) & 0xFF                  ; base 24-31
    52                              <1> %endmacro
    53                              <1> 
    54                              <1> ; --- GDT descriptor (pseudo-descriptor for lgdt) ----------------------------
    55                              <1> struc gdt_desc_t
    56 00000000 ????                <1>     .limit   resw 1
    57 00000002 ????????            <1>     .base    resd 1
    58                              <1> endstruc
    59                              <1> 
    60                              <1> ; --- gdt_load : lgdt from a named descriptor -------------------------------
    61                              <1> %macro gdt_load 1
    62                              <1>     lgdt    [%1]
    63                              <1> %endmacro
    64                              <1> 
    65                              <1> ; ============================================================================
    66                              <1> ; Standard GDT sets
    67                              <1> ; ============================================================================
    68                              <1> 
    69                              <1> ; --- GDT_FLAT : null + ring0 code (4GB) + ring0 data (4GB) ------------------
    70                              <1> ;  Use after entering 32-bit mode. Selector 0x08 = code, 0x10 = data.
    71                              <1> %macro GDT_FLAT 0
    72                              <1> ALIGN 8
    73                              <1> gdt_data:
    74                              <1>     gdt_entry 0, 0, 0, 0                       ; null descriptor (selector 0x00)
    75                              <1>     gdt_entry 0, 0xFFFFF, ACCESS_RING0_CODE, FLAG_4K_32BIT  ; code  (selector 0x08)
    76                              <1>     gdt_entry 0, 0xFFFFF, ACCESS_RING0_DATA, FLAG_4K_32BIT  ; data  (selector 0x10)
    77                              <1> gdt_descriptor:
    78                              <1>     dw      gdt_data_end - gdt_data - 1
    79                              <1>     dd      gdt_data
    80                              <1> gdt_data_end:
    81                              <1> %endmacro
    82                              <1> 
    83                              <1> ; --- GDT_RING3 : GDT_FLAT + ring3 code + ring3 data + TSS -------------------
    84                              <1> ;  Selector 0x08 = ring0 code, 0x10 = ring0 data,
    85                              <1> ;  0x18 = ring3 code, 0x20 = ring3 data, 0x28 = TSS
    86                              <1> %macro GDT_RING3 0
    87                              <1> ALIGN 8
    88                              <1> gdt_data:
    89                              <1>     gdt_entry 0, 0, 0, 0                       ; null     (0x00)
    90                              <1>     gdt_entry 0, 0xFFFFF, ACCESS_RING0_CODE, FLAG_4K_32BIT  ; ring0 code (0x08)
    91                              <1>     gdt_entry 0, 0xFFFFF, ACCESS_RING0_DATA, FLAG_4K_32BIT  ; ring0 data (0x10)
    92                              <1>     gdt_entry 0, 0xFFFFF, ACCESS_RING3_CODE, FLAG_4K_32BIT  ; ring3 code (0x18)
    93                              <1>     gdt_entry 0, 0xFFFFF, ACCESS_RING3_DATA, FLAG_4K_32BIT  ; ring3 data (0x20)
    94                              <1>     ; TSS descriptor (placeholder, 104 bytes minimum)
    95                              <1>     gdt_entry 0, 0x67, 0x89, 0x40               ; TSS      (0x28) — present, ring0, 32-bit
    96                              <1> gdt_descriptor:
    97                              <1>     dw      gdt_data_end - gdt_data - 1
    98                              <1>     dd      gdt_data
    99                              <1> gdt_data_end:
   100                              <1> %endmacro
   101                              <1> 
   102                              <1> ; --- Selector constants (for convenience) -----------------------------------
   103                              <1> SEL_CODE0    equ 0x08
   104                              <1> SEL_DATA0    equ 0x10
   105                              <1> SEL_CODE3    equ 0x18
   106                              <1> SEL_DATA3    equ 0x20
   107                              <1> SEL_TSS      equ 0x28
    20                                  
    21                                  ; -------- constants --------
    22                                  SW          equ 320
    23                                  SH          equ 200
    24                                  VGA_FB      equ 0xA0000
    25                                  LFB         equ 0x30000           ; off-screen double buffer
    26                                  SEL_C0      equ 0x08
    27                                  SEL_D0      equ 0x10
    28                                  SEL_VGA     equ 0x18
    29                                  
    30                                  ; -------- palette indices --------
    31                                  PB  equ 0        ; black
    32                                  PW  equ 1        ; white
    33                                  PG  equ 2        ; gray (taskbar)
    34                                  PN0 equ 3        ; navy top
    35                                  PN1 equ 4        ; navy bottom
    36                                  PC  equ 5        ; client
    37                                  PD  equ 6        ; dark bevel
    38                                  PL  equ 7        ; light bevel
    39                                  PR  equ 8        ; red close
    40                                  PGN equ 9        ; green max
    41                                  PY  equ 10       ; yellow min
    42                                  MNU equ 11       ; menu bg
    43                                  MCU equ 32       ; menu cursor
    44                                  
    45                                  ; -------- window layout --------
    46                                  WAX  equ 40
    47                                  WAY  equ 10
    48                                  WAW  equ 240
    49                                  WAH  equ 130
    50                                  TH  equ 18        ; title bar height
    51                                  BS  equ 14        ; button size
    52                                  CLX  equ WAX+WAW-BS-2 ; close button x
    53                                  CLY  equ WAY+2
    54                                  MXX  equ CLX-BS-2
    55                                  MXY  equ WAY+2
    56                                  MN2X equ MXX-BS-2
    57                                  MN2Y equ WAY+2
    58                                  TBRY equ 180       ; taskbar y
    59                                  TH2 equ 20
    60                                  SXT equ 4         ; start button x
    61                                  SYT equ 182
    62                                  SXX equ 80
    63                                  SYX equ 16
    64                                  MNX equ 4
    65                                  MNW equ 96
    66                                  MNH equ 140
    67                                  MNY equ TBRY-MNH     ; =96
    68                                  MIH equ 18
    69                                  CTXW equ 120
    70                                  CTXH equ 48
    71                                  CTXI      equ 16
    72                                  CLKX      equ 272
    73                                  CLKY      equ 184
    74                                  TBX       equ 88
    75                                  TBW       equ 40
    76                                  TBH       equ 16
    77                                  ICONX1    equ 12
    78                                  ICONY1    equ 10
    79                                  ICONX2    equ 12
    80                                  ICONY2    equ 74
    81                                  ICO_W     equ 16
    82                                  ICO_H     equ 16
    83                                  
    84                                  ; -------- window IDs --------
    85                                  WT        equ 0
    86                                  WB        equ 1
    87                                  WA        equ 2
    88                                  WM        equ 3
    89                                  WBN       equ 4
    90                                  WBM       equ 5
    91                                  WBC       equ 6
    92                                  WCT       equ 7
    93                                  WD        equ 8
    94                                  WN        equ 9
    95                                  WA2       equ 10
    96                                  WSH       equ 11
    97                                  ; Desktop file/browser window
    98                                  WFL       equ 12
    99                                  ; Network window
   100                                  WNET      equ 13
   101                                  ; Browser (Internet Explorer)
   102                                  WBR       equ 14
   103                                  ; Installer
   104                                  WIN       equ 15
   105                                  ; EXE Runner / Report
   106                                  WEX       equ 16
   107                                  MAXW      equ 17
   108                                  MAXM      equ 16
   109                                  WSZ       equ 32
   110                                  MSZ       equ 12
   111                                  ; Browser address bar
   112                                  BR_ADDR   equ 32
   113                                  
   114                                  ; -------- File system --------
   115                                  ; File entry layout (32 bytes each):
   116                                  ;   0-15:  name[16]
   117                                  ;   16:    type
   118                                  ;   17-20: size (legacy, kept for compatibility)
   119                                  ;   21:    flags (FS_FLG_*)
   120                                  ;   22:    parent
   121                                  ;   23:    reserved (future flags)
   122                                  ;   24-27: content_ptr  (dword: bytecode/data offset inside file_contents_pool)
   123                                  ;                         = 0xFFFFFFFF means use legacy default code path
   124                                  ;   28-31: content_len  (dword: length in bytes of the content)
   125                                  FS_NAME         equ 16
   126                                  FS_SZ           equ 32
   127                                  FS_MAXF         equ 16       ; max file entries = 2KB data
   128                                  FS_TYPE_FILE    equ 0
   129                                  FS_TYPE_FOLDER  equ 1
   130                                  FS_TYPE_COMPUTER equ 2
   131                                  FS_TYPE_TRASH   equ 3
   132                                  FS_TYPE_NETWORK equ 4
   133                                  FS_TYPE_FILE_TXT equ 5
   134                                  FS_TYPE_FILE_EXE equ 6
   135                                  FS_FLG_DELETED  equ 0x01
   136                                  FS_FLG_SYSTEM   equ 0x02
   137                                  ; --- Per-file content pointers ---
   138                                  FS_CONTENT_OFF  equ 24       ; dword
   139                                  FS_CONTENT_LEN  equ 28       ; dword
   140                                  FS_CONTENT_UNSET equ 0xFFFFFFFF
   141                                  ; --- EXE bytecode limits ---
   142                                  EXE_CONTENT_CHUNK equ 1024   ; 1KB per EXE.  16 entries * 1KB = 16KB pool
   143                                  FS_MAX_CONTENTS  equ 16
   144                                  ; --- PE loader constants ---
   145                                  PE_LOAD_BASE      equ 0x400000     ; 标准 Windows PE ImageBase，当前 2.9MB 空闲
   146                                  PE_MAX_SIZE       equ 0x10000      ; 64KB PE 镜像上限
   147                                  PE_DOWNLOAD_MAX   equ 0x10000      ; 下载缓冲上限
   148                                  
   149                                  ; -------- Net --------
   150                                  NET_NAME  equ 16
   151                                  NET_IP    equ 4
   152                                  NET_SZ    equ 32
   153                                  NET_MAXH  equ 8         ; max hosts = 256 bytes data
   154                                  
   155                                  ; -------- messages --------
   156                                  WM_PAINT  equ 1
   157                                  WM_LDOWN  equ 2
   158                                  WM_LUP    equ 3
   159                                  WM_RDOWN  equ 4
   160                                  WM_CMD    equ 5
   161                                  WM_MMV    equ 6
   162                                  WM_KEY    equ 7
   163                                  
   164                                  ; -------- button IDs --------
   165                                  B_ST equ 1
   166                                  B_MN equ 2
   167                                  B_MX equ 3
   168                                  B_CL equ 4
   169                                  
   170                                  ; -------- window states --------
   171                                  WS_HID  equ 0
   172                                  WS_NORM equ 1
   173                                  WS_MIN  equ 2
   174                                  WS_MAX  equ 3
   175                                  
   176                                  ; -------- Phase B additions --------
   177                                  DBLCLK_TICKS equ 10          ; max ticks between two title clicks for dbl-click
   178                                  BC_MAGIC     equ 0xA4        ; downloaded bytecode magic header byte
   179                                  DL_CODE_SZ   equ EXE_CONTENT_CHUNK  ; downloaded bytecode buffer = 1KB chunk
   180                                  ; dl_valid state:
   181                                  ;   0 = no download
   182                                  ;   1 = dl_code holds raw downloaded bytecode (transient, only until install)
   183                                  ;   2 = dl_code was INSTALLED into file_table and can be double-clicked as exe
   184                                  
   185                                  ; -------- VIN event types --------
   186                                  VIN_MM equ 0
   187                                  VIN_LD equ 1
   188                                  VIN_LU equ 2
   189                                  VIN_RD equ 3
   190                                  VIN_RU equ 4
   191                                  VIN_WT equ 5
   192                                  VIN_EN equ 6
   193                                  VINSZ equ 12
   194                                  
   195                                  ; ============================================================================
   196                                  ; ENTRY
   197                                  ; ============================================================================
   198                                  global_start:
   199 00000000 FA                          cli
   200 00000001 FC                          cld
   201 00000002 B041                        mov     al, 'A'
   202 00000004 E6E9                        out     0xE9, al
   203                                      ; boot32 GDT already valid (code=0x08, data=0x10, both flat 4GB, base=0).
   204                                      ; Skip redundant lgdt: the kernel GDT's extra VGA entry (0x18) is unused,
   205                                      ; and lgdt here triggers QEMU SMM entry/exit that clobbers GDTR before the
   206                                      ; far jump completes, causing #GP. Use a direct far jump to flush CS.
   207 00000006 EA[0D000000]0800            jmp     SEL_C0:.flush_cs
   208                                  .flush_cs:
   209 0000000D B042                        mov     al, 'B'
   210 0000000F E6E9                        out     0xE9, al
   211 00000011 66B81000                    mov     ax, SEL_D0
   212 00000015 8ED8                        mov     ds, ax
   213 00000017 8EC0                        mov     es, ax
   214 00000019 8EE0                        mov     fs, ax
   215 0000001B 8EE8                        mov     gs, ax
   216 0000001D 8ED0                        mov     ss, ax
   217 0000001F B043                        mov     al, 'C'
   218 00000021 E6E9                        out     0xE9, al
   219 00000023 E8C6000000                  call    build_idt
   220 00000028 B036                        mov     al, '6'
   221 0000002A E6E9                        out     0xE9, al
   222 0000002C 0F011D[900B0200]            lidt    [idt_desc_local]
   223 00000033 E8E8020000                  call    pal_init
   224 00000038 B037                        mov     al, '7'
   225 0000003A E6E9                        out     0xE9, al
   226 0000003C E803030000                  call    gdi_init
   227 00000041 B038                        mov     al, '8'
   228 00000043 E6E9                        out     0xE9, al
   229 00000045 E83F050000                  call    usr_init
   230 0000004A B039                        mov     al, '9'
   231 0000004C E6E9                        out     0xE9, al
   232 0000004E E850180000                  call    mou_init
   233 00000053 B03A                        mov     al, ':'
   234 00000055 E6E9                        out     0xE9, al
   235 00000057 E891190000                  call    kbd_init
   236 0000005C B03B                        mov     al, ';'
   237 0000005E E6E9                        out     0xE9, al
   238 00000060 E8EF200000                  call    fs_init
   239 00000065 B03C                        mov     al, '<'
   240 00000067 E6E9                        out     0xE9, al
   241 00000069 E8E0170000                  call    vtd_init
   242 0000006E FB                          sti
   243                                      ; Init browser
   244 0000006F BF[20050200]                mov     edi, br_url
   245 00000074 BE[F0050200]                mov     esi, br_addr_t
   246 00000079 B920000000                  mov     ecx, BR_ADDR
   247 0000007E F3A4                        rep     movsb
   248 00000080 C605[A9710000]01            mov     byte [br_page], 1
   249 00000087 C705[EE6D0000]0E00-         mov     dword [CW_HND], WBR
   249 0000008F 0000               
   250 00000091 C705[DC6D0000]2800-         mov     dword [CW_X], 40
   250 00000099 0000               
   251 0000009B C705[E06D0000]1E00-         mov     dword [CW_Y], 30
   251 000000A3 0000               
   252 000000A5 C705[E46D0000]F000-         mov     dword [CW_W], 240
   252 000000AD 0000               
   253 000000AF C705[E86D0000]6E00-         mov     dword [CW_H], 110
   253 000000B7 0000               
   254 000000B9 C605[EC6D0000]0B            mov     byte [CW_WP], 11
   255 000000C0 C605[ED6D0000]00            mov     byte [CW_BI], 0
   256 000000C7 E8FE040000                  call    CreateWindow
   257 000000CC C705[EE6D0000]0E00-         mov     dword [CW_HND], WBR
   257 000000D4 0000               
   258 000000D6 C705[F26D0000]0100-         mov     dword [CW_MSG], WM_PAINT
   258 000000DE 0000               
   259 000000E0 E874060000                  call    user_dispatch
   260 000000E5 E829690000                  call    demo_run
   261 000000EA FA                          cli
   262 000000EB F4                          hlt
   263 000000EC EBFE                        jmp     $
   264                                  
   265                                  ; ============================================================================
   266                                  ; build_idt
   267                                  ; ============================================================================
   268                                  build_idt:
   269 000000EE 53                          push    ebx
   270 000000EF 56                          push    esi
   271 000000F0 57                          push    edi
   272 000000F1 BF[100A0200]                mov     edi, idt_table
   273 000000F6 B960000000                  mov     ecx, 0x30*2       ; 48 entries * 2 dwords = 96 dwords (matches idt_table)
   274 000000FB 31C0                        xor     eax, eax
   275 000000FD F3AB                        rep     stosd
   276 000000FF B8[FA010000]                mov     eax, fault_0
   277 00000104 89C3                        mov     ebx, eax
   278 00000106 C1EB10                      shr     ebx, 16
   279 00000109 B908000000                  mov     ecx, SEL_C0
   280 0000010E BA8E000000                  mov     edx, 0x8E
   281 00000113 BE00000000                  mov     esi, 0
   282 00000118 E89A000000                  call    set_idte
   283 0000011D B8[20020000]                mov     eax, fault_6
   284 00000122 89C3                        mov     ebx, eax
   285 00000124 C1EB10                      shr     ebx, 16
   286 00000127 BE06000000                  mov     esi, 6
   287 0000012C E886000000                  call    set_idte
   288 00000131 B8[28020000]                mov     eax, fault_8
   289 00000136 89C3                        mov     ebx, eax
   290 00000138 C1EB10                      shr     ebx, 16
   291 0000013B BE08000000                  mov     esi, 8
   292 00000140 E872000000                  call    set_idte
   293 00000145 B8[4E020000]                mov     eax, fault_13
   294 0000014A 89C3                        mov     ebx, eax
   295 0000014C C1EB10                      shr     ebx, 16
   296 0000014F BE0D000000                  mov     esi, 13
   297 00000154 E85E000000                  call    set_idte
   298 00000159 B8[85020000]                mov     eax, fault_14
   299 0000015E 89C3                        mov     ebx, eax
   300 00000160 C1EB10                      shr     ebx, 16
   301 00000163 BE0E000000                  mov     esi, 14
   302 00000168 E84A000000                  call    set_idte
   303 0000016D B8[8A180000]                mov     eax, vtd_isr
   304 00000172 89C3                        mov     ebx, eax
   305 00000174 C1EB10                      shr     ebx, 16
   306 00000177 B908000000                  mov     ecx, SEL_C0
   307 0000017C BA8E000000                  mov     edx, 0x8E
   308 00000181 BE20000000                  mov     esi, 0x20
   309 00000186 E82C000000                  call    set_idte
   310 0000018B B8[E5180000]                mov     eax, mou_isr
   311 00000190 89C3                        mov     ebx, eax
   312 00000192 C1EB10                      shr     ebx, 16
   313 00000195 BE34000000                  mov     esi, 0x34        ; PS/2 IRQ12: slave base 0x28 + 12 = 0x34
   314 0000019A E818000000                  call    set_idte
   315 0000019F B8[271A0000]                mov     eax, kbd_isr
   316 000001A4 89C3                        mov     ebx, eax
   317 000001A6 C1EB10                      shr     ebx, 16
   318 000001A9 BE21000000                  mov     esi, 0x21
   319 000001AE E804000000                  call    set_idte
   320 000001B3 5F                          pop     edi
   321 000001B4 5E                          pop     esi
   322 000001B5 5B                          pop     ebx
   323 000001B6 C3                          ret
   324                                  
   325                                  set_idte:
   326 000001B7 57                          push    edi
   327 000001B8 BF[100A0200]                mov     edi, idt_table
   328 000001BD C1E603                      shl     esi, 3
   329 000001C0 01F7                        add     edi, esi
   330 000001C2 668907                      mov     word [edi], ax        ; offset low
   331 000001C5 66894F02                    mov     word [edi+2], cx      ; selector
   332 000001C9 C6470400                    mov     byte [edi+4], 0
   333 000001CD 885705                      mov     byte [edi+5], dl      ; type/attr
   334 000001D0 66895F06                    mov     word [edi+6], bx      ; offset high
   335 000001D4 5F                          pop     edi
   336 000001D5 C3                          ret
   337                                  
   338                                  idt_def:
   339                                      dbg_puts "[A4X] FAULT", 13, 10, 0
    21 000001D6 EB0E                <1>  jmp %%skip
    22 000001D8 5B4134585D20464155- <1> %%str db %1
    22 000001E1 4C540D0A00          <1>
    23                              <1> %%skip:
    24                              <1> %if __BITS__ == 32
    25 000001E6 56                  <1>  push esi
    26 000001E7 BE[D8010000]        <1>  mov esi, %%str
    27                              <1> %%.loop:
    28 000001EC AC                  <1>  lodsb
    29 000001ED 08C0                <1>  or al, al
    30 000001EF 7404                <1>  jz %%.done
    31 000001F1 E6E9                <1>  out 0xE9, al
    32 000001F3 EBF7                <1>  jmp %%.loop
    33                              <1> %%.done:
    34 000001F5 5E                  <1>  pop esi
    35                              <1> %else
    36                              <1>  push si
    37                              <1>  mov si, %%str
    38                              <1> %%.loop:
    39                              <1>  lodsb
    40                              <1>  or al, al
    41                              <1>  jz %%.done
    42                              <1>  out 0xE9, al
    43                              <1>  jmp %%.loop
    44                              <1> %%.done:
    45                              <1>  pop si
    46                              <1> %endif
   340 000001F6 FA                          cli
   341 000001F7 F4                          hlt
   342 000001F8 EBFE                        jmp     $
   343                                  
   344                                  fault_0:
   345                                      dbg_puts "[A4X] EX0 #DE", 13, 10, 0
    21 000001FA EB10                <1>  jmp %%skip
    22 000001FC 5B4134585D20455830- <1> %%str db %1
    22 00000205 202344450D0A00      <1>
    23                              <1> %%skip:
    24                              <1> %if __BITS__ == 32
    25 0000020C 56                  <1>  push esi
    26 0000020D BE[FC010000]        <1>  mov esi, %%str
    27                              <1> %%.loop:
    28 00000212 AC                  <1>  lodsb
    29 00000213 08C0                <1>  or al, al
    30 00000215 7404                <1>  jz %%.done
    31 00000217 E6E9                <1>  out 0xE9, al
    32 00000219 EBF7                <1>  jmp %%.loop
    33                              <1> %%.done:
    34 0000021B 5E                  <1>  pop esi
    35                              <1> %else
    36                              <1>  push si
    37                              <1>  mov si, %%str
    38                              <1> %%.loop:
    39                              <1>  lodsb
    40                              <1>  or al, al
    41                              <1>  jz %%.done
    42                              <1>  out 0xE9, al
    43                              <1>  jmp %%.loop
    44                              <1> %%.done:
    45                              <1>  pop si
    46                              <1> %endif
   346 0000021C FA                          cli
   347 0000021D F4                          hlt
   348 0000021E EBFE                        jmp $
   349                                  fault_6:
   350                                      ; Minimal: just print one char
   351 00000220 B055                        mov     al, 'U'
   352 00000222 E6E9                        out     0xE9, al
   353 00000224 FA                          cli
   354 00000225 F4                          hlt
   355 00000226 EBFE                        jmp $
   356                                  fault_8:
   357                                      dbg_puts "[A4X] EX8 #DF", 13, 10, 0
    21 00000228 EB10                <1>  jmp %%skip
    22 0000022A 5B4134585D20455838- <1> %%str db %1
    22 00000233 202344460D0A00      <1>
    23                              <1> %%skip:
    24                              <1> %if __BITS__ == 32
    25 0000023A 56                  <1>  push esi
    26 0000023B BE[2A020000]        <1>  mov esi, %%str
    27                              <1> %%.loop:
    28 00000240 AC                  <1>  lodsb
    29 00000241 08C0                <1>  or al, al
    30 00000243 7404                <1>  jz %%.done
    31 00000245 E6E9                <1>  out 0xE9, al
    32 00000247 EBF7                <1>  jmp %%.loop
    33                              <1> %%.done:
    34 00000249 5E                  <1>  pop esi
    35                              <1> %else
    36                              <1>  push si
    37                              <1>  mov si, %%str
    38                              <1> %%.loop:
    39                              <1>  lodsb
    40                              <1>  or al, al
    41                              <1>  jz %%.done
    42                              <1>  out 0xE9, al
    43                              <1>  jmp %%.loop
    44                              <1> %%.done:
    45                              <1>  pop si
    46                              <1> %endif
   358 0000024A FA                          cli
   359 0000024B F4                          hlt
   360 0000024C EBFE                        jmp $
   361                                  fault_13:
   362 0000024E FA                          cli
   363 0000024F 50                          push    eax
   364 00000250 53                          push    ebx
   365 00000251 51                          push    ecx
   366 00000252 52                          push    edx
   367 00000253 B047                        mov     al, 'G'
   368 00000255 E6E9                        out     0xE9, al
   369 00000257 B050                        mov     al, 'P'
   370 00000259 E6E9                        out     0xE9, al
   371 0000025B 8B442414                    mov     eax, [esp + 16 + 4]
   372 0000025F E864000000                  call    fxdump32
   373 00000264 B045                        mov     al, 'E'
   374 00000266 E6E9                        out     0xE9, al
   375 00000268 8B442418                    mov     eax, [esp + 16 + 8]
   376 0000026C E857000000                  call    fxdump32
   377 00000271 B058                        mov     al, 'X'
   378 00000273 E6E9                        out     0xE9, al
   379 00000275 8B442420                    mov     eax, [esp + 16 + 16]
   380 00000279 E84A000000                  call    fxdump32
   381 0000027E B047                        mov     al, 'G'
   382 00000280 E6E9                        out     0xE9, al
   383 00000282 F4                          hlt
   384 00000283 EBFE                        jmp $
   385                                  fault_14:
   386 00000285 FA                          cli
   387 00000286 50                          push    eax
   388 00000287 53                          push    ebx
   389 00000288 51                          push    ecx
   390 00000289 52                          push    edx
   391 0000028A B050                        mov     al, 'P'
   392 0000028C E6E9                        out     0xE9, al
   393 0000028E B046                        mov     al, 'F'
   394 00000290 E6E9                        out     0xE9, al
   395 00000292 0F20D0                      mov     eax, cr2
   396 00000295 E82E000000                  call    fxdump32
   397 0000029A B045                        mov     al, 'E'
   398 0000029C E6E9                        out     0xE9, al
   399 0000029E 8B442410                    mov     eax, [esp + 16 + 0]
   400 000002A2 E821000000                  call    fxdump32
   401 000002A7 B049                        mov     al, 'I'
   402 000002A9 E6E9                        out     0xE9, al
   403 000002AB 8B442414                    mov     eax, [esp + 16 + 4]
   404 000002AF E814000000                  call    fxdump32
   405 000002B4 B050                        mov     al, 'P'
   406 000002B6 E6E9                        out     0xE9, al
   407 000002B8 8B44241C                    mov     eax, [esp + 16 + 12]
   408 000002BC E807000000                  call    fxdump32
   409 000002C1 B05A                        mov     al, 'Z'
   410 000002C3 E6E9                        out     0xE9, al
   411 000002C5 F4                          hlt
   412 000002C6 EBFE                        jmp $
   413                                  fxdump32:
   414 000002C8 53                          push    ebx
   415 000002C9 51                          push    ecx
   416 000002CA B91C000000                  mov     ecx, 28
   417                                  .fx_lo:
   418 000002CF 89C3                        mov     ebx, eax
   419 000002D1 D3EB                        shr     ebx, cl
   420 000002D3 80E30F                      and     bl, 0x0F
   421 000002D6 80C330                      add     bl, '0'
   422 000002D9 80FB39                      cmp     bl, '9'
   423 000002DC 7603                        jbe     .fx_ok
   424 000002DE 80C307                      add     bl, 7
   425                                  .fx_ok:
   426 000002E1 50                          push    eax
   427 000002E2 89D8                        mov     eax, ebx
   428 000002E4 25FF000000                  and     eax, 0xFF
   429 000002E9 E6E9                        out     0xE9, al
   430 000002EB 58                          pop     eax
   431 000002EC 83E904                      sub     ecx, 4
   432 000002EF 79DE                        jns     .fx_lo
   433 000002F1 59                          pop     ecx
   434 000002F2 5B                          pop     ebx
   435 000002F3 C3                          ret
   436                                  fex_dump32:
   437 000002F4 53                          push    ebx
   438 000002F5 51                          push    ecx
   439 000002F6 B91C000000                  mov     ecx, 28
   440                                  .fex_lo:
   441 000002FB 89C3                        mov     ebx, eax
   442 000002FD D3EB                        shr     ebx, cl
   443 000002FF 80E30F                      and     bl, 0x0F
   444 00000302 80C330                      add     bl, '0'
   445 00000305 80FB39                      cmp     bl, '9'
   446 00000308 7603                        jbe     .fex_ok
   447 0000030A 80C307                      add     bl, 7
   448                                  .fex_ok:
   449 0000030D 50                          push    eax
   450 0000030E 89D8                        mov     eax, ebx
   451 00000310 25FF000000                  and     eax, 0xFF
   452 00000315 E6E9                        out     0xE9, al
   453 00000317 58                          pop     eax
   454 00000318 83E904                      sub     ecx, 4
   455 0000031B 79DE                        jns     .fex_lo
   456 0000031D 59                          pop     ecx
   457 0000031E 5B                          pop     ebx
   458 0000031F C3                          ret
   459                                  
   460                                  ; ============================================================================
   461                                  ; pal_init — 64 entries to DAC
   462                                  ; ============================================================================
   463                                  pal_init:
   464 00000320 50                          push    eax
   465 00000321 51                          push    ecx
   466 00000322 52                          push    edx
   467 00000323 57                          push    edi
   468 00000324 56                          push    esi
   469                                      ; write palette directly from pal_src to DAC
   470 00000325 66BAC803                    mov     dx, 0x3C8
   471 00000329 30C0                        xor     al, al
   472 0000032B EE                          out     dx, al
   473 0000032C 66BAC903                    mov     dx, 0x3C9
   474 00000330 BE[960B0200]                mov     esi, pal_src
   475 00000335 B9C0000000                  mov     ecx, 64*3
   476                                  .p3:
   477 0000033A AC                          lodsb
   478 0000033B EE                          out     dx, al
   479 0000033C E2FC                        loop    .p3
   480 0000033E 5E                          pop     esi
   481 0000033F 5F                          pop     edi
   482 00000340 5A                          pop     edx
   483 00000341 59                          pop     ecx
   484 00000342 58                          pop     eax
   485 00000343 C3                          ret
   486                                  
   487                                  ; ============================================================================
   488                                  ; gdi_init — clear LFB + VGA
   489                                  ; ============================================================================
   490                                  gdi_init:
   491 00000344 57                          push    edi
   492 00000345 51                          push    ecx
   493 00000346 50                          push    eax
   494                                      ; Clear LFB (0x30000). ES=0x10 is the flat 4GB data segment — LFB and
   495                                      ; VGA both fit inside it, so we avoid push/pop ES which breaks
   496                                      ; ESP alignment when mixed with 32-bit push/pop sequences.
   497 00000347 BF00000300                  mov     edi, LFB
   498 0000034C B9803E0000                  mov     ecx, 320*200/4
   499 00000351 31C0                        xor     eax, eax
   500 00000353 F3AB                        rep     stosd
   501                                      ; Clear VGA (0xA0000) same flat segment
   502 00000355 BF00000A00                  mov     edi, VGA_FB
   503 0000035A F3AB                        rep     stosd
   504 0000035C 58                          pop     eax
   505 0000035D 59                          pop     ecx
   506 0000035E 5F                          pop     edi
   507 0000035F C3                          ret
   508                                  
   509                                  ; ============================================================================
   510                                  ; gdi_flip — LFB -> VGA
   511                                  ; ============================================================================
   512                                  gdi_flip:
   513 00000360 56                          push    esi
   514 00000361 57                          push    edi
   515 00000362 51                          push    ecx
   516                                      ; LFB (0x30000) -> VGA (0xA0000) via flat ES=0x10 segment
   517 00000363 BE00000300                  mov     esi, LFB
   518 00000368 BF00000A00                  mov     edi, VGA_FB
   519 0000036D B9803E0000                  mov     ecx, 320*200/4
   520 00000372 F3A5                        rep     movsd
   521 00000374 59                          pop     ecx
   522 00000375 5F                          pop     edi
   523 00000376 5E                          pop     esi
   524 00000377 C3                          ret
   525                                  
   526                                  ; ============================================================================
   527                                  ; gdi_rect — fill rect. [vd_x..vd_h], al = color
   528                                  ; ============================================================================
   529                                  gdi_rect:
   530 00000378 53                          push    ebx
   531 00000379 51                          push    ecx
   532 0000037A 52                          push    edx
   533 0000037B 57                          push    edi
   534 0000037C 50                          push    eax
   535 0000037D A0[D56D0000]                mov     al, [vd_col]      ; FIX: fill colour comes from vd_col
   536 00000382 8B1D[C46D0000]              mov     ebx, [vd_x]
   537 00000388 8B0D[C86D0000]              mov     ecx, [vd_y]
   538 0000038E 8B15[D06D0000]              mov     edx, [vd_h]
   539                                  .gr_y:
   540 00000394 85D2                        test    edx, edx
   541 00000396 741E                        jz      .gr_d
   542 00000398 89CF                        mov     edi, ecx
   543 0000039A 69FF40010000                imul    edi, SW
   544 000003A0 01DF                        add     edi, ebx
   545 000003A2 81C700000300                add     edi, LFB
   546 000003A8 51                          push    ecx
   547 000003A9 8B0D[CC6D0000]              mov     ecx, [vd_w]
   548 000003AF F3AA                        rep     stosb
   549 000003B1 59                          pop     ecx
   550 000003B2 41                          inc     ecx
   551 000003B3 4A                          dec     edx
   552 000003B4 EBDE                        jmp     .gr_y
   553                                  .gr_d:
   554 000003B6 58                          pop     eax
   555 000003B7 5F                          pop     edi
   556 000003B8 5A                          pop     edx
   557 000003B9 59                          pop     ecx
   558 000003BA 5B                          pop     ebx
   559 000003BB C3                          ret
   560                                  
   561                                  ; ============================================================================
   562                                  ; gdi_frame3d — 3D bevel. al=light, ah=dark
   563                                  ;   [vd_ch]=1 raised, =0 sunken
   564                                  ; ============================================================================
   565                                  gdi_frame3d:
   566 000003BC 53                          push    ebx
   567 000003BD 51                          push    ecx
   568 000003BE 52                          push    edx
   569 000003BF 57                          push    edi
   570 000003C0 50                          push    eax
   571 000003C1 8B1D[C46D0000]              mov     ebx, [vd_x]
   572 000003C7 8B0D[C86D0000]              mov     ecx, [vd_y]
   573 000003CD 8B15[CC6D0000]              mov     edx, [vd_w]
   574                                      ; top
   575 000003D3 89CF                        mov     edi, ecx
   576 000003D5 69FF40010000                imul    edi, SW
   577 000003DB 01DF                        add     edi, ebx
   578 000003DD 81C700000300                add     edi, LFB
   579 000003E3 803D[D46D0000]01            cmp     byte [vd_ch], 1
   580 000003EA 7502                        jne     .ft_l
   581 000003EC 88E0                        mov     al, ah
   582                                  .ft_l:
   583 000003EE 51                          push    ecx
   584 000003EF 89D1                        mov     ecx, edx
   585 000003F1 F3AA                        rep     stosb
   586 000003F3 59                          pop     ecx
   587                                      ; bottom
   588 000003F4 8B15[D06D0000]              mov     edx, [vd_h]
   589 000003FA 89CF                        mov     edi, ecx
   590 000003FC 01D7                        add     edi, edx
   591 000003FE 4F                          dec     edi
   592 000003FF 69FF40010000                imul    edi, SW
   593 00000405 01DF                        add     edi, ebx
   594 00000407 81C700000300                add     edi, LFB
   595 0000040D 803D[D46D0000]01            cmp     byte [vd_ch], 1
   596 00000414 7405                        je      .fb_d
   597 00000416 A0[D56D0000]                mov     al, [vd_col]
   598                                  .fb_d:
   599 0000041B 51                          push    ecx
   600 0000041C 8B0D[CC6D0000]              mov     ecx, [vd_w]
   601 00000422 F3AA                        rep     stosb
   602 00000424 59                          pop     ecx
   603                                      ; left
   604 00000425 89CF                        mov     edi, ecx
   605 00000427 69FF40010000                imul    edi, SW
   606 0000042D 01DF                        add     edi, ebx
   607 0000042F 81C700000300                add     edi, LFB
   608 00000435 803D[D46D0000]01            cmp     byte [vd_ch], 1
   609 0000043C 7502                        jne     .fl_l
   610 0000043E 88E0                        mov     al, ah
   611                                  .fl_l:
   612 00000440 50                          push    eax
   613 00000441 8B15[D06D0000]              mov     edx, [vd_h]
   614                                  .fl_l2:
   615 00000447 8807                        mov     byte [edi], al
   616 00000449 81C740010000                add     edi, SW
   617 0000044F 4A                          dec     edx
   618 00000450 75F5                        jnz     .fl_l2
   619 00000452 58                          pop     eax
   620                                      ; right
   621 00000453 8B15[CC6D0000]              mov     edx, [vd_w]
   622 00000459 89CF                        mov     edi, ecx
   623 0000045B 01D7                        add     edi, edx
   624 0000045D 4F                          dec     edi
   625 0000045E 69FF40010000                imul   edi, SW
   626 00000464 01DF                        add     edi, ebx
   627 00000466 81C700000300                add     edi, LFB
   628 0000046C 803D[D46D0000]01            cmp     byte [vd_ch], 1
   629 00000473 7405                        je      .fr_d
   630 00000475 A0[D56D0000]                mov     al, [vd_col]
   631                                  .fr_d:
   632 0000047A 50                          push    eax
   633 0000047B 8B15[D06D0000]              mov     edx, [vd_h]
   634                                  .fr_l2:
   635 00000481 8807                        mov     byte [edi], al
   636 00000483 81C740010000                add     edi, SW
   637 00000489 4A                          dec     edx
   638 0000048A 75F5                        jnz     .fr_l2
   639 0000048C 58                          pop     eax
   640 0000048D 58                          pop     eax
   641 0000048E 5F                          pop     edi
   642 0000048F 5A                          pop     edx
   643 00000490 59                          pop     ecx
   644 00000491 5B                          pop     ebx
   645 00000492 C3                          ret
   646                                  
   647                                  ; ============================================================================
   648                                  ; gdi_char — draw 8x8 char. [vd_x][vd_y][vd_col][vd_str]=charcode
   649                                  ; ============================================================================
   650                                  gdi_char:
   651 00000493 53                          push    ebx
   652 00000494 51                          push    ecx
   653 00000495 52                          push    edx
   654 00000496 56                          push    esi
   655 00000497 57                          push    edi
   656 00000498 50                          push    eax
   657 00000499 8B35[D76D0000]              mov     esi, [vd_str]
   658 0000049F 0FB61E                      movzx   ebx, byte [esi]
   659 000004A2 C1E303                      shl     ebx, 3
   660 000004A5 BE[560C0200]                mov     esi, FONT
   661 000004AA 01DE                        add     esi, ebx
   662 000004AC 8B1D[C46D0000]              mov     ebx, [vd_x]
   663 000004B2 8B0D[C86D0000]              mov     ecx, [vd_y]
   664 000004B8 BA08000000                  mov     edx, 8
   665                                  .gc_r:
   666 000004BD AC                          lodsb
   667 000004BE 52                          push    edx
   668 000004BF BA08000000                  mov     edx, 8
   669 000004C4 89CF                        mov     edi, ecx
   670 000004C6 69FF40010000                imul    edi, SW
   671 000004CC 01DF                        add     edi, ebx
   672 000004CE 81C700000300                add     edi, LFB
   673                                  .gc_c:
   674 000004D4 D0E0                        shl     al, 1
   675 000004D6 730A                        jnc     .gc_s
   676 000004D8 53                          push    ebx
   677 000004D9 8A1D[D56D0000]              mov     bl, [vd_col]
   678 000004DF 881F                        mov     [edi], bl
   679 000004E1 5B                          pop     ebx
   680                                  .gc_s:
   681 000004E2 47                          inc     edi
   682 000004E3 4A                          dec     edx
   683 000004E4 75EE                        jnz     .gc_c
   684 000004E6 5A                          pop     edx
   685 000004E7 41                          inc     ecx
   686 000004E8 4A                          dec     edx
   687 000004E9 75D2                        jnz     .gc_r
   688 000004EB 58                          pop     eax
   689 000004EC 5F                          pop     edi
   690 000004ED 5E                          pop     esi
   691 000004EE 5A                          pop     edx
   692 000004EF 59                          pop     ecx
   693 000004F0 5B                          pop     ebx
   694 000004F1 C3                          ret
   695                                  
   696                                  ; ============================================================================
   697                                  ; gdi_text — draw null-terminated string at [vd_x][vd_y][vd_str][vd_col]
   698                                  ; ============================================================================
   699                                  gdi_text:
   700 000004F2 53                          push    ebx
   701 000004F3 56                          push    esi
   702 000004F4 57                          push    edi
   703 000004F5 50                          push    eax
   704 000004F6 8B1D[C46D0000]              mov     ebx, [vd_x]
   705 000004FC 8B35[D76D0000]              mov     esi, [vd_str]
   706                                  .gt_l:
   707 00000502 AC                          lodsb
   708 00000503 08C0                        or      al, al
   709 00000505 7410                        jz      .gt_d
   710 00000507 56                          push    esi
   711 00000508 E886FFFFFF                  call    gdi_char
   712 0000050D 5E                          pop     esi
   713 0000050E 8305[C46D0000]08            add     dword [vd_x], 8
   714 00000515 EBEB                        jmp     .gt_l
   715                                  .gt_d:
   716 00000517 58                          pop     eax
   717 00000518 891D[C46D0000]              mov     [vd_x], ebx
   718 0000051E 5F                          pop     edi
   719 0000051F 5E                          pop     esi
   720 00000520 5B                          pop     ebx
   721 00000521 C3                          ret
   722                                  
   723                                  ; ============================================================================
   724                                  ; gdi_vgrad — vertical gradient on [vd_x..vd_h]. vd_col=start, vd_col2=end
   725                                  ; ============================================================================
   726                                  gdi_vgrad:
   727 00000522 53                          push    ebx
   728 00000523 51                          push    ecx
   729 00000524 52                          push    edx
   730 00000525 57                          push    edi
   731 00000526 50                          push    eax
   732 00000527 56                          push    esi
   733 00000528 8B1D[C86D0000]              mov     ebx, [vd_y]        ; current y (starts at top)
   734 0000052E 8B0D[D06D0000]              mov     ecx, [vd_h]        ; outer row count (loop counter)
   735                                      ; step = vd_col2 - vd_col  (signed byte, kept in esi)
   736 00000534 0FB635[D66D0000]            movzx   esi, byte [vd_col2]
   737 0000053B 0FB605[D56D0000]            movzx   eax, byte [vd_col]
   738 00000542 29C6                        sub     esi, eax
   739                                  .gv_r:
   740 00000544 85C9                        test    ecx, ecx
   741 00000546 743A                        jz      .gv_d
   742                                      ; colour for this row = vd_col + (y - vd_y) * step / vd_h
   743 00000548 89D8                        mov     eax, ebx
   744 0000054A 2B05[C86D0000]              sub     eax, [vd_y]        ; row index (>=0)
   745 00000550 0FAFC6                      imul    eax, esi           ; row * step
   746 00000553 31D2                        xor     edx, edx
   747 00000555 F735[D06D0000]              div     dword [vd_h]       ; / h
   748 0000055B 0305[D56D0000]              add     eax, [vd_col]      ; + start colour
   749 00000561 89DF                        mov     edi, ebx
   750 00000563 69FF40010000                imul    edi, SW
   751 00000569 033D[C46D0000]              add     edi, [vd_x]
   752 0000056F 81C700000300                add     edi, LFB
   753 00000575 51                          push    ecx                ; save outer counter
   754 00000576 8B0D[CC6D0000]              mov     ecx, [vd_w]        ; pixel width for rep stosb
   755 0000057C F3AA                        rep     stosb
   756 0000057E 59                          pop     ecx                ; restore outer counter
   757 0000057F 43                          inc     ebx
   758 00000580 E2C2                        loop    .gv_r              ; ecx--, jnz
   759                                  .gv_d:
   760 00000582 5E                          pop     esi
   761 00000583 58                          pop     eax
   762 00000584 5F                          pop     edi
   763 00000585 5A                          pop     edx
   764 00000586 59                          pop     ecx
   765 00000587 5B                          pop     ebx
   766 00000588 C3                          ret
   767                                  
   768                                  ; ============================================================================
   769                                  ; usr_init
   770                                  ; ============================================================================
   771                                  usr_init:
   772 00000589 57                          push    edi
   773 0000058A 51                          push    ecx
   774 0000058B 50                          push    eax
   775 0000058C BF[E8B10000]                mov     edi, wnd_table
   776 00000591 B988000000                  mov     ecx, MAXW*WSZ/4
   777 00000596 31C0                        xor     eax, eax
   778 00000598 F3AB                        rep     stosd
   779 0000059A BF[08B40000]                mov     edi, msg_queue
   780 0000059F B930000000                  mov     ecx, MAXM*MSZ/4
   781 000005A4 31C0                        xor     eax, eax
   782 000005A6 F3AB                        rep     stosd
   783 000005A8 C705[64710000]0000-         mov     dword [msg_head], 0
   783 000005B0 0000               
   784 000005B2 C705[68710000]0000-         mov     dword [msg_tail], 0
   784 000005BA 0000               
   785 000005BC C705[6C710000]0000-         mov     dword [msg_count], 0
   785 000005C4 0000               
   786 000005C6 58                          pop     eax
   787 000005C7 59                          pop     ecx
   788 000005C8 5F                          pop     edi
   789 000005C9 C3                          ret
   790                                  
   791                                  ; ============================================================================
   792                                  ; CreateWindow — [CW_X][CW_Y][CW_W][CW_H][CW_WP][CW_BI]
   793                                  ;   WinRec: 0-3:x,4-7:y,8-11:w,12-15:h,16-19:ox,20-23:oy,24:state,25:busy
   794                                  ;    26:winproc,27:btnid,28:zord
   795                                  ; ============================================================================
   796                                  CreateWindow:
   797 000005CA 53                          push    ebx
   798 000005CB 57                          push    edi
   799 000005CC 56                          push    esi
   800 000005CD BE[E8B10000]                mov     esi, wnd_table
   801 000005D2 A1[EE6D0000]                mov     eax, [CW_HND]
   802 000005D7 83F8FF                      cmp     eax, -1
   803 000005DA 740E                        je      .cw_s
   804                                      ; use caller-specified slot
   805 000005DC 83F811                      cmp     eax, MAXW
   806 000005DF 7D23                        jge     .cw_f
   807 000005E1 89C7                        mov     edi, eax
   808 000005E3 6BFF20                      imul    edi, WSZ
   809 000005E6 01F7                        add     edi, esi
   810 000005E8 EB21                        jmp     .cw_ok
   811                                  .cw_s:
   812 000005EA B800000000                  mov     eax, 0
   813                                  .cw_l:
   814 000005EF 83F811                      cmp     eax, MAXW
   815 000005F2 7D10                        jge     .cw_f
   816 000005F4 89C7                        mov     edi, eax
   817 000005F6 6BFF20                      imul    edi, WSZ
   818 000005F9 01F7                        add     edi, esi
   819 000005FB 807F1A00                    cmp     byte [edi+26], 0
   820 000005FF 740A                        je      .cw_ok
   821 00000601 40                          inc     eax
   822 00000602 EBEB                        jmp     .cw_l
   823                                  .cw_f:
   824 00000604 B8FFFFFFFF                  mov     eax, -1
   825 00000609 EB5F                        jmp     .cw_d
   826                                  .cw_ok:
   827 0000060B 8B1D[DC6D0000]              mov     ebx, [CW_X]
   828 00000611 891F                        mov     [edi], ebx
   829 00000613 8B1D[E06D0000]              mov     ebx, [CW_Y]
   830 00000619 895F04                      mov     [edi+4], ebx
   831 0000061C 8B1D[E46D0000]              mov     ebx, [CW_W]
   832 00000622 895F08                      mov     [edi+8], ebx
   833 00000625 8B1D[E86D0000]              mov     ebx, [CW_H]
   834 0000062B 895F0C                      mov     [edi+12], ebx
   835 0000062E 8B1D[DC6D0000]              mov     ebx, [CW_X]
   836 00000634 895F10                      mov     [edi+16], ebx
   837 00000637 8B1D[E06D0000]              mov     ebx, [CW_Y]
   838 0000063D 895F14                      mov     [edi+20], ebx
   839 00000640 C6471801                    mov     byte [edi+24], WS_NORM
   840 00000644 C6471900                    mov     byte [edi+25], 0
   841 00000648 8A1D[EC6D0000]              mov     bl, [CW_WP]
   842 0000064E 885F1A                      mov     [edi+26], bl
   843 00000651 8A1D[ED6D0000]              mov     bl, [CW_BI]
   844 00000657 885F1B                      mov     [edi+27], bl
   845 0000065A C6471C00                    mov     byte [edi+28], 0
   846 0000065E C6471D00                    mov     byte [edi+29], 0
   847 00000662 C6471E00                    mov     byte [edi+30], 0
   848 00000666 C6471F00                    mov     byte [edi+31], 0
   849                                  .cw_d:
   850 0000066A 5E                          pop     esi
   851 0000066B 5F                          pop     edi
   852 0000066C 5B                          pop     ebx
   853 0000066D C3                          ret
   854                                  
   855                                  ; ============================================================================
   856                                  ; DestroyWindow — eax = hwnd
   857                                  ; ============================================================================
   858                                  DestroyWindow:
   859 0000066E 57                          push    edi
   860 0000066F 50                          push    eax
   861 00000670 83F8FF                      cmp     eax, -1
   862 00000673 7418                        je      .dw_d
   863 00000675 83F811                      cmp     eax, MAXW
   864 00000678 7D13                        jge     .dw_d
   865 0000067A 89C7                        mov     edi, eax
   866 0000067C 6BFF20                      imul    edi, WSZ
   867 0000067F 81C7[E8B10000]              add     edi, wnd_table
   868 00000685 C6471800                    mov     byte [edi+24], 0
   869 00000689 C6471A00                    mov     byte [edi+26], 0
   870                                  .dw_d:
   871 0000068D 58                          pop     eax
   872 0000068E 5F                          pop     edi
   873 0000068F C3                          ret
   874                                  
   875                                  ; ============================================================================
   876                                  ; PostMessage — [DM_HND][DM_MSG][DM_WP][DM_LP]
   877                                  ; ============================================================================
   878                                  PostMessage:
   879 00000690 57                          push    edi
   880 00000691 52                          push    edx
   881 00000692 50                          push    eax
   882 00000693 A1[6C710000]                mov     eax, [msg_count]
   883 00000698 83F810                      cmp     eax, MAXM
   884 0000069B 7D4C                        jge     .pm_f
   885 0000069D 8B3D[68710000]              mov     edi, [msg_tail]
   886 000006A3 6BFF0C                      imul    edi, MSZ
   887 000006A6 81C7[08B40000]              add     edi, msg_queue
   888 000006AC A1[F46D0000]                mov     eax, [DM_HND]
   889 000006B1 8907                        mov     [edi], eax
   890 000006B3 66A1[F86D0000]              mov     ax, [DM_MSG]
   891 000006B9 66894704                    mov     [edi+4], ax
   892 000006BD 66A1[FA6D0000]              mov     ax, [DM_WP]
   893 000006C3 66894706                    mov     [edi+6], ax
   894 000006C7 66A1[FC6D0000]              mov     ax, [DM_LP]
   895 000006CD 66894708                    mov     [edi+8], ax
   896 000006D1 A1[68710000]                mov     eax, [msg_tail]
   897 000006D6 40                          inc     eax
   898 000006D7 83F810                      cmp     eax, MAXM
   899 000006DA 7C02                        jl      .pm_t
   900 000006DC 31C0                        xor     eax, eax
   901                                  .pm_t:
   902 000006DE A3[68710000]                mov     [msg_tail], eax
   903 000006E3 FF05[6C710000]              inc     dword [msg_count]
   904                                  .pm_f:
   905 000006E9 58                          pop     eax
   906 000006EA 5A                          pop     edx
   907 000006EB 5F                          pop     edi
   908 000006EC C3                          ret
   909                                  
   910                                  ; ============================================================================
   911                                  ; DispatchMessage
   912                                  ; ============================================================================
   913                                  DispatchMessage:
   914 000006ED 57                          push    edi
   915 000006EE 50                          push    eax
   916 000006EF 53                          push    ebx
   917 000006F0 51                          push    ecx
   918 000006F1 52                          push    edx
   919 000006F2 A1[6C710000]                mov     eax, [msg_count]
   920 000006F7 85C0                        test    eax, eax
   921 000006F9 7451                        jz      .dm_e
   922 000006FB 8B3D[64710000]              mov     edi, [msg_head]
   923 00000701 6BFF0C                      imul    edi, MSZ
   924 00000704 81C7[08B40000]              add     edi, msg_queue
   925 0000070A 8B07                        mov     eax, [edi]
   926 0000070C 668B5F04                    mov     bx, [edi+4]
   927 00000710 668B4F06                    mov     cx, [edi+6]
   928 00000714 668B5708                    mov     dx, [edi+8]
   929 00000718 A1[64710000]                mov     eax, [msg_head]
   930 0000071D 40                          inc     eax
   931 0000071E 83F810                      cmp     eax, MAXM
   932 00000721 7C02                        jl      .dm_h
   933 00000723 31C0                        xor     eax, eax
   934                                  .dm_h:
   935 00000725 A3[64710000]                mov     [msg_head], eax
   936 0000072A FF0D[6C710000]              dec     dword [msg_count]
   937 00000730 A3[F46D0000]                mov     [DM_HND], eax
   938 00000735 66891D[F86D0000]            mov     [DM_MSG], bx
   939 0000073C 66890D[FA6D0000]            mov     [DM_WP], cx
   940 00000743 668915[FC6D0000]            mov     [DM_LP], dx
   941 0000074A EB07                        jmp     .dm_d
   942                                  .dm_e:
   943 0000074C 31C0                        xor     eax, eax
   944 0000074E A3[F46D0000]                mov     [DM_HND], eax
   945                                  .dm_d:
   946 00000753 5A                          pop     edx
   947 00000754 59                          pop     ecx
   948 00000755 5B                          pop     ebx
   949 00000756 58                          pop     eax
   950 00000757 5F                          pop     edi
   951 00000758 C3                          ret
   952                                  
   953                                  ; ============================================================================
   954                                  ; user_dispatch — [DM_HND][DM_MSG][DM_WP][DM_LP]
   955                                  ; ============================================================================
   956                                  user_dispatch:
   957 00000759 57                          push    edi
   958 0000075A 50                          push    eax
   959 0000075B 53                          push    ebx
   960 0000075C 51                          push    ecx
   961 0000075D 52                          push    edx
   962 0000075E 56                          push    esi
   963 0000075F A1[F46D0000]                mov     eax, [DM_HND]
   964 00000764 83F8FF                      cmp     eax, -1
   965 00000767 0F84B5000000                je      .ud_d
   966 0000076D 83F811                      cmp     eax, MAXW
   967 00000770 0F8DAC000000                jge     .ud_d
   968 00000776 89C7                        mov     edi, eax
   969 00000778 6BFF20                      imul    edi, WSZ
   970 0000077B 81C7[E8B10000]              add     edi, wnd_table
   971 00000781 8A5F1A                      mov     bl, [edi+26]
   972 00000784 80FB01                      cmp     bl, 1
   973 00000787 743E                        je      .ud_w
   974 00000789 80FB02                      cmp     bl, 2
   975 0000078C 7440                        je      .ud_t
   976 0000078E 80FB03                      cmp     bl, 3
   977 00000791 7442                        je      .ud_b
   978 00000793 80FB04                      cmp     bl, 4
   979 00000796 7444                        je      .ud_m
   980 00000798 80FB05                      cmp     bl, 5
   981 0000079B 7446                        je      .ud_d2
   982 0000079D 80FB06                      cmp     bl, 6
   983 000007A0 7448                        je      .ud_n
   984 000007A2 80FB07                      cmp     bl, 7
   985 000007A5 744A                        je      .ud_a
   986 000007A7 80FB08                      cmp     bl, 8
   987 000007AA 744C                        je      .ud_s
   988 000007AC 80FB09                      cmp     bl, 9
   989 000007AF 744E                        je      .ud_fl
   990 000007B1 80FB0A                      cmp     bl, 10
   991 000007B4 7450                        je      .ud_net
   992 000007B6 80FB0B                      cmp     bl, 11
   993 000007B9 7452                        je      .ud_br
   994 000007BB 80FB0C                      cmp     bl, 12
   995 000007BE 7454                        je      .ud_ins
   996 000007C0 80FB0D                      cmp     bl, 13
   997 000007C3 7456                        je      .ud_ex
   998 000007C5 EB5B                        jmp     .ud_d
   999                                  .ud_w:
  1000 000007C7 E85D000000                  call    wp_w
  1001 000007CC EB54                        jmp     .ud_d
  1002                                  .ud_t:
  1003 000007CE E8CB000000                  call    wp_t
  1004 000007D3 EB4D                        jmp     .ud_d
  1005                                  .ud_b:
  1006 000007D5 E8EB000000                  call    wp_b
  1007 000007DA EB46                        jmp     .ud_d
  1008                                  .ud_m:
  1009 000007DC E839010000                  call    wp_m
  1010 000007E1 EB3F                        jmp     .ud_d
  1011                                  .ud_d2:
  1012 000007E3 E8B30A0000                  call    wp_d
  1013 000007E8 EB38                        jmp     .ud_d
  1014                                  .ud_n:
  1015 000007EA E8AD0A0000                  call    wp_n
  1016 000007EF EB31                        jmp     .ud_d
  1017                                  .ud_a:
  1018 000007F1 E8CD0A0000                  call    wp_a
  1019 000007F6 EB2A                        jmp     .ud_d
  1020                                  .ud_s:
  1021 000007F8 E8C70A0000                  call    wp_s
  1022 000007FD EB23                        jmp     .ud_d
  1023                                  .ud_fl:
  1024 000007FF E8C10A0000                  call    wp_fl
  1025 00000804 EB1C                        jmp     .ud_d
  1026                                  .ud_net:
  1027 00000806 E8E10A0000                  call    wp_net
  1028 0000080B EB15                        jmp     .ud_d
  1029                                  .ud_br:
  1030 0000080D E8010B0000                  call    wp_br
  1031 00000812 EB0E                        jmp     .ud_d
  1032                                  .ud_ins:
  1033 00000814 E8210B0000                  call    wp_ins
  1034 00000819 EB07                        jmp     .ud_d
  1035                                  .ud_ex:
  1036 0000081B E8410B0000                  call    wp_ex
  1037 00000820 EB00                        jmp     .ud_d
  1038                                  .ud_d:
  1039 00000822 5E                          pop     esi
  1040 00000823 5A                          pop     edx
  1041 00000824 59                          pop     ecx
  1042 00000825 5B                          pop     ebx
  1043 00000826 58                          pop     eax
  1044 00000827 5F                          pop     edi
  1045 00000828 C3                          ret
  1046                                  
  1047                                  ; ============================================================================
  1048                                  ; wp_w (window proc)
  1049                                  ; ============================================================================
  1050                                  wp_w:
  1051 00000829 57                          push    edi
  1052 0000082A 50                          push    eax
  1053 0000082B 53                          push    ebx
  1054 0000082C 8B3D[F46D0000]              mov     edi, [DM_HND]
  1055 00000832 6BFF20                      imul    edi, WSZ
  1056 00000835 81C7[E8B10000]              add     edi, wnd_table
  1057 0000083B 66A1[F86D0000]              mov     ax, [DM_MSG]
  1058 00000841 6683F801                    cmp     ax, WM_PAINT
  1059 00000845 740E                        je      .ww_p
  1060 00000847 6683F802                    cmp     ax, WM_LDOWN
  1061 0000084B 7411                        je      .ww_l
  1062 0000084D 6683F804                    cmp     ax, WM_RDOWN
  1063 00000851 7400                        je      .ww_r
  1064                                  .ww_r:
  1065 00000853 EB45                        jmp     .ww_d
  1066                                  .ww_p:
  1067 00000855 57                          push    edi
  1068 00000856 E8F5000000                  call    draw_wnd
  1069 0000085B 5F                          pop     edi
  1070 0000085C EB3C                        jmp     .ww_d
  1071                                  .ww_l:
  1072                                      ; title bar click - drag (y in DM_LP, window_y+TH threshold)
  1073 0000085E A1[FC6D0000]                mov     eax, [DM_LP]
  1074 00000863 8B4F04                      mov     ecx, [edi+4]
  1075 00000866 83C112                      add     ecx, TH
  1076 00000869 39C8                        cmp     eax, ecx
  1077 0000086B 7D2D                        jge     .ww_cl
  1078 0000086D A1[F46D0000]                mov     eax, [DM_HND]
  1079 00000872 A3[30710000]                mov     [drag_h], eax
  1080 00000877 A1[FA6D0000]                mov     eax, [DM_WP]
  1081 0000087C A3[34710000]                mov     [drag_mx], eax
  1082 00000881 A1[FC6D0000]                mov     eax, [DM_LP]
  1083 00000886 A3[38710000]                mov     [drag_my], eax
  1084 0000088B 8B07                        mov     eax, [edi]
  1085 0000088D A3[70710000]                mov     [drag_bx], eax
  1086 00000892 8B4704                      mov     eax, [edi+4]
  1087 00000895 A3[74710000]                mov     [drag_by], eax
  1088                                  .ww_cl:
  1089                                  .ww_d:
  1090 0000089A 5B                          pop     ebx
  1091 0000089B 58                          pop     eax
  1092 0000089C 5F                          pop     edi
  1093 0000089D C3                          ret
  1094                                  
  1095                                  wp_t:
  1096 0000089E 57                          push    edi
  1097 0000089F 50                          push    eax
  1098 000008A0 8B3D[F46D0000]              mov     edi, [DM_HND]
  1099 000008A6 6BFF20                      imul    edi, WSZ
  1100 000008A9 81C7[E8B10000]              add     edi, wnd_table
  1101 000008AF 66A1[F86D0000]              mov     ax, [DM_MSG]
  1102 000008B5 6683F801                    cmp     ax, WM_PAINT
  1103 000008B9 7402                        je      .wt_p
  1104 000008BB EB05                        jmp     .wt_d
  1105                                  .wt_p:
  1106 000008BD E896010000                  call    draw_tb
  1107                                  .wt_d:
  1108 000008C2 58                          pop     eax
  1109 000008C3 5F                          pop     edi
  1110 000008C4 C3                          ret
  1111                                  
  1112                                  wp_b:
  1113 000008C5 57                          push    edi
  1114 000008C6 50                          push    eax
  1115 000008C7 53                          push    ebx
  1116 000008C8 8B3D[F46D0000]              mov     edi, [DM_HND]
  1117 000008CE 6BFF20                      imul    edi, WSZ
  1118 000008D1 81C7[E8B10000]              add     edi, wnd_table
  1119 000008D7 66A1[F86D0000]              mov     ax, [DM_MSG]
  1120 000008DD 6683F801                    cmp     ax, WM_PAINT
  1121 000008E1 7408                        je      .wb_p
  1122 000008E3 6683F802                    cmp     ax, WM_LDOWN
  1123 000008E7 7409                        je      .wb_l
  1124 000008E9 EB2B                        jmp     .wb_d
  1125                                  .wb_p:
  1126 000008EB E892020000                  call    draw_btn
  1127 000008F0 EB24                        jmp     .wb_d
  1128                                  .wb_l:
  1129                                      ; fire WM_CMD to parent
  1130 000008F2 8A5F1B                      mov     bl, [edi+27]
  1131 000008F5 57                          push    edi
  1132 000008F6 50                          push    eax
  1133 000008F7 A1[F46D0000]                mov     eax, [DM_HND]
  1134 000008FC A3[F46D0000]                mov     [DM_HND], eax
  1135 00000901 66891D[F86D0000]            mov     [DM_MSG], bx
  1136 00000908 66891D[FC6D0000]            mov     [DM_LP], bx
  1137 0000090F E845FEFFFF                  call    user_dispatch
  1138 00000914 58                          pop     eax
  1139 00000915 5F                          pop     edi
  1140                                  .wb_d:
  1141 00000916 5B                          pop     ebx
  1142 00000917 58                          pop     eax
  1143 00000918 5F                          pop     edi
  1144 00000919 C3                          ret
  1145                                  
  1146                                  wp_m:
  1147 0000091A 57                          push    edi
  1148 0000091B 50                          push    eax
  1149 0000091C 53                          push    ebx
  1150 0000091D 8B3D[F46D0000]              mov     edi, [DM_HND]
  1151 00000923 6BFF20                      imul    edi, WSZ
  1152 00000926 81C7[E8B10000]              add     edi, wnd_table
  1153 0000092C 66A1[F86D0000]              mov     ax, [DM_MSG]
  1154 00000932 6683F801                    cmp     ax, WM_PAINT
  1155 00000936 7408                        je      .wm_p
  1156 00000938 6683F802                    cmp     ax, WM_LDOWN
  1157 0000093C 7409                        je      .wm_l
  1158 0000093E EB0C                        jmp     .wm_d
  1159                                  .wm_p:
  1160 00000940 E87F030000                  call    draw_menu
  1161 00000945 EB05                        jmp     .wm_d
  1162                                  .wm_l:
  1163 00000947 E845040000                  call    menu_hit
  1164                                  .wm_d:
  1165 0000094C 5B                          pop     ebx
  1166 0000094D 58                          pop     eax
  1167 0000094E 5F                          pop     edi
  1168 0000094F C3                          ret
  1169                                  
  1170                                  ; ============================================================================
  1171                                  ; draw_wnd
  1172                                  ; ============================================================================
  1173                                  draw_wnd:
  1174 00000950 57                          push    edi
  1175 00000951 50                          push    eax
  1176 00000952 53                          push    ebx
  1177 00000953 51                          push    ecx
  1178 00000954 52                          push    edx
  1179 00000955 8B07                        mov     eax, [edi]
  1180 00000957 A3[C46D0000]                mov     [vd_x], eax
  1181 0000095C 8B4704                      mov     eax, [edi+4]
  1182 0000095F A3[C86D0000]                mov     [vd_y], eax
  1183 00000964 8B4708                      mov     eax, [edi+8]
  1184 00000967 A3[CC6D0000]                mov     [vd_w], eax
  1185 0000096C 8B470C                      mov     eax, [edi+12]
  1186 0000096F A3[D06D0000]                mov     [vd_h], eax
  1187                                      ; title bar gradient
  1188 00000974 50                          push    eax
  1189 00000975 A1[C86D0000]                mov     eax, [vd_y]
  1190 0000097A A3[C86D0000]                mov     [vd_y], eax
  1191 0000097F B812000000                  mov     eax, TH
  1192 00000984 A3[D06D0000]                mov     [vd_h], eax
  1193 00000989 C605[D56D0000]03            mov     byte [vd_col], PN0
  1194 00000990 C605[D66D0000]04            mov     byte [vd_col2], PN1
  1195 00000997 E886FBFFFF                  call    gdi_vgrad
  1196 0000099C 58                          pop     eax
  1197 0000099D A3[D06D0000]                mov     [vd_h], eax
  1198                                      ; client
  1199 000009A2 8B4704                      mov     eax, [edi+4]
  1200 000009A5 83C012                      add     eax, TH
  1201 000009A8 A3[C86D0000]                mov     [vd_y], eax
  1202 000009AD 8B470C                      mov     eax, [edi+12]
  1203 000009B0 83E812                      sub     eax, TH
  1204 000009B3 A3[D06D0000]                mov     [vd_h], eax
  1205 000009B8 C605[D56D0000]05            mov     byte [vd_col], PC
  1206 000009BF E8B4F9FFFF                  call    gdi_rect
  1207                                      ; title text - dynamic by winproc
  1208 000009C4 8A5F1A                      mov     bl, [edi+26]
  1209 000009C7 BE[40050200]                mov     esi, title_t
  1210 000009CC 80FB05                      cmp     bl, 5
  1211 000009CF 7411                        je      .dw_td
  1212 000009D1 80FB06                      cmp     bl, 6
  1213 000009D4 7413                        je      .dw_tn
  1214 000009D6 80FB07                      cmp     bl, 7
  1215 000009D9 7415                        je      .dw_ta
  1216 000009DB 80FB08                      cmp     bl, 8
  1217 000009DE 7417                        je      .dw_ts
  1218 000009E0 EB1A                        jmp     .dw_tr
  1219                                  .dw_td:
  1220 000009E2 BE[40050200]                mov     esi, title_dos_t
  1221 000009E7 EB13                        jmp     .dw_tr
  1222                                  .dw_tn:
  1223 000009E9 BE[4D050200]                mov     esi, title_note_t
  1224 000009EE EB0C                        jmp     .dw_tr
  1225                                  .dw_ta:
  1226 000009F0 BE[A2050200]                mov     esi, title_about_t
  1227 000009F5 EB05                        jmp     .dw_tr
  1228                                  .dw_ts:
  1229 000009F7 BE[A8050200]                mov     esi, title_win_t
  1230                                  .dw_tr:
  1231 000009FC 8B07                        mov     eax, [edi]
  1232 000009FE 83C004                      add     eax, 4
  1233 00000A01 A3[C46D0000]                mov     [vd_x], eax
  1234 00000A06 8B4704                      mov     eax, [edi+4]
  1235 00000A09 83C003                      add     eax, 3
  1236 00000A0C A3[C86D0000]                mov     [vd_y], eax
  1237 00000A11 8935[D76D0000]              mov     [vd_str], esi
  1238 00000A17 C605[D56D0000]01            mov     byte [vd_col], PW
  1239 00000A1E E8CFFAFFFF                  call    gdi_text
  1240                                      ; frame
  1241 00000A23 8B07                        mov     eax, [edi]
  1242 00000A25 A3[C46D0000]                mov     [vd_x], eax
  1243 00000A2A 8B4704                      mov     eax, [edi+4]
  1244 00000A2D A3[C86D0000]                mov     [vd_y], eax
  1245 00000A32 8B4708                      mov     eax, [edi+8]
  1246 00000A35 A3[CC6D0000]                mov     [vd_w], eax
  1247 00000A3A 8B470C                      mov     eax, [edi+12]
  1248 00000A3D A3[D06D0000]                mov     [vd_h], eax
  1249 00000A42 C605[D46D0000]01            mov     byte [vd_ch], 1
  1250 00000A49 B006                        mov     al, PD
  1251 00000A4B B407                        mov     ah, PL
  1252 00000A4D E86AF9FFFF                  call    gdi_frame3d
  1253 00000A52 5A                          pop     edx
  1254 00000A53 59                          pop     ecx
  1255 00000A54 5B                          pop     ebx
  1256 00000A55 58                          pop     eax
  1257 00000A56 5F                          pop     edi
  1258 00000A57 C3                          ret
  1259                                  
  1260                                  ; ============================================================================
  1261                                  ; draw_tb — taskbar
  1262                                  ; ============================================================================
  1263                                  draw_tb:
  1264 00000A58 50                          push    eax
  1265 00000A59 53                          push    ebx
  1266 00000A5A 51                          push    ecx
  1267 00000A5B 52                          push    edx
  1268 00000A5C 57                          push    edi
  1269 00000A5D C705[C46D0000]0000-         mov     dword [vd_x], 0
  1269 00000A65 0000               
  1270 00000A67 C705[C86D0000]B400-         mov     dword [vd_y], TBRY
  1270 00000A6F 0000               
  1271 00000A71 C705[CC6D0000]4001-         mov     dword [vd_w], SW
  1271 00000A79 0000               
  1272 00000A7B C705[D06D0000]1400-         mov     dword [vd_h], TH2
  1272 00000A83 0000               
  1273 00000A85 C605[D56D0000]02            mov     byte [vd_col], PG
  1274 00000A8C E8E7F8FFFF                  call    gdi_rect
  1275 00000A91 50                          push    eax
  1276 00000A92 B052                        mov     al, 'R'
  1277 00000A94 E6E9                        out     0xE9, al
  1278 00000A96 58                          pop     eax
  1279 00000A97 C705[C46D0000]0000-         mov     dword [vd_x], 0
  1279 00000A9F 0000               
  1280 00000AA1 C705[C86D0000]B400-         mov     dword [vd_y], TBRY
  1280 00000AA9 0000               
  1281 00000AAB C705[CC6D0000]4001-         mov     dword [vd_w], SW
  1281 00000AB3 0000               
  1282 00000AB5 C705[D06D0000]0100-         mov     dword [vd_h], 1
  1282 00000ABD 0000               
  1283 00000ABF C605[D56D0000]07            mov     byte [vd_col], PL
  1284 00000AC6 E8ADF8FFFF                  call    gdi_rect
  1285 00000ACB E806070000                  call    draw_clock
  1286 00000AD0 50                          push    eax
  1287 00000AD1 B04B                        mov     al, 'K'
  1288 00000AD3 E6E9                        out     0xE9, al
  1289 00000AD5 58                          pop     eax
  1290 00000AD6 C705[80710000]5800-         mov     dword [tb_x], TBX
  1290 00000ADE 0000               
  1291 00000AE0 50                          push    eax
  1292 00000AE1 B04C                        mov     al, 'L'
  1293 00000AE3 E6E9                        out     0xE9, al
  1294 00000AE5 58                          pop     eax
  1295 00000AE6 B900000000                  mov     ecx, 0
  1296                                  .tb_w:
  1297 00000AEB 83F911                      cmp     ecx, MAXW
  1298 00000AEE 0F8D82000000                jge     .tb_d
  1299 00000AF4 51                          push    ecx
  1300 00000AF5 89CF                        mov     edi, ecx
  1301 00000AF7 6BFF20                      imul    edi, WSZ
  1302 00000AFA 81C7[E8B10000]              add     edi, wnd_table
  1303 00000B00 8A5F18                      mov     bl, [edi+24]
  1304 00000B03 80FB00                      cmp     bl, WS_HID
  1305 00000B06 7467                        je      .tb_n
  1306 00000B08 8A5F1A                      mov     bl, [edi+26]
  1307 00000B0B 80FB00                      cmp     bl, 0
  1308 00000B0E 745F                        je      .tb_n
  1309 00000B10 80FB02                      cmp     bl, 2
  1310 00000B13 745A                        je      .tb_n
  1311 00000B15 80FB03                      cmp     bl, 3
  1312 00000B18 7455                        je      .tb_n
  1313 00000B1A 80FB04                      cmp     bl, 4
  1314 00000B1D 7450                        je      .tb_n
  1315 00000B1F 80FB08                      cmp     bl, 8
  1316 00000B22 744B                        je      .tb_n
  1317 00000B24 A1[80710000]                mov     eax, [tb_x]
  1318 00000B29 A3[C46D0000]                mov     [vd_x], eax
  1319 00000B2E C705[C86D0000]B600-         mov     dword [vd_y], TBRY+2
  1319 00000B36 0000               
  1320 00000B38 C705[CC6D0000]2800-         mov     dword [vd_w], TBW
  1320 00000B40 0000               
  1321 00000B42 C705[D06D0000]1000-         mov     dword [vd_h], TBH
  1321 00000B4A 0000               
  1322 00000B4C C605[D56D0000]05            mov     byte [vd_col], PC
  1323 00000B53 E820F8FFFF                  call    gdi_rect
  1324 00000B58 C605[D46D0000]01            mov     byte [vd_ch], 1
  1325 00000B5F B006                        mov     al, PD
  1326 00000B61 B407                        mov     ah, PL
  1327 00000B63 E854F8FFFF                  call    gdi_frame3d
  1328 00000B68 8305[80710000]2A            add     dword [tb_x], TBW+2
  1329                                  .tb_n:
  1330 00000B6F 59                          pop     ecx
  1331 00000B70 41                          inc     ecx
  1332 00000B71 E975FFFFFF                  jmp     .tb_w
  1333                                  .tb_d:
  1334 00000B76 50                          push    eax
  1335 00000B77 B045                        mov     al, 'E'
  1336 00000B79 E6E9                        out     0xE9, al
  1337 00000B7B 58                          pop     eax
  1338 00000B7C 5F                          pop     edi
  1339 00000B7D 5A                          pop     edx
  1340 00000B7E 59                          pop     ecx
  1341 00000B7F 5B                          pop     ebx
  1342 00000B80 58                          pop     eax
  1343 00000B81 C3                          ret
  1344                                  
  1345                                  ; ============================================================================
  1346                                  ; draw_btn — button
  1347                                  ; ============================================================================
  1348                                  draw_btn:
  1349 00000B82 50                          push    eax
  1350 00000B83 53                          push    ebx
  1351 00000B84 51                          push    ecx
  1352 00000B85 52                          push    edx
  1353 00000B86 57                          push    edi
  1354 00000B87 8B07                        mov     eax, [edi]
  1355 00000B89 A3[C46D0000]                mov     [vd_x], eax
  1356 00000B8E 8B4704                      mov     eax, [edi+4]
  1357 00000B91 A3[C86D0000]                mov     [vd_y], eax
  1358 00000B96 8B4708                      mov     eax, [edi+8]
  1359 00000B99 A3[CC6D0000]                mov     [vd_w], eax
  1360 00000B9E 8B470C                      mov     eax, [edi+12]
  1361 00000BA1 A3[D06D0000]                mov     [vd_h], eax
  1362 00000BA6 8A5F1B                      mov     bl, [edi+27]
  1363 00000BA9 80FB01                      cmp     bl, B_ST
  1364 00000BAC 7418                        je      .db_s
  1365 00000BAE 80FB04                      cmp     bl, B_CL
  1366 00000BB1 741C                        je      .db_c
  1367 00000BB3 80FB03                      cmp     bl, B_MX
  1368 00000BB6 7420                        je      .db_m
  1369 00000BB8 80FB02                      cmp     bl, B_MN
  1370 00000BBB 7424                        je      .db_n
  1371 00000BBD C605[D56D0000]02            mov     byte [vd_col], PG
  1372 00000BC4 EB32                        jmp     .db_f
  1373                                  .db_s:
  1374 00000BC6 C605[D56D0000]02            mov     byte [vd_col], PG
  1375 00000BCD EB29                        jmp     .db_f
  1376                                  .db_c:
  1377 00000BCF C605[D56D0000]08            mov     byte [vd_col], PR
  1378 00000BD6 EB10                        jmp     .db_hov
  1379                                  .db_m:
  1380 00000BD8 C605[D56D0000]09            mov     byte [vd_col], PGN
  1381 00000BDF EB07                        jmp     .db_hov
  1382                                  .db_n:
  1383 00000BE1 C605[D56D0000]0A            mov     byte [vd_col], PY
  1384                                  .db_hov:
  1385                                      ; Phase B: invert to white when this button is hovered
  1386 00000BE8 A0[AB710000]                mov     al, [hover_btn]
  1387 00000BED 38D8                        cmp     al, bl
  1388 00000BEF 7507                        jne     .db_f
  1389 00000BF1 C605[D56D0000]01            mov     byte [vd_col], PW
  1390                                  .db_f:
  1391 00000BF8 E87BF7FFFF                  call    gdi_rect
  1392 00000BFD C605[D46D0000]01            mov     byte [vd_ch], 1
  1393 00000C04 B006                        mov     al, PD
  1394 00000C06 B407                        mov     ah, PL
  1395 00000C08 E8AFF7FFFF                  call    gdi_frame3d
  1396 00000C0D 80FB01                      cmp     bl, B_ST
  1397 00000C10 7414                        je      .db_ss
  1398 00000C12 80FB04                      cmp     bl, B_CL
  1399 00000C15 743D                        je      .db_cc
  1400 00000C17 80FB03                      cmp     bl, B_MX
  1401 00000C1A 746D                        je      .db_mm
  1402 00000C1C 80FB02                      cmp     bl, B_MN
  1403 00000C1F 743A                        je      .db_nn
  1404 00000C21 E998000000                  jmp     .db_l
  1405                                  .db_ss:
  1406 00000C26 8B07                        mov     eax, [edi]
  1407 00000C28 83C00C                      add     eax, 12
  1408 00000C2B A3[C46D0000]                mov     [vd_x], eax
  1409 00000C30 8B4704                      mov     eax, [edi+4]
  1410 00000C33 83C003                      add     eax, 3
  1411 00000C36 A3[C86D0000]                mov     [vd_y], eax
  1412 00000C3B BE[47050200]                mov     esi, start_t
  1413 00000C40 8935[D76D0000]              mov     [vd_str], esi
  1414 00000C46 C605[D56D0000]01            mov     byte [vd_col], PW
  1415 00000C4D E8A0F8FFFF                  call    gdi_text
  1416 00000C52 EB6A                        jmp     .db_l
  1417                                  .db_cc:
  1418 00000C54 BE[D1050200]                mov     esi, btn_close_c
  1419 00000C59 EB05                        jmp     .db_cl
  1420                                  .db_nn:
  1421 00000C5B BE[D3050200]                mov     esi, btn_min_c
  1422                                  .db_cl:
  1423 00000C60 8B07                        mov     eax, [edi]
  1424 00000C62 83C004                      add     eax, 4
  1425 00000C65 A3[C46D0000]                mov     [vd_x], eax
  1426 00000C6A 8B4704                      mov     eax, [edi+4]
  1427 00000C6D 83C002                      add     eax, 2
  1428 00000C70 A3[C86D0000]                mov     [vd_y], eax
  1429 00000C75 8935[D76D0000]              mov     [vd_str], esi
  1430 00000C7B C605[D56D0000]01            mov     byte [vd_col], PW
  1431 00000C82 E80CF8FFFF                  call    gdi_char
  1432 00000C87 EB35                        jmp     .db_l
  1433                                  .db_mm:
  1434 00000C89 8B07                        mov     eax, [edi]
  1435 00000C8B 83C005                      add     eax, 5
  1436 00000C8E A3[C46D0000]                mov     [vd_x], eax
  1437 00000C93 8B4704                      mov     eax, [edi+4]
  1438 00000C96 83C005                      add     eax, 5
  1439 00000C99 A3[C86D0000]                mov     [vd_y], eax
  1440 00000C9E C705[CC6D0000]0400-         mov     dword [vd_w], 4
  1440 00000CA6 0000               
  1441 00000CA8 C705[D06D0000]0400-         mov     dword [vd_h], 4
  1441 00000CB0 0000               
  1442 00000CB2 C605[D56D0000]01            mov     byte [vd_col], PW
  1443 00000CB9 E8BAF6FFFF                  call    gdi_rect
  1444                                  .db_l:
  1445 00000CBE 5F                          pop     edi
  1446 00000CBF 5A                          pop     edx
  1447 00000CC0 59                          pop     ecx
  1448 00000CC1 5B                          pop     ebx
  1449 00000CC2 58                          pop     eax
  1450 00000CC3 C3                          ret
  1451                                  
  1452                                  ; ============================================================================
  1453                                  ; draw_menu — start menu (7 items)
  1454                                  ; ============================================================================
  1455                                  draw_menu:
  1456 00000CC4 50                          push    eax
  1457 00000CC5 53                          push    ebx
  1458 00000CC6 51                          push    ecx
  1459 00000CC7 52                          push    edx
  1460 00000CC8 57                          push    edi
  1461 00000CC9 56                          push    esi
  1462 00000CCA C705[C46D0000]0400-         mov     dword [vd_x], MNX
  1462 00000CD2 0000               
  1463 00000CD4 C705[C86D0000]2800-         mov     dword [vd_y], MNY
  1463 00000CDC 0000               
  1464 00000CDE C705[CC6D0000]6000-         mov     dword [vd_w], MNW
  1464 00000CE6 0000               
  1465 00000CE8 C705[D06D0000]8C00-         mov     dword [vd_h], MNH
  1465 00000CF0 0000               
  1466 00000CF2 C605[D56D0000]0B            mov     byte [vd_col], MNU
  1467 00000CF9 E87AF6FFFF                  call    gdi_rect
  1468 00000CFE C605[D46D0000]01            mov     byte [vd_ch], 1
  1469 00000D05 B006                        mov     al, PD
  1470 00000D07 B407                        mov     ah, PL
  1471 00000D09 E8AEF6FFFF                  call    gdi_frame3d
  1472 00000D0E B900000000                  mov     ecx, 0
  1473                                  .dm_i:
  1474 00000D13 83F907                      cmp     ecx, 7
  1475 00000D16 7D72                        jge     .dm_d
  1476 00000D18 B828000000                  mov     eax, MNY
  1477 00000D1D 01C8                        add     eax, ecx
  1478 00000D1F 6BC012                      imul    eax, MIH
  1479 00000D22 83C002                      add     eax, 2
  1480 00000D25 A3[C86D0000]                mov     [vd_y], eax
  1481 00000D2A C705[C46D0000]0800-         mov     dword [vd_x], MNX + 4
  1481 00000D32 0000               
  1482 00000D34 BE[40050200]                mov     esi, mnu_t1
  1483 00000D39 83F900                      cmp     ecx, 0
  1484 00000D3C 7437                        je      .dm_u
  1485 00000D3E BE[4D050200]                mov     esi, mnu_t2
  1486 00000D43 83F901                      cmp     ecx, 1
  1487 00000D46 742D                        je      .dm_u
  1488 00000D48 BE[55050200]                mov     esi, mnu_t3
  1489 00000D4D 83F902                      cmp     ecx, 2
  1490 00000D50 7423                        je      .dm_u
  1491 00000D52 BE[63050200]                mov     esi, mnu_t4
  1492 00000D57 83F903                      cmp     ecx, 3
  1493 00000D5A 7419                        je      .dm_u
  1494 00000D5C BE[6B050200]                mov     esi, mnu_t5
  1495 00000D61 83F904                      cmp     ecx, 4
  1496 00000D64 740F                        je      .dm_u
  1497 00000D66 BE[77050200]                mov     esi, mnu_t6
  1498 00000D6B 83F905                      cmp     ecx, 5
  1499 00000D6E 7405                        je      .dm_u
  1500 00000D70 BE[80050200]                mov     esi, mnu_t7
  1501                                  .dm_u:
  1502 00000D75 8935[D76D0000]              mov     [vd_str], esi
  1503 00000D7B C605[D56D0000]01            mov     byte [vd_col], PW
  1504 00000D82 E86BF7FFFF                  call    gdi_text
  1505 00000D87 41                          inc     ecx
  1506 00000D88 EB89                        jmp     .dm_i
  1507                                  .dm_d:
  1508 00000D8A 5E                          pop     esi
  1509 00000D8B 5F                          pop     edi
  1510 00000D8C 5A                          pop     edx
  1511 00000D8D 59                          pop     ecx
  1512 00000D8E 5B                          pop     ebx
  1513 00000D8F 58                          pop     eax
  1514 00000D90 C3                          ret
  1515                                  
  1516                                  ; ============================================================================
  1517                                  ; menu_hit — hit test menu items, execute action
  1518                                  ; ============================================================================
  1519                                  menu_hit:
  1520 00000D91 50                          push    eax
  1521 00000D92 53                          push    ebx
  1522 00000D93 51                          push    ecx
  1523 00000D94 52                          push    edx
  1524 00000D95 A1[006E0000]                mov     eax, [mou_x]
  1525 00000D9A 8B1D[046E0000]              mov     ebx, [mou_y]
  1526 00000DA0 B900000000                  mov     ecx, 0
  1527                                  .mh_l:
  1528 00000DA5 83F907                      cmp     ecx, 7
  1529 00000DA8 0F8DBC020000                jge     .mh_d
  1530 00000DAE BA28000000                  mov     edx, MNY
  1531 00000DB3 01CA                        add     edx, ecx
  1532 00000DB5 6BD212                      imul    edx, MIH
  1533 00000DB8 83C202                      add     edx, 2
  1534 00000DBB 39D3                        cmp     ebx, edx
  1535 00000DBD 0F8CA1020000                jl      .mh_n
  1536 00000DC3 83C212                      add     edx, MIH
  1537 00000DC6 39D3                        cmp     ebx, edx
  1538 00000DC8 0F8D96020000                jge     .mh_n
  1539 00000DCE 83F804                      cmp     eax, MNX
  1540 00000DD1 0F8C8D020000                jl      .mh_n
  1541 00000DD7 83F864                      cmp     eax, MNX + MNW
  1542 00000DDA 0F8D84020000                jge     .mh_n
  1543 00000DE0 890D[40710000]              mov     dword [menu_sel], ecx
  1544 00000DE6 C705[3C710000]0000-         mov     dword [menu_vis], 0
  1544 00000DEE 0000               
  1545 00000DF0 B803000000                  mov     eax, WM
  1546 00000DF5 E874F8FFFF                  call    DestroyWindow
  1547 00000DFA 83F900                      cmp     ecx, 0
  1548 00000DFD 7437                        je      .mh_dos
  1549 00000DFF 83F901                      cmp     ecx, 1
  1550 00000E02 7437                        je      .mh_note
  1551 00000E04 83F902                      cmp     ecx, 2
  1552 00000E07 0F84A2000000                je      .mh_file
  1553 00000E0D 83F903                      cmp     ecx, 3
  1554 00000E10 0F8403010000                je      .mh_net
  1555 00000E16 83F904                      cmp     ecx, 4
  1556 00000E19 0F845D010000                je      .mh_trash
  1557 00000E1F 83F905                      cmp     ecx, 5
  1558 00000E22 0F84BE010000                je      .mh_new
  1559 00000E28 83F906                      cmp     ecx, 6
  1560 00000E2B 0F84D5010000                je      .mh_shut
  1561 00000E31 E934020000                  jmp     .mh_d
  1562                                  .mh_dos:
  1563 00000E36 E92F020000                  jmp     .mh_d
  1564                                  .mh_note:
  1565 00000E3B C705[EE6D0000]0900-         mov     dword [CW_HND], WN
  1565 00000E43 0000               
  1566 00000E45 C705[DC6D0000]3C00-         mov     dword [CW_X], 60
  1566 00000E4D 0000               
  1567 00000E4F C705[E06D0000]3200-         mov     dword [CW_Y], 50
  1567 00000E57 0000               
  1568 00000E59 C705[E46D0000]B400-         mov     dword [CW_W], 180
  1568 00000E61 0000               
  1569 00000E63 C705[E86D0000]6400-         mov     dword [CW_H], 100
  1569 00000E6B 0000               
  1570 00000E6D C605[EC6D0000]06            mov     byte [CW_WP], 6
  1571 00000E74 C605[ED6D0000]00            mov     byte [CW_BI], 0
  1572 00000E7B E84AF7FFFF                  call    CreateWindow
  1573 00000E80 C705[95710000]0900-         mov     dword [kbd_focus], WN
  1573 00000E88 0000               
  1574 00000E8A C605[9C710000]01            mov     byte [note_dirty], 1
  1575 00000E91 C705[EE6D0000]0900-         mov     dword [CW_HND], WN
  1575 00000E99 0000               
  1576 00000E9B C705[F26D0000]0100-         mov     dword [CW_MSG], WM_PAINT
  1576 00000EA3 0000               
  1577 00000EA5 E8AFF8FFFF                  call    user_dispatch
  1578 00000EAA E9BB010000                  jmp     .mh_d
  1579                                  .mh_file:
  1580 00000EAF C705[EE6D0000]0C00-         mov     dword [CW_HND], WFL
  1580 00000EB7 0000               
  1581 00000EB9 C705[DC6D0000]1E00-         mov     dword [CW_X], 30
  1581 00000EC1 0000               
  1582 00000EC3 C705[E06D0000]1E00-         mov     dword [CW_Y], 30
  1582 00000ECB 0000               
  1583 00000ECD C705[E46D0000]F000-         mov     dword [CW_W], 240
  1583 00000ED5 0000               
  1584 00000ED7 C705[E86D0000]6400-         mov     dword [CW_H], 100
  1584 00000EDF 0000               
  1585 00000EE1 C605[EC6D0000]09            mov     byte [CW_WP], 9
  1586 00000EE8 C605[ED6D0000]00            mov     byte [CW_BI], 0
  1587 00000EEF E8D6F6FFFF                  call    CreateWindow
  1588 00000EF4 C605[A0710000]FF            mov     byte [fs_cur_dir], 0xFF
  1589 00000EFB C705[EE6D0000]0C00-         mov     dword [CW_HND], WFL
  1589 00000F03 0000               
  1590 00000F05 C705[F26D0000]0100-         mov     dword [CW_MSG], WM_PAINT
  1590 00000F0D 0000               
  1591 00000F0F E845F8FFFF                  call    user_dispatch
  1592 00000F14 E951010000                  jmp     .mh_d
  1593                                  .mh_net:
  1594 00000F19 C705[EE6D0000]0D00-         mov     dword [CW_HND], WNET
  1594 00000F21 0000               
  1595 00000F23 C705[DC6D0000]3200-         mov     dword [CW_X], 50
  1595 00000F2B 0000               
  1596 00000F2D C705[E06D0000]1E00-         mov     dword [CW_Y], 30
  1596 00000F35 0000               
  1597 00000F37 C705[E46D0000]DC00-         mov     dword [CW_W], 220
  1597 00000F3F 0000               
  1598 00000F41 C705[E86D0000]5A00-         mov     dword [CW_H], 90
  1598 00000F49 0000               
  1599 00000F4B C605[EC6D0000]0A            mov     byte [CW_WP], 10
  1600 00000F52 C605[ED6D0000]00            mov     byte [CW_BI], 0
  1601 00000F59 E86CF6FFFF                  call    CreateWindow
  1602 00000F5E C705[EE6D0000]0D00-         mov     dword [CW_HND], WNET
  1602 00000F66 0000               
  1603 00000F68 C705[F26D0000]0100-         mov     dword [CW_MSG], WM_PAINT
  1603 00000F70 0000               
  1604 00000F72 E8E2F7FFFF                  call    user_dispatch
  1605 00000F77 E9EE000000                  jmp     .mh_d
  1606                                  .mh_trash:
  1607                                      ; Open file browser filtered to deleted
  1608 00000F7C C605[A0710000]FE            mov     byte [fs_cur_dir], 0xFE  ; 0xFE = trash special view
  1609 00000F83 C705[EE6D0000]0C00-         mov     dword [CW_HND], WFL
  1609 00000F8B 0000               
  1610 00000F8D C705[DC6D0000]2800-         mov     dword [CW_X], 40
  1610 00000F95 0000               
  1611 00000F97 C705[E06D0000]3200-         mov     dword [CW_Y], 50
  1611 00000F9F 0000               
  1612 00000FA1 C705[E46D0000]DC00-         mov     dword [CW_W], 220
  1612 00000FA9 0000               
  1613 00000FAB C705[E86D0000]6400-         mov     dword [CW_H], 100
  1613 00000FB3 0000               
  1614 00000FB5 C605[EC6D0000]09            mov     byte [CW_WP], 9
  1615 00000FBC C605[ED6D0000]00            mov     byte [CW_BI], 0
  1616 00000FC3 E802F6FFFF                  call    CreateWindow
  1617 00000FC8 C705[EE6D0000]0C00-         mov     dword [CW_HND], WFL
  1617 00000FD0 0000               
  1618 00000FD2 C705[F26D0000]0100-         mov     dword [CW_MSG], WM_PAINT
  1618 00000FDA 0000               
  1619 00000FDC E878F7FFFF                  call    user_dispatch
  1620 00000FE1 E984000000                  jmp     .mh_d
  1621                                  .mh_new:
  1622                                      ; Simple new file: create "newfile.txt" in root
  1623 00000FE6 C605[A0710000]FF            mov     byte [fs_cur_dir], 0xFF
  1624 00000FED BD[B7070200]                mov     ebp, newfn_t
  1625 00000FF2 B505                        mov     ch, FS_TYPE_FILE_TXT
  1626 00000FF4 E89F130000                  call    fs_create
  1627                                      ; If success, refresh desktop icons
  1628 00000FF9 85C0                        test    eax, eax
  1629 00000FFB 746D                        jz      .mh_d
  1630 00000FFD C605[A2710000]01            mov     byte [fs_dirty], 1
  1631 00001004 EB64                        jmp     .mh_d
  1632                                  .mh_shut:
  1633 00001006 C705[EE6D0000]0B00-         mov     dword [CW_HND], WSH
  1633 0000100E 0000               
  1634 00001010 C705[DC6D0000]2800-         mov     dword [CW_X], 40
  1634 00001018 0000               
  1635 0000101A C705[E06D0000]2800-         mov     dword [CW_Y], 40
  1635 00001022 0000               
  1636 00001024 C705[E46D0000]F000-         mov     dword [CW_W], 240
  1636 0000102C 0000               
  1637 0000102E C705[E86D0000]6400-         mov     dword [CW_H], 100
  1637 00001036 0000               
  1638 00001038 C605[EC6D0000]08            mov     byte [CW_WP], 8
  1639 0000103F C605[ED6D0000]00            mov     byte [CW_BI], 0
  1640 00001046 E87FF5FFFF                  call    CreateWindow
  1641 0000104B C705[EE6D0000]0B00-         mov     dword [CW_HND], WSH
  1641 00001053 0000               
  1642 00001055 C705[F26D0000]0100-         mov     dword [CW_MSG], WM_PAINT
  1642 0000105D 0000               
  1643 0000105F E8F5F6FFFF                  call    user_dispatch
  1644                                  .mh_n:
  1645 00001064 41                          inc     ecx
  1646 00001065 E93BFDFFFF                  jmp     .mh_l
  1647                                  .mh_d:
  1648 0000106A 5A                          pop     edx
  1649 0000106B 59                          pop     ecx
  1650 0000106C 5B                          pop     ebx
  1651 0000106D 58                          pop     eax
  1652 0000106E C3                          ret
  1653                                  
  1654                                  ; ============================================================================
  1655                                  ; ctx_hit — hit test context menu, execute action
  1656                                  ; ============================================================================
  1657                                  ctx_hit:
  1658 0000106F 50                          push    eax
  1659 00001070 53                          push    ebx
  1660 00001071 51                          push    ecx
  1661 00001072 52                          push    edx
  1662 00001073 A1[006E0000]                mov     eax, [mou_x]
  1663 00001078 8B1D[046E0000]              mov     ebx, [mou_y]
  1664 0000107E B900000000                  mov     ecx, 0
  1665                                  .ch_l:
  1666 00001083 83F903                      cmp     ecx, 3
  1667 00001086 0F8D3B010000                jge     .ch_d
  1668 0000108C 8B15[4C710000]              mov     edx, [ctx_y]
  1669 00001092 01CA                        add     edx, ecx
  1670 00001094 6BD210                      imul    edx, CTXI
  1671 00001097 83C202                      add     edx, 2
  1672 0000109A 39D3                        cmp     ebx, edx
  1673 0000109C 0F8C1F010000                jl      .ch_n
  1674 000010A2 83C210                      add     edx, CTXI
  1675 000010A5 39D3                        cmp     ebx, edx
  1676 000010A7 0F8D14010000                jge     .ch_n
  1677 000010AD 3B05[48710000]              cmp     eax, [ctx_x]
  1678 000010B3 0F8C08010000                jl      .ch_n
  1679 000010B9 8B15[48710000]              mov     edx, [ctx_x]
  1680 000010BF 83C278                      add     edx, CTXW
  1681 000010C2 39D0                        cmp     eax, edx
  1682 000010C4 0F8DF7000000                jge     .ch_n
  1683 000010CA C705[44710000]0000-         mov     dword [ctx_vis], 0
  1683 000010D2 0000               
  1684 000010D4 83F900                      cmp     ecx, 0
  1685 000010D7 740F                        je      .ch_ref
  1686 000010D9 83F901                      cmp     ecx, 1
  1687 000010DC 7423                        je      .ch_prp
  1688 000010DE 83F902                      cmp     ecx, 2
  1689 000010E1 747E                        je      .ch_ext
  1690 000010E3 E9DF000000                  jmp     .ch_d
  1691                                  .ch_ref:
  1692 000010E8 E8E0540000                  call    draw_desktop
  1693 000010ED E897010000                  call    draw_icons
  1694 000010F2 E815550000                  call    redraw_all
  1695 000010F7 E864F2FFFF                  call    gdi_flip
  1696 000010FC E9C6000000                  jmp     .ch_d
  1697                                  .ch_prp:
  1698 00001101 C705[EE6D0000]0A00-         mov     dword [CW_HND], WA2
  1698 00001109 0000               
  1699 0000110B C705[DC6D0000]5000-         mov     dword [CW_X], 80
  1699 00001113 0000               
  1700 00001115 C705[E06D0000]2800-         mov     dword [CW_Y], 40
  1700 0000111D 0000               
  1701 0000111F C705[E46D0000]A000-         mov     dword [CW_W], 160
  1701 00001127 0000               
  1702 00001129 C705[E86D0000]5000-         mov     dword [CW_H], 80
  1702 00001131 0000               
  1703 00001133 C605[EC6D0000]07            mov     byte [CW_WP], 7
  1704 0000113A C605[ED6D0000]00            mov     byte [CW_BI], 0
  1705 00001141 E884F4FFFF                  call    CreateWindow
  1706 00001146 C705[EE6D0000]0A00-         mov     dword [CW_HND], WA2
  1706 0000114E 0000               
  1707 00001150 C705[F26D0000]0100-         mov     dword [CW_MSG], WM_PAINT
  1707 00001158 0000               
  1708 0000115A E8FAF5FFFF                  call    user_dispatch
  1709 0000115F EB66                        jmp     .ch_d
  1710                                  .ch_ext:
  1711 00001161 C705[EE6D0000]0B00-         mov     dword [CW_HND], WSH
  1711 00001169 0000               
  1712 0000116B C705[DC6D0000]2800-         mov     dword [CW_X], 40
  1712 00001173 0000               
  1713 00001175 C705[E06D0000]2800-         mov     dword [CW_Y], 40
  1713 0000117D 0000               
  1714 0000117F C705[E46D0000]F000-         mov     dword [CW_W], 240
  1714 00001187 0000               
  1715 00001189 C705[E86D0000]6400-         mov     dword [CW_H], 100
  1715 00001191 0000               
  1716 00001193 C605[EC6D0000]08            mov     byte [CW_WP], 8
  1717 0000119A C605[ED6D0000]00            mov     byte [CW_BI], 0
  1718 000011A1 E824F4FFFF                  call    CreateWindow
  1719 000011A6 C705[EE6D0000]0B00-         mov     dword [CW_HND], WSH
  1719 000011AE 0000               
  1720 000011B0 C705[F26D0000]0100-         mov     dword [CW_MSG], WM_PAINT
  1720 000011B8 0000               
  1721 000011BA E89AF5FFFF                  call    user_dispatch
  1722 000011BF EB00                        jmp     .ch_n
  1723                                  .ch_n:
  1724 000011C1 41                          inc     ecx
  1725 000011C2 E9BCFEFFFF                  jmp     .ch_l
  1726                                  .ch_d:
  1727 000011C7 C705[44710000]0000-         mov     dword [ctx_vis], 0
  1727 000011CF 0000               
  1728 000011D1 5A                          pop     edx
  1729 000011D2 59                          pop     ecx
  1730 000011D3 5B                          pop     ebx
  1731 000011D4 58                          pop     eax
  1732 000011D5 C3                          ret
  1733                                  
  1734                                  ; ============================================================================
  1735                                  ; draw_clock — HH:MM at [CLKX][CLKY]
  1736                                  ; ============================================================================
  1737                                  draw_clock:
  1738 000011D6 50                          push    eax
  1739 000011D7 53                          push    ebx
  1740 000011D8 51                          push    ecx
  1741 000011D9 52                          push    edx
  1742 000011DA A1[54710000]                mov     eax, [vtd_t]
  1743 000011DF 31D2                        xor     edx, edx
  1744 000011E1 B9A9040000                  mov     ecx, 1193
  1745 000011E6 F7F1                        div     ecx
  1746 000011E8 89C3                        mov     ebx, eax
  1747 000011EA 31D2                        xor     edx, edx
  1748 000011EC B93C000000                  mov     ecx, 60
  1749 000011F1 F7F1                        div     ecx
  1750 000011F3 89C1                        mov     ecx, eax
  1751 000011F5 31D2                        xor     edx, edx
  1752 000011F7 BB18000000                  mov     ebx, 24
  1753 000011FC F7F3                        div     ebx
  1754 000011FE A2[78710000]                mov     [clk_h], al
  1755 00001203 8815[79710000]              mov     [clk_m], dl
  1756 00001209 8A1D[78710000]              mov     bl, [clk_h]
  1757 0000120F 31D2                        xor     edx, edx
  1758 00001211 88D8                        mov     al, bl
  1759 00001213 BB0A000000                  mov     ebx, 10
  1760 00001218 F7F3                        div     ebx
  1761 0000121A 0430                        add     al, '0'
  1762 0000121C A2[7A710000]                mov     [clk_str], al
  1763 00001221 80C430                      add     ah, '0'
  1764 00001224 8825[7B710000]              mov     [clk_str+1], ah
  1765 0000122A C605[7C710000]3A            mov     byte [clk_str+2], ':'
  1766 00001231 8A1D[79710000]              mov     bl, [clk_m]
  1767 00001237 31D2                        xor     edx, edx
  1768 00001239 89D8                        mov     eax, ebx
  1769 0000123B BB0A000000                  mov     ebx, 10
  1770 00001240 F7F3                        div     ebx
  1771 00001242 0430                        add     al, '0'
  1772 00001244 A2[7D710000]                mov     [clk_str+3], al
  1773 00001249 80C430                      add     ah, '0'
  1774 0000124C 8825[7E710000]              mov     [clk_str+4], ah
  1775 00001252 C605[7F710000]00            mov     byte [clk_str+5], 0
  1776 00001259 C705[C46D0000]1001-         mov     dword [vd_x], CLKX
  1776 00001261 0000               
  1777 00001263 C705[C86D0000]B800-         mov     dword [vd_y], CLKY
  1777 0000126B 0000               
  1778 0000126D BE[7A710000]                mov     esi, clk_str
  1779 00001272 8935[D76D0000]              mov     [vd_str], esi
  1780 00001278 C605[D56D0000]01            mov     byte [vd_col], PW
  1781 0000127F E86EF2FFFF                  call    gdi_text
  1782 00001284 5A                          pop     edx
  1783 00001285 59                          pop     ecx
  1784 00001286 5B                          pop     ebx
  1785 00001287 58                          pop     eax
  1786 00001288 C3                          ret
  1787                                  
  1788                                  ; ============================================================================
  1789                                  ; draw_icons — 2 desktop icons
  1790                                  ; ============================================================================
  1791                                  draw_icons:
  1792 00001289 50                          push    eax
  1793 0000128A 53                          push    ebx
  1794 0000128B 51                          push    ecx
  1795 0000128C 52                          push    edx
  1796 0000128D 57                          push    edi
  1797 0000128E 56                          push    esi
  1798 0000128F E824170000                  call    draw_icons_fs
  1799 00001294 5E                          pop     esi
  1800 00001295 5F                          pop     edi
  1801 00001296 5A                          pop     edx
  1802 00001297 59                          pop     ecx
  1803 00001298 5B                          pop     ebx
  1804 00001299 58                          pop     eax
  1805 0000129A C3                          ret
  1806                                  
  1807                                  ; ============================================================================
  1808                                  ; wp_d — DOS prompt window proc
  1809                                  ; ============================================================================
  1810                                  wp_d:
  1811 0000129B C3                          ret
  1812                                  
  1813                                  ; ============================================================================
  1814                                  ; wp_n — Notepad window proc
  1815                                  ; ============================================================================
  1816                                  wp_n:
  1817 0000129C 57                          push    edi
  1818 0000129D 50                          push    eax
  1819 0000129E 8B3D[F46D0000]              mov     edi, [DM_HND]
  1820 000012A4 6BFF20                      imul    edi, WSZ
  1821 000012A7 81C7[E8B10000]              add     edi, wnd_table
  1822 000012AD 66A1[F86D0000]              mov     ax, [DM_MSG]
  1823 000012B3 6683F801                    cmp     ax, WM_PAINT
  1824 000012B7 7402                        je      .wn_p
  1825 000012B9 EB05                        jmp     .wn_d
  1826                                  .wn_p:
  1827 000012BB E8C8000000                  call    draw_note
  1828                                  .wn_d:
  1829 000012C0 58                          pop     eax
  1830 000012C1 5F                          pop     edi
  1831 000012C2 C3                          ret
  1832                                  
  1833                                  ; ============================================================================
  1834                                  ; wp_a — About dialog proc
  1835                                  ; ============================================================================
  1836                                  wp_a:
  1837 000012C3 C3                          ret
  1838                                  
  1839                                  ; ============================================================================
  1840                                  ; wp_s — Shutdown window proc
  1841                                  ; ============================================================================
  1842                                  wp_s:
  1843 000012C4 C3                          ret
  1844                                  
  1845                                  ; ============================================================================
  1846                                  ; wp_fl — File browser window proc
  1847                                  ; ============================================================================
  1848                                  wp_fl:
  1849 000012C5 57                          push    edi
  1850 000012C6 50                          push    eax
  1851 000012C7 8B3D[F46D0000]              mov    edi,[DM_HND]
  1852 000012CD 6BFF20                      imul    edi, WSZ
  1853 000012D0 81C7[E8B10000]              add     edi, wnd_table
  1854 000012D6 66A1[F86D0000]              mov     ax, [DM_MSG]
  1855 000012DC 6683F801                    cmp     ax, WM_PAINT
  1856 000012E0 7402                        je      .wf_p
  1857 000012E2 EB05                        jmp     .wf_d
  1858                                  .wf_p:
  1859 000012E4 E8820D0000                  call    draw_fl
  1860                                  .wf_d:
  1861 000012E9 58                          pop     eax
  1862 000012EA 5F                          pop     edi
  1863 000012EB C3                          ret
  1864                                  
  1865                                  ; ============================================================================
  1866                                  ; wp_net — Network window proc
  1867                                  ; ============================================================================
  1868                                  wp_net:
  1869 000012EC 57                          push    edi
  1870 000012ED 50                          push    eax
  1871 000012EE 8B3D[F46D0000]              mov    edi,[DM_HND]
  1872 000012F4 6BFF20                      imul    edi, WSZ
  1873 000012F7 81C7[E8B10000]              add     edi, wnd_table
  1874 000012FD 66A1[F86D0000]              mov     ax, [DM_MSG]
  1875 00001303 6683F801                    cmp     ax, WM_PAINT
  1876 00001307 7402                        je      .wnet_p
  1877 00001309 EB05                        jmp     .wnet_d
  1878                                  .wnet_p:
  1879 0000130B E8E6190000                  call    net_draw
  1880                                  .wnet_d:
  1881 00001310 58                          pop     eax
  1882 00001311 5F                          pop     edi
  1883 00001312 C3                          ret
  1884                                  
  1885                                  ; ============================================================================
  1886                                  ; wp_br — Browser window proc
  1887                                  ; ============================================================================
  1888                                  wp_br:
  1889 00001313 57                          push    edi
  1890 00001314 50                          push    eax
  1891 00001315 8B3D[F46D0000]              mov    edi,[DM_HND]
  1892 0000131B 6BFF20                      imul    edi, WSZ
  1893 0000131E 81C7[E8B10000]              add     edi, wnd_table
  1894 00001324 66A1[F86D0000]              mov     ax, [DM_MSG]
  1895 0000132A 6683F801                    cmp     ax, WM_PAINT
  1896 0000132E 7402                        je      .wbr_p
  1897 00001330 EB05                        jmp     .wbr_d
  1898                                  .wbr_p:
  1899 00001332 E809080000                  call    draw_br
  1900                                  .wbr_d:
  1901 00001337 58                          pop     eax
  1902 00001338 5F                          pop     edi
  1903 00001339 C3                          ret
  1904                                  
  1905                                  ; ============================================================================
  1906                                  ; wp_ins — Installer window proc
  1907                                  ; ============================================================================
  1908                                  wp_ins:
  1909 0000133A 57                          push    edi
  1910 0000133B 50                          push    eax
  1911 0000133C 8B3D[F46D0000]              mov    edi,[DM_HND]
  1912 00001342 6BFF20                      imul    edi, WSZ
  1913 00001345 81C7[E8B10000]              add     edi, wnd_table
  1914 0000134B 66A1[F86D0000]              mov     ax, [DM_MSG]
  1915 00001351 6683F801                    cmp     ax, WM_PAINT
  1916 00001355 7402                        je      .wins_p
  1917 00001357 EB05                        jmp     .wins_d
  1918                                  .wins_p:
  1919 00001359 E89D0A0000                  call    draw_ins
  1920                                  .wins_d:
  1921 0000135E 58                          pop     eax
  1922 0000135F 5F                          pop     edi
  1923 00001360 C3                          ret
  1924                                  
  1925                                  ; ============================================================================
  1926                                  ; wp_ex — EXE Runner window proc
  1927                                  ; ============================================================================
  1928                                  wp_ex:
  1929 00001361 57                          push    edi
  1930 00001362 50                          push    eax
  1931 00001363 8B3D[F46D0000]              mov    edi,[DM_HND]
  1932 00001369 6BFF20                      imul    edi, WSZ
  1933 0000136C 81C7[E8B10000]              add     edi, wnd_table
  1934 00001372 66A1[F86D0000]              mov     ax, [DM_MSG]
  1935 00001378 6683F801                    cmp     ax, WM_PAINT
  1936 0000137C 7402                        je      .wex_p
  1937 0000137E EB05                        jmp     .wex_d
  1938                                  .wex_p:
  1939 00001380 E8FF0B0000                  call    draw_ex
  1940                                  .wex_d:
  1941 00001385 58                          pop     eax
  1942 00001386 5F                          pop     edi
  1943 00001387 C3                          ret
  1944                                  
  1945                                  ; ============================================================================
  1946                                  ; draw_dos — DOS window content
  1947                                  ; ============================================================================
  1948                                  ; ============================================================================
  1949                                  ; draw_note — Notepad content
  1950                                  ; ============================================================================
  1951                                  draw_note:
  1952 00001388 E880170000                  call    note_draw
  1953 0000138D C3                          ret
  1954                                  
  1955                                  ; ============================================================================
  1956                                  ; draw_about — About dialog content
  1957                                  ; ============================================================================
  1958                                  draw_about:
  1959 0000138E C3                          ret
  1960                                  
  1961                                  ; ============================================================================
  1962                                  ; draw_shutdown — Shutdown window content
  1963                                  ; ============================================================================
  1964                                  draw_shutdown:
  1965 0000138F C3                          ret
  1966                                  
  1967                                  ; ============================================================================
  1968                                  ; mou_handle — real mouse click after VIN ends
  1969                                  ; ============================================================================
  1970                                  mou_handle:
  1971 00001390 50                          push    eax
  1972 00001391 53                          push    ebx
  1973 00001392 51                          push    ecx
  1974 00001393 52                          push    edx
  1975 00001394 57                          push    edi
  1976                                      ; left down edge
  1977 00001395 A0[086E0000]                mov     al, [mou_lb]
  1978 0000139A 3A05[84710000]              cmp     al, [prev_lb]
  1979 000013A0 0F8429010000                je      .mh_lup
  1980 000013A6 84C0                        test    al, al
  1981 000013A8 0F8421010000                jz      .mh_lup
  1982 000013AE A0[44710000]                mov     al, [ctx_vis]
  1983 000013B3 84C0                        test    al, al
  1984 000013B5 7407                        jz      .mh_nctx
  1985 000013B7 E8B3FCFFFF                  call    ctx_hit
  1986 000013BC EB05                        jmp     .mh_chk
  1987                                  .mh_nctx:
  1988 000013BE E89B010000                  call    hit_test
  1989                                  .mh_chk:
  1990 000013C3 83F8FF                      cmp     eax, -1
  1991 000013C6 0F84FC000000                je      .mh_nb
  1992 000013CC A3[86710000]                mov     [evt_hnd], eax
  1993 000013D1 A3[F46D0000]                mov     [DM_HND], eax
  1994 000013D6 66C705[F86D0000]02-         mov     word [DM_MSG], WM_LDOWN
  1994 000013DE 00                 
  1995                                      ; Set keyboard focus: check if clicked window is a DOS window (winproc 7)
  1996 000013DF 89C7                        mov     edi, eax
  1997 000013E1 6BFF20                      imul    edi, WSZ
  1998 000013E4 81C7[E8B10000]              add     edi, wnd_table
  1999 000013EA 8A5F1A                      mov     bl, [edi+26]
  2000 000013ED 80FB05                      cmp     bl, 5
  2001 000013F0 7425                        je      .mh_dos
  2002 000013F2 80FB06                      cmp     bl, 6
  2003 000013F5 740A                        je      .mh_note
  2004 000013F7 80FB0B                      cmp     bl, 11
  2005 000013FA 7420                        je      .mh_br
  2006 000013FC E9C7000000                  jmp     .mh_nb
  2007                                  .mh_note:
  2008 00001401 A3[95710000]                mov     [kbd_focus], eax
  2009 00001406 C605[9C710000]01            mov     byte [note_dirty], 1
  2010 0000140D E847F3FFFF                  call    user_dispatch
  2011 00001412 E9B1000000                  jmp     .mh_nb
  2012                                  .mh_dos:
  2013 00001417 E9AC000000                  jmp     .mh_nb
  2014                                  .mh_br:
  2015                                      ; Check if click is on download button
  2016 0000141C 8A5F1A                      mov     bl, [edi+26]
  2017 0000141F 80FB0B                      cmp     bl, 11
  2018 00001422 7405                        je      .mh_brdl
  2019 00001424 E99F000000                  jmp     .mh_nb
  2020                                  .mh_brdl:
  2021 00001429 8B07                        mov     eax, [edi]          ; win_x
  2022 0000142B 8B5704                      mov     edx, [edi+4]        ; win_y
  2023 0000142E 8B0D[006E0000]              mov     ecx, [mou_x]
  2024 00001434 29C1                        sub     ecx, eax
  2025 00001436 83F914                      cmp     ecx, 20
  2026 00001439 0F8C89000000                jl      .mh_nb
  2027 0000143F 83F950                      cmp     ecx, 80
  2028 00001442 0F8D80000000                jge     .mh_nb
  2029 00001448 8B0D[046E0000]              mov     ecx, [mou_y]
  2030 0000144E 29D1                        sub     ecx, edx
  2031 00001450 83F93A                      cmp     ecx, TH + 40
  2032 00001453 7C73                        jl      .mh_nb
  2033 00001455 83F94A                      cmp     ecx, TH + 56
  2034 00001458 7D6E                        jge     .mh_nb
  2035                                      ; Download button clicked → create installer
  2036 0000145A C705[EE6D0000]0F00-         mov     dword [CW_HND], WIN
  2036 00001462 0000               
  2037 00001464 C705[DC6D0000]6400-         mov     dword [CW_X], 100
  2037 0000146C 0000               
  2038 0000146E C705[E06D0000]5000-         mov     dword [CW_Y], 80
  2038 00001476 0000               
  2039 00001478 C705[E46D0000]A000-         mov     dword [CW_W], 160
  2039 00001480 0000               
  2040 00001482 C705[E86D0000]3C00-         mov     dword [CW_H], 60
  2040 0000148A 0000               
  2041 0000148C C605[EC6D0000]0C            mov     byte [CW_WP], 12
  2042 00001493 C605[ED6D0000]00            mov     byte [CW_BI], 0
  2043 0000149A E82BF1FFFF                  call    CreateWindow
  2044 0000149F C605[CBB10000]01            mov     byte [ins_state], 1
  2045 000014A6 C605[CAB10000]00            mov     byte [ins_prog], 0
  2046 000014AD C705[EE6D0000]0F00-         mov     dword [CW_HND], WIN
  2046 000014B5 0000               
  2047 000014B7 C705[F26D0000]0100-         mov     dword [CW_MSG], WM_PAINT
  2047 000014BF 0000               
  2048 000014C1 E893F2FFFF                  call    user_dispatch
  2049 000014C6 EB00                        jmp     .mh_nb
  2050                                  .mh_nb:
  2051 000014C8 A2[84710000]                mov     byte [prev_lb], al
  2052 000014CD EB33                        jmp     .mh_rb
  2053                                  .mh_lup:
  2054 000014CF A0[086E0000]                mov     al, [mou_lb]
  2055 000014D4 3A05[84710000]              cmp     al, [prev_lb]
  2056 000014DA 7426                        je      .mh_rb
  2057 000014DC 84C0                        test    al, al
  2058 000014DE 7522                        jne     .mh_rb
  2059 000014E0 A1[86710000]                mov     eax, [evt_hnd]
  2060 000014E5 83F8FF                      cmp     eax, -1
  2061 000014E8 7418                        je      .mh_rb
  2062 000014EA A3[F46D0000]                mov     [DM_HND], eax
  2063 000014EF 66C705[F86D0000]03-         mov     word [DM_MSG], WM_LUP
  2063 000014F7 00                 
  2064 000014F8 E85CF2FFFF                  call    user_dispatch
  2065 000014FD A2[84710000]                mov     byte [prev_lb], al
  2066                                  .mh_rb:
  2067 00001502 A0[096E0000]                mov     al, [mou_rb]
  2068 00001507 3A05[85710000]              cmp     al, [prev_rb]
  2069 0000150D 7429                        je      .mh_ru
  2070 0000150F 84C0                        test    al, al
  2071 00001511 7425                        jz      .mh_ru
  2072 00001513 A1[006E0000]                mov     eax, [mou_x]
  2073 00001518 A3[48710000]                mov     dword [ctx_x], eax
  2074 0000151D A1[046E0000]                mov     eax, [mou_y]
  2075 00001522 A3[4C710000]                mov     dword [ctx_y], eax
  2076 00001527 C705[44710000]0100-         mov     dword [ctx_vis], 1
  2076 0000152F 0000               
  2077 00001531 A2[85710000]                mov     byte [prev_rb], al
  2078 00001536 EB20                        jmp     .mh_d2
  2079                                  .mh_ru:
  2080 00001538 A0[096E0000]                mov     al, [mou_rb]
  2081 0000153D 3A05[85710000]              cmp     al, [prev_rb]
  2082 00001543 7413                        je      .mh_d2
  2083 00001545 84C0                        test    al, al
  2084 00001547 750F                        jne     .mh_d2
  2085 00001549 C705[44710000]0000-         mov     dword [ctx_vis], 0
  2085 00001551 0000               
  2086 00001553 A2[85710000]                mov     byte [prev_rb], al
  2087                                  .mh_d2:
  2088 00001558 5F                          pop     edi
  2089 00001559 5A                          pop     edx
  2090 0000155A 59                          pop     ecx
  2091 0000155B 5B                          pop     ebx
  2092 0000155C 58                          pop     eax
  2093 0000155D C3                          ret
  2094                                  
  2095                                  ; ============================================================================
  2096                                  ; hit_test
  2097                                  ; ============================================================================
  2098                                  hit_test:
  2099 0000155E 57                          push    edi
  2100 0000155F 53                          push    ebx
  2101 00001560 51                          push    ecx
  2102 00001561 52                          push    edx
  2103 00001562 B8FFFFFFFF                  mov     eax, -1
  2104 00001567 B911000000                  mov     ecx, MAXW
  2105 0000156C 49                          dec     ecx
  2106                                  .ht_l:
  2107 0000156D 83F900                      cmp     ecx, 0
  2108 00001570 7C42                        jl      .ht_d
  2109 00001572 89CF                        mov     edi, ecx
  2110 00001574 6BFF20                      imul    edi, WSZ
  2111 00001577 81C7[E8B10000]              add     edi, wnd_table
  2112 0000157D 8A5F18                      mov     bl, [edi+24]
  2113 00001580 80FB01                      cmp     bl, WS_NORM
  2114 00001583 752C                        jne     .ht_n
  2115 00001585 8B15[006E0000]              mov     edx, [mou_x]
  2116 0000158B 3B17                        cmp     edx, [edi]
  2117 0000158D 7C22                        jl      .ht_n
  2118 0000158F 8B1F                        mov     ebx, [edi]
  2119 00001591 035F08                      add     ebx, [edi+8]
  2120 00001594 39DA                        cmp     edx, ebx
  2121 00001596 7D19                        jge     .ht_n
  2122 00001598 8B15[046E0000]              mov     edx, [mou_y]
  2123 0000159E 3B5704                      cmp     edx, [edi+4]
  2124 000015A1 7C0E                        jl      .ht_n
  2125 000015A3 8B5F04                      mov     ebx, [edi+4]
  2126 000015A6 035F0C                      add     ebx, [edi+12]
  2127 000015A9 39DA                        cmp     edx, ebx
  2128 000015AB 7D04                        jge     .ht_n
  2129 000015AD 89C8                        mov     eax, ecx
  2130 000015AF EB03                        jmp     .ht_d
  2131                                  .ht_n:
  2132 000015B1 49                          dec     ecx
  2133 000015B2 EBB9                        jmp     .ht_l
  2134                                  .ht_d:
  2135 000015B4 5A                          pop     edx
  2136 000015B5 59                          pop     ecx
  2137 000015B6 5B                          pop     ebx
  2138 000015B7 5F                          pop     edi
  2139 000015B8 C3                          ret
  2140                                  
  2141                                  ; ============================================================================
  2142                                  ; tb_hit — Phase B: taskbar button hit test, toggle min/restore
  2143                                  ;   Walks wnd_table in the same order as draw_tb to find the Nth visible
  2144                                  ;   taskbar-eligible window, then toggles its state WS_MIN <-> WS_NORM.
  2145                                  ; ============================================================================
  2146                                  tb_hit:
  2147 000015B9 50                          push    eax
  2148 000015BA 53                          push    ebx
  2149 000015BB 51                          push    ecx
  2150 000015BC 52                          push    edx
  2151 000015BD 57                          push    edi
  2152 000015BE 56                          push    esi
  2153 000015BF A1[046E0000]                mov     eax, [mou_y]
  2154 000015C4 3DB6000000                  cmp     eax, TBRY+2
  2155 000015C9 7C75                        jl      .th_d
  2156 000015CB 3DC6000000                  cmp     eax, TBRY+2+TBH
  2157 000015D0 7D6E                        jge     .th_d
  2158 000015D2 A1[006E0000]                mov     eax, [mou_x]
  2159 000015D7 83F858                      cmp     eax, TBX
  2160 000015DA 7C64                        jl      .th_d
  2161 000015DC 83E858                      sub     eax, TBX
  2162 000015DF 31D2                        xor     edx, edx
  2163 000015E1 BB2A000000                  mov     ebx, TBW+2
  2164 000015E6 F7F3                        div     ebx                ; eax = btn_idx, edx = remainder
  2165 000015E8 83FA28                      cmp     edx, TBW
  2166 000015EB 7D53                        jge     .th_d              ; in gutter between buttons
  2167 000015ED 89C6                        mov     esi, eax           ; esi = target btn_idx
  2168 000015EF 31C9                        xor     ecx, ecx           ; ecx = btn_count
  2169 000015F1 31FF                        xor     edi, edi           ; edi = wnd index
  2170                                  .th_l:
  2171 000015F3 83FF11                      cmp     edi, MAXW
  2172 000015F6 7D48                        jge     .th_d
  2173 000015F8 89FB                        mov     ebx, edi
  2174 000015FA 6BDB20                      imul    ebx, WSZ
  2175 000015FD 81C3[E8B10000]              add     ebx, wnd_table
  2176 00001603 8A4318                      mov     al, [ebx+24]
  2177 00001606 3C00                        cmp     al, WS_HID
  2178 00001608 7433                        je      .th_n
  2179 0000160A 8A431A                      mov     al, [ebx+26]
  2180 0000160D 3C00                        cmp     al, 0
  2181 0000160F 742C                        je      .th_n
  2182 00001611 3C02                        cmp     al, 2
  2183 00001613 7428                        je      .th_n
  2184 00001615 3C03                        cmp     al, 3
  2185 00001617 7424                        je      .th_n
  2186 00001619 3C04                        cmp     al, 4
  2187 0000161B 7420                        je      .th_n
  2188 0000161D 3C08                        cmp     al, 8
  2189 0000161F 741C                        je      .th_n
  2190 00001621 39F1                        cmp     ecx, esi
  2191 00001623 7517                        jne     .th_inc
  2192 00001625 8A4318                      mov     al, [ebx+24]
  2193 00001628 3C02                        cmp     al, WS_MIN
  2194 0000162A 7506                        jne     .th_nox
  2195                                      ; Restore from minimized (geometry was preserved by min button)
  2196 0000162C C6431801                    mov     byte [ebx+24], WS_NORM
  2197 00001630 EB0E                        jmp     .th_d
  2198                                  .th_nox:
  2199 00001632 3C03                        cmp     al, WS_MAX
  2200 00001634 740A                        je      .th_d              ; maximized: ignore (use max button to restore first)
  2201                                      ; WS_NORM -> minimize (geometry stays, restored later by another click)
  2202 00001636 C6431802                    mov     byte [ebx+24], WS_MIN
  2203 0000163A EB04                        jmp     .th_d
  2204                                  .th_inc:
  2205 0000163C 41                          inc     ecx
  2206                                  .th_n:
  2207 0000163D 47                          inc     edi
  2208 0000163E EBB3                        jmp     .th_l
  2209                                  .th_d:
  2210 00001640 5E                          pop     esi
  2211 00001641 5F                          pop     edi
  2212 00001642 5A                          pop     edx
  2213 00001643 59                          pop     ecx
  2214 00001644 5B                          pop     ebx
  2215 00001645 58                          pop     eax
  2216 00001646 C3                          ret
  2217                                  
  2218                                  ; ============================================================================
  2219                                  ; drag_update
  2220                                  ; ============================================================================
  2221                                  drag_update:
  2222 00001647 57                          push    edi
  2223 00001648 50                          push    eax
  2224 00001649 53                          push    ebx
  2225 0000164A 51                          push    ecx
  2226 0000164B 52                          push    edx
  2227 0000164C A1[30710000]                mov     eax, [drag_h]
  2228 00001651 83F8FF                      cmp     eax, -1
  2229 00001654 0F84C6000000                je      .du_d
  2230 0000165A 83F811                      cmp     eax, MAXW
  2231 0000165D 0F8DBD000000                jge     .du_d
  2232 00001663 89C7                        mov     edi, eax
  2233 00001665 6BFF20                      imul    edi, WSZ
  2234 00001668 81C7[E8B10000]              add     edi, wnd_table
  2235                                      ; update x: new = drag_bx + (mou_x - drag_mx)
  2236 0000166E A1[006E0000]                mov     eax, [mou_x]
  2237 00001673 2B05[34710000]              sub     eax, [drag_mx]
  2238 00001679 0305[70710000]              add     eax, [drag_bx]
  2239 0000167F 83F800                      cmp     eax, 0
  2240 00001682 7D02                        jge     .du_x
  2241 00001684 31C0                        xor     eax, eax
  2242                                  .du_x:
  2243 00001686 3DC8000000                  cmp     eax, 200
  2244 0000168B 7E05                        jle     .du_xs
  2245 0000168D B8C8000000                  mov     eax, 200
  2246                                  .du_xs:
  2247 00001692 8907                        mov     [edi], eax
  2248                                      ; update y: new = drag_by + (mou_y - drag_my)
  2249 00001694 A1[046E0000]                mov     eax, [mou_y]
  2250 00001699 2B05[38710000]              sub     eax, [drag_my]
  2251 0000169F 0305[74710000]              add     eax, [drag_by]
  2252 000016A5 83F800                      cmp     eax, 0
  2253 000016A8 7D02                        jge     .du_y
  2254 000016AA 31C0                        xor     eax, eax
  2255                                  .du_y:
  2256 000016AC 3D96000000                  cmp     eax, 150
  2257 000016B1 7E05                        jle     .du_ys
  2258 000016B3 B896000000                  mov     eax, 150
  2259                                  .du_ys:
  2260 000016B8 894704                      mov     [edi+4], eax
  2261                                      ; update title buttons position
  2262 000016BB 8B07                        mov     eax, [edi]
  2263 000016BD 034708                      add     eax, [edi+8]
  2264 000016C0 83E810                      sub     eax, BS + 2
  2265 000016C3 B904000000                  mov     ecx, WBN
  2266 000016C8 6BC920                      imul    ecx, WSZ
  2267 000016CB 81C1[E8B10000]              add     ecx, wnd_table
  2268 000016D1 8901                        mov     [ecx], eax
  2269 000016D3 83E810                      sub     eax, BS + 2
  2270 000016D6 B905000000                  mov     ecx, WBM
  2271 000016DB 6BC920                      imul    ecx, WSZ
  2272 000016DE 81C1[E8B10000]              add     ecx, wnd_table
  2273 000016E4 8901                        mov     [ecx], eax
  2274 000016E6 83E810                      sub     eax, BS + 2
  2275 000016E9 B906000000                  mov     ecx, WBC
  2276 000016EE 6BC920                      imul    ecx, WSZ
  2277 000016F1 81C1[E8B10000]              add     ecx, wnd_table
  2278 000016F7 8901                        mov     [ecx], eax
  2279                                      dbg_puts "[A4X] window moved", 13, 10, 0
    21 000016F9 EB15                <1>  jmp %%skip
    22 000016FB 5B4134585D2077696E- <1> %%str db %1
    22 00001704 646F77206D6F766564- <1>
    22 0000170D 0D0A00              <1>
    23                              <1> %%skip:
    24                              <1> %if __BITS__ == 32
    25 00001710 56                  <1>  push esi
    26 00001711 BE[FB160000]        <1>  mov esi, %%str
    27                              <1> %%.loop:
    28 00001716 AC                  <1>  lodsb
    29 00001717 08C0                <1>  or al, al
    30 00001719 7404                <1>  jz %%.done
    31 0000171B E6E9                <1>  out 0xE9, al
    32 0000171D EBF7                <1>  jmp %%.loop
    33                              <1> %%.done:
    34 0000171F 5E                  <1>  pop esi
    35                              <1> %else
    36                              <1>  push si
    37                              <1>  mov si, %%str
    38                              <1> %%.loop:
    39                              <1>  lodsb
    40                              <1>  or al, al
    41                              <1>  jz %%.done
    42                              <1>  out 0xE9, al
    43                              <1>  jmp %%.loop
    44                              <1> %%.done:
    45                              <1>  pop si
    46                              <1> %endif
  2280                                  .du_d:
  2281 00001720 5A                          pop     edx
  2282 00001721 59                          pop     ecx
  2283 00001722 5B                          pop     ebx
  2284 00001723 58                          pop     eax
  2285 00001724 5F                          pop     edi
  2286 00001725 C3                          ret
  2287                                  
  2288                                  ; ============================================================================
  2289                                  ; gdi_cursor — arrow
  2290                                  ; ============================================================================
  2291                                  gdi_cursor:
  2292 00001726 50                          push    eax
  2293 00001727 53                          push    ebx
  2294 00001728 51                          push    ecx
  2295 00001729 52                          push    edx
  2296 0000172A 57                          push    edi
  2297 0000172B 56                          push    esi
  2298 0000172C BE[72170000]                mov     esi, cur_bmp
  2299 00001731 31DB                        xor     ebx, ebx
  2300 00001733 BA08000000                  mov     edx, 8
  2301                                  .gc_r:
  2302 00001738 AC                          lodsb
  2303 00001739 52                          push    edx
  2304 0000173A BA08000000                  mov     edx, 8
  2305 0000173F 8B3D[046E0000]              mov     edi, [mou_y]
  2306 00001745 01DF                        add     edi, ebx
  2307 00001747 69FF40010000                imul    edi, SW
  2308 0000174D 033D[006E0000]              add     edi, [mou_x]
  2309 00001753 81C700000300                add     edi, LFB
  2310                                  .gc_c:
  2311 00001759 A880                        test    al, 0x80
  2312 0000175B 7403                        jz      .gc_s
  2313 0000175D C60701                      mov     byte [edi], PW
  2314                                  .gc_s:
  2315 00001760 D0E0                        shl     al, 1
  2316 00001762 47                          inc     edi
  2317 00001763 4A                          dec     edx
  2318 00001764 75F3                        jnz     .gc_c
  2319 00001766 5A                          pop     edx
  2320 00001767 43                          inc     ebx
  2321 00001768 4A                          dec     edx
  2322 00001769 75CD                        jnz     .gc_r
  2323 0000176B 5E                          pop     esi
  2324 0000176C 5F                          pop     edi
  2325 0000176D 5A                          pop     edx
  2326 0000176E 59                          pop     ecx
  2327 0000176F 5B                          pop     ebx
  2328 00001770 58                          pop     eax
  2329 00001771 C3                          ret
  2330                                  
  2331                                  cur_bmp:
  2332 00001772 0080C0E0F0F8FCFE            db 0x00, 0x80, 0xC0, 0xE0, 0xF0, 0xF8, 0xFC, 0xFE
  2333                                  
  2334                                  ; ============================================================================
  2335                                  ; context_menu_draw
  2336                                  ; ============================================================================
  2337                                  ctx_draw:
  2338 0000177A 50                          push    eax
  2339 0000177B 53                          push    ebx
  2340 0000177C 51                          push    ecx
  2341 0000177D 52                          push    edx
  2342 0000177E 57                          push    edi
  2343 0000177F A1[48710000]                mov     eax, [ctx_x]
  2344 00001784 A3[C46D0000]                mov     [vd_x], eax
  2345 00001789 A1[4C710000]                mov     eax, [ctx_y]
  2346 0000178E A3[C86D0000]                mov     [vd_y], eax
  2347 00001793 C705[CC6D0000]7800-         mov     dword [vd_w], CTXW
  2347 0000179B 0000               
  2348 0000179D C705[D06D0000]3000-         mov     dword [vd_h], CTXH
  2348 000017A5 0000               
  2349 000017A7 C605[D56D0000]0B            mov     byte [vd_col], MNU
  2350 000017AE E8C5EBFFFF                  call    gdi_rect
  2351 000017B3 C605[D46D0000]01            mov     byte [vd_ch], 1
  2352 000017BA B006                        mov     al, PD
  2353 000017BC B407                        mov     ah, PL
  2354 000017BE E8F9EBFFFF                  call    gdi_frame3d
  2355 000017C3 A1[48710000]                mov     eax, [ctx_x]
  2356 000017C8 83C004                      add     eax, 4
  2357 000017CB A3[C46D0000]                mov     dword [vd_x], eax
  2358 000017D0 A1[4C710000]                mov     eax, [ctx_y]
  2359 000017D5 83C002                      add     eax, 2
  2360 000017D8 A3[C86D0000]                mov     dword [vd_y], eax
  2361 000017DD BE[8A050200]                mov     esi, ctx_t1
  2362 000017E2 8935[D76D0000]              mov     [vd_str], esi
  2363 000017E8 C605[D56D0000]01            mov     byte [vd_col], PW
  2364 000017EF E8FEECFFFF                  call    gdi_text
  2365 000017F4 A1[48710000]                mov     eax, [ctx_x]
  2366 000017F9 83C004                      add     eax, 4
  2367 000017FC A3[C46D0000]                mov     dword [vd_x], eax
  2368 00001801 A1[4C710000]                mov     eax, [ctx_y]
  2369 00001806 83C012                      add     eax, CTXI + 2
  2370 00001809 A3[C86D0000]                mov     [vd_y], eax
  2371 0000180E BE[92050200]                mov     esi, ctx_t2
  2372 00001813 8935[D76D0000]              mov     [vd_str], esi
  2373 00001819 E8D4ECFFFF                  call    gdi_text
  2374 0000181E A1[48710000]                mov     eax, [ctx_x]
  2375 00001823 83C004                      add     eax, 4
  2376 00001826 A3[C46D0000]                mov     dword [vd_x], eax
  2377 0000182B A1[4C710000]                mov     eax, [ctx_y]
  2378 00001830 83C022                      add     eax, CTXI*2 + 2
  2379 00001833 A3[C86D0000]                mov     [vd_y], eax
  2380 00001838 BE[9D050200]                mov     esi, ctx_t3
  2381 0000183D 8935[D76D0000]              mov     [vd_str], esi
  2382 00001843 E8AAECFFFF                  call    gdi_text
  2383 00001848 5F                          pop     edi
  2384 00001849 5A                          pop     edx
  2385 0000184A 59                          pop     ecx
  2386 0000184B 5B                          pop     ebx
  2387 0000184C 58                          pop     eax
  2388 0000184D C3                          ret
  2389                                  
  2390                                  ; ============================================================================
  2391                                  ; vtd_init
  2392                                  ; ============================================================================
  2393                                  vtd_init:
  2394 0000184E 50                          push    eax
  2395 0000184F B011                        mov     al, 0x11
  2396 00001851 E620                        out     0x20, al
  2397 00001853 E6A0                        out     0xA0, al
  2398 00001855 B020                        mov     al, 0x20
  2399 00001857 E621                        out     0x21, al
  2400 00001859 B028                        mov     al, 0x28
  2401 0000185B E6A1                        out     0xA1, al
  2402 0000185D B004                        mov     al, 0x04
  2403 0000185F E621                        out     0x21, al
  2404 00001861 B002                        mov     al, 0x02
  2405 00001863 E6A1                        out     0xA1, al
  2406 00001865 B001                        mov     al, 0x01
  2407 00001867 E621                        out     0x21, al
  2408 00001869 E6A1                        out     0xA1, al
  2409 0000186B B0F5                        mov     al, 0xF5          ; enable IRQ0(PIT), IRQ2(cascade); mask all others
  2410 0000186D E621                        out     0x21, al
  2411 0000186F B0FF                        mov     al, 0xFF
  2412 00001871 E6A1                        out     0xA1, al
  2413 00001873 B036                        mov     al, 0x36
  2414 00001875 E643                        out     0x43, al
  2415 00001877 66B80A00                    mov     ax, 10
  2416 0000187B E640                        out     0x40, al
  2417 0000187D 88E0                        mov     al, ah
  2418 0000187F E640                        out     0x40, al
  2419 00001881 31C0                        xor     eax, eax
  2420 00001883 A3[54710000]                mov     [vtd_t], eax
  2421 00001888 58                          pop     eax
  2422 00001889 C3                          ret
  2423                                  
  2424                                  vtd_isr:
  2425 0000188A 60                          pushad
  2426 0000188B 1E                          push    ds
  2427 0000188C 06                          push    es
  2428 0000188D 66B81000                    mov     ax, SEL_D0
  2429 00001891 8ED8                        mov     ds, ax
  2430 00001893 8EC0                        mov     es, ax
  2431 00001895 FF05[54710000]              inc     dword [vtd_t]
  2432 0000189B B020                        mov     al, 0x20
  2433 0000189D E620                        out     0x20, al
  2434 0000189F 07                          pop     es
  2435 000018A0 1F                          pop     ds
  2436 000018A1 61                          popad
  2437 000018A2 CF                          iretd
  2438                                  
  2439                                  ; ============================================================================
  2440                                  ; mou_init
  2441                                  ; ============================================================================
  2442                                  mou_init:
  2443 000018A3 50                          push    eax
  2444 000018A4 51                          push    ecx
  2445 000018A5 B0A8                        mov     al, 0xA8
  2446 000018A7 E664                        out     0x64, al
  2447 000018A9 E4A1                        in      al, 0xA1
  2448 000018AB 24EF                        and     al, 0xEF
  2449 000018AD E6A1                        out     0xA1, al
  2450 000018AF C705[006E0000]A000-         mov     dword [mou_x], 160
  2450 000018B7 0000               
  2451 000018B9 C705[046E0000]6400-         mov     dword [mou_y], 100
  2451 000018C1 0000               
  2452 000018C3 C605[086E0000]00            mov     byte [mou_lb], 0
  2453 000018CA C605[096E0000]00            mov     byte [mou_rb], 0
  2454 000018D1 C605[0A6E0000]00            mov     byte [mou_bc], 0
  2455 000018D8 C705[0E6E0000]0000-         mov     dword [mou_pk], 0
  2455 000018E0 0000               
  2456 000018E2 59                          pop     ecx
  2457 000018E3 58                          pop     eax
  2458 000018E4 C3                          ret
  2459                                  
  2460                                  ; ============================================================================
  2461                                  ; mou_isr — PS/2 IRQ12, 3-byte packet
  2462                                  ; ============================================================================
  2463                                  mou_isr:
  2464 000018E5 60                          pushad
  2465 000018E6 1E                          push    ds
  2466 000018E7 06                          push    es
  2467 000018E8 66B81000                    mov     ax, SEL_D0
  2468 000018EC 8ED8                        mov     ds, ax
  2469 000018EE 8EC0                        mov     es, ax
  2470 000018F0 E460                        in      al, 0x60
  2471 000018F2 A2[0B6E0000]                mov     [mou_byte], al
  2472 000018F7 A0[0A6E0000]                mov     al, [mou_bc]
  2473 000018FC FEC0                        inc     al
  2474 000018FE 3C01                        cmp     al, 1
  2475 00001900 7454                        je      .m1
  2476 00001902 3C02                        cmp     al, 2
  2477 00001904 743E                        je      .m2
  2478                                      ; byte 3 = Y delta
  2479 00001906 A0[0B6E0000]                mov     al, [mou_byte]
  2480 0000190B 50                          push    eax
  2481                                      ; sign-extend Y
  2482 0000190C A0[0B6E0000]                mov     al, [mou_byte]
  2483 00001911 88C3                        mov     bl, al
  2484 00001913 80E380                      and     bl, 0x80
  2485 00001916 7409                        jz      .mys
  2486 00001918 C605[0D6E0000]FF            mov     byte [mou_yr], 0xFF
  2487 0000191F EB07                        jmp     .myd
  2488                                  .mys:
  2489 00001921 C605[0D6E0000]00            mov     byte [mou_yr], 0
  2490                                  .myd:
  2491 00001928 58                          pop     eax
  2492 00001929 0105[046E0000]              add     [mou_y], eax
  2493 0000192F A0[0A6E0000]                mov     al, [mou_bc]
  2494 00001934 C605[0A6E0000]00            mov     byte [mou_bc], 0
  2495 0000193B C605[086E0000]00            mov     byte [mou_lb], 0
  2496 00001942 EB47                        jmp     .meoi
  2497                                  .m2:
  2498                                      ; byte 2 = X delta
  2499 00001944 A0[0B6E0000]                mov     al, [mou_byte]
  2500 00001949 A2[0C6E0000]                mov     [mou_xr], al
  2501 0000194E FE05[0A6E0000]              inc     byte [mou_bc]
  2502 00001954 EB35                        jmp     .meoi
  2503                                  .m1:
  2504                                      ; byte 1 = status byte
  2505 00001956 A0[0B6E0000]                mov     al, [mou_byte]
  2506 0000195B A801                        test    al, 1
  2507 0000195D 7409                        jz      .mnolb
  2508 0000195F C605[086E0000]01            mov     byte [mou_lb], 1
  2509 00001966 EB07                        jmp     .mnob2
  2510                                  .mnolb:
  2511 00001968 C605[086E0000]00            mov     byte [mou_lb], 0
  2512                                  .mnob2:
  2513 0000196F A804                        test    al, 4
  2514 00001971 7409                        jz      .mnor
  2515 00001973 C605[096E0000]01            mov     byte [mou_rb], 1
  2516 0000197A EB07                        jmp     .moinc
  2517                                  .mnor:
  2518 0000197C C605[096E0000]00            mov     byte [mou_rb], 0
  2519                                  .moinc:
  2520 00001983 FE05[0A6E0000]              inc     byte [mou_bc]
  2521 00001989 EB00                        jmp     .meoi
  2522                                  .meoi:
  2523                                      ; clamp
  2524 0000198B 833D[006E0000]00            cmp     dword [mou_x], 0
  2525 00001992 7D0A                        jge     .cx
  2526 00001994 C705[006E0000]0000-         mov     dword [mou_x], 0
  2526 0000199C 0000               
  2527                                  .cx:
  2528 0000199E 813D[006E0000]3F01-         cmp     dword [mou_x], 319
  2528 000019A6 0000               
  2529 000019A8 7E0A                        jle     .cy
  2530 000019AA C705[006E0000]3F01-         mov     dword [mou_x], 319
  2530 000019B2 0000               
  2531                                  .cy:
  2532 000019B4 833D[046E0000]00            cmp     dword [mou_y], 0
  2533 000019BB 7D0A                        jge     .cy2
  2534 000019BD C705[046E0000]0000-         mov     dword [mou_y], 0
  2534 000019C5 0000               
  2535                                  .cy2:
  2536 000019C7 813D[046E0000]C700-         cmp     dword [mou_y], 199
  2536 000019CF 0000               
  2537 000019D1 7E0A                        jle     .cn
  2538 000019D3 C705[046E0000]C700-         mov     dword [mou_y], 199
  2538 000019DB 0000               
  2539                                  .cn:
  2540 000019DD FF05[0E6E0000]              inc     dword [mou_pk]
  2541                                      ; EOI
  2542 000019E3 B020                        mov     al, 0x20
  2543 000019E5 E620                        out     0x20, al
  2544 000019E7 E6A0                        out     0xA0, al
  2545 000019E9 07                          pop     es
  2546 000019EA 1F                          pop     ds
  2547 000019EB 61                          popad
  2548 000019EC CF                          iretd
  2549                                  
  2550                                  ; ============================================================================
  2551                                  ; kbd_init — enable 8042 keyboard, set default focus
  2552                                  ; ============================================================================
  2553                                  kbd_init:
  2554 000019ED 50                          push    eax
  2555 000019EE 52                          push    edx
  2556                                      ; Enable keyboard interface (bit 0 of 0x64 command byte)
  2557 000019EF B0AE                        mov     al, 0xAE
  2558 000019F1 E664                        out     0x64, al
  2559                                      ; Enable IRQ1 in PIC
  2560 000019F3 E421                        in      al, 0x21
  2561 000019F5 24FE                        and     al, 0xFE
  2562 000019F7 E621                        out     0x21, al
  2563                                      ; Initialize state
  2564 000019F9 31C0                        xor     eax, eax
  2565 000019FB A3[90710000]                mov     [kbd_sc], eax
  2566 00001A00 A3[91710000]                mov     [kbd_ascii], eax
  2567 00001A05 A3[92710000]                mov     [kbd_shift], eax
  2568 00001A0A A3[93710000]                mov     [kbd_caps], eax
  2569 00001A0F A3[94710000]                mov     [kbd_break], eax
  2570 00001A14 A3[99710000]                mov     [kbd_have], eax
  2571 00001A19 A3[95710000]                mov     [kbd_focus], eax
  2572 00001A1E FE0D[95710000]              dec     [kbd_focus]       ; = -1
  2573 00001A24 5A                          pop     edx
  2574 00001A25 58                          pop     eax
  2575 00001A26 C3                          ret
  2576                                  
  2577                                  ; ============================================================================
  2578                                  ; kbd_isr — IRQ1, PS/2 keyboard scan code
  2579                                  ; ============================================================================
  2580                                  kbd_isr:
  2581 00001A27 60                          pushad
  2582 00001A28 1E                          push    ds
  2583 00001A29 06                          push    es
  2584 00001A2A 66B81000                    mov     ax, SEL_D0
  2585 00001A2E 8ED8                        mov     ds, ax
  2586 00001A30 8EC0                        mov     es, ax
  2587 00001A32 E460                        in      al, 0x60
  2588 00001A34 F605[94710000]01            test    byte [kbd_break], 1
  2589 00001A3B 753B                        jnz     .kb_brk
  2590                                      ; Make code
  2591 00001A3D 3C2A                        cmp     al, 0x2A
  2592 00001A3F 7416                        je      .kb_ls
  2593 00001A41 3C36                        cmp     al, 0x36
  2594 00001A43 741B                        je      .kb_rs
  2595 00001A45 3C3C                        cmp     al, 0x3C
  2596 00001A47 7420                        je      .kb_cap
  2597 00001A49 A2[90710000]                mov     [kbd_sc], al
  2598 00001A4E C605[99710000]01            mov     byte [kbd_have], 1
  2599 00001A55 EB19                        jmp     .kb_eoi
  2600                                  .kb_ls:
  2601 00001A57 C605[92710000]01            mov     byte [kbd_shift], 1
  2602 00001A5E EB10                        jmp     .kb_eoi
  2603                                  .kb_rs:
  2604 00001A60 C605[92710000]01            mov     byte [kbd_shift], 1
  2605 00001A67 EB07                        jmp     .kb_eoi
  2606                                  .kb_cap:
  2607 00001A69 8035[93710000]01            xor     byte [kbd_caps], 1
  2608                                  .kb_eoi:
  2609 00001A70 B020                        mov     al, 0x20
  2610 00001A72 E620                        out     0x20, al
  2611 00001A74 07                          pop     es
  2612 00001A75 1F                          pop     ds
  2613 00001A76 61                          popad
  2614 00001A77 CF                          iretd
  2615                                  .kb_brk:
  2616 00001A78 3C2A                        cmp     al, 0x2A
  2617 00001A7A 7406                        je      .kb_ls_r
  2618 00001A7C 3C36                        cmp     al, 0x36
  2619 00001A7E 740B                        je      .kb_rs_r
  2620 00001A80 EB10                        jmp     .kb_clr
  2621                                  .kb_ls_r:
  2622 00001A82 C605[92710000]00            mov     byte [kbd_shift], 0
  2623 00001A89 EB07                        jmp     .kb_clr
  2624                                  .kb_rs_r:
  2625 00001A8B C605[92710000]00            mov     byte [kbd_shift], 0
  2626                                  .kb_clr:
  2627 00001A92 8035[94710000]01            xor     byte [kbd_break], 1
  2628 00001A99 EBD5                        jmp     .kb_eoi
  2629                                  
  2630                                  ; ============================================================================
  2631                                  ; kbd_scan — process one keystroke, dispatch to focused window
  2632                                  ; ============================================================================
  2633                                  kbd_scan:
  2634 00001A9B 50                          push    eax
  2635 00001A9C 53                          push    ebx
  2636 00001A9D 51                          push    ecx
  2637 00001A9E 52                          push    edx
  2638 00001A9F 57                          push    edi
  2639 00001AA0 F605[99710000]01            test    byte [kbd_have], 1
  2640 00001AA7 7479                        jz      .ks_d
  2641 00001AA9 A0[90710000]                mov     al, [kbd_sc]
  2642 00001AAE 84C0                        test    al, al
  2643 00001AB0 7470                        jz      .ks_d
  2644                                      ; Look up ASCII based on shift state
  2645 00001AB2 F605[92710000]01            test    byte [kbd_shift], 1
  2646 00001AB9 7407                        jz      .ks_l
  2647 00001ABB BB[4A080200]                mov     ebx, kbd_at2
  2648 00001AC0 EB05                        jmp     .ks_lu
  2649                                  .ks_l:
  2650 00001AC2 BB[C6070200]                mov     ebx, kbd_at1
  2651                                  .ks_lu:
  2652 00001AC7 0FB6C0                      movzx   eax, al
  2653 00001ACA 8A0403                      mov     al, [ebx + eax]
  2654 00001ACD 84C0                        test    al, al
  2655 00001ACF 7451                        jz      .ks_d
  2656                                      ; Handle CapsLock for letters (0x41-0x5A uppercase)
  2657 00001AD1 3C41                        cmp     al, 'A'
  2658 00001AD3 7C0F                        jl      .ks_st
  2659 00001AD5 3C5A                        cmp     al, 'Z'
  2660 00001AD7 7F0B                        jg      .ks_st
  2661 00001AD9 F605[93710000]01            test    byte [kbd_caps], 1
  2662 00001AE0 7502                        jnz     .ks_st
  2663 00001AE2 0420                        add     al, 32
  2664                                  .ks_st:
  2665 00001AE4 A2[91710000]                mov     [kbd_ascii], al
  2666 00001AE9 C605[99710000]01            mov     byte [kbd_have], 1
  2667                                      ; Dispatch to focused window
  2668 00001AF0 A1[95710000]                mov     eax, [kbd_focus]
  2669 00001AF5 83F808                      cmp     eax, WD
  2670 00001AF8 7407                        je      .ks_dos
  2671 00001AFA 83F809                      cmp     eax, WN
  2672 00001AFD 7417                        je      .ks_note
  2673 00001AFF EB21                        jmp     .ks_d
  2674                                  .ks_dos:
  2675 00001B01 A3[F46D0000]                mov     [DM_HND], eax
  2676 00001B06 66C705[F86D0000]07-         mov     word [DM_MSG], WM_KEY
  2676 00001B0E 00                 
  2677 00001B0F E845ECFFFF                  call    user_dispatch
  2678 00001B14 EB0C                        jmp     .ks_d
  2679                                  .ks_note:
  2680                                      ; Set DM_HND for notepad dispatch
  2681 00001B16 C605[F46D0000]09            mov     [DM_HND], WN
  2682 00001B1D E8560F0000                  call    notepad_key
  2683                                  .ks_d:
  2684 00001B22 31C0                        xor     eax, eax
  2685 00001B24 A3[90710000]                mov     [kbd_sc], eax
  2686 00001B29 A3[91710000]                mov     [kbd_ascii], eax
  2687 00001B2E A3[99710000]                mov     [kbd_have], eax
  2688 00001B33 5F                          pop     edi
  2689 00001B34 5A                          pop     edx
  2690 00001B35 59                          pop     ecx
  2691 00001B36 5B                          pop     ebx
  2692 00001B37 58                          pop     eax
  2693 00001B38 C3                          ret
  2694                                  
  2695                                  ; ============================================================================
  2696                                  ; dos_puts — write null-terminated string to DOS text buffer
  2697                                  ; ============================================================================
  2698                                  dos_puts:
  2699 00001B39 C3                          ret
  2700                                  
  2701                                  ; ============================================================================
  2702                                  ; dos_prompt — print "C:\>" at current cursor position
  2703                                  ; ============================================================================
  2704                                  dos_prompt:
  2705 00001B3A C3                          ret
  2706                                  
  2707                                  ; ============================================================================
  2708                                  ; dos_scroll — scroll DOS text buffer up one row
  2709                                  ; ============================================================================
  2710                                  dos_scroll:
  2711 00001B3B C3                          ret
  2712                                  
  2713                                  ; ============================================================================
  2714                                  ; dos_clear — clear DOS text buffer, reset cursor
  2715                                  ; ============================================================================
  2716                                  dos_clear:
  2717 00001B3C C3                          ret
  2718                                  
  2719                                  ; ============================================================================
  2720                                  ; dos_init — initialize DOS text buffer with welcome message
  2721                                  ; ============================================================================
  2722                                  dos_init:
  2723 00001B3D C3                          ret
  2724                                  
  2725                                  ; ============================================================================
  2726                                  ; dos_exec — DOS command interpreter
  2727                                  ; ============================================================================
  2728                                  dos_exec:
  2729 00001B3E C3                          ret
  2730                                  
  2731                                  ; ============================================================================
  2732                                  ; draw_dos — DOS window content (text grid + cursor)
  2733                                  ; ============================================================================
  2734                                  draw_dos:
  2735 00001B3F C3                          ret
  2736                                  ; ============================================================================
  2737                                  ; draw_br — Browser window content
  2738                                  ; ============================================================================
  2739                                  draw_br:
  2740 00001B40 57                          push    edi
  2741 00001B41 56                          push    esi
  2742 00001B42 50                          push    eax
  2743 00001B43 53                          push    ebx
  2744 00001B44 51                          push    ecx
  2745 00001B45 52                          push    edx
  2746 00001B46 55                          push    ebp
  2747                                      ; BG
  2748 00001B47 8B07                        mov     eax, [edi]
  2749 00001B49 83C002                      add     eax, 2
  2750 00001B4C A3[C46D0000]                mov     [vd_x], eax
  2751 00001B51 8B4704                      mov     eax, [edi+4]
  2752 00001B54 83C014                      add     eax, TH + 2
  2753 00001B57 A3[C86D0000]                mov     [vd_y], eax
  2754 00001B5C C705[CC6D0000]F000-         mov     dword [vd_w], 240
  2754 00001B64 0000               
  2755 00001B66 C705[D06D0000]6E00-         mov     dword [vd_h], 110
  2755 00001B6E 0000               
  2756 00001B70 C605[D56D0000]0F            mov     byte [vd_col], 15
  2757 00001B77 E8FCE7FFFF                  call    gdi_rect
  2758                                      ; Address bar bg
  2759 00001B7C 8B07                        mov     eax, [edi]
  2760 00001B7E 83C002                      add     eax, 2
  2761 00001B81 A3[C46D0000]                mov     [vd_x], eax
  2762 00001B86 8B4704                      mov     eax, [edi+4]
  2763 00001B89 83C014                      add     eax, TH + 2
  2764 00001B8C A3[C86D0000]                mov     [vd_y], eax
  2765 00001B91 C705[CC6D0000]EC00-         mov     dword [vd_w], 236
  2765 00001B99 0000               
  2766 00001B9B C705[D06D0000]0C00-         mov     dword [vd_h], 12
  2766 00001BA3 0000               
  2767 00001BA5 C605[D56D0000]07            mov     byte [vd_col], 7
  2768 00001BAC E8C7E7FFFF                  call    gdi_rect
  2769                                      ; URL text
  2770 00001BB1 8B07                        mov     eax, [edi]
  2771 00001BB3 83C004                      add     eax, 4
  2772 00001BB6 A3[C46D0000]                mov     [vd_x], eax
  2773 00001BBB 8B4704                      mov     eax, [edi+4]
  2774 00001BBE 83C016                      add     eax, TH + 4
  2775 00001BC1 A3[C86D0000]                mov     [vd_y], eax
  2776 00001BC6 BE[20050200]                mov     esi, br_url
  2777 00001BCB 8935[D76D0000]              mov     [vd_str], esi
  2778 00001BD1 C605[D56D0000]00            mov     byte [vd_col], 0
  2779 00001BD8 E815E9FFFF                  call    gdi_text
  2780                                      ; Content area bg
  2781 00001BDD 8B07                        mov     eax, [edi]
  2782 00001BDF 83C002                      add     eax, 2
  2783 00001BE2 A3[C46D0000]                mov     [vd_x], eax
  2784 00001BE7 8B4704                      mov     eax, [edi+4]
  2785 00001BEA 83C024                      add     eax, TH + 18
  2786 00001BED A3[C86D0000]                mov     [vd_y], eax
  2787 00001BF2 C705[CC6D0000]EC00-         mov     dword [vd_w], 236
  2787 00001BFA 0000               
  2788 00001BFC C705[D06D0000]5A00-         mov     dword [vd_h], 90
  2788 00001C04 0000               
  2789 00001C06 C605[D56D0000]0F            mov     byte [vd_col], 15
  2790 00001C0D E866E7FFFF                  call    gdi_rect
  2791                                      ; Page content
  2792 00001C12 8A1D[A9710000]              mov     bl, [br_page]
  2793 00001C18 80FB01                      cmp     bl, 1
  2794 00001C1B 7417                        je      .db_lud
  2795 00001C1D 80FB02                      cmp     bl, 2
  2796 00001C20 0F8406010000                je      .db_goog
  2797 00001C26 80FB03                      cmp     bl, 3
  2798 00001C29 0F8427010000                je      .db_rep
  2799 00001C2F E9BF010000                  jmp     .db_d
  2800                                  .db_lud:
  2801                                      ; Ludashi download page
  2802 00001C34 8B07                        mov     eax, [edi]
  2803 00001C36 83C004                      add     eax, 4
  2804 00001C39 A3[C46D0000]                mov     [vd_x], eax
  2805 00001C3E 8B4704                      mov     eax, [edi+4]
  2806 00001C41 83C028                      add     eax, TH + 22
  2807 00001C44 A3[C86D0000]                mov     [vd_y], eax
  2808 00001C49 BE[07070200]                mov     esi, br_lud_t
  2809 00001C4E 8935[D76D0000]              mov     [vd_str], esi
  2810 00001C54 E899E8FFFF                  call    gdi_text
  2811                                      ; Download button
  2812 00001C59 8B07                        mov     eax, [edi]
  2813 00001C5B 83C014                      add     eax, 20
  2814 00001C5E A3[C46D0000]                mov     [vd_x], eax
  2815 00001C63 8B4704                      mov     eax, [edi+4]
  2816 00001C66 83C03A                      add     eax, TH + 40
  2817 00001C69 A3[C86D0000]                mov     [vd_y], eax
  2818 00001C6E C705[CC6D0000]3C00-         mov     dword [vd_w], 60
  2818 00001C76 0000               
  2819 00001C78 C705[D06D0000]1000-         mov     dword [vd_h], 16
  2819 00001C80 0000               
  2820 00001C82 C605[D56D0000]04            mov     byte [vd_col], 4
  2821 00001C89 E8EAE6FFFF                  call    gdi_rect
  2822 00001C8E C605[D46D0000]01            mov     byte [vd_ch], 1
  2823 00001C95 B006                        mov     al, PD
  2824 00001C97 B407                        mov     ah, PL
  2825 00001C99 E81EE7FFFF                  call    gdi_frame3d
  2826 00001C9E A1[C46D0000]                mov     eax, [vd_x]
  2827 00001CA3 83C00A                      add     eax, 10
  2828 00001CA6 A3[C46D0000]                mov     [vd_x], eax
  2829 00001CAB A1[C86D0000]                mov     eax, [vd_y]
  2830 00001CB0 83C003                      add     eax, 3
  2831 00001CB3 A3[C86D0000]                mov     [vd_y], eax
  2832 00001CB8 BE[60060200]                mov     esi, br_dlbtn_t
  2833 00001CBD 8935[D76D0000]              mov     [vd_str], esi
  2834 00001CC3 C605[D56D0000]01            mov     byte [vd_col], PW
  2835 00001CCA E823E8FFFF                  call    gdi_text
  2836                                      ; ARP status display (Phase A — real network feedback, Ludashi page only)
  2837 00001CCF C605[C46D0000]18            mov     [vd_x], 24
  2838 00001CD6 8B4704                      mov     eax, [edi+4]
  2839 00001CD9 83C050                      add     eax, TH + 62
  2840 00001CDC A3[C86D0000]                mov     [vd_y], eax
  2841 00001CE1 A0[A8BE0000]                mov     al, [arp_state]
  2842 00001CE6 3C01                        cmp     al, 1
  2843 00001CE8 7411                        je      .db_arp_wait
  2844 00001CEA 3C02                        cmp     al, 2
  2845 00001CEC 7414                        je      .db_arp_timeout
  2846 00001CEE 3C40                        cmp     al, 0x40
  2847 00001CF0 7417                        je      .db_arp_fail
  2848 00001CF2 3C04                        cmp     al, 4
  2849 00001CF4 741A                        je      .db_arp_ok
  2850 00001CF6 E9F8000000                  jmp     .db_d
  2851                                  .db_arp_wait:
  2852 00001CFB BE[80070200]                mov     esi, arp_stat_t
  2853 00001D00 EB13                        jmp     .db_arp_draw
  2854                                  .db_arp_timeout:
  2855 00001D02 BE[AA070200]                mov     esi, arp_tout_t
  2856 00001D07 EB0C                        jmp     .db_arp_draw
  2857                                  .db_arp_fail:
  2858 00001D09 BE[9E070200]                mov     esi, arp_fail_t
  2859 00001D0E EB05                        jmp     .db_arp_draw
  2860                                  .db_arp_ok:
  2861 00001D10 BE[90070200]                mov     esi, arp_ok_t
  2862                                  .db_arp_draw:
  2863 00001D15 8935[D76D0000]              mov     [vd_str], esi
  2864 00001D1B C605[D56D0000]00            mov     byte [vd_col], 0
  2865 00001D22 E8CBE7FFFF                  call    gdi_text
  2866 00001D27 E9C7000000                  jmp     .db_d
  2867                                  .db_goog:
  2868 00001D2C 8B07                        mov     eax, [edi]
  2869 00001D2E 83C004                      add     eax, 4
  2870 00001D31 A3[C46D0000]                mov     [vd_x], eax
  2871 00001D36 8B4704                      mov     eax, [edi+4]
  2872 00001D39 83C028                      add     eax, TH + 22
  2873 00001D3C A3[C86D0000]                mov     [vd_y], eax
  2874 00001D41 BE[F1060200]                mov     esi, br_google_t
  2875 00001D46 8935[D76D0000]              mov     [vd_str], esi
  2876 00001D4C E8A1E7FFFF                  call    gdi_text
  2877 00001D51 E99D000000                  jmp     .db_d
  2878                                  .db_rep:
  2879 00001D56 8B07                        mov     eax, [edi]
  2880 00001D58 83C004                      add     eax, 4
  2881 00001D5B A3[C46D0000]                mov     [vd_x], eax
  2882 00001D60 8B4704                      mov     eax, [edi+4]
  2883 00001D63 83C028                      add     eax, TH + 22
  2884 00001D66 A3[C86D0000]                mov     [vd_y], eax
  2885 00001D6B BE[7F060200]                mov     esi, br_report_t
  2886 00001D70 8935[D76D0000]              mov     [vd_str], esi
  2887 00001D76 E877E7FFFF                  call    gdi_text
  2888 00001D7B BE[8D060200]                mov     esi, br_ver_t
  2889 00001D80 A3[C86D0000]                mov     [vd_y], eax
  2890 00001D85 8305[C86D0000]0C            add     dword [vd_y], 12
  2891 00001D8C 8935[D76D0000]              mov     [vd_str], esi
  2892 00001D92 E85BE7FFFF                  call    gdi_text
  2893 00001D97 BE[9E060200]                mov     esi, br_files_t
  2894 00001D9C 8305[C86D0000]0A            add     dword [vd_y], 10
  2895 00001DA3 8935[D76D0000]              mov     [vd_str], esi
  2896 00001DA9 E844E7FFFF                  call    gdi_text
  2897 00001DAE BE[B2060200]                mov     esi, br_mem_t
  2898 00001DB3 8305[C86D0000]0A            add     dword [vd_y], 10
  2899 00001DBA 8935[D76D0000]              mov     [vd_str], esi
  2900 00001DC0 E82DE7FFFF                  call    gdi_text
  2901 00001DC5 BE[CC060200]                mov     esi, br_net_t
  2902 00001DCA 8305[C86D0000]0A            add     dword [vd_y], 10
  2903 00001DD1 8935[D76D0000]              mov     [vd_str], esi
  2904 00001DD7 E816E7FFFF                  call    gdi_text
  2905 00001DDC BE[E1060200]                mov     esi, br_status_t
  2906 00001DE1 8305[C86D0000]0A            add     dword [vd_y], 10
  2907 00001DE8 8935[D76D0000]              mov     [vd_str], esi
  2908 00001DEE E8FFE6FFFF                  call    gdi_text
  2909                                  .db_d:
  2910 00001DF3 5D                          pop     ebp
  2911 00001DF4 5A                          pop     edx
  2912 00001DF5 59                          pop     ecx
  2913 00001DF6 5B                          pop     ebx
  2914 00001DF7 58                          pop     eax
  2915 00001DF8 5E                          pop     esi
  2916 00001DF9 5F                          pop     edi
  2917 00001DFA C3                          ret
  2918                                  
  2919                                  ; ============================================================================
  2920                                  ; draw_ins — Installer window content
  2921                                  ; ============================================================================
  2922                                  draw_ins:
  2923 00001DFB 57                          push    edi
  2924 00001DFC 50                          push    eax
  2925 00001DFD 53                          push    ebx
  2926 00001DFE 51                          push    ecx
  2927 00001DFF 52                          push    edx
  2928                                      ; BG
  2929 00001E00 8B07                        mov     eax, [edi]
  2930 00001E02 83C002                      add     eax, 2
  2931 00001E05 A3[C46D0000]                mov     [vd_x], eax
  2932 00001E0A 8B4704                      mov     eax, [edi+4]
  2933 00001E0D 83C014                      add     eax, TH + 2
  2934 00001E10 A3[C86D0000]                mov     [vd_y], eax
  2935 00001E15 C705[CC6D0000]A000-         mov     dword [vd_w], 160
  2935 00001E1D 0000               
  2936 00001E1F C705[D06D0000]3C00-         mov     dword [vd_h], 60
  2936 00001E27 0000               
  2937 00001E29 C605[D56D0000]0F            mov     byte [vd_col], 15
  2938 00001E30 E843E5FFFF                  call    gdi_rect
  2939                                      ; State-dependent content
  2940 00001E35 8A1D[CBB10000]              mov     bl, [ins_state]
  2941 00001E3B 80FB01                      cmp     bl, 1
  2942 00001E3E 7417                        je      .di_dl
  2943 00001E40 80FB02                      cmp     bl, 2
  2944 00001E43 0F848D000000                je      .di_inst
  2945 00001E49 80FB03                      cmp     bl, 3
  2946 00001E4C 0F8400010000                je      .di_done
  2947 00001E52 E927010000                  jmp     .di_d
  2948                                  .di_dl:
  2949 00001E57 8B07                        mov     eax, [edi]
  2950 00001E59 83C006                      add     eax, 6
  2951 00001E5C A3[C46D0000]                mov     [vd_x], eax
  2952 00001E61 8B4704                      mov     eax, [edi+4]
  2953 00001E64 83C01C                      add     eax, TH + 10
  2954 00001E67 A3[C86D0000]                mov     [vd_y], eax
  2955 00001E6C BE[1D070200]                mov     esi, br_dl_prog_t
  2956 00001E71 8935[D76D0000]              mov     [vd_str], esi
  2957 00001E77 C605[D56D0000]00            mov     byte [vd_col], 0
  2958 00001E7E E86FE6FFFF                  call    gdi_text
  2959 00001E83 8B07                        mov     eax, [edi]
  2960 00001E85 83C00A                      add     eax, 10
  2961 00001E88 A3[C46D0000]                mov     [vd_x], eax
  2962 00001E8D 8B4704                      mov     eax, [edi+4]
  2963 00001E90 83C030                      add     eax, TH + 30
  2964 00001E93 A3[C86D0000]                mov     [vd_y], eax
  2965 00001E98 C705[CC6D0000]8C00-         mov     dword [vd_w], 140
  2965 00001EA0 0000               
  2966 00001EA2 C705[D06D0000]0A00-         mov     dword [vd_h], 10
  2966 00001EAA 0000               
  2967 00001EAC C605[D56D0000]07            mov     byte [vd_col], 7
  2968 00001EB3 E8C0E4FFFF                  call    gdi_rect
  2969 00001EB8 A0[CAB10000]                mov     al, [ins_prog]
  2970 00001EBD 0FB6C0                      movzx   eax, al
  2971 00001EC0 A3[CC6D0000]                mov     dword [vd_w], eax
  2972 00001EC5 C605[D56D0000]04            mov     byte [vd_col], 4
  2973 00001ECC E8A7E4FFFF                  call    gdi_rect
  2974 00001ED1 E9A8000000                  jmp     .di_d
  2975                                  .di_inst:
  2976 00001ED6 8B07                        mov     eax, [edi]
  2977 00001ED8 83C006                      add     eax, 6
  2978 00001EDB A3[C46D0000]                mov     [vd_x], eax
  2979 00001EE0 8B4704                      mov     eax, [edi+4]
  2980 00001EE3 83C01C                      add     eax, TH + 10
  2981 00001EE6 A3[C86D0000]                mov     [vd_y], eax
  2982 00001EEB BE[2C070200]                mov     esi, br_inst_prog_t
  2983 00001EF0 8935[D76D0000]              mov     [vd_str], esi
  2984 00001EF6 C605[D56D0000]00            mov     byte [vd_col], 0
  2985 00001EFD E8F0E5FFFF                  call    gdi_text
  2986 00001F02 8B07                        mov     eax, [edi]
  2987 00001F04 83C00A                      add     eax, 10
  2988 00001F07 A3[C46D0000]                mov     [vd_x], eax
  2989 00001F0C 8B4704                      mov     eax, [edi+4]
  2990 00001F0F 83C030                      add     eax, TH + 30
  2991 00001F12 A3[C86D0000]                mov     [vd_y], eax
  2992 00001F17 C705[CC6D0000]8C00-         mov     dword [vd_w], 140
  2992 00001F1F 0000               
  2993 00001F21 C705[D06D0000]0A00-         mov     dword [vd_h], 10
  2993 00001F29 0000               
  2994 00001F2B C605[D56D0000]07            mov     byte [vd_col], 7
  2995 00001F32 E841E4FFFF                  call    gdi_rect
  2996 00001F37 A0[CAB10000]                mov     al, [ins_prog]
  2997 00001F3C 0FB6C0                      movzx   eax, al
  2998 00001F3F A3[CC6D0000]                mov     dword [vd_w], eax
  2999 00001F44 C605[D56D0000]04            mov     byte [vd_col], 4
  3000 00001F4B E828E4FFFF                  call    gdi_rect
  3001 00001F50 EB2C                        jmp     .di_d
  3002                                  .di_done:
  3003 00001F52 8B07                        mov     eax, [edi]
  3004 00001F54 83C006                      add     eax, 6
  3005 00001F57 A3[C46D0000]                mov     [vd_x], eax
  3006 00001F5C 8B4704                      mov     eax, [edi+4]
  3007 00001F5F 83C01C                      add     eax, TH + 10
  3008 00001F62 A3[C86D0000]                mov     [vd_y], eax
  3009 00001F67 BE[3A070200]                mov     esi, br_done_t
  3010 00001F6C 8935[D76D0000]              mov     [vd_str], esi
  3011 00001F72 C605[D56D0000]04            mov     byte [vd_col], 4
  3012 00001F79 E874E5FFFF                  call    gdi_text
  3013                                  .di_d:
  3014 00001F7E 5A                          pop     edx
  3015 00001F7F 59                          pop     ecx
  3016 00001F80 5B                          pop     ebx
  3017 00001F81 58                          pop     eax
  3018 00001F82 5F                          pop     edi
  3019 00001F83 C3                          ret
  3020                                  
  3021                                  ; ============================================================================
  3022                                  ; draw_ex — Runner / Report window content
  3023                                  ; ============================================================================
  3024                                  draw_ex:
  3025 00001F84 57                          push    edi
  3026 00001F85 50                          push    eax
  3027 00001F86 53                          push    ebx
  3028 00001F87 51                          push    ecx
  3029 00001F88 52                          push    edx
  3030                                      ; BG
  3031 00001F89 8B07                        mov     eax, [edi]
  3032 00001F8B 83C002                      add     eax, 2
  3033 00001F8E A3[C46D0000]                mov     [vd_x], eax
  3034 00001F93 8B4704                      mov     eax, [edi+4]
  3035 00001F96 83C014                      add     eax, TH + 2
  3036 00001F99 A3[C86D0000]                mov     [vd_y], eax
  3037 00001F9E C705[CC6D0000]A000-         mov     dword [vd_w], 160
  3037 00001FA6 0000               
  3038 00001FA8 C705[D06D0000]4000-         mov     dword [vd_h], 64
  3038 00001FB0 0000               
  3039 00001FB2 C605[D56D0000]0F            mov     byte [vd_col], 15
  3040 00001FB9 E8BAE3FFFF                  call    gdi_rect
  3041 00001FBE 8B07                        mov     eax, [edi]
  3042 00001FC0 83C006                      add     eax, 6
  3043 00001FC3 A3[C46D0000]                mov     [vd_x], eax
  3044 00001FC8 8B4704                      mov     eax, [edi+4]
  3045 00001FCB 83C01C                      add     eax, TH + 10
  3046 00001FCE A3[C86D0000]                mov     [vd_y], eax
  3047 00001FD3 803D[8EBE0000]01            cmp     byte [exe_running], 1
  3048 00001FDA 7549                        jne     .de_noexe
  3049 00001FDC 803D[D5B10000]01            cmp     byte [exe_done], 1
  3050 00001FE3 7420                        je      .de_done
  3051 00001FE5 BE[63070200]                mov     esi, br_run_stat_t
  3052 00001FEA 8935[D76D0000]              mov     [vd_str], esi
  3053 00001FF0 C605[D56D0000]07            mov     byte [vd_col], 7
  3054 00001FF7 E8F6E4FFFF                  call    gdi_text
  3055 00001FFC 8305[C86D0000]0E            add     dword [vd_y], 14
  3056 00002003 EB3E                        jmp     .de_print
  3057                                  .de_done:
  3058 00002005 BE[6F070200]                mov     esi, br_run_ok_t
  3059 0000200A 8935[D76D0000]              mov     [vd_str], esi
  3060 00002010 C605[D56D0000]02            mov     byte [vd_col], 2
  3061 00002017 E8D6E4FFFF                  call    gdi_text
  3062 0000201C 8305[C86D0000]0E            add     dword [vd_y], 14
  3063 00002023 EB1E                        jmp     .de_print
  3064                                  .de_noexe:
  3065 00002025 BE[51070200]                mov     esi, br_run_t
  3066 0000202A 8935[D76D0000]              mov     [vd_str], esi
  3067 00002030 C605[D56D0000]04            mov     byte [vd_col], 4
  3068 00002037 E8B6E4FFFF                  call    gdi_text
  3069 0000203C 8305[C86D0000]0E            add     dword [vd_y], 14
  3070                                  .de_print:
  3071 00002043 66A1[8ABE0000]              mov     ax, [exe_out_len]
  3072 00002049 6685C0                      test    ax, ax
  3073 0000204C 7417                        jz      .de_pd
  3074 0000204E BE[4ABE0000]                mov     esi, exe_out
  3075 00002053 8935[D76D0000]              mov     [vd_str], esi
  3076 00002059 C605[D56D0000]00            mov     byte [vd_col], 0
  3077 00002060 E88DE4FFFF                  call    gdi_text
  3078                                  .de_pd:
  3079 00002065 5A                          pop     edx
  3080 00002066 59                          pop     ecx
  3081 00002067 5B                          pop     ebx
  3082 00002068 58                          pop     eax
  3083 00002069 5F                          pop     edi
  3084 0000206A C3                          ret
  3085                                  
  3086                                  ; ============================================================================
  3087                                  ; draw_fl — draw File browser window content (list current dir)
  3088                                  ; ============================================================================
  3089                                  draw_fl:
  3090 0000206B 57                          push    edi
  3091 0000206C 56                          push    esi
  3092 0000206D 50                          push    eax
  3093 0000206E 53                          push    ebx
  3094 0000206F 51                          push    ecx
  3095 00002070 52                          push    edx
  3096 00002071 55                          push    ebp
  3097                                      ; Background
  3098 00002072 8B07                        mov     eax, [edi]
  3099 00002074 83C002                      add     eax, 2
  3100 00002077 A3[C46D0000]                mov     [vd_x], eax
  3101 0000207C 8B4704                      mov     eax, [edi+4]
  3102 0000207F 83C014                      add     eax, TH + 2
  3103 00002082 A3[C86D0000]                mov     [vd_y], eax
  3104 00002087 C705[CC6D0000]F000-         mov     dword [vd_w], 240
  3104 0000208F 0000               
  3105 00002091 C705[D06D0000]6000-         mov     dword [vd_h], 96
  3105 00002099 0000               
  3106 0000209B C605[D56D0000]0F            mov     byte [vd_col], 15
  3107 000020A2 E8D1E2FFFF                  call    gdi_rect
  3108                                      ; Header
  3109 000020A7 8B07                        mov     eax, [edi]
  3110 000020A9 83C004                      add     eax, 4
  3111 000020AC A3[C46D0000]                mov     [vd_x], eax
  3112 000020B1 8B4704                      mov     eax, [edi+4]
  3113 000020B4 83C016                      add     eax, TH + 4
  3114 000020B7 A3[C86D0000]                mov     [vd_y], eax
  3115 000020BC 803D[A0710000]FE            cmp     byte [fs_cur_dir], 0xFE
  3116 000020C3 7512                        jne     .df_h1
  3117 000020C5 BE[C5050200]                mov     esi, fl_trsh_t
  3118 000020CA 8935[D76D0000]              mov     [vd_str], esi
  3119 000020D0 E81DE4FFFF                  call    gdi_text
  3120 000020D5 EB10                        jmp     .df_scan
  3121                                  .df_h1:
  3122 000020D7 BE[55050200]                mov     esi, fl_hdr_t
  3123 000020DC 8935[D76D0000]              mov     [vd_str], esi
  3124 000020E2 E80BE4FFFF                  call    gdi_text
  3125                                  .df_scan:
  3126 000020E7 BD[C8B60000]                mov     ebp, file_table
  3127 000020EC B910000000                  mov     ecx, FS_MAXF
  3128                                  .df_l:
  3129 000020F1 83F900                      cmp     ecx, 0
  3130 000020F4 7456                        je      .df_d
  3131                                      ; Skip system entries in normal view
  3132 000020F6 803D[A0710000]FE            cmp     byte [fs_cur_dir], 0xFE
  3133 000020FD 7502                        jne     .df_nsys
  3134 000020FF EB00                        jmp     .df_nsys
  3135                                  .df_nsys:
  3136 00002101 803D[A0710000]FE            cmp     byte [fs_cur_dir], 0xFE
  3137 00002108 741C                        je      .df_trash_mode
  3138 0000210A F6451501                    test    byte [ebp+21], FS_FLG_DELETED
  3139 0000210E 7536                        jnz     .df_n
  3140 00002110 803D[A0710000]FF            cmp     byte [fs_cur_dir], 0xFF
  3141 00002117 7413                        je      .df_rp
  3142 00002119 8A4516                      mov     al, [ebp+22]
  3143 0000211C 3A05[A0710000]              cmp     al, [fs_cur_dir]
  3144 00002122 7408                        je      .df_rp
  3145 00002124 EB20                        jmp     .df_n
  3146                                  .df_trash_mode:
  3147 00002126 F6451501                    test    byte [ebp+21], FS_FLG_DELETED
  3148 0000212A 741A                        jz      .df_n
  3149                                  .df_rp:
  3150 0000212C A1[C86D0000]                mov     eax, [vd_y]
  3151 00002131 83C00A                      add     eax, 10
  3152 00002134 A3[C86D0000]                mov     [vd_y], eax
  3153 00002139 89EE                        mov     esi, ebp
  3154 0000213B 8935[D76D0000]              mov     [vd_str], esi
  3155 00002141 E8ACE3FFFF                  call    gdi_text
  3156                                  .df_n:
  3157 00002146 83C520                      add     ebp, FS_SZ
  3158 00002149 49                          dec     ecx
  3159 0000214A EBA5                        jmp     .df_l
  3160                                  .df_d:
  3161 0000214C 5D                          pop     ebp
  3162 0000214D 5A                          pop     edx
  3163 0000214E 59                          pop     ecx
  3164 0000214F 5B                          pop     ebx
  3165 00002150 58                          pop     eax
  3166 00002151 5E                          pop     esi
  3167 00002152 5F                          pop     edi
  3168 00002153 C3                          ret
  3169                                  
  3170                                  ; ============================================================================
  3171                                  ; fs_init — initialize file system table
  3172                                  ;   After zero-fill, set every entry's FS_CONTENT_OFF = FS_CONTENT_UNSET
  3173                                  ;   (-1 = "no custom content installed, fall back to legacy defaults")
  3174                                  ; ============================================================================
  3175                                  fs_init:
  3176 00002154 50                          push    eax
  3177 00002155 51                          push    ecx
  3178 00002156 57                          push    edi
  3179 00002157 BF[C8B60000]                mov     edi, file_table
  3180 0000215C B980000000                  mov     ecx, FS_MAXF*FS_SZ/4
  3181 00002161 31C0                        xor     eax, eax
  3182 00002163 F3AB                        rep    stosd
  3183                                      ; Mark content_ptr = -1 for every slot (use legacy code path)
  3184 00002165 B910000000                  mov     ecx, FS_MAXF
  3185 0000216A BF[E0B60000]                mov     edi, file_table + FS_CONTENT_OFF
  3186                                  .fs_i_un:
  3187 0000216F C707FFFFFFFF                mov     dword [edi], FS_CONTENT_UNSET
  3188 00002175 83C720                      add     edi, FS_SZ
  3189 00002178 49                          dec     ecx
  3190 00002179 75F4                        jnz     .fs_i_un
  3191                                      ; Also zero the contents-used bitmap so allocator starts fresh
  3192 0000217B BF[BAB10000]                mov     edi, file_contents_used
  3193 00002180 B910000000                  mov     ecx, FS_MAX_CONTENTS
  3194 00002185 30C0                        xor     al, al
  3195 00002187 F3AA                        rep    stosb
  3196                                      ; Entry 0: My Computer
  3197 00002189 C705[C8B60000]4D79-         mov     dword [file_table+0], 'My '
  3197 00002191 2000               
  3198 00002193 C705[CCB60000]436F-         mov     dword [file_table+4], 'Com'
  3198 0000219B 6D00               
  3199 0000219D C705[D0B60000]7075-         mov     dword [file_table+8], 'put'
  3199 000021A5 7400               
  3200 000021A7 C705[D4B60000]6572-         mov     dword [file_table+12], 'er'
  3200 000021AF 0000               
  3201 000021B1 C605[D8B60000]00            mov     byte [file_table+16], 0
  3202 000021B8 C605[D8B60000]02            mov     byte [file_table+16], FS_TYPE_COMPUTER
  3203 000021BF C605[DDB60000]02            mov     byte [file_table+21], FS_FLG_SYSTEM
  3204                                      ; Entry 1: Recycle Bin
  3205 000021C6 C705[E8B60000]5265-         mov     dword [file_table+32+0], 'Rec'
  3205 000021CE 6300               
  3206 000021D0 C705[ECB60000]7963-         mov     dword [file_table+32+4], 'ycl'
  3206 000021D8 6C00               
  3207 000021DA C705[F0B60000]6520-         mov     dword [file_table+32+8], 'e '
  3207 000021E2 0000               
  3208 000021E4 C705[F4B60000]4269-         mov     dword [file_table+32+12], 'Bin'
  3208 000021EC 6E00               
  3209 000021EE C605[F8B60000]00            mov     byte [file_table+32+16], 0
  3210 000021F5 C605[F8B60000]03            mov     byte [file_table+32+16], FS_TYPE_TRASH
  3211 000021FC C605[FDB60000]02            mov     byte [file_table+32+21], FS_FLG_SYSTEM
  3212                                      ; Entry 2: Network Neighbors
  3213 00002203 C705[08B70000]4E65-         mov     dword [file_table+64+0], 'Net'
  3213 0000220B 7400               
  3214 0000220D C705[0CB70000]776F-         mov     dword [file_table+64+4], 'wor'
  3214 00002215 7200               
  3215 00002217 C705[10B70000]6B20-         mov     dword [file_table+64+8], 'k '
  3215 0000221F 0000               
  3216 00002221 C705[14B70000]4E65-         mov     dword [file_table+64+12], 'Nei'
  3216 00002229 6900               
  3217 0000222B C605[18B70000]00            mov     byte [file_table+64+16], 0
  3218 00002232 C605[18B70000]04            mov     byte [file_table+64+16], FS_TYPE_NETWORK
  3219 00002239 C605[1DB70000]02            mov     byte [file_table+64+21], FS_FLG_SYSTEM
  3220                                      ; Entry 3: Documents folder
  3221 00002240 C705[28B70000]446F-         mov     dword [file_table+96+0], 'Doc'
  3221 00002248 6300               
  3222 0000224A C705[2CB70000]756D-         mov     dword [file_table+96+4], 'ume'
  3222 00002252 6500               
  3223 00002254 C705[30B70000]6E74-         mov     dword [file_table+96+8], 'nts'
  3223 0000225C 7300               
  3224 0000225E C605[38B70000]00            mov     byte [file_table+96+16], 0
  3225 00002265 C605[38B70000]01            mov     byte [file_table+96+16], FS_TYPE_FOLDER
  3226                                      ; Entry 4: boot.txt
  3227 0000226C C705[48B70000]626F-         mov     dword [file_table+128+0], 'boo'
  3227 00002274 6F00               
  3228 00002276 C705[4CB70000]742E-         mov     dword [file_table+128+4], 't.t'
  3228 0000227E 7400               
  3229 00002280 C705[50B70000]7874-         mov     dword [file_table+128+8], 'xt'
  3229 00002288 0000               
  3230 0000228A C605[58B70000]00            mov     byte [file_table+128+16], 0
  3231 00002291 C605[58B70000]05            mov     byte [file_table+128+16], FS_TYPE_FILE_TXT
  3232 00002298 C605[5EB70000]03            mov     byte [file_table+128+22], 3
  3233                                      ; Entry 5: hello.txt
  3234 0000229F C705[68B70000]6865-         mov     dword [file_table+160+0], 'hel'
  3234 000022A7 6C00               
  3235 000022A9 C705[6CB70000]6C6F-         mov     dword [file_table+160+4], 'lo.'
  3235 000022B1 2E00               
  3236 000022B3 C705[70B70000]7478-         mov     dword [file_table+160+8], 'txt'
  3236 000022BB 7400               
  3237 000022BD C605[78B70000]00            mov     byte [file_table+160+16], 0
  3238 000022C4 C605[78B70000]05            mov     byte [file_table+160+16], FS_TYPE_FILE_TXT
  3239 000022CB C605[7EB70000]03            mov     byte [file_table+160+22], 3
  3240                                      ; Entry 6: app.exe
  3241 000022D2 C705[88B70000]6170-         mov     dword [file_table+192+0], 'app'
  3241 000022DA 7000               
  3242 000022DC C705[8CB70000]2E65-         mov     dword [file_table+192+4], '.ex'
  3242 000022E4 7800               
  3243 000022E6 C705[90B70000]6500-         mov     dword [file_table+192+8], 'e'
  3243 000022EE 0000               
  3244 000022F0 C605[98B70000]00            mov     byte [file_table+192+16], 0
  3245 000022F7 C605[98B70000]06            mov     byte [file_table+192+16], FS_TYPE_FILE_EXE
  3246                                      ; Init notepad
  3247 000022FE BF[C8B40000]                mov     edi, note_text
  3248 00002303 B857000000                  mov     eax, 'W'
  3249 00002308 8807                        mov     [edi], al
  3250 0000230A C6470165                    mov     byte [edi+1], 'e'
  3251 0000230E C647026C                    mov     byte [edi+2], 'l'
  3252 00002312 C6470363                    mov     byte [edi+3], 'c'
  3253 00002316 C605[9D710000]00            mov     byte [note_len], 0
  3254 0000231D C605[9C710000]01            mov     byte [note_dirty], 1
  3255                                      ; Net: try ARP detection
  3256 00002324 E844090000                  call    net_broadcast
  3257                                      ; Reset desktop state
  3258 00002329 C605[A0710000]FF            mov     byte [fs_cur_dir], 0xFF
  3259 00002330 C605[A1710000]FF            mov     byte [fs_sel], 0xFF
  3260 00002337 5F                          pop     edi
  3261 00002338 59                          pop     ecx
  3262 00002339 58                          pop     eax
  3263 0000233A C3                          ret
  3264                                  
  3265                                  ; ============================================================================
  3266                                  ; fs_find — find file index by name in parent
  3267                                  ; IN:  bl=parent, ebp=name ptr
  3268                                  ; OUT: eax=index, -1 if not found
  3269                                  ; ============================================================================
  3270                                  fs_find:
  3271 0000233B 50                          push    eax
  3272 0000233C 51                          push    ecx
  3273 0000233D 57                          push    edi
  3274 0000233E 52                          push    edx
  3275 0000233F B8FFFFFFFF                  mov     eax, -1
  3276 00002344 B910000000                  mov     ecx, FS_MAXF
  3277 00002349 BF[C8B60000]                mov     edi, file_table
  3278                                  .fs_fl:
  3279 0000234E 83F900                      cmp     ecx, 0
  3280 00002351 7440                        je      .fs_fd
  3281 00002353 F6471501                    test    byte [edi+21], FS_FLG_DELETED
  3282 00002357 7534                        jnz     .fs_fn
  3283 00002359 80FBFF                      cmp     bl, 0xFF
  3284 0000235C 7407                        je      .fs_pr
  3285 0000235E 385F16                      cmp     byte [edi+22], bl
  3286 00002361 7402                        je      .fs_pr
  3287 00002363 EB28                        jmp     .fs_fn
  3288                                  .fs_pr:
  3289 00002365 89EA                        mov     edx, ebp
  3290 00002367 89FE                        mov     esi, edi
  3291 00002369 B010                        mov     al, FS_NAME
  3292                                  .fs_pc:
  3293 0000236B 84C0                        test    al, al
  3294 0000236D 740C                        jz      .fs_nm
  3295 0000236F 8A0E                        mov     cl, [esi]
  3296 00002371 3A0A                        cmp     cl, [edx]
  3297 00002373 7518                        jne     .fs_fn
  3298 00002375 46                          inc     esi
  3299 00002376 42                          inc     edx
  3300 00002377 FEC8                        dec     al
  3301 00002379 EBF0                        jmp     .fs_pc
  3302                                  .fs_nm:
  3303 0000237B 89F8                        mov     eax, edi
  3304 0000237D 2D[C8B60000]                sub     eax, file_table
  3305 00002382 B920000000                  mov     ecx, FS_SZ
  3306 00002387 31D2                        xor     edx, edx
  3307 00002389 F7F1                        div     ecx
  3308 0000238B EB06                        jmp     .fs_fd
  3309                                  .fs_fn:
  3310 0000238D 83C720                      add     edi, FS_SZ
  3311 00002390 49                          dec     ecx
  3312 00002391 EBBB                        jmp     .fs_fl
  3313                                  .fs_fd:
  3314 00002393 5A                          pop     edx
  3315 00002394 5F                          pop     edi
  3316 00002395 59                          pop     ecx
  3317 00002396 58                          pop     eax
  3318 00002397 C3                          ret
  3319                                  
  3320                                  ; ============================================================================
  3321                                  ; fs_create — create file entry
  3322                                  ; IN:  bl=parent, ebp=name ptr, ch=type
  3323                                  ; OUT: eax=new index, -1 if full
  3324                                  ; ============================================================================
  3325                                  fs_create:
  3326 00002398 50                          push    eax
  3327 00002399 51                          push    ecx
  3328 0000239A 57                          push    edi
  3329 0000239B 56                          push    esi
  3330 0000239C 55                          push    ebp
  3331 0000239D 53                          push    ebx
  3332 0000239E B910000000                  mov     ecx, FS_MAXF
  3333 000023A3 BF[C8B60000]                mov     edi, file_table
  3334                                  .fs_cf:
  3335 000023A8 83F900                      cmp     ecx, 0
  3336 000023AB 743F                        je      .fs_cfull
  3337 000023AD F60700                      test    byte [edi], 0
  3338 000023B0 7406                        jz      .fs_cfree
  3339 000023B2 83C720                      add     edi, FS_SZ
  3340 000023B5 49                          dec     ecx
  3341 000023B6 EBF0                        jmp     .fs_cf
  3342                                  .fs_cfree:
  3343 000023B8 89EE                        mov     esi, ebp
  3344 000023BA 89FB                        mov     ebx, edi
  3345 000023BC B010                        mov     al, FS_NAME
  3346                                  .fs_cnp:
  3347 000023BE 84C0                        test    al, al
  3348 000023C0 740E                        jz      .fs_cset
  3349 000023C2 8A0E                        mov     cl, [esi]
  3350 000023C4 84C9                        test    cl, cl
  3351 000023C6 74F6                        jz      .fs_cnp
  3352 000023C8 880B                        mov     [ebx], cl
  3353 000023CA 46                          inc     esi
  3354 000023CB 43                          inc     ebx
  3355 000023CC FEC8                        dec     al
  3356 000023CE EBEE                        jmp     .fs_cnp
  3357                                  .fs_cset:
  3358 000023D0 886F10                      mov     [edi+16], ch
  3359 000023D3 C6471500                    mov     byte [edi+21], 0
  3360 000023D7 885F16                      mov     [edi+22], bl
  3361 000023DA 89F8                        mov     eax, edi
  3362 000023DC 2D[C8B60000]                sub     eax, file_table
  3363 000023E1 B920000000                  mov     ecx, FS_SZ
  3364 000023E6 31D2                        xor     edx, edx
  3365 000023E8 F7F1                        div     ecx
  3366 000023EA EB05                        jmp     .fs_cd
  3367                                  .fs_cfull:
  3368 000023EC B8FFFFFFFF                  mov     eax, -1
  3369                                  .fs_cd:
  3370 000023F1 5B                          pop     ebx
  3371 000023F2 5D                          pop     ebp
  3372 000023F3 5E                          pop     esi
  3373 000023F4 5F                          pop     edi
  3374 000023F5 59                          pop     ecx
  3375 000023F6 58                          pop     eax
  3376 000023F7 C3                          ret
  3377                                  
  3378                                  ; ============================================================================
  3379                                  ; fs_delete — soft delete file
  3380                                  ; IN:  bl=file index
  3381                                  ; ============================================================================
  3382                                  fs_delete:
  3383 000023F8 50                          push    eax
  3384 000023F9 53                          push    ebx
  3385 000023FA 80FBFF                      cmp     bl, 255
  3386 000023FD 740F                        je      .fs_dl
  3387 000023FF 0FB6C3                      movzx   eax, bl
  3388 00002402 6BC020                      imul    eax, FS_SZ
  3389 00002405 05[C8B60000]                add     eax, file_table
  3390 0000240A C6401501                    mov     byte [eax+21], FS_FLG_DELETED
  3391                                  .fs_dl:
  3392 0000240E 5B                          pop     ebx
  3393 0000240F 58                          pop     eax
  3394 00002410 C3                          ret
  3395                                  
  3396                                  ; ============================================================================
  3397                                  ; fs_install_exe — install dl_code[] as a new FS_TYPE_FILE_EXE file_table entry.
  3398                                  ;   Caller must have already copied bytecode body (without BC_MAGIC) into dl_code.
  3399                                  ;   Steps:
  3400                                  ;     1. Scan file_contents_used bitmap for a free chunk (idx i, 0..FS_MAX_CONTENTS-1)
  3401                                  ;     2. Scan file_table[] for first non-system non-deleted free entry (slot j)
  3402                                  ;     3. Copy dl_code -> file_contents_pool[i*EXE_CONTENT_CHUNK]
  3403                                  ;     4. Init file_table[j]: name="ludashi_install.exe", type=FS_TYPE_FILE_EXE,
  3404                                  ;                            content_off=i*chunk, content_len=dl_code_len (from top stack)
  3405                                  ;   OUT: al = 1 on success, 0 on failure
  3406                                  ; ============================================================================
  3407                                  fs_install_exe:
  3408 00002411 53                          push    ebx
  3409 00002412 51                          push    ecx
  3410 00002413 52                          push    edx
  3411 00002414 56                          push    esi
  3412 00002415 57                          push    edi
  3413 00002416 55                          push    ebp
  3414                                      ; ------- Retrieve dl_code actual length from caller pushes (eax=len, ecx=len) -------
  3415                                      ; Note: we pushed ecx twice from net_download: [esp+28]=eax (len) [esp+24]=ecx (len)
  3416                                      ; We'll re-scan dl_code to find actual length: first 0x00 (HALT) end marker,
  3417                                      ; but a PRINT string can contain 0 bytes that are legitimate.  Instead,
  3418                                      ; use net_download's ecx push: the copy-length was pushed as last push
  3419                                      ; before call.  However easier: re-copy DL_CODE_SZ safely and store len as
  3420                                      ; position of last non-zero byte + 1 (or DL_CODE_SZ if all non-zero).
  3421 00002417 31DB                        xor     ebx, ebx                 ; ebx = actual length
  3422 00002419 BE[1B010100]                mov     esi, dl_code
  3423 0000241E B900040000                  mov     ecx, DL_CODE_SZ
  3424                                  .fi_scan:
  3425 00002423 AC                          lodsb
  3426 00002424 84C0                        test    al, al
  3427 00002426 750D                        jnz     .fi_found_nonzero
  3428                                      ; Allow zeros as PRINT string terminators — count everything up to DL_CODE_SZ
  3429                                      ; but make at least the chunk contiguous. We cap at first 0x00 HALT op + 1 byte
  3430                                      ; so the VM stops there.
  3431 00002428 85DB                        test    ebx, ebx
  3432 0000242A 7409                        jz      .fi_found_nonzero        ; zero at offset 0? keep going
  3433                                      ; If last opcode was PRINT (0x03) followed by 0, that's PRINT string end, not HALT.
  3434                                      ; Heuristic: we accept up to DL_CODE_SZ bytes; truncate at first HALT when
  3435                                      ; last instruction didn't look like a PRINT string.
  3436 0000242C 80BB[1A010100]03            cmp     byte [dl_code + ebx - 1], 0x03
  3437 00002433 7506                        jne     .fi_stop_at_halt
  3438                                  .fi_found_nonzero:
  3439 00002435 43                          inc     ebx
  3440 00002436 49                          dec     ecx
  3441 00002437 75EA                        jnz     .fi_scan
  3442 00002439 EB01                        jmp     .fi_len_done
  3443                                  .fi_stop_at_halt:
  3444 0000243B 43                          inc     ebx                      ; include the HALT byte
  3445                                  .fi_len_done:
  3446                                      ; ------- 1. Find free content chunk i -------
  3447 0000243C 31C0                        xor     eax, eax
  3448 0000243E BF[BAB10000]                mov     edi, file_contents_used
  3449 00002443 B910000000                  mov     ecx, FS_MAX_CONTENTS
  3450                                  .fi_fc:
  3451 00002448 803C0700                    cmp     byte [edi + eax], 0
  3452 0000244C 740A                        jz      .fi_fc_ok
  3453 0000244E FEC0                        inc     al
  3454 00002450 49                          dec     ecx
  3455 00002451 75F5                        jnz     .fi_fc
  3456 00002453 E9C2000000                  jmp     .fi_fail                 ; no free content chunk
  3457                                  .fi_fc_ok:
  3458 00002458 89C5                        mov     ebp, eax                 ; ebp = chunk idx i
  3459                                      ; ------- 2. Find free file_table slot j -------
  3460 0000245A 31C0                        xor     eax, eax
  3461 0000245C BF[C8B60000]                mov     edi, file_table          ; edi = running &entry[j]
  3462 00002461 B910000000                  mov     ecx, FS_MAXF
  3463                                  .fi_fs:
  3464 00002466 807F1501                    cmp     byte [edi + 21], FS_FLG_DELETED
  3465 0000246A 7424                        jz      .fi_fs_ok                ; deleted slot => reuse
  3466 0000246C 837F18FF                    cmp     dword [edi + FS_CONTENT_OFF], FS_CONTENT_UNSET
  3467 00002470 7511                        jnz     .fi_fs_next              ; already has custom content -> in use
  3468 00002472 807F1502                    cmp     byte [edi + 21], FS_FLG_SYSTEM
  3469 00002476 740B                        jz      .fi_fs_next              ; system slot, skip
  3470 00002478 807F1000                    cmp     byte [edi + 16], FS_TYPE_FILE
  3471 0000247C 7412                        jz      .fi_fs_ok_empty          ; empty generic slot => reuse
  3472 0000247E 803F00                      cmp     byte [edi + 0], 0
  3473 00002481 740D                        jz      .fi_fs_ok                ; name[0]==0 => completely empty
  3474                                  .fi_fs_next:
  3475 00002483 FEC0                        inc     al
  3476 00002485 83C720                      add     edi, FS_SZ               ; advance to next entry
  3477 00002488 49                          dec     ecx
  3478 00002489 75DB                        jnz     .fi_fs
  3479 0000248B E98A000000                  jmp     .fi_fail
  3480                                  .fi_fs_ok_empty:
  3481                                  .fi_fs_ok:
  3482 00002490 89C2                        mov     edx, eax                 ; edx = slot j
  3483                                      ; ------- 3. Copy dl_code -> file_contents_pool[ebp*1024] -------
  3484 00002492 BE[1B010100]                mov     esi, dl_code
  3485 00002497 BF[BA710000]                mov     edi, file_contents_pool
  3486 0000249C 89E8                        mov     eax, ebp
  3487 0000249E B900040000                  mov     ecx, EXE_CONTENT_CHUNK
  3488 000024A3 0FAFC1                      imul    eax, ecx
  3489 000024A6 01C7                        add     edi, eax                 ; edi = &pool[i*1024]
  3490                                      ; Clear chunk first to 0 so residual data doesn't leak
  3491 000024A8 57                          push    edi
  3492 000024A9 B900040000                  mov     ecx, EXE_CONTENT_CHUNK
  3493 000024AE 30C0                        xor     al, al
  3494 000024B0 F3AA                        rep     stosb
  3495 000024B2 5F                          pop     edi
  3496 000024B3 89D9                        mov     ecx, ebx                 ; actual bytecode length
  3497 000024B5 C1E902                      shr     ecx, 2
  3498 000024B8 F3A5                        rep     movsd
  3499 000024BA 89D9                        mov     ecx, ebx
  3500 000024BC 83E103                      and     ecx, 3
  3501 000024BF F3A4                        rep     movsb
  3502 000024C1 C685[BAB10000]01            mov     byte [file_contents_used + ebp], 1    ; mark chunk occupied
  3503                                      ; ------- 4. Write file_table[j] fields -------
  3504 000024C8 89D0                        mov     eax, edx
  3505 000024CA B920000000                  mov     ecx, FS_SZ
  3506 000024CF 0FAFC1                      imul    eax, ecx
  3507 000024D2 05[C8B60000]                add     eax, file_table          ; eax = &file_table[j]
  3508                                      ; name = "ludashi_install.exe"  (copy exactly 16 bytes including NUL terminator)
  3509 000024D7 50                          push    eax
  3510 000024D8 89C7                        mov     edi, eax                 ; edi = entry start (name)
  3511 000024DA BE[08250000]                mov     esi, .fi_name_template
  3512 000024DF B910000000                  mov     ecx, FS_NAME             ; copy 16 bytes (incl trailing zero)
  3513 000024E4 F3A4                        rep     movsb
  3514 000024E6 58                          pop     eax
  3515 000024E7 C6401006                    mov     byte [eax + 16], FS_TYPE_FILE_EXE
  3516                                      ; legacy size field (17-20): write actual bytecode length for compatibility
  3517 000024EB 895811                      mov     [eax + 17], ebx
  3518                                      ; flags = 0, parent = 0, reserved 23 = 0 (already zeroed from prior clear)
  3519                                      ; FS_CONTENT_OFF = ebp * EXE_CONTENT_CHUNK
  3520 000024EE 89E9                        mov     ecx, ebp
  3521 000024F0 BF00040000                  mov     edi, EXE_CONTENT_CHUNK
  3522 000024F5 0FAFCF                      imul    ecx, edi
  3523 000024F8 894818                      mov     [eax + FS_CONTENT_OFF], ecx
  3524                                      ; FS_CONTENT_LEN = actual bytecode length (ebx)
  3525 000024FB 89581C                      mov     [eax + FS_CONTENT_LEN], ebx
  3526 000024FE C6401500                    mov     byte [eax + 21], 0       ; ensure flags == 0 (not deleted)
  3527 00002502 B001                        mov     al, 1                    ; SUCCESS
  3528 00002504 EB16                        jmp     .fi_out
  3529                                      ; 16-byte template for installed EXE name (padded with NULs)
  3530 00002506 90<rep 2h>                  ALIGN 4
  3531 00002508 6C7564617368695F69-     .fi_name_template: db "ludashi_install", 0
  3531 00002511 6E7374616C6C00     
  3532 00002518 0000                                       db 0,0   ; pad to 16 bytes (FS_NAME = 16)
  3533                                  .fi_fail:
  3534 0000251A 30C0                        xor     al, al
  3535                                  .fi_out:
  3536 0000251C 5D                          pop     ebp
  3537 0000251D 5F                          pop     edi
  3538 0000251E 5E                          pop     esi
  3539 0000251F 5A                          pop     edx
  3540 00002520 59                          pop     ecx
  3541 00002521 5B                          pop     ebx
  3542 00002522 C3                          ret
  3543                                  
  3544                                  ; ============================================================================
  3545                                  ; fs_install_pe_exe — install pe_download_buf[] as a FS_TYPE_FILE_EXE entry.
  3546                                  ;   Copies pe_download_len bytes from pe_download_buf into one or more
  3547                                  ;   contiguous EXE_CONTENT_CHUNK slots inside file_contents_pool, marks
  3548                                  ;   the used chunks in file_contents_used[], and registers a file_table
  3549                                  ;   entry named "inet_dl.exe" with content_off = first_chunk*CHUNK,
  3550                                  ;   content_len = pe_download_len.
  3551                                  ;   IN:  pe_download_buf (valid PE bytes), pe_download_len set
  3552                                  ;   OUT: al = 1 on success, 0 on failure (no room, PE too large for the pool)
  3553                                  ;   Clobbers: eax, ebx, ecx, edx, esi, edi, ebp
  3554                                  ; ============================================================================
  3555 00002523 90                      ALIGN 4
  3556                                  fs_install_pe_exe:
  3557 00002524 53                          push    ebx
  3558 00002525 51                          push    ecx
  3559 00002526 52                          push    edx
  3560 00002527 56                          push    esi
  3561 00002528 57                          push    edi
  3562 00002529 55                          push    ebp
  3563                                  
  3564                                      ; --- 1. cap + round-up chunk count ---
  3565 0000252A 8B1D[1C050200]              mov     ebx, [pe_download_len]
  3566 00002530 85DB                        test    ebx, ebx
  3567 00002532 0F8475030000                jz      .fpe_fail
  3568 00002538 81FB00400000                cmp     ebx, FS_MAX_CONTENTS * EXE_CONTENT_CHUNK
  3569 0000253E 0F8769030000                ja      .fpe_fail                         ; too large for entire pool
  3570 00002544 89D8                        mov     eax, ebx
  3571 00002546 05FF030000                  add     eax, EXE_CONTENT_CHUNK - 1
  3572 0000254B 31D2                        xor     edx, edx
  3573 0000254D B900040000                  mov     ecx, EXE_CONTENT_CHUNK
  3574 00002552 F7F1                        div     ecx                               ; eax = #chunks needed (ecx was divisor, edx=0)
  3575 00002554 89C1                        mov     ecx, eax                          ; ecx = n_chunks
  3576                                      dbg_puts "[A4X] fpe: len=", 0
    21 00002556 EB10                <1>  jmp %%skip
    22 00002558 5B4134585D20667065- <1> %%str db %1
    22 00002561 3A206C656E3D00      <1>
    23                              <1> %%skip:
    24                              <1> %if __BITS__ == 32
    25 00002568 56                  <1>  push esi
    26 00002569 BE[58250000]        <1>  mov esi, %%str
    27                              <1> %%.loop:
    28 0000256E AC                  <1>  lodsb
    29 0000256F 08C0                <1>  or al, al
    30 00002571 7404                <1>  jz %%.done
    31 00002573 E6E9                <1>  out 0xE9, al
    32 00002575 EBF7                <1>  jmp %%.loop
    33                              <1> %%.done:
    34 00002577 5E                  <1>  pop esi
    35                              <1> %else
    36                              <1>  push si
    37                              <1>  mov si, %%str
    38                              <1> %%.loop:
    39                              <1>  lodsb
    40                              <1>  or al, al
    41                              <1>  jz %%.done
    42                              <1>  out 0xE9, al
    43                              <1>  jmp %%.loop
    44                              <1> %%.done:
    45                              <1>  pop si
    46                              <1> %endif
  3577 00002578 51                          push    ecx
  3578 00002579 89D8                        mov     eax, ebx
  3579 0000257B E890100000                  call    dbg_print_eax_hex
  3580 00002580 59                          pop     ecx
  3581                                      dbg_puts " chunks=", 0
    21 00002581 EB09                <1>  jmp %%skip
    22 00002583 206368756E6B733D00  <1> %%str db %1
    23                              <1> %%skip:
    24                              <1> %if __BITS__ == 32
    25 0000258C 56                  <1>  push esi
    26 0000258D BE[83250000]        <1>  mov esi, %%str
    27                              <1> %%.loop:
    28 00002592 AC                  <1>  lodsb
    29 00002593 08C0                <1>  or al, al
    30 00002595 7404                <1>  jz %%.done
    31 00002597 E6E9                <1>  out 0xE9, al
    32 00002599 EBF7                <1>  jmp %%.loop
    33                              <1> %%.done:
    34 0000259B 5E                  <1>  pop esi
    35                              <1> %else
    36                              <1>  push si
    37                              <1>  mov si, %%str
    38                              <1> %%.loop:
    39                              <1>  lodsb
    40                              <1>  or al, al
    41                              <1>  jz %%.done
    42                              <1>  out 0xE9, al
    43                              <1>  jmp %%.loop
    44                              <1> %%.done:
    45                              <1>  pop si
    46                              <1> %endif
  3582 0000259C 89C8                        mov     eax, ecx
  3583 0000259E E86D100000                  call    dbg_print_eax_hex
  3584                                      dbg_nl
    51 000025A3 B00D                <1>  mov al, 13
    52 000025A5 E6E9                <1>  out 0xE9, al
    53 000025A7 B00A                <1>  mov al, 10
    54 000025A9 E6E9                <1>  out 0xE9, al
  3585                                  
  3586                                      ; --- 2. find N contiguous free chunks in file_contents_used[] ---
  3587 000025AB 31ED                        xor     ebp, ebp                          ; ebp = candidate start chunk idx
  3588                                  .fpe_scan_start:
  3589 000025AD 89E8                        mov     eax, ebp
  3590 000025AF 01C8                        add     eax, ecx
  3591 000025B1 3C10                        cmp     al, FS_MAX_CONTENTS               ; al since FS_MAX_CONTENTS <= 255
  3592 000025B3 0F87F4020000                ja      .fpe_fail                         ; no run of N chunks fits
  3593                                      ; verify chunks ebp .. ebp+ecx-1 are all free
  3594 000025B9 51                          push    ecx
  3595 000025BA 55                          push    ebp
  3596 000025BB 89EF                        mov     edi, ebp
  3597 000025BD 89CB                        mov     ebx, ecx                          ; ebx = remaining in run
  3598                                  .fpe_scan_run:
  3599 000025BF 80BF[BAB10000]00            cmp     byte [file_contents_used + edi], 0
  3600 000025C6 750A                        jnz     .fpe_scan_run_bad
  3601 000025C8 47                          inc     edi
  3602 000025C9 4B                          dec     ebx
  3603 000025CA 75F3                        jnz     .fpe_scan_run
  3604                                      ; all free — keep ebp as start
  3605 000025CC 5D                          pop     ebp                               ; (restore candidate start to ebp)
  3606 000025CD 83C404                      add     esp, 4                            ; (discard ecx copy)
  3607 000025D0 EB05                        jmp     .fpe_found
  3608                                  .fpe_scan_run_bad:
  3609 000025D2 5D                          pop     ebp
  3610 000025D3 59                          pop     ecx
  3611 000025D4 45                          inc     ebp                               ; try next start
  3612 000025D5 EBD6                        jmp     .fpe_scan_start
  3613                                  .fpe_found:
  3614                                      dbg_puts "[A4X] fpe: start_chunk=", 0
    21 000025D7 EB18                <1>  jmp %%skip
    22 000025D9 5B4134585D20667065- <1> %%str db %1
    22 000025E2 3A2073746172745F63- <1>
    22 000025EB 68756E6B3D00        <1>
    23                              <1> %%skip:
    24                              <1> %if __BITS__ == 32
    25 000025F1 56                  <1>  push esi
    26 000025F2 BE[D9250000]        <1>  mov esi, %%str
    27                              <1> %%.loop:
    28 000025F7 AC                  <1>  lodsb
    29 000025F8 08C0                <1>  or al, al
    30 000025FA 7404                <1>  jz %%.done
    31 000025FC E6E9                <1>  out 0xE9, al
    32 000025FE EBF7                <1>  jmp %%.loop
    33                              <1> %%.done:
    34 00002600 5E                  <1>  pop esi
    35                              <1> %else
    36                              <1>  push si
    37                              <1>  mov si, %%str
    38                              <1> %%.loop:
    39                              <1>  lodsb
    40                              <1>  or al, al
    41                              <1>  jz %%.done
    42                              <1>  out 0xE9, al
    43                              <1>  jmp %%.loop
    44                              <1> %%.done:
    45                              <1>  pop si
    46                              <1> %endif
  3615 00002601 89E8                        mov     eax, ebp
  3616 00002603 E808100000                  call    dbg_print_eax_hex
  3617                                      dbg_nl
    51 00002608 B00D                <1>  mov al, 13
    52 0000260A E6E9                <1>  out 0xE9, al
    53 0000260C B00A                <1>  mov al, 10
    54 0000260E E6E9                <1>  out 0xE9, al
  3618                                  
  3619                                      ; --- 3. mark chunks occupied ---
  3620 00002610 51                          push    ecx
  3621 00002611 55                          push    ebp
  3622 00002612 89EF                        mov     edi, ebp
  3623 00002614 89CB                        mov     ebx, ecx
  3624                                  .fpe_mark:
  3625 00002616 C687[BAB10000]01            mov     byte [file_contents_used + edi], 1
  3626 0000261D 47                          inc     edi
  3627 0000261E 4B                          dec     ebx
  3628 0000261F 75F5                        jnz     .fpe_mark
  3629 00002621 5D                          pop     ebp
  3630 00002622 59                          pop     ecx
  3631                                  
  3632                                      ; --- 4. copy pe_download_buf -> pool[start*CHUNK .. ] (whole len) ---
  3633 00002623 BE[1C050100]                mov     esi, pe_download_buf              ; src (label, not [ptr])
  3634 00002628 BF[BA710000]                mov     edi, file_contents_pool
  3635 0000262D 89E8                        mov     eax, ebp
  3636 0000262F BA00040000                  mov     edx, EXE_CONTENT_CHUNK
  3637 00002634 0FAFC2                      imul    eax, edx
  3638 00002637 01C7                        add     edi, eax                          ; edi = &pool[start*CHUNK]
  3639 00002639 8B0D[1C050200]              mov     ecx, [pe_download_len]            ; ecx = total bytes
  3640 0000263F 51                          push    ecx
  3641 00002640 F3A4                        rep     movsb
  3642 00002642 59                          pop     ecx
  3643                                      dbg_puts "[A4X] fpe: copied bytes=", 0
    21 00002643 EB19                <1>  jmp %%skip
    22 00002645 5B4134585D20667065- <1> %%str db %1
    22 0000264E 3A20636F7069656420- <1>
    22 00002657 62797465733D00      <1>
    23                              <1> %%skip:
    24                              <1> %if __BITS__ == 32
    25 0000265E 56                  <1>  push esi
    26 0000265F BE[45260000]        <1>  mov esi, %%str
    27                              <1> %%.loop:
    28 00002664 AC                  <1>  lodsb
    29 00002665 08C0                <1>  or al, al
    30 00002667 7404                <1>  jz %%.done
    31 00002669 E6E9                <1>  out 0xE9, al
    32 0000266B EBF7                <1>  jmp %%.loop
    33                              <1> %%.done:
    34 0000266D 5E                  <1>  pop esi
    35                              <1> %else
    36                              <1>  push si
    37                              <1>  mov si, %%str
    38                              <1> %%.loop:
    39                              <1>  lodsb
    40                              <1>  or al, al
    41                              <1>  jz %%.done
    42                              <1>  out 0xE9, al
    43                              <1>  jmp %%.loop
    44                              <1> %%.done:
    45                              <1>  pop si
    46                              <1> %endif
  3644 0000266E 89C8                        mov     eax, ecx
  3645 00002670 E89B0F0000                  call    dbg_print_eax_hex
  3646                                      dbg_nl
    51 00002675 B00D                <1>  mov al, 13
    52 00002677 E6E9                <1>  out 0xE9, al
    53 00002679 B00A                <1>  mov al, 10
    54 0000267B E6E9                <1>  out 0xE9, al
  3647                                  
  3648                                      ; --- 5. find free file_table slot j ---
  3649 0000267D 31C0                        xor     eax, eax
  3650 0000267F BF[C8B60000]                mov     edi, file_table
  3651 00002684 BA10000000                  mov     edx, FS_MAXF
  3652                                  .fpe_fs:
  3653 00002689 807F1501                    cmp     byte [edi + 21], FS_FLG_DELETED
  3654 0000268D 741E                        jz      .fpe_fs_ok
  3655 0000268F 837F18FF                    cmp     dword [edi + FS_CONTENT_OFF], FS_CONTENT_UNSET
  3656 00002693 750B                        jnz     .fpe_fs_next
  3657 00002695 807F1502                    cmp     byte [edi + 21], FS_FLG_SYSTEM
  3658 00002699 7405                        jz      .fpe_fs_next
  3659 0000269B 803F00                      cmp     byte [edi + 0], 0
  3660 0000269E 740D                        jz      .fpe_fs_ok
  3661                                  .fpe_fs_next:
  3662 000026A0 FEC0                        inc     al
  3663 000026A2 83C720                      add     edi, FS_SZ
  3664 000026A5 4A                          dec     edx
  3665 000026A6 75E1                        jnz     .fpe_fs
  3666 000026A8 E900020000                  jmp     .fpe_fail                         ; no free slot
  3667                                  .fpe_fs_ok:
  3668                                      ; eax = slot j, edi = &entry[j]
  3669                                      ; ---- zero the entire 32-byte entry first to kill stale fields ----
  3670 000026AD 57                          push    edi                                ; [1] save entry start (needed twice)
  3671 000026AE 50                          push    eax                                ; [2] save slot j
  3672 000026AF B908000000                  mov     ecx, FS_SZ / 4
  3673 000026B4 31C0                        xor     eax, eax
  3674 000026B6 F3AB                        rep     stosd                              ; zero 32 bytes starting at edi
  3675 000026B8 58                          pop     eax                                ; [2] restore slot j
  3676 000026B9 5F                          pop     edi                                ; [1] restore entry start
  3677                                      ; --- write 16-byte name ---
  3678 000026BA 50                          push    eax                                ; [2'] save slot j again
  3679 000026BB 57                          push    edi                                ; [1'] save entry start again
  3680 000026BC BE[9C280000]                mov     esi, .fpe_name
  3681 000026C1 B910000000                  mov     ecx, FS_NAME
  3682 000026C6 F3A4                        rep     movsb
  3683 000026C8 5F                          pop     edi                                ; [1'] restore entry start
  3684 000026C9 58                          pop     eax                                ; [2'] restore slot j
  3685                                  
  3686 000026CA C6471006                    mov     byte [edi + 16], FS_TYPE_FILE_EXE  ; type
  3687                                      ; legacy size at bytes 18..21 (between type[16] and flags[22]) to
  3688                                      ; avoid clobbering the 4-byte area starting at 20 which previously
  3689                                      ; overlapped with content_off=[24..27] via the 0xA01 4-byte write.
  3690 000026CE 8B0D[1C050200]              mov     ecx, [pe_download_len]
  3691 000026D4 66894F12                    mov     [edi + 18], cx                     ; 16-bit size (0xA01 < 65536)
  3692 000026D8 C6471600                    mov     byte [edi + 22], 0                 ; reserved = 0
  3693 000026DC C6471700                    mov     byte [edi + 23], 0                 ; reserved = 0
  3694                                      ; content_off = start_chunk * EXE_CONTENT_CHUNK
  3695 000026E0 89E8                        mov     eax, ebp
  3696 000026E2 B900040000                  mov     ecx, EXE_CONTENT_CHUNK
  3697 000026E7 0FAFC1                      imul    eax, ecx
  3698 000026EA 894718                      mov     [edi + FS_CONTENT_OFF], eax
  3699                                      ; content_len = total PE bytes
  3700 000026ED A1[1C050200]                mov     eax, [pe_download_len]
  3701 000026F2 89471C                      mov     [edi + FS_CONTENT_LEN], eax
  3702                                      ; --- sanity: immediate read-back to catch clobbers early ---
  3703 000026F5 8B571C                      mov     edx, [edi + FS_CONTENT_LEN]
  3704 000026F8 39C2                        cmp     edx, eax
  3705 000026FA 746A                        jz      .fpe_len_ok
  3706                                      dbg_puts "[A4X] fpe: LEN MISMATCH wrote=", 0
    21 000026FC EB1F                <1>  jmp %%skip
    22 000026FE 5B4134585D20667065- <1> %%str db %1
    22 00002707 3A204C454E204D4953- <1>
    22 00002710 4D415443482077726F- <1>
    22 00002719 74653D00            <1>
    23                              <1> %%skip:
    24                              <1> %if __BITS__ == 32
    25 0000271D 56                  <1>  push esi
    26 0000271E BE[FE260000]        <1>  mov esi, %%str
    27                              <1> %%.loop:
    28 00002723 AC                  <1>  lodsb
    29 00002724 08C0                <1>  or al, al
    30 00002726 7404                <1>  jz %%.done
    31 00002728 E6E9                <1>  out 0xE9, al
    32 0000272A EBF7                <1>  jmp %%.loop
    33                              <1> %%.done:
    34 0000272C 5E                  <1>  pop esi
    35                              <1> %else
    36                              <1>  push si
    37                              <1>  mov si, %%str
    38                              <1> %%.loop:
    39                              <1>  lodsb
    40                              <1>  or al, al
    41                              <1>  jz %%.done
    42                              <1>  out 0xE9, al
    43                              <1>  jmp %%.loop
    44                              <1> %%.done:
    45                              <1>  pop si
    46                              <1> %endif
  3707 0000272D E8DE0E0000                  call    dbg_print_eax_hex
  3708                                      dbg_puts " readback=", 0
    21 00002732 EB0B                <1>  jmp %%skip
    22 00002734 20726561646261636B- <1> %%str db %1
    22 0000273D 3D00                <1>
    23                              <1> %%skip:
    24                              <1> %if __BITS__ == 32
    25 0000273F 56                  <1>  push esi
    26 00002740 BE[34270000]        <1>  mov esi, %%str
    27                              <1> %%.loop:
    28 00002745 AC                  <1>  lodsb
    29 00002746 08C0                <1>  or al, al
    30 00002748 7404                <1>  jz %%.done
    31 0000274A E6E9                <1>  out 0xE9, al
    32 0000274C EBF7                <1>  jmp %%.loop
    33                              <1> %%.done:
    34 0000274E 5E                  <1>  pop esi
    35                              <1> %else
    36                              <1>  push si
    37                              <1>  mov si, %%str
    38                              <1> %%.loop:
    39                              <1>  lodsb
    40                              <1>  or al, al
    41                              <1>  jz %%.done
    42                              <1>  out 0xE9, al
    43                              <1>  jmp %%.loop
    44                              <1> %%.done:
    45                              <1>  pop si
    46                              <1> %endif
  3709 0000274F 89D0                        mov     eax, edx
  3710 00002751 E8BA0E0000                  call    dbg_print_eax_hex
  3711                                      dbg_nl
    51 00002756 B00D                <1>  mov al, 13
    52 00002758 E6E9                <1>  out 0xE9, al
    53 0000275A B00A                <1>  mov al, 10
    54 0000275C E6E9                <1>  out 0xE9, al
  3712                                      ; try to repair: re-write the expected value
  3713 0000275E A1[1C050200]                mov     eax, [pe_download_len]
  3714 00002763 89471C                      mov     [edi + FS_CONTENT_LEN], eax
  3715                                  .fpe_len_ok:
  3716                                      ; --- STEPPED CHECKPOINT: read FS_CONTENT_LEN after every
  3717                                      ;     intervening operation to find where byte 0 (LSB) becomes 0x00
  3718                                      ;     from 0x01 (0xA01 → 0xA00) ---
  3719 00002766 50                          push    eax
  3720 00002767 8B471C                      mov     eax, [edi + FS_CONTENT_LEN]
  3721                                      dbg_puts "[A4X] fpe dbg1 len=", 0
    21 0000276A EB14                <1>  jmp %%skip
    22 0000276C 5B4134585D20667065- <1> %%str db %1
    22 00002775 2064626731206C656E- <1>
    22 0000277E 3D00                <1>
    23                              <1> %%skip:
    24                              <1> %if __BITS__ == 32
    25 00002780 56                  <1>  push esi
    26 00002781 BE[6C270000]        <1>  mov esi, %%str
    27                              <1> %%.loop:
    28 00002786 AC                  <1>  lodsb
    29 00002787 08C0                <1>  or al, al
    30 00002789 7404                <1>  jz %%.done
    31 0000278B E6E9                <1>  out 0xE9, al
    32 0000278D EBF7                <1>  jmp %%.loop
    33                              <1> %%.done:
    34 0000278F 5E                  <1>  pop esi
    35                              <1> %else
    36                              <1>  push si
    37                              <1>  mov si, %%str
    38                              <1> %%.loop:
    39                              <1>  lodsb
    40                              <1>  or al, al
    41                              <1>  jz %%.done
    42                              <1>  out 0xE9, al
    43                              <1>  jmp %%.loop
    44                              <1> %%.done:
    45                              <1>  pop si
    46                              <1> %endif
  3722 00002790 E87B0E0000                  call    dbg_print_eax_hex
  3723                                      dbg_nl
    51 00002795 B00D                <1>  mov al, 13
    52 00002797 E6E9                <1>  out 0xE9, al
    53 00002799 B00A                <1>  mov al, 10
    54 0000279B E6E9                <1>  out 0xE9, al
  3724 0000279D 58                          pop     eax
  3725                                  
  3726                                      dbg_puts "[A4X] fpe: installed slot=", 0
    21 0000279E EB1B                <1>  jmp %%skip
    22 000027A0 5B4134585D20667065- <1> %%str db %1
    22 000027A9 3A20696E7374616C6C- <1>
    22 000027B2 656420736C6F743D00  <1>
    23                              <1> %%skip:
    24                              <1> %if __BITS__ == 32
    25 000027BB 56                  <1>  push esi
    26 000027BC BE[A0270000]        <1>  mov esi, %%str
    27                              <1> %%.loop:
    28 000027C1 AC                  <1>  lodsb
    29 000027C2 08C0                <1>  or al, al
    30 000027C4 7404                <1>  jz %%.done
    31 000027C6 E6E9                <1>  out 0xE9, al
    32 000027C8 EBF7                <1>  jmp %%.loop
    33                              <1> %%.done:
    34 000027CA 5E                  <1>  pop esi
    35                              <1> %else
    36                              <1>  push si
    37                              <1>  mov si, %%str
    38                              <1> %%.loop:
    39                              <1>  lodsb
    40                              <1>  or al, al
    41                              <1>  jz %%.done
    42                              <1>  out 0xE9, al
    43                              <1>  jmp %%.loop
    44                              <1> %%.done:
    45                              <1>  pop si
    46                              <1> %endif
  3727                                      ; recompute slot j from edi: (edi - file_table)/FS_SZ
  3728 000027CB 89F8                        mov     eax, edi
  3729 000027CD 2D[C8B60000]                sub     eax, file_table
  3730 000027D2 31D2                        xor     edx, edx
  3731 000027D4 B920000000                  mov     ecx, FS_SZ
  3732 000027D9 F7F1                        div     ecx
  3733 000027DB E8300E0000                  call    dbg_print_eax_hex
  3734                                  
  3735 000027E0 50                          push    eax
  3736 000027E1 8B471C                      mov     eax, [edi + FS_CONTENT_LEN]
  3737                                      dbg_puts "[A4X] fpe dbg2 len=", 0
    21 000027E4 EB14                <1>  jmp %%skip
    22 000027E6 5B4134585D20667065- <1> %%str db %1
    22 000027EF 2064626732206C656E- <1>
    22 000027F8 3D00                <1>
    23                              <1> %%skip:
    24                              <1> %if __BITS__ == 32
    25 000027FA 56                  <1>  push esi
    26 000027FB BE[E6270000]        <1>  mov esi, %%str
    27                              <1> %%.loop:
    28 00002800 AC                  <1>  lodsb
    29 00002801 08C0                <1>  or al, al
    30 00002803 7404                <1>  jz %%.done
    31 00002805 E6E9                <1>  out 0xE9, al
    32 00002807 EBF7                <1>  jmp %%.loop
    33                              <1> %%.done:
    34 00002809 5E                  <1>  pop esi
    35                              <1> %else
    36                              <1>  push si
    37                              <1>  mov si, %%str
    38                              <1> %%.loop:
    39                              <1>  lodsb
    40                              <1>  or al, al
    41                              <1>  jz %%.done
    42                              <1>  out 0xE9, al
    43                              <1>  jmp %%.loop
    44                              <1> %%.done:
    45                              <1>  pop si
    46                              <1> %endif
  3738 0000280A E8010E0000                  call    dbg_print_eax_hex
  3739                                      dbg_nl
    51 0000280F B00D                <1>  mov al, 13
    52 00002811 E6E9                <1>  out 0xE9, al
    53 00002813 B00A                <1>  mov al, 10
    54 00002815 E6E9                <1>  out 0xE9, al
  3740 00002817 58                          pop     eax
  3741                                  
  3742 00002818 8B4718                      mov     eax, [edi + FS_CONTENT_OFF]
  3743                                      dbg_puts " off=", 0
    21 0000281B EB06                <1>  jmp %%skip
    22 0000281D 206F66663D00        <1> %%str db %1
    23                              <1> %%skip:
    24                              <1> %if __BITS__ == 32
    25 00002823 56                  <1>  push esi
    26 00002824 BE[1D280000]        <1>  mov esi, %%str
    27                              <1> %%.loop:
    28 00002829 AC                  <1>  lodsb
    29 0000282A 08C0                <1>  or al, al
    30 0000282C 7404                <1>  jz %%.done
    31 0000282E E6E9                <1>  out 0xE9, al
    32 00002830 EBF7                <1>  jmp %%.loop
    33                              <1> %%.done:
    34 00002832 5E                  <1>  pop esi
    35                              <1> %else
    36                              <1>  push si
    37                              <1>  mov si, %%str
    38                              <1> %%.loop:
    39                              <1>  lodsb
    40                              <1>  or al, al
    41                              <1>  jz %%.done
    42                              <1>  out 0xE9, al
    43                              <1>  jmp %%.loop
    44                              <1> %%.done:
    45                              <1>  pop si
    46                              <1> %endif
  3744 00002833 E8D80D0000                  call    dbg_print_eax_hex
  3745                                  
  3746 00002838 50                          push    eax
  3747 00002839 8B471C                      mov     eax, [edi + FS_CONTENT_LEN]
  3748                                      dbg_puts "[A4X] fpe dbg3 len=", 0
    21 0000283C EB14                <1>  jmp %%skip
    22 0000283E 5B4134585D20667065- <1> %%str db %1
    22 00002847 2064626733206C656E- <1>
    22 00002850 3D00                <1>
    23                              <1> %%skip:
    24                              <1> %if __BITS__ == 32
    25 00002852 56                  <1>  push esi
    26 00002853 BE[3E280000]        <1>  mov esi, %%str
    27                              <1> %%.loop:
    28 00002858 AC                  <1>  lodsb
    29 00002859 08C0                <1>  or al, al
    30 0000285B 7404                <1>  jz %%.done
    31 0000285D E6E9                <1>  out 0xE9, al
    32 0000285F EBF7                <1>  jmp %%.loop
    33                              <1> %%.done:
    34 00002861 5E                  <1>  pop esi
    35                              <1> %else
    36                              <1>  push si
    37                              <1>  mov si, %%str
    38                              <1> %%.loop:
    39                              <1>  lodsb
    40                              <1>  or al, al
    41                              <1>  jz %%.done
    42                              <1>  out 0xE9, al
    43                              <1>  jmp %%.loop
    44                              <1> %%.done:
    45                              <1>  pop si
    46                              <1> %endif
  3749 00002862 E8A90D0000                  call    dbg_print_eax_hex
  3750                                      dbg_nl
    51 00002867 B00D                <1>  mov al, 13
    52 00002869 E6E9                <1>  out 0xE9, al
    53 0000286B B00A                <1>  mov al, 10
    54 0000286D E6E9                <1>  out 0xE9, al
  3751 0000286F 58                          pop     eax
  3752                                  
  3753 00002870 8B471C                      mov     eax, [edi + FS_CONTENT_LEN]
  3754                                      dbg_puts " len=", 0
    21 00002873 EB06                <1>  jmp %%skip
    22 00002875 206C656E3D00        <1> %%str db %1
    23                              <1> %%skip:
    24                              <1> %if __BITS__ == 32
    25 0000287B 56                  <1>  push esi
    26 0000287C BE[75280000]        <1>  mov esi, %%str
    27                              <1> %%.loop:
    28 00002881 AC                  <1>  lodsb
    29 00002882 08C0                <1>  or al, al
    30 00002884 7404                <1>  jz %%.done
    31 00002886 E6E9                <1>  out 0xE9, al
    32 00002888 EBF7                <1>  jmp %%.loop
    33                              <1> %%.done:
    34 0000288A 5E                  <1>  pop esi
    35                              <1> %else
    36                              <1>  push si
    37                              <1>  mov si, %%str
    38                              <1> %%.loop:
    39                              <1>  lodsb
    40                              <1>  or al, al
    41                              <1>  jz %%.done
    42                              <1>  out 0xE9, al
    43                              <1>  jmp %%.loop
    44                              <1> %%.done:
    45                              <1>  pop si
    46                              <1> %endif
  3755 0000288B E8800D0000                  call    dbg_print_eax_hex
  3756                                      dbg_nl
    51 00002890 B00D                <1>  mov al, 13
    52 00002892 E6E9                <1>  out 0xE9, al
    53 00002894 B00A                <1>  mov al, 10
    54 00002896 E6E9                <1>  out 0xE9, al
  3757                                  
  3758 00002898 B001                        mov     al, 1
  3759 0000289A EB13                        jmp     .fpe_out
  3760                                  
  3761                                  ALIGN 4
  3762 0000289C 696E65745F646C2E65-     .fpe_name db "inet_dl.exe", 0, 0, 0, 0, 0, 0   ; 16 bytes total ("inet_dl.exe"=11 + 5 pad)
  3762 000028A5 7865000000000000   
  3763                                  
  3764                                  .fpe_fail:
  3765 000028AD 30C0                        xor     al, al
  3766                                  .fpe_out:
  3767 000028AF 5D                          pop     ebp
  3768 000028B0 5F                          pop     edi
  3769 000028B1 5E                          pop     esi
  3770 000028B2 5A                          pop     edx
  3771 000028B3 59                          pop     ecx
  3772 000028B4 5B                          pop     ebx
  3773 000028B5 C3                          ret
  3774                                  
  3775                                  ; ============================================================================
  3776                                  ; fs_draw_icon — draw one file icon at [vd_x][vd_y]
  3777                                  ; IN:  bl=file index
  3778                                  ; ============================================================================
  3779                                  fs_draw_icon:
  3780 000028B6 50                          push    eax
  3781 000028B7 53                          push    ebx
  3782 000028B8 51                          push    ecx
  3783 000028B9 52                          push    edx
  3784 000028BA 57                          push    edi
  3785 000028BB 56                          push    esi
  3786 000028BC 80FBFF                      cmp     bl, 255
  3787 000028BF 0F84EC000000                je      .fs_di_d
  3788 000028C5 0FB6C3                      movzx   eax, bl
  3789 000028C8 6BC020                      imul    eax, FS_SZ
  3790 000028CB 05[C8B60000]                add     eax, file_table
  3791 000028D0 80781501                    cmp     byte [eax+21], FS_FLG_DELETED
  3792 000028D4 7505                        jne     .fs_di_live
  3793 000028D6 E9D6000000                  jmp     .fs_di_d
  3794                                  .fs_di_live:
  3795 000028DB C705[CC6D0000]1000-         mov     dword [vd_w], ICO_W
  3795 000028E3 0000               
  3796 000028E5 C705[D06D0000]1000-         mov     dword [vd_h], ICO_H
  3796 000028ED 0000               
  3797 000028EF 8A5810                      mov     bl, [eax+16]
  3798 000028F2 80FB02                      cmp     bl, FS_TYPE_COMPUTER
  3799 000028F5 7422                        je      .fs_di_pc
  3800 000028F7 80FB03                      cmp     bl, FS_TYPE_TRASH
  3801 000028FA 7426                        je      .fs_di_tr
  3802 000028FC 80FB04                      cmp     bl, FS_TYPE_NETWORK
  3803 000028FF 742A                        je      .fs_di_net
  3804 00002901 80FB01                      cmp     bl, FS_TYPE_FOLDER
  3805 00002904 742E                        je      .fs_di_fold
  3806 00002906 80FB05                      cmp     bl, FS_TYPE_FILE_TXT
  3807 00002909 7432                        je      .fs_di_txt
  3808 0000290B 80FB06                      cmp     bl, FS_TYPE_FILE_EXE
  3809 0000290E 7436                        je      .fs_di_exe
  3810 00002910 C605[D56D0000]2C            mov     byte [vd_col], 44
  3811 00002917 EB34                        jmp     .fs_di_draw
  3812                                  .fs_di_pc:
  3813 00002919 C605[D56D0000]21            mov     byte [vd_col], 33
  3814 00002920 EB2B                        jmp     .fs_di_draw
  3815                                  .fs_di_tr:
  3816 00002922 C605[D56D0000]22            mov     byte [vd_col], 34
  3817 00002929 EB22                        jmp     .fs_di_draw
  3818                                  .fs_di_net:
  3819 0000292B C605[D56D0000]28            mov     byte [vd_col], 40
  3820 00002932 EB19                        jmp     .fs_di_draw
  3821                                  .fs_di_fold:
  3822 00002934 C605[D56D0000]29            mov     byte [vd_col], 41
  3823 0000293B EB10                        jmp     .fs_di_draw
  3824                                  .fs_di_txt:
  3825 0000293D C605[D56D0000]2A            mov     byte [vd_col], 42
  3826 00002944 EB07                        jmp     .fs_di_draw
  3827                                  .fs_di_exe:
  3828 00002946 C605[D56D0000]2B            mov     byte [vd_col], 43
  3829                                  .fs_di_draw:
  3830 0000294D 50                          push    eax
  3831 0000294E B052                        mov     al, 'R'
  3832 00002950 E6E9                        out     0xE9, al
  3833 00002952 58                          pop     eax
  3834 00002953 E820DAFFFF                  call    gdi_rect
  3835 00002958 50                          push    eax
  3836 00002959 B046                        mov     al, 'F'
  3837 0000295B E6E9                        out     0xE9, al
  3838 0000295D 58                          pop     eax
  3839 0000295E C605[D46D0000]01            mov     byte [vd_ch], 1
  3840 00002965 B006                        mov     al, PD
  3841 00002967 B407                        mov     ah, PL
  3842 00002969 E84EDAFFFF                  call    gdi_frame3d
  3843 0000296E 50                          push    eax
  3844 0000296F B033                        mov     al, '3'
  3845 00002971 E6E9                        out     0xE9, al
  3846 00002973 58                          pop     eax
  3847                                      ; Recalculate file entry ptr from bl (preserved across fs_draw_icon)
  3848 00002974 0FB6C3                      movzx   eax, bl
  3849 00002977 6BC020                      imul    eax, FS_SZ
  3850 0000297A 05[C8B60000]                add     eax, file_table
  3851 0000297F 8B3D[C46D0000]              mov     edi, [vd_x]
  3852 00002985 8B35[C86D0000]              mov     esi, [vd_y]
  3853 0000298B 83C612                      add     esi, ICO_H + 2
  3854 0000298E 893D[C46D0000]              mov     [vd_x], edi
  3855 00002994 8935[C86D0000]              mov     [vd_y], esi
  3856 0000299A A3[D76D0000]                mov     [vd_str], eax
  3857 0000299F C605[D56D0000]01            mov     byte [vd_col], PW
  3858 000029A6 50                          push    eax
  3859 000029A7 B05A                        mov     al, 'Z'
  3860 000029A9 E6E9                        out     0xE9, al
  3861 000029AB 58                          pop     eax
  3862 000029AC E841DBFFFF                  call    gdi_text
  3863                                  .fs_di_d:
  3864 000029B1 5E                          pop     esi
  3865 000029B2 5F                          pop     edi
  3866 000029B3 5A                          pop     edx
  3867 000029B4 59                          pop     ecx
  3868 000029B5 5B                          pop     ebx
  3869 000029B6 58                          pop     eax
  3870 000029B7 C3                          ret
  3871                                  
  3872                                  ; ============================================================================
  3873                                  ; draw_icons_fs — draw all desktop icons from file table
  3874                                  ; ============================================================================
  3875                                  draw_icons_fs:
  3876 000029B8 50                          push    eax
  3877 000029B9 53                          push    ebx
  3878 000029BA 51                          push    ecx
  3879 000029BB 52                          push    edx
  3880 000029BC 57                          push    edi
  3881 000029BD 56                          push    esi
  3882 000029BE 50                          push    eax
  3883 000029BF B049                        mov     al, 'I'
  3884 000029C1 E6E9                        out     0xE9, al
  3885 000029C3 58                          pop     eax
  3886 000029C4 B900000000                  mov     ecx, 0
  3887 000029C9 BF[C8B60000]                mov     edi, file_table
  3888 000029CE BB10000000                  mov     ebx, FS_MAXF
  3889                                  .di_scan:
  3890 000029D3 83FB00                      cmp     ebx, 0
  3891 000029D6 0F8483000000                je      .di_done
  3892 000029DC 50                          push    eax
  3893 000029DD B069                        mov     al, 'i'
  3894 000029DF E6E9                        out     0xE9, al
  3895 000029E1 58                          pop     eax
  3896 000029E2 F6471501                    test    byte [edi+21], FS_FLG_DELETED
  3897 000029E6 755B                        jnz     .di_next
  3898 000029E8 83F905                      cmp     ecx, 5
  3899 000029EB 7D56                        jge     .di_next
  3900 000029ED 89C8                        mov     eax, ecx
  3901 000029EF 83F803                      cmp     eax, 3
  3902 000029F2 7C08                        jl      .di_col0
  3903 000029F4 83E803                      sub     eax, 3
  3904 000029F7 53                          push    ebx             ; save loop counter before bl clobber
  3905 000029F8 B301                        mov     bl, 1
  3906 000029FA EB03                        jmp     .di_pos
  3907                                  .di_col0:
  3908 000029FC 53                          push    ebx             ; save loop counter before bl clobber
  3909 000029FD B300                        mov     bl, 0
  3910                                  .di_pos:
  3911 000029FF 50                          push    eax
  3912 00002A00 53                          push    ebx             ; save column flag
  3913 00002A01 89C2                        mov     edx, eax
  3914 00002A03 6BD23C                      imul    edx, 60
  3915 00002A06 83C20A                      add     edx, ICONY1
  3916 00002A09 8915[C86D0000]              mov     [vd_y], edx
  3917 00002A0F B80C000000                  mov     eax, ICONX1
  3918 00002A14 F6C301                      test    bl, 1
  3919 00002A17 7403                        jz      .di_xok
  3920 00002A19 83C064                      add     eax, 100
  3921                                  .di_xok:
  3922 00002A1C A3[C46D0000]                mov     [vd_x], eax
  3923 00002A21 5B                          pop     ebx             ; restore column flag
  3924 00002A22 58                          pop     eax
  3925 00002A23 5B                          pop     ebx             ; restore loop counter (was pushed before bl clobber)
  3926                                      ; Save loop counter EBX before overwriting BL with file index
  3927 00002A24 53                          push    ebx
  3928 00002A25 89F8                        mov     eax, edi
  3929 00002A27 2D[C8B60000]                sub     eax, file_table
  3930 00002A2C B920000000                  mov     ecx, FS_SZ
  3931 00002A31 31D2                        xor     edx, edx
  3932 00002A33 F7F1                        div     ecx
  3933 00002A35 88C3                        mov     bl, al              ; bl = file index for fs_draw_icon
  3934 00002A37 E87AFEFFFF                  call    fs_draw_icon
  3935 00002A3C 5B                          pop     ebx                 ; restore loop counter
  3936 00002A3D 50                          push    eax
  3937 00002A3E B056                        mov     al, 'V'
  3938 00002A40 E6E9                        out     0xE9, al
  3939 00002A42 58                          pop     eax
  3940                                  .di_next:
  3941 00002A43 50                          push    eax
  3942 00002A44 B031                        mov     al, '1'
  3943 00002A46 E6E9                        out     0xE9, al
  3944 00002A48 58                          pop     eax
  3945 00002A49 83C720                      add     edi, FS_SZ
  3946 00002A4C 50                          push    eax
  3947 00002A4D B032                        mov     al, '2'
  3948 00002A4F E6E9                        out     0xE9, al
  3949 00002A51 58                          pop     eax
  3950 00002A52 4B                          dec     ebx
  3951 00002A53 50                          push    eax
  3952 00002A54 B033                        mov     al, '3'
  3953 00002A56 E6E9                        out     0xE9, al
  3954 00002A58 58                          pop     eax
  3955 00002A59 41                          inc     ecx
  3956 00002A5A E974FFFFFF                  jmp     .di_scan
  3957                                  .di_done:
  3958 00002A5F 50                          push    eax
  3959 00002A60 B044                        mov     al, 'D'
  3960 00002A62 E6E9                        out     0xE9, al
  3961 00002A64 58                          pop     eax
  3962 00002A65 50                          push    eax
  3963 00002A66 B04F                        mov     al, 'O'
  3964 00002A68 E6E9                        out     0xE9, al
  3965 00002A6A 58                          pop     eax
  3966 00002A6B 50                          push    eax
  3967 00002A6C B04E                        mov     al, 'N'
  3968 00002A6E E6E9                        out     0xE9, al
  3969 00002A70 58                          pop     eax
  3970 00002A71 5E                          pop    esi
  3971 00002A72 5F                          pop     edi
  3972 00002A73 5A                          pop     edx
  3973 00002A74 59                          pop     ecx
  3974 00002A75 5B                          pop     ebx
  3975 00002A76 58                          pop     eax
  3976 00002A77 C3                          ret
  3977                                  
  3978                                  ; ============================================================================
  3979                                  ; notepad_key — handle Notepad input
  3980                                  ; ============================================================================
  3981                                  notepad_key:
  3982 00002A78 50                          push    eax
  3983 00002A79 53                          push    ebx
  3984 00002A7A 51                          push    ecx
  3985 00002A7B 52                          push    edx
  3986 00002A7C 57                          push    edi
  3987 00002A7D 55                          push    ebp
  3988 00002A7E 53                          push    ebx
  3989 00002A7F A0[91710000]                mov     al, [kbd_ascii]
  3990 00002A84 88C3                        mov     bl, al              ; save ascii in bl
  3991 00002A86 3C0D                        cmp     al, 13
  3992 00002A88 7432                        je      .nk_nl
  3993 00002A8A 3C08                        cmp     al, 8
  3994 00002A8C 745E                        je      .nk_bs
  3995 00002A8E 3C09                        cmp     al, 9
  3996 00002A90 7474                        je      .nk_d
  3997 00002A92 66A1[9D710000]              mov     ax, [note_len]
  3998 00002A98 663DFF07                    cmp     ax, 2047
  3999 00002A9C 7D68                        jge     .nk_d
  4000 00002A9E BF[C8B40000]                mov     edi, note_text
  4001 00002AA3 0FB7C8                      movzx   ecx, ax
  4002 00002AA6 01CF                        add     edi, ecx
  4003 00002AA8 881F                        mov     [edi], bl
  4004 00002AAA 6640                        inc     ax
  4005 00002AAC 66A3[9D710000]              mov     [note_len], ax
  4006 00002AB2 C605[9C710000]01            mov     byte [note_dirty], 1
  4007 00002AB9 5B                          pop     ebx
  4008 00002ABA EB4A                        jmp     .nk_d
  4009                                  .nk_nl:
  4010 00002ABC 66A1[9D710000]              mov     ax, [note_len]
  4011 00002AC2 663DFE07                    cmp     ax, 2046
  4012 00002AC6 7D3E                        jge     .nk_d
  4013 00002AC8 BF[C8B40000]                mov     edi, note_text
  4014 00002ACD 0FB7C8                      movzx   ecx, ax
  4015 00002AD0 01CF                        add     edi, ecx
  4016 00002AD2 C6070D                      mov     byte [edi], 13
  4017 00002AD5 47                          inc     edi
  4018 00002AD6 C6070A                      mov     byte [edi], 10
  4019 00002AD9 6683C002                    add     ax, 2
  4020 00002ADD 66A3[9D710000]              mov     [note_len], ax
  4021 00002AE3 FE05[9C710000]              inc     byte [note_dirty]
  4022 00002AE9 5B                          pop     ebx
  4023 00002AEA EB1A                        jmp     .nk_d
  4024                                  .nk_bs:
  4025 00002AEC 66A1[9D710000]              mov     ax, [note_len]
  4026 00002AF2 6685C0                      test    ax, ax
  4027 00002AF5 740F                        jz      .nk_d
  4028 00002AF7 6648                        dec     ax
  4029 00002AF9 66A3[9D710000]              mov     [note_len], ax
  4030 00002AFF C605[9C710000]01            mov     byte [note_dirty], 1
  4031                                  .nk_d:
  4032 00002B06 5D                          pop     ebp
  4033 00002B07 5F                          pop     edi
  4034 00002B08 5A                          pop     edx
  4035 00002B09 59                          pop     ecx
  4036 00002B0A 5B                          pop     ebx
  4037 00002B0B 58                          pop     eax
  4038 00002B0C C3                          ret
  4039                                  
  4040                                  ; ============================================================================
  4041                                  ; note_draw — draw Notepad content
  4042                                  ; ============================================================================
  4043                                  note_draw:
  4044 00002B0D 57                          push    edi
  4045 00002B0E 56                          push    esi
  4046 00002B0F 50                          push    eax
  4047 00002B10 53                          push    ebx
  4048 00002B11 51                          push    ecx
  4049 00002B12 52                          push    edx
  4050 00002B13 F605[9C710000]01            test    byte [note_dirty], 1
  4051 00002B1A 0F8446010000                jz      .nd_d2
  4052 00002B20 8B07                        mov     eax, [edi]
  4053 00002B22 83C002                      add     eax, 2
  4054 00002B25 A3[C46D0000]                mov     [vd_x], eax
  4055 00002B2A 8B4704                      mov     eax, [edi+4]
  4056 00002B2D 83C014                      add     eax, TH + 2
  4057 00002B30 A3[C86D0000]                mov     [vd_y], eax
  4058 00002B35 C705[CC6D0000]B000-         mov     dword [vd_w], 176
  4058 00002B3D 0000               
  4059 00002B3F C705[D06D0000]5800-         mov     dword [vd_h], 88
  4059 00002B47 0000               
  4060 00002B49 C605[D56D0000]0F            mov     byte [vd_col], 15
  4061 00002B50 E823D8FFFF                  call    gdi_rect
  4062 00002B55 31C0                        xor     eax, eax
  4063 00002B57 A2[9C710000]                mov     [note_dirty], al
  4064 00002B5C 66A1[9D710000]              mov     ax, [note_len]
  4065 00002B62 6685C0                      test    ax, ax
  4066 00002B65 0F8498000000                jz      .nd_drawn
  4067 00002B6B 0FB7C8                      movzx   ecx, ax
  4068 00002B6E BE[C8B40000]                mov     esi, note_text
  4069 00002B73 8B2F                        mov     ebp, [edi]
  4070 00002B75 83C502                      add     ebp, 2
  4071 00002B78 8B5704                      mov     edx, [edi+4]
  4072 00002B7B 83C214                      add     edx, TH + 2
  4073 00002B7E 892D[C46D0000]              mov     [vd_x], ebp
  4074 00002B84 8915[C86D0000]              mov     [vd_y], edx
  4075 00002B8A 31ED                        xor     ebp, ebp
  4076 00002B8C 31D2                        xor     edx, edx
  4077                                  .nd_tl:
  4078 00002B8E 83F900                      cmp     ecx, 0
  4079 00002B91 7470                        je      .nd_drawn
  4080 00002B93 AC                          lodsb
  4081 00002B94 3C0D                        cmp     al, 13
  4082 00002B96 7450                        je      .nd_nl
  4083 00002B98 3C0A                        cmp     al, 10
  4084 00002B9A 744C                        je      .nd_nl
  4085 00002B9C 50                          push    eax
  4086 00002B9D 55                          push    ebp
  4087 00002B9E 52                          push    edx
  4088 00002B9F B8[C8B40000]                mov     eax, note_text
  4089 00002BA4 83E801                      sub     eax, 1
  4090 00002BA7 A3[D76D0000]                mov     [vd_str], eax
  4091 00002BAC C605[D56D0000]00            mov     byte [vd_col], 0
  4092 00002BB3 A1[C46D0000]                mov     eax, [vd_x]
  4093 00002BB8 89EB                        mov     ebx, ebp
  4094 00002BBA 6BDB08                      imul    ebx, 8
  4095 00002BBD 01D8                        add     eax, ebx
  4096 00002BBF A3[C46D0000]                mov     [vd_x], eax
  4097 00002BC4 A1[C86D0000]                mov     eax, [vd_y]
  4098 00002BC9 89D3                        mov     ebx, edx
  4099 00002BCB 6BDB08                      imul    ebx, 8
  4100 00002BCE 01D8                        add     eax, ebx
  4101 00002BD0 A3[C86D0000]                mov     [vd_y], eax
  4102 00002BD5 E8B9D8FFFF                  call    gdi_char
  4103 00002BDA 5A                          pop     edx
  4104 00002BDB 5D                          pop     ebp
  4105 00002BDC 58                          pop     eax
  4106 00002BDD 45                          inc     ebp
  4107 00002BDE 83FD16                      cmp     ebp, 22
  4108 00002BE1 7C02                        jl      .nd_wrap
  4109 00002BE3 EB03                        jmp     .nd_nl
  4110                                  .nd_wrap:
  4111 00002BE5 49                          dec     ecx
  4112 00002BE6 EBA6                        jmp     .nd_tl
  4113                                  .nd_nl:
  4114 00002BE8 31ED                        xor     ebp, ebp
  4115 00002BEA 42                          inc     edx
  4116 00002BEB 8B07                        mov     eax, [edi]
  4117 00002BED 83C002                      add     eax, 2
  4118 00002BF0 A3[C46D0000]                mov     [vd_x], eax
  4119 00002BF5 8B4704                      mov     eax, [edi+4]
  4120 00002BF8 83C014                      add     eax, TH + 2
  4121 00002BFB A3[C86D0000]                mov     [vd_y], eax
  4122 00002C00 49                          dec     ecx
  4123 00002C01 EB8B                        jmp     .nd_tl
  4124                                  .nd_drawn:
  4125 00002C03 833D[95710000]09            cmp     dword [kbd_focus], WN
  4126 00002C0A 755A                        jne     .nd_nocur
  4127 00002C0C F605[9F710000]01            test    byte [note_blink], 1
  4128 00002C13 7451                        jz      .nd_nocur
  4129 00002C15 A0[9A710000]                mov     al, [note_cur_col]
  4130 00002C1A 0FB6C0                      movzx   eax, al
  4131 00002C1D 6BC008                      imul    eax, 8
  4132 00002C20 8B17                        mov     edx, [edi]
  4133 00002C22 83C202                      add     edx, 2
  4134 00002C25 01C2                        add     edx, eax
  4135 00002C27 8915[C46D0000]              mov     [vd_x], edx
  4136 00002C2D A0[9B710000]                mov     al, [note_cur_row]
  4137 00002C32 0FB6C0                      movzx   eax, al
  4138 00002C35 6BC008                      imul    eax, 8
  4139 00002C38 8B5704                      mov     edx, [edi+4]
  4140 00002C3B 83C214                      add     edx, TH + 2
  4141 00002C3E 01C2                        add     edx, eax
  4142 00002C40 8915[C86D0000]              mov     [vd_y], edx
  4143 00002C46 C705[CC6D0000]0600-         mov     dword [vd_w], 6
  4143 00002C4E 0000               
  4144 00002C50 C705[D06D0000]0800-         mov     dword [vd_h], 8
  4144 00002C58 0000               
  4145 00002C5A C605[D56D0000]00            mov     byte [vd_col], 0
  4146 00002C61 E812D7FFFF                  call    gdi_rect
  4147                                  .nd_nocur:
  4148                                  .nd_d2:
  4149 00002C66 5A                          pop     edx
  4150 00002C67 59                          pop     ecx
  4151 00002C68 5B                          pop     ebx
  4152 00002C69 58                          pop     eax
  4153 00002C6A 5E                          pop     esi
  4154 00002C6B 5F                          pop     edi
  4155 00002C6C C3                          ret
  4156                                  
  4157                                  ; ============================================================================
  4158                                  ; net_broadcast — detect QEMU network
  4159                                  ; ============================================================================
  4160                                  net_broadcast:
  4161 00002C6D 50                          push    eax
  4162 00002C6E 53                          push    ebx
  4163 00002C6F 51                          push    ecx
  4164 00002C70 52                          push    edx
  4165 00002C71 57                          push    edi
  4166                                      ; Check for PCI Ethernet (Intel 100E 82557) at 0xCF8/0xCFC
  4167 00002C72 66BAF80C                    mov     dx, 0xCF8
  4168 00002C76 B800000080                  mov     eax, 0x80000000
  4169 00002C7B EF                          out     dx, eax
  4170 00002C7C 6683C204                    add     dx, 4
  4171 00002C80 ED                          in      eax, dx
  4172 00002C81 663D0E10                    cmp     ax, 0x100E
  4173 00002C85 7439                        je      .nb_eth
  4174                                      ; No PCI ethernet — check QEMU fw_cfg marker for SLIRP
  4175                                      ; If QEMU user networking, we get 10.0.2.x range
  4176                                      ; Record SLIRP host
  4177 00002C87 BF[C8B80000]                mov     edi, net_hosts
  4178 00002C8C C707534C4900                mov     dword [edi+0], 'SLI'
  4179 00002C92 C7470452502000              mov     dword [edi+4], 'RP '
  4180 00002C99 C7470847756100              mov     dword [edi+8], 'Gua'
  4181 00002CA0 C7470C74656400              mov     dword [edi+12], 'ted'
  4182 00002CA7 C6471004                    mov     byte [edi+16], FS_TYPE_NETWORK
  4183 00002CAB C747140102020A              mov     dword [edi+20], 0x0A020201  ; 10.0.2.1
  4184 00002CB2 66A1[54710000]              mov     ax, [vtd_t]
  4185 00002CB8 66A3[A7710000]              mov     [net_tick], ax
  4186 00002CBE EB30                        jmp     .nb_d
  4187                                  .nb_eth:
  4188                                      ; Ethernet NIC found — record it
  4189 00002CC0 BF[C8B80000]                mov     edi, net_hosts
  4190 00002CC5 C70745746800                mov     dword [edi+0], 'Eth'
  4191 00002CCB C7470465722000              mov     dword [edi+4], 'er '
  4192 00002CD2 C747084E694300              mov     dword [edi+8], 'NiC'
  4193 00002CD9 C6471004                    mov     byte [edi+16], FS_TYPE_NETWORK
  4194 00002CDD C747140102020A              mov     dword [edi+20], 0x0A020201
  4195 00002CE4 66A1[54710000]              mov     ax, [vtd_t]
  4196 00002CEA 66A3[A7710000]              mov     [net_tick], ax
  4197                                  .nb_d:
  4198 00002CF0 5F                          pop     edi
  4199 00002CF1 5A                          pop     edx
  4200 00002CF2 59                          pop     ecx
  4201 00002CF3 5B                          pop     ebx
  4202 00002CF4 58                          pop     eax
  4203 00002CF5 C3                          ret
  4204                                  
  4205                                  ; ============================================================================
  4206                                  ; net_draw — draw Network Neighbors content
  4207                                  ; ============================================================================
  4208                                  net_draw:
  4209 00002CF6 57                          push    edi
  4210 00002CF7 56                          push    esi
  4211 00002CF8 50                          push    eax
  4212 00002CF9 53                          push    ebx
  4213 00002CFA 51                          push    ecx
  4214 00002CFB 52                          push    edx
  4215 00002CFC 55                          push    ebp
  4216 00002CFD 8B07                        mov     eax, [edi]
  4217 00002CFF 83C002                      add     eax, 2
  4218 00002D02 A3[C46D0000]                mov     [vd_x], eax
  4219 00002D07 8B4704                      mov     eax, [edi+4]
  4220 00002D0A 83C014                      add     eax, TH + 2
  4221 00002D0D A3[C86D0000]                mov     [vd_y], eax
  4222 00002D12 C705[CC6D0000]F000-         mov     dword [vd_w], 240
  4222 00002D1A 0000               
  4223 00002D1C C705[D06D0000]6000-         mov     dword [vd_h], 96
  4223 00002D24 0000               
  4224 00002D26 C605[D56D0000]0F            mov     byte [vd_col], 15
  4225 00002D2D E846D6FFFF                  call    gdi_rect
  4226 00002D32 8B07                        mov     eax, [edi]
  4227 00002D34 83C004                      add     eax, 4
  4228 00002D37 A3[C46D0000]                mov     [vd_x], eax
  4229 00002D3C 8B4704                      mov     eax, [edi+4]
  4230 00002D3F 83C016                      add     eax, TH + 4
  4231 00002D42 A3[C86D0000]                mov     [vd_y], eax
  4232 00002D47 BE[D5050200]                mov     esi, net_hdr_t
  4233 00002D4C 8935[D76D0000]              mov     [vd_str], esi
  4234 00002D52 C605[D56D0000]00            mov     byte [vd_col], 0
  4235 00002D59 E894D7FFFF                  call    gdi_text
  4236 00002D5E BD[C8B80000]                mov     ebp, net_hosts
  4237 00002D63 B908000000                  mov     ecx, NET_MAXH
  4238                                  .nd_hl:
  4239 00002D68 83F900                      cmp     ecx, 0
  4240 00002D6B 7426                        je      .nd_hd
  4241 00002D6D F6450000                    test    byte [ebp], 0
  4242 00002D71 741A                        jz      .nd_hn
  4243 00002D73 A1[C86D0000]                mov     eax, [vd_y]
  4244 00002D78 83C00A                      add     eax, 10
  4245 00002D7B A3[C86D0000]                mov     [vd_y], eax
  4246 00002D80 89EE                        mov     esi, ebp
  4247 00002D82 8935[D76D0000]              mov     [vd_str], esi
  4248 00002D88 E865D7FFFF                  call    gdi_text
  4249                                  .nd_hn:
  4250 00002D8D 83C520                      add     ebp, NET_SZ
  4251 00002D90 49                          dec     ecx
  4252 00002D91 EBD5                        jmp     .nd_hl
  4253                                  .nd_hd:
  4254 00002D93 5D                          pop     ebp
  4255 00002D94 5A                          pop     edx
  4256 00002D95 59                          pop     ecx
  4257 00002D96 5B                          pop     ebx
  4258 00002D97 58                          pop     eax
  4259 00002D98 5E                          pop     esi
  4260 00002D99 5F                          pop     edi
  4261 00002D9A C3                          ret
  4262                                  
  4263                                  ; ============================================================================
  4264                                  ; rtl8139_wr — write 8-bit register to RTL8139 via I/O port
  4265                                  ;   IN:  al = register offset, ah = value
  4266                                  ; ============================================================================
  4267                                  rtl8139_wr:
  4268 00002D9B 6652                        push    dx
  4269 00002D9D 6650                        push    ax
  4270 00002D9F 668B15[D6B10000]            mov     dx, word [nic_base]
  4271 00002DA6 660FB6C8                    movzx   cx, al             ; cx = offset (al), ah preserved as value
  4272 00002DAA 6601CA                      add     dx, cx
  4273 00002DAD 88E0                        mov     al, ah
  4274 00002DAF EE                          out     dx, al
  4275 00002DB0 6658                        pop     ax
  4276 00002DB2 665A                        pop     dx
  4277 00002DB4 C3                          ret
  4278                                  
  4279                                  ; ============================================================================
  4280                                  ; rtl8139_rd — read 8-bit register from RTL8139 via I/O port
  4281                                  ;   IN:  al = register offset
  4282                                  ;   OUT: al = value
  4283                                  ; ============================================================================
  4284                                  rtl8139_rd:
  4285 00002DB5 6652                        push    dx
  4286 00002DB7 6651                        push    cx
  4287 00002DB9 668B15[D6B10000]            mov     dx, word [nic_base]
  4288 00002DC0 660FB6C8                    movzx   cx, al             ; cx = offset (al) only, ignore ah garbage
  4289 00002DC4 6601CA                      add     dx, cx
  4290 00002DC7 EC                          in      al, dx
  4291 00002DC8 6659                        pop     cx
  4292 00002DCA 665A                        pop     dx
  4293 00002DCC C3                          ret
  4294                                  
  4295                                  ; ============================================================================
  4296                                  ; rtl8139_wr_w — write 16-bit register (RxLength) to RTL8139
  4297                                  ;   IN:  al = register offset (low byte), ax = value
  4298                                  ; ============================================================================
  4299                                  rtl8139_wr_w:
  4300                                      ; IN:  al = register offset, bx = 16-bit value
  4301 00002DCD 6652                        push    dx
  4302 00002DCF 6650                        push    ax
  4303 00002DD1 6653                        push    bx
  4304 00002DD3 6651                        push    cx
  4305 00002DD5 668B15[D6B10000]            mov     dx, word [nic_base]
  4306 00002DDC 660FB6C8                    movzx   cx, al          ; cx = offset (al) only
  4307 00002DE0 6601CA                      add     dx, cx
  4308 00002DE3 6689D8                      mov     ax, bx          ; ax = 16-bit value
  4309 00002DE6 66EF                        out     dx, ax          ; single 16-bit I/O write
  4310 00002DE8 6659                        pop     cx
  4311 00002DEA 665B                        pop     bx
  4312 00002DEC 6658                        pop     ax
  4313 00002DEE 665A                        pop     dx
  4314 00002DF0 C3                          ret
  4315                                  
  4316                                  ; ============================================================================
  4317                                  ; rtl8139_rd_w — read 16-bit register (RxLength) from RTL8139
  4318                                  ;   IN:  al = register offset
  4319                                  ;   OUT: ax = value
  4320                                  ; ============================================================================
  4321                                  rtl8139_rd_w:
  4322 00002DF1 6652                        push    dx
  4323 00002DF3 6651                        push    cx
  4324 00002DF5 660FB6C8                    movzx   cx, al          ; cx = offset (al) only, ignore ah garbage
  4325 00002DF9 668B15[D6B10000]            mov     dx, word [nic_base]
  4326 00002E00 6601CA                      add     dx, cx
  4327 00002E03 66ED                        in      ax, dx          ; single 16-bit I/O read
  4328 00002E05 6659                        pop     cx
  4329 00002E07 665A                        pop     dx
  4330 00002E09 C3                          ret
  4331                                  
  4332                                  ; ============================================================================
  4333                                  ; rtl8139_wr_d — write 32-bit dword register to RTL8139
  4334                                  ;   IN:  al = register offset, ebx = 32-bit value
  4335                                  ; Uses native 32-bit I/O instruction for correctness and speed.
  4336                                  ; ============================================================================
  4337                                  rtl8139_wr_d:
  4338 00002E0A 6652                        push    dx
  4339 00002E0C 50                          push    eax
  4340 00002E0D 53                          push    ebx
  4341 00002E0E 668B15[D6B10000]            mov     dx, word [nic_base]
  4342 00002E15 B400                        mov     ah, 0
  4343 00002E17 6601C2                      add     dx, ax          ; dx = nic_base + register offset
  4344 00002E1A 89D8                        mov     eax, ebx        ; eax = 32-bit value
  4345 00002E1C EF                          out     dx, eax         ; write 4 bytes (1 x 32-bit I/O cycle)
  4346 00002E1D 5B                          pop     ebx
  4347 00002E1E 58                          pop     eax
  4348 00002E1F 665A                        pop     dx
  4349 00002E21 C3                          ret
  4350                                  
  4351                                  ; ============================================================================
  4352                                  ; rtl8139_rd_d — read 32-bit dword register from RTL8139
  4353                                  ;   IN:  al = register offset
  4354                                  ;   OUT: ebx = 32-bit value
  4355                                  ; Uses native 32-bit I/O instruction for correctness and speed.
  4356                                  ; ============================================================================
  4357                                  rtl8139_rd_d:
  4358 00002E22 6652                        push    dx
  4359 00002E24 50                          push    eax
  4360 00002E25 668B15[D6B10000]            mov     dx, word [nic_base]
  4361 00002E2C B400                        mov     ah, 0
  4362 00002E2E 6601C2                      add     dx, ax          ; dx = nic_base + register offset
  4363 00002E31 31C0                        xor     eax, eax
  4364 00002E33 ED                          in      eax, dx         ; read 4 bytes (1 x 32-bit I/O cycle)
  4365 00002E34 89C3                        mov     ebx, eax
  4366 00002E36 58                          pop     eax
  4367 00002E37 665A                        pop     dx
  4368 00002E39 C3                          ret
  4369                                  
  4370                                  ; ============================================================================
  4371                                  ; net_init — probe for Realtek RTL8139 NIC via PCI config space
  4372                                  ; ============================================================================
  4373                                  net_init:
  4374 00002E3A 53                          push    ebx
  4375 00002E3B 51                          push    ecx
  4376 00002E3C 52                          push    edx
  4377 00002E3D 57                          push    edi
  4378 00002E3E C705[D6B10000]FFFF-         mov     dword [nic_base], -1
  4378 00002E46 FFFF               
  4379                                      dbg_puts "[A4X] net_init: scanning PCI for RTL8139 (10EC:8139)", 13, 10, 0
    21 00002E48 EB37                <1>  jmp %%skip
    22 00002E4A 5B4134585D206E6574- <1> %%str db %1
    22 00002E53 5F696E69743A207363- <1>
    22 00002E5C 616E6E696E67205043- <1>
    22 00002E65 4920666F722052544C- <1>
    22 00002E6E 383133392028313045- <1>
    22 00002E77 433A38313339290D0A- <1>
    22 00002E80 00                  <1>
    23                              <1> %%skip:
    24                              <1> %if __BITS__ == 32
    25 00002E81 56                  <1>  push esi
    26 00002E82 BE[4A2E0000]        <1>  mov esi, %%str
    27                              <1> %%.loop:
    28 00002E87 AC                  <1>  lodsb
    29 00002E88 08C0                <1>  or al, al
    30 00002E8A 7404                <1>  jz %%.done
    31 00002E8C E6E9                <1>  out 0xE9, al
    32 00002E8E EBF7                <1>  jmp %%.loop
    33                              <1> %%.done:
    34 00002E90 5E                  <1>  pop esi
    35                              <1> %else
    36                              <1>  push si
    37                              <1>  mov si, %%str
    38                              <1> %%.loop:
    39                              <1>  lodsb
    40                              <1>  or al, al
    41                              <1>  jz %%.done
    42                              <1>  out 0xE9, al
    43                              <1>  jmp %%.loop
    44                              <1> %%.done:
    45                              <1>  pop si
    46                              <1> %endif
  4380                                      ; PCI config space scan: iterate bus 0, device 0..31, function 0.
  4381                                      ; CONFIG_ADDRESS port = 0xCF8, CONFIG_DATA port = 0xCFC.
  4382                                      ; Address format: 0x80000000 | (bus<<16) | (device<<11) | (func<<8) | (reg & 0xFC)
  4383                                      ; RTL8139: vendor 0x10EC, device 0x8139 → dword at config reg 0 = 0x813910EC (LE in EAX).
  4384 00002E91 31DB                        xor     ebx, ebx            ; ebx = device index (0..31)
  4385                                  .np_scan:
  4386 00002E93 83FB20                      cmp     ebx, 32
  4387 00002E96 0F83FC000000                jae     .np_notfound
  4388                                      ; eax = 0x80000000 | (device<<11)  (bus=0, func=0, reg=0)
  4389 00002E9C 89D8                        mov     eax, ebx
  4390 00002E9E C1E00B                      shl     eax, 11
  4391 00002EA1 0D00000080                  or      eax, 0x80000000
  4392 00002EA6 66BAF80C                    mov     dx, 0xCF8
  4393 00002EAA EF                          out     dx, eax
  4394 00002EAB 66BAFC0C                    mov     dx, 0xCFC
  4395 00002EAF ED                          in      eax, dx
  4396                                      ; vendor:device = 10EC:8139 → EAX = 0x813910EC
  4397 00002EB0 3DEC103981                  cmp     eax, 0x813910EC
  4398 00002EB5 7403                        je      .np_found
  4399 00002EB7 43                          inc     ebx
  4400 00002EB8 EBD9                        jmp     .np_scan
  4401                                  .np_found:
  4402                                      ; Read BAR0 (config reg 0x10) to get I/O base.
  4403 00002EBA 89D8                        mov     eax, ebx
  4404 00002EBC C1E00B                      shl     eax, 11
  4405 00002EBF 0D00000080                  or      eax, 0x80000000
  4406 00002EC4 83C810                      or      eax, 0x10
  4407 00002EC7 66BAF80C                    mov     dx, 0xCF8
  4408 00002ECB EF                          out     dx, eax
  4409 00002ECC 66BAFC0C                    mov     dx, 0xCFC
  4410 00002ED0 ED                          in      eax, dx
  4411                                      ; BAR0 bit 0 = 1 means I/O space. Mask low 2 bits to get base.
  4412 00002ED1 A801                        test    al, 1
  4413 00002ED3 0F84BF000000                jz      .np_notfound        ; BAR0 is memory-mapped, not I/O
  4414 00002ED9 83E0FC                      and     eax, 0xFFFFFFFC
  4415 00002EDC 66A3[D6B10000]              mov     word [nic_base], ax
  4416 00002EE2 C605[DAB10000]01            mov     byte [nic_type], 1
  4417                                      dbg_puts "[A4X] RTL8139 found at I/O 0x", 0
    21 00002EE9 EB1E                <1>  jmp %%skip
    22 00002EEB 5B4134585D2052544C- <1> %%str db %1
    22 00002EF4 3831333920666F756E- <1>
    22 00002EFD 6420617420492F4F20- <1>
    22 00002F06 307800              <1>
    23                              <1> %%skip:
    24                              <1> %if __BITS__ == 32
    25 00002F09 56                  <1>  push esi
    26 00002F0A BE[EB2E0000]        <1>  mov esi, %%str
    27                              <1> %%.loop:
    28 00002F0F AC                  <1>  lodsb
    29 00002F10 08C0                <1>  or al, al
    30 00002F12 7404                <1>  jz %%.done
    31 00002F14 E6E9                <1>  out 0xE9, al
    32 00002F16 EBF7                <1>  jmp %%.loop
    33                              <1> %%.done:
    34 00002F18 5E                  <1>  pop esi
    35                              <1> %else
    36                              <1>  push si
    37                              <1>  mov si, %%str
    38                              <1> %%.loop:
    39                              <1>  lodsb
    40                              <1>  or al, al
    41                              <1>  jz %%.done
    42                              <1>  out 0xE9, al
    43                              <1>  jmp %%.loop
    44                              <1> %%.done:
    45                              <1>  pop si
    46                              <1> %endif
  4418 00002F19 0FB705[D6B10000]            movzx   eax, word [nic_base]
  4419                                      dbg_hex32
    84 00002F20 50                  <1>  push eax
    85 00002F21 51                  <1>  push ecx
    86 00002F22 B91C000000          <1>  mov ecx, 28
    87                              <1> %%loop:
    88 00002F27 50                  <1>  push eax
    89 00002F28 D3E8                <1>  shr eax, cl
    90 00002F2A 83E00F              <1>  and eax, 0x0F
    91 00002F2D 0430                <1>  add al, '0'
    92 00002F2F 3C39                <1>  cmp al, '9'
    93 00002F31 7602                <1>  jbe %%ok2
    94 00002F33 0407                <1>  add al, 7
    95                              <1> %%ok2:
    96 00002F35 E6E9                <1>  out 0xE9, al
    97 00002F37 58                  <1>  pop eax
    98 00002F38 83E904              <1>  sub ecx, 4
    99 00002F3B 79EA                <1>  jns %%loop
   100 00002F3D 59                  <1>  pop ecx
   101 00002F3E 58                  <1>  pop eax
  4420                                      dbg_nl
    51 00002F3F B00D                <1>  mov al, 13
    52 00002F41 E6E9                <1>  out 0xE9, al
    53 00002F43 B00A                <1>  mov al, 10
    54 00002F45 E6E9                <1>  out 0xE9, al
  4421                                      ; Enable PCI Bus Mastering (COMMAND reg 0x04, bit 2 = Bus Master)
  4422                                      ; Without this, pci_dma_read returns zeros on some QEMU builds.
  4423 00002F47 89D8                        mov     eax, ebx
  4424 00002F49 C1E00B                      shl     eax, 11
  4425 00002F4C 0D00000080                  or      eax, 0x80000000
  4426 00002F51 83C804                      or      eax, 0x04            ; config reg 0x04 (COMMAND)
  4427 00002F54 66BAF80C                    mov     dx, 0xCF8
  4428 00002F58 EF                          out     dx, eax              ; set CONFIG_ADDRESS
  4429 00002F59 66BAFC0C                    mov     dx, 0xCFC
  4430 00002F5D ED                          in      eax, dx             ; read 32-bit (STATUS:COMMAND)
  4431 00002F5E 83C804                      or      eax, 0x04           ; set Bus Master Enable bit
  4432 00002F61 EF                          out     dx, eax             ; write back (CONFIG_ADDRESS still set)
  4433                                      dbg_puts "[A4X] PCI Bus Mastering enabled", 13, 10, 0
    21 00002F62 EB22                <1>  jmp %%skip
    22 00002F64 5B4134585D20504349- <1> %%str db %1
    22 00002F6D 20427573204D617374- <1>
    22 00002F76 6572696E6720656E61- <1>
    22 00002F7F 626C65640D0A00      <1>
    23                              <1> %%skip:
    24                              <1> %if __BITS__ == 32
    25 00002F86 56                  <1>  push esi
    26 00002F87 BE[642F0000]        <1>  mov esi, %%str
    27                              <1> %%.loop:
    28 00002F8C AC                  <1>  lodsb
    29 00002F8D 08C0                <1>  or al, al
    30 00002F8F 7404                <1>  jz %%.done
    31 00002F91 E6E9                <1>  out 0xE9, al
    32 00002F93 EBF7                <1>  jmp %%.loop
    33                              <1> %%.done:
    34 00002F95 5E                  <1>  pop esi
    35                              <1> %else
    36                              <1>  push si
    37                              <1>  mov si, %%str
    38                              <1> %%.loop:
    39                              <1>  lodsb
    40                              <1>  or al, al
    41                              <1>  jz %%.done
    42                              <1>  out 0xE9, al
    43                              <1>  jmp %%.loop
    44                              <1> %%.done:
    45                              <1>  pop si
    46                              <1> %endif
  4434 00002F96 EB3E                        jmp     .net_iInit
  4435                                  .np_notfound:
  4436                                      dbg_puts "[A4X] net_init: no RTL8139 NIC found", 13, 10, 0
    21 00002F98 EB27                <1>  jmp %%skip
    22 00002F9A 5B4134585D206E6574- <1> %%str db %1
    22 00002FA3 5F696E69743A206E6F- <1>
    22 00002FAC 2052544C3831333920- <1>
    22 00002FB5 4E494320666F756E64- <1>
    22 00002FBE 0D0A00              <1>
    23                              <1> %%skip:
    24                              <1> %if __BITS__ == 32
    25 00002FC1 56                  <1>  push esi
    26 00002FC2 BE[9A2F0000]        <1>  mov esi, %%str
    27                              <1> %%.loop:
    28 00002FC7 AC                  <1>  lodsb
    29 00002FC8 08C0                <1>  or al, al
    30 00002FCA 7404                <1>  jz %%.done
    31 00002FCC E6E9                <1>  out 0xE9, al
    32 00002FCE EBF7                <1>  jmp %%.loop
    33                              <1> %%.done:
    34 00002FD0 5E                  <1>  pop esi
    35                              <1> %else
    36                              <1>  push si
    37                              <1>  mov si, %%str
    38                              <1> %%.loop:
    39                              <1>  lodsb
    40                              <1>  or al, al
    41                              <1>  jz %%.done
    42                              <1>  out 0xE9, al
    43                              <1>  jmp %%.loop
    44                              <1> %%.done:
    45                              <1>  pop si
    46                              <1> %endif
  4437 00002FD1 E90B060000                  jmp     .net_ret
  4438                                  .net_iInit:
  4439                                      ; --- RTL8139 initialization sequence (CORRECTED register map per QEMU RTL8139C) ---
  4440                                      ; 1. Disable interrupts: IMR = 0 at 0x3C (word, write both bytes)
  4441 00002FD6 B03C                        mov     al, 0x3C
  4442 00002FD8 B400                        mov     ah, 0
  4443 00002FDA E8BCFDFFFF                  call    rtl8139_wr
  4444 00002FDF B03D                        mov     al, 0x3D
  4445 00002FE1 B400                        mov     ah, 0
  4446 00002FE3 E8B3FDFFFF                  call    rtl8139_wr
  4447                                      ; 2. Software reset via CR.RESET bit (0x37 bit 4 = 0x10)
  4448                                      ;    Write 0x10 to CR to trigger reset, then POLL until RST self-clears.
  4449                                      ;    This is required per RTL8139 spec — subsequent register writes fail
  4450                                      ;    if RST is still asserted (which caused TE bit to be ignored earlier).
  4451 00002FE8 B037                        mov     al, 0x37
  4452 00002FEA B410                        mov     ah, 0x10
  4453 00002FEC E8AAFDFFFF                  call    rtl8139_wr
  4454 00002FF1 B980380100                  mov     ecx, 80000
  4455                                  .rst_wait:
  4456 00002FF6 B037                        mov     al, 0x37
  4457 00002FF8 E8B8FDFFFF                  call    rtl8139_rd
  4458 00002FFD A810                        test    al, 0x10            ; RST (bit 4) still asserted?
  4459 00002FFF 7403                        jz      .rst_done           ; RST cleared → proceed
  4460 00003001 49                          dec     ecx
  4461 00003002 75F2                        jnz     .rst_wait
  4462                                  .rst_done:
  4463 00003004 B9C8000000                  mov     ecx, 200            ; small settle delay after RST clear
  4464                                  .rst_settle:
  4465 00003009 49                          dec     ecx
  4466 0000300A 75FD                        jnz     .rst_settle
  4467                                      ; 3. Explicitly disable C+ mode: write 0 to CpCmd (0xE0-0xE1, 16-bit)
  4468                                      ;    Ensures standard-mode TX uses TxAddr[0] as buffer address (not descriptor ring).
  4469                                      ;    Use TWO 8-bit writes to work around QEMU 16-bit I/O decode bug on some builds.
  4470 0000300C B0E0                        mov     al, 0xE0
  4471 0000300E B400                        mov     ah, 0
  4472 00003010 E886FDFFFF                  call    rtl8139_wr
  4473 00003015 B0E1                        mov     al, 0xE1
  4474 00003017 B400                        mov     ah, 0
  4475 00003019 E87DFDFFFF                  call    rtl8139_wr
  4476                                      dbg_puts "[A4X] C+ mode disabled (standard TX mode)", 13, 10, 0
    21 0000301E EB2C                <1>  jmp %%skip
    22 00003020 5B4134585D20432B20- <1> %%str db %1
    22 00003029 6D6F64652064697361- <1>
    22 00003032 626C65642028737461- <1>
    22 0000303B 6E6461726420545820- <1>
    22 00003044 6D6F6465290D0A00    <1>
    23                              <1> %%skip:
    24                              <1> %if __BITS__ == 32
    25 0000304C 56                  <1>  push esi
    26 0000304D BE[20300000]        <1>  mov esi, %%str
    27                              <1> %%.loop:
    28 00003052 AC                  <1>  lodsb
    29 00003053 08C0                <1>  or al, al
    30 00003055 7404                <1>  jz %%.done
    31 00003057 E6E9                <1>  out 0xE9, al
    32 00003059 EBF7                <1>  jmp %%.loop
    33                              <1> %%.done:
    34 0000305B 5E                  <1>  pop esi
    35                              <1> %else
    36                              <1>  push si
    37                              <1>  mov si, %%str
    38                              <1> %%.loop:
    39                              <1>  lodsb
    40                              <1>  or al, al
    41                              <1>  jz %%.done
    42                              <1>  out 0xE9, al
    43                              <1>  jmp %%.loop
    44                              <1> %%.done:
    45                              <1>  pop si
    46                              <1> %endif
  4477                                      ; 4. Write MAC address (0x00-0x05) - this part was already correct
  4478 0000305C A1[E4000100]                mov     eax, [eth_myt_mac]
  4479 00003061 A3[DDB10000]                mov     [nic_mac_lo], eax
  4480 00003066 66A1[E8000100]              mov     ax, [eth_myt_mac+4]
  4481 0000306C 66A3[E1B10000]              mov     [nic_mac_hi], ax
  4482                                      ; If MAC is zero, use default
  4483 00003072 A1[DDB10000]                mov     eax, [nic_mac_lo]
  4484 00003077 85C0                        test    eax, eax
  4485 00003079 751F                        jnz     .rtl_mac_ok
  4486 0000307B 66A1[E1B10000]              mov     ax, [nic_mac_hi]
  4487 00003081 6685C0                      test    ax, ax
  4488 00003084 7514                        jnz     .rtl_mac_ok
  4489                                      ; Set default MAC: 52:54:00:12:34:56 (LE dword=0x12005452, LE word=0x5634)
  4490 00003086 B852540012                  mov     eax, 0x12005452
  4491 0000308B A3[DDB10000]                mov     [nic_mac_lo], eax
  4492 00003090 66B83456                    mov     ax, 0x5634
  4493 00003094 66A3[E1B10000]              mov     [nic_mac_hi], ax
  4494                                  .rtl_mac_ok:
  4495                                      ; Unlock Cfg9346 (offset 0x50) to allow writes to MAC, RCR, TCR config registers.
  4496                                      ;   Cfg9346 = 0xC0 → Unlock (EEM=Programming Enable)
  4497                                      ;   Cfg9346 = 0x00 → Lock   (EEM=Normal, config locked)
  4498                                      ; QEMU's RTL8139 model may use internal state that only updates on lock transition.
  4499 0000309A B050                        mov     al, 0x50
  4500 0000309C B4C0                        mov     ah, 0xC0
  4501 0000309E E8F8FCFFFF                  call    rtl8139_wr
  4502                                      ; Write MAC to NIC registers via 32-bit write to IDR0 (0x00) + 16-bit write to IDR4 (0x04).
  4503                                      ;   IDR0-3 (0x00-0x03) is a 32-bit register containing MAC bytes 0-3 (LE: byte0 at LSB).
  4504                                      ;   IDR4-5 (0x04-0x05) is a 16-bit register containing MAC bytes 4-5 (LE: byte4 at LSB).
  4505                                      ;   Single 8-bit writes don't work reliably in QEMU's RTL8139 model for the MAC registers.
  4506 000030A3 53                          push    ebx
  4507 000030A4 50                          push    eax
  4508 000030A5 52                          push    edx
  4509 000030A6 8B1D[DDB10000]              mov     ebx, [nic_mac_lo]   ; ebx = MAC bytes 0-3 (LE)
  4510 000030AC 668B15[D6B10000]            mov     dx, word [nic_base]
  4511 000030B3 6683C200                    add     dx, 0x00
  4512 000030B7 89D8                        mov     eax, ebx
  4513 000030B9 EF                          out     dx, eax              ; 32-bit write to IDR0
  4514 000030BA 668B15[D6B10000]            mov     dx, word [nic_base]
  4515 000030C1 6683C204                    add     dx, 0x04
  4516 000030C5 66A1[E1B10000]              mov     ax, [nic_mac_hi]
  4517 000030CB 66EF                        out     dx, ax               ; 16-bit write to IDR4
  4518                                      ; Small settle delay
  4519 000030CD B964000000                  mov     ecx, 100
  4520                                  .mac_settle:
  4521 000030D2 49                          dec     ecx
  4522 000030D3 75FD                        jnz     .mac_settle
  4523                                      ; Read back MAC via 32-bit + 16-bit I/O for verification
  4524 000030D5 668B15[D6B10000]            mov     dx, word [nic_base]
  4525 000030DC 6683C200                    add     dx, 0x00
  4526 000030E0 31C0                        xor     eax, eax
  4527 000030E2 ED                          in      eax, dx
  4528 000030E3 50                          push    eax
  4529                                      dbg_puts "[A4X] MAC IDR0 readback=", 0
    21 000030E4 EB19                <1>  jmp %%skip
    22 000030E6 5B4134585D204D4143- <1> %%str db %1
    22 000030EF 204944523020726561- <1>
    22 000030F8 646261636B3D00      <1>
    23                              <1> %%skip:
    24                              <1> %if __BITS__ == 32
    25 000030FF 56                  <1>  push esi
    26 00003100 BE[E6300000]        <1>  mov esi, %%str
    27                              <1> %%.loop:
    28 00003105 AC                  <1>  lodsb
    29 00003106 08C0                <1>  or al, al
    30 00003108 7404                <1>  jz %%.done
    31 0000310A E6E9                <1>  out 0xE9, al
    32 0000310C EBF7                <1>  jmp %%.loop
    33                              <1> %%.done:
    34 0000310E 5E                  <1>  pop esi
    35                              <1> %else
    36                              <1>  push si
    37                              <1>  mov si, %%str
    38                              <1> %%.loop:
    39                              <1>  lodsb
    40                              <1>  or al, al
    41                              <1>  jz %%.done
    42                              <1>  out 0xE9, al
    43                              <1>  jmp %%.loop
    44                              <1> %%.done:
    45                              <1>  pop si
    46                              <1> %endif
  4530 0000310F 58                          pop     eax
  4531 00003110 E8FB040000                  call    dbg_print_eax_hex
  4532                                      dbg_puts " expected=", 0
    21 00003115 EB0B                <1>  jmp %%skip
    22 00003117 206578706563746564- <1> %%str db %1
    22 00003120 3D00                <1>
    23                              <1> %%skip:
    24                              <1> %if __BITS__ == 32
    25 00003122 56                  <1>  push esi
    26 00003123 BE[17310000]        <1>  mov esi, %%str
    27                              <1> %%.loop:
    28 00003128 AC                  <1>  lodsb
    29 00003129 08C0                <1>  or al, al
    30 0000312B 7404                <1>  jz %%.done
    31 0000312D E6E9                <1>  out 0xE9, al
    32 0000312F EBF7                <1>  jmp %%.loop
    33                              <1> %%.done:
    34 00003131 5E                  <1>  pop esi
    35                              <1> %else
    36                              <1>  push si
    37                              <1>  mov si, %%str
    38                              <1> %%.loop:
    39                              <1>  lodsb
    40                              <1>  or al, al
    41                              <1>  jz %%.done
    42                              <1>  out 0xE9, al
    43                              <1>  jmp %%.loop
    44                              <1> %%.done:
    45                              <1>  pop si
    46                              <1> %endif
  4533 00003132 A1[DDB10000]                mov     eax, [nic_mac_lo]
  4534 00003137 E8D4040000                  call    dbg_print_eax_hex
  4535                                      dbg_puts 13, 10, 0
    21 0000313C EB03                <1>  jmp %%skip
    22 0000313E 0D0A00              <1> %%str db %1
    23                              <1> %%skip:
    24                              <1> %if __BITS__ == 32
    25 00003141 56                  <1>  push esi
    26 00003142 BE[3E310000]        <1>  mov esi, %%str
    27                              <1> %%.loop:
    28 00003147 AC                  <1>  lodsb
    29 00003148 08C0                <1>  or al, al
    30 0000314A 7404                <1>  jz %%.done
    31 0000314C E6E9                <1>  out 0xE9, al
    32 0000314E EBF7                <1>  jmp %%.loop
    33                              <1> %%.done:
    34 00003150 5E                  <1>  pop esi
    35                              <1> %else
    36                              <1>  push si
    37                              <1>  mov si, %%str
    38                              <1> %%.loop:
    39                              <1>  lodsb
    40                              <1>  or al, al
    41                              <1>  jz %%.done
    42                              <1>  out 0xE9, al
    43                              <1>  jmp %%.loop
    44                              <1> %%.done:
    45                              <1>  pop si
    46                              <1> %endif
  4536 00003151 668B15[D6B10000]            mov     dx, word [nic_base]
  4537 00003158 6683C204                    add     dx, 0x04
  4538 0000315C 31C0                        xor     eax, eax
  4539 0000315E 66ED                        in      ax, dx
  4540 00003160 50                          push    eax
  4541                                      dbg_puts "[A4X] MAC IDR4 readback=", 0
    21 00003161 EB19                <1>  jmp %%skip
    22 00003163 5B4134585D204D4143- <1> %%str db %1
    22 0000316C 204944523420726561- <1>
    22 00003175 646261636B3D00      <1>
    23                              <1> %%skip:
    24                              <1> %if __BITS__ == 32
    25 0000317C 56                  <1>  push esi
    26 0000317D BE[63310000]        <1>  mov esi, %%str
    27                              <1> %%.loop:
    28 00003182 AC                  <1>  lodsb
    29 00003183 08C0                <1>  or al, al
    30 00003185 7404                <1>  jz %%.done
    31 00003187 E6E9                <1>  out 0xE9, al
    32 00003189 EBF7                <1>  jmp %%.loop
    33                              <1> %%.done:
    34 0000318B 5E                  <1>  pop esi
    35                              <1> %else
    36                              <1>  push si
    37                              <1>  mov si, %%str
    38                              <1> %%.loop:
    39                              <1>  lodsb
    40                              <1>  or al, al
    41                              <1>  jz %%.done
    42                              <1>  out 0xE9, al
    43                              <1>  jmp %%.loop
    44                              <1> %%.done:
    45                              <1>  pop si
    46                              <1> %endif
  4542 0000318C 58                          pop     eax
  4543 0000318D E87E040000                  call    dbg_print_eax_hex
  4544                                      dbg_puts " expected=", 0
    21 00003192 EB0B                <1>  jmp %%skip
    22 00003194 206578706563746564- <1> %%str db %1
    22 0000319D 3D00                <1>
    23                              <1> %%skip:
    24                              <1> %if __BITS__ == 32
    25 0000319F 56                  <1>  push esi
    26 000031A0 BE[94310000]        <1>  mov esi, %%str
    27                              <1> %%.loop:
    28 000031A5 AC                  <1>  lodsb
    29 000031A6 08C0                <1>  or al, al
    30 000031A8 7404                <1>  jz %%.done
    31 000031AA E6E9                <1>  out 0xE9, al
    32 000031AC EBF7                <1>  jmp %%.loop
    33                              <1> %%.done:
    34 000031AE 5E                  <1>  pop esi
    35                              <1> %else
    36                              <1>  push si
    37                              <1>  mov si, %%str
    38                              <1> %%.loop:
    39                              <1>  lodsb
    40                              <1>  or al, al
    41                              <1>  jz %%.done
    42                              <1>  out 0xE9, al
    43                              <1>  jmp %%.loop
    44                              <1> %%.done:
    45                              <1>  pop si
    46                              <1> %endif
  4545 000031AF 0FB705[E1B10000]            movzx   eax, word [nic_mac_hi]
  4546 000031B6 E855040000                  call    dbg_print_eax_hex
  4547                                      dbg_puts 13, 10, 0
    21 000031BB EB03                <1>  jmp %%skip
    22 000031BD 0D0A00              <1> %%str db %1
    23                              <1> %%skip:
    24                              <1> %if __BITS__ == 32
    25 000031C0 56                  <1>  push esi
    26 000031C1 BE[BD310000]        <1>  mov esi, %%str
    27                              <1> %%.loop:
    28 000031C6 AC                  <1>  lodsb
    29 000031C7 08C0                <1>  or al, al
    30 000031C9 7404                <1>  jz %%.done
    31 000031CB E6E9                <1>  out 0xE9, al
    32 000031CD EBF7                <1>  jmp %%.loop
    33                              <1> %%.done:
    34 000031CF 5E                  <1>  pop esi
    35                              <1> %else
    36                              <1>  push si
    37                              <1>  mov si, %%str
    38                              <1> %%.loop:
    39                              <1>  lodsb
    40                              <1>  or al, al
    41                              <1>  jz %%.done
    42                              <1>  out 0xE9, al
    43                              <1>  jmp %%.loop
    44                              <1> %%.done:
    45                              <1>  pop si
    46                              <1> %endif
  4548 000031D0 5A                          pop     edx
  4549 000031D1 58                          pop     eax
  4550 000031D2 5B                          pop     ebx
  4551                                      ; 4. RxConfig (RCR 0x44, 32-bit): accept all frame types, 8K ring, WRAP enabled
  4552                                      ;    RCR register is at offset 0x44 (NOT 0x08 which is multicast MAR).
  4553                                      ;    32-bit layout:
  4554                                      ;      bit 0 (AAP)=1     — Accept All Packets (promiscuous, catch everything from SLIRP)
  4555                                      ;      bit 1 (APM)=1     — Accept Physical Match (our MAC)
  4556                                      ;      bit 2 (AM)=1      — Accept Multicast
  4557                                      ;      bit 3 (AB)=1      — Accept Broadcast
  4558                                      ;      bit 4 (AR)=1      — Accept Runt
  4559                                      ;      bits 13-14=00     — RBLEN=8K ring
  4560                                      ;      bit 15 (WRAP)=1   — Wrap at end of buffer (critical for ring operation)
  4561                                      ;    RCR = 0x8000 | 0x01 | 0x02 | 0x04 | 0x08 | 0x10 = 0x0000801F
  4562 000031D3 53                          push    ebx
  4563 000031D4 BB1F800000                  mov     ebx, 0x0000801F     ; RCR: AAP|APM|AM|AB|AR + WRAP + RBLEN=00 (8K)
  4564 000031D9 B044                        mov     al, 0x44
  4565 000031DB E82AFCFFFF                  call    rtl8139_wr_d
  4566                                      ; Verify RCR write via direct 32-bit I/O read-back
  4567 000031E0 668B15[D6B10000]            mov     dx, word [nic_base]
  4568 000031E7 6683C244                    add     dx, 0x44
  4569 000031EB 31C0                        xor     eax, eax
  4570 000031ED ED                          in      eax, dx
  4571 000031EE 50                          push    eax
  4572                                      dbg_puts "[A4X] RCR readback=", 0
    21 000031EF EB14                <1>  jmp %%skip
    22 000031F1 5B4134585D20524352- <1> %%str db %1
    22 000031FA 20726561646261636B- <1>
    22 00003203 3D00                <1>
    23                              <1> %%skip:
    24                              <1> %if __BITS__ == 32
    25 00003205 56                  <1>  push esi
    26 00003206 BE[F1310000]        <1>  mov esi, %%str
    27                              <1> %%.loop:
    28 0000320B AC                  <1>  lodsb
    29 0000320C 08C0                <1>  or al, al
    30 0000320E 7404                <1>  jz %%.done
    31 00003210 E6E9                <1>  out 0xE9, al
    32 00003212 EBF7                <1>  jmp %%.loop
    33                              <1> %%.done:
    34 00003214 5E                  <1>  pop esi
    35                              <1> %else
    36                              <1>  push si
    37                              <1>  mov si, %%str
    38                              <1> %%.loop:
    39                              <1>  lodsb
    40                              <1>  or al, al
    41                              <1>  jz %%.done
    42                              <1>  out 0xE9, al
    43                              <1>  jmp %%.loop
    44                              <1> %%.done:
    45                              <1>  pop si
    46                              <1> %endif
  4573 00003215 58                          pop     eax
  4574 00003216 E8F5030000                  call    dbg_print_eax_hex
  4575                                      dbg_puts 13, 10, 0
    21 0000321B EB03                <1>  jmp %%skip
    22 0000321D 0D0A00              <1> %%str db %1
    23                              <1> %%skip:
    24                              <1> %if __BITS__ == 32
    25 00003220 56                  <1>  push esi
    26 00003221 BE[1D320000]        <1>  mov esi, %%str
    27                              <1> %%.loop:
    28 00003226 AC                  <1>  lodsb
    29 00003227 08C0                <1>  or al, al
    30 00003229 7404                <1>  jz %%.done
    31 0000322B E6E9                <1>  out 0xE9, al
    32 0000322D EBF7                <1>  jmp %%.loop
    33                              <1> %%.done:
    34 0000322F 5E                  <1>  pop esi
    35                              <1> %else
    36                              <1>  push si
    37                              <1>  mov si, %%str
    38                              <1> %%.loop:
    39                              <1>  lodsb
    40                              <1>  or al, al
    41                              <1>  jz %%.done
    42                              <1>  out 0xE9, al
    43                              <1>  jmp %%.loop
    44                              <1> %%.done:
    45                              <1>  pop si
    46                              <1> %endif
  4576 00003230 5B                          pop     ebx
  4577                                      ; Lock Cfg9346 back to 0x00 to commit config registers.
  4578                                      ;   This lock transition is what makes QEMU's RTL8139 model update its
  4579                                      ;   internal RX filter state (MAC match, RCR accept mask) from the
  4580                                      ;   register file to the active receive filter logic.
  4581 00003231 B050                        mov     al, 0x50
  4582 00003233 B400                        mov     ah, 0x00
  4583 00003235 E861FBFFFF                  call    rtl8139_wr
  4584                                      ; 5. TxConfig (TCR 0x40, 4 bytes): Tx DMA unlimited + IFG normal
  4585 0000323A 53                          push    ebx
  4586 0000323B BB07000000                  mov     ebx, 0x00000007     ; MXDMA = Unlimited
  4587 00003240 B040                        mov     al, 0x40
  4588 00003242 E8C3FBFFFF                  call    rtl8139_wr_d
  4589 00003247 5B                          pop     ebx
  4590                                      ; 6. Set up TX buffer addresses at TSAD0-3 (offsets 0x20,0x24,0x28,0x2C).
  4591                                      ;    QEMU's RTL8139 requires rotating TX descriptors: each TX must use a
  4592                                      ;    different descriptor (TSAD0→1→2→3→0) because rtl8139_transmit_one()
  4593                                      ;    refuses to retransmit on a descriptor still marked TxHostOwns (0x2000).
  4594                                      ;    All four point to the same rtl8139_tx_buf since we copy each frame
  4595                                      ;    there immediately before sending.
  4596 00003248 53                          push    ebx
  4597 00003249 BB[00C10000]                mov     ebx, rtl8139_tx_buf
  4598 0000324E B020                        mov     al, 0x20
  4599 00003250 E8B5FBFFFF                  call    rtl8139_wr_d
  4600 00003255 B024                        mov     al, 0x24
  4601 00003257 E8AEFBFFFF                  call    rtl8139_wr_d
  4602 0000325C B028                        mov     al, 0x28
  4603 0000325E E8A7FBFFFF                  call    rtl8139_wr_d
  4604 00003263 B02C                        mov     al, 0x2C
  4605 00003265 E8A0FBFFFF                  call    rtl8139_wr_d
  4606                                      dbg_puts "[A4X] TSAD0-3=tx_buf set (4 TX descriptors for rotation)", 13, 10, 0
    21 0000326A EB3B                <1>  jmp %%skip
    22 0000326C 5B4134585D20545341- <1> %%str db %1
    22 00003275 44302D333D74785F62- <1>
    22 0000327E 756620736574202834- <1>
    22 00003287 205458206465736372- <1>
    22 00003290 6970746F727320666F- <1>
    22 00003299 7220726F746174696F- <1>
    22 000032A2 6E290D0A00          <1>
    23                              <1> %%skip:
    24                              <1> %if __BITS__ == 32
    25 000032A7 56                  <1>  push esi
    26 000032A8 BE[6C320000]        <1>  mov esi, %%str
    27                              <1> %%.loop:
    28 000032AD AC                  <1>  lodsb
    29 000032AE 08C0                <1>  or al, al
    30 000032B0 7404                <1>  jz %%.done
    31 000032B2 E6E9                <1>  out 0xE9, al
    32 000032B4 EBF7                <1>  jmp %%.loop
    33                              <1> %%.done:
    34 000032B6 5E                  <1>  pop esi
    35                              <1> %else
    36                              <1>  push si
    37                              <1>  mov si, %%str
    38                              <1> %%.loop:
    39                              <1>  lodsb
    40                              <1>  or al, al
    41                              <1>  jz %%.done
    42                              <1>  out 0xE9, al
    43                              <1>  jmp %%.loop
    44                              <1> %%.done:
    45                              <1>  pop si
    46                              <1> %endif
  4607 000032B7 5B                          pop     ebx
  4608                                      ; 7. Set up RX buffer address at RBSTART = 0x30-0x33 (4 bytes, 256-byte aligned, 8K)
  4609 000032B8 53                          push    ebx
  4610 000032B9 BB[00C90000]                mov     ebx, rtl8139_rx_buf
  4611 000032BE B030                        mov     al, 0x30
  4612 000032C0 E845FBFFFF                  call    rtl8139_wr_d
  4613                                      ; Verify RBSTART was written
  4614 000032C5 B030                        mov     al, 0x30
  4615 000032C7 E856FBFFFF                  call    rtl8139_rd_d
  4616 000032CC 53                          push    ebx
  4617 000032CD 50                          push    eax
  4618                                      dbg_puts "[A4X] RBSTART=", 0
    21 000032CE EB0F                <1>  jmp %%skip
    22 000032D0 5B4134585D20524253- <1> %%str db %1
    22 000032D9 544152543D00        <1>
    23                              <1> %%skip:
    24                              <1> %if __BITS__ == 32
    25 000032DF 56                  <1>  push esi
    26 000032E0 BE[D0320000]        <1>  mov esi, %%str
    27                              <1> %%.loop:
    28 000032E5 AC                  <1>  lodsb
    29 000032E6 08C0                <1>  or al, al
    30 000032E8 7404                <1>  jz %%.done
    31 000032EA E6E9                <1>  out 0xE9, al
    32 000032EC EBF7                <1>  jmp %%.loop
    33                              <1> %%.done:
    34 000032EE 5E                  <1>  pop esi
    35                              <1> %else
    36                              <1>  push si
    37                              <1>  mov si, %%str
    38                              <1> %%.loop:
    39                              <1>  lodsb
    40                              <1>  or al, al
    41                              <1>  jz %%.done
    42                              <1>  out 0xE9, al
    43                              <1>  jmp %%.loop
    44                              <1> %%.done:
    45                              <1>  pop si
    46                              <1> %endif
  4619 000032EF 89D8                        mov     eax, ebx
  4620 000032F1 E81A030000                  call    dbg_print_eax_hex
  4621                                      dbg_puts " (rx_buf=", 0
    21 000032F6 EB0A                <1>  jmp %%skip
    22 000032F8 202872785F6275663D- <1> %%str db %1
    22 00003301 00                  <1>
    23                              <1> %%skip:
    24                              <1> %if __BITS__ == 32
    25 00003302 56                  <1>  push esi
    26 00003303 BE[F8320000]        <1>  mov esi, %%str
    27                              <1> %%.loop:
    28 00003308 AC                  <1>  lodsb
    29 00003309 08C0                <1>  or al, al
    30 0000330B 7404                <1>  jz %%.done
    31 0000330D E6E9                <1>  out 0xE9, al
    32 0000330F EBF7                <1>  jmp %%.loop
    33                              <1> %%.done:
    34 00003311 5E                  <1>  pop esi
    35                              <1> %else
    36                              <1>  push si
    37                              <1>  mov si, %%str
    38                              <1> %%.loop:
    39                              <1>  lodsb
    40                              <1>  or al, al
    41                              <1>  jz %%.done
    42                              <1>  out 0xE9, al
    43                              <1>  jmp %%.loop
    44                              <1> %%.done:
    45                              <1>  pop si
    46                              <1> %endif
  4622 00003312 B8[00C90000]                mov     eax, rtl8139_rx_buf
  4623 00003317 E8F4020000                  call    dbg_print_eax_hex
  4624                                      dbg_puts ")", 13, 10, 0
    21 0000331C EB04                <1>  jmp %%skip
    22 0000331E 290D0A00            <1> %%str db %1
    23                              <1> %%skip:
    24                              <1> %if __BITS__ == 32
    25 00003322 56                  <1>  push esi
    26 00003323 BE[1E330000]        <1>  mov esi, %%str
    27                              <1> %%.loop:
    28 00003328 AC                  <1>  lodsb
    29 00003329 08C0                <1>  or al, al
    30 0000332B 7404                <1>  jz %%.done
    31 0000332D E6E9                <1>  out 0xE9, al
    32 0000332F EBF7                <1>  jmp %%.loop
    33                              <1> %%.done:
    34 00003331 5E                  <1>  pop esi
    35                              <1> %else
    36                              <1>  push si
    37                              <1>  mov si, %%str
    38                              <1> %%.loop:
    39                              <1>  lodsb
    40                              <1>  or al, al
    41                              <1>  jz %%.done
    42                              <1>  out 0xE9, al
    43                              <1>  jmp %%.loop
    44                              <1> %%.done:
    45                              <1>  pop si
    46                              <1> %endif
  4625 00003332 58                          pop     eax
  4626 00003333 5B                          pop     ebx
  4627 00003334 5B                          pop     ebx
  4628                                      ; 8. Initialize CAPR + CBR (offsets 0x38-0x3B, 32-bit register pair).
  4629                                      ;    RTL8139 groups CAPR (0x38-0x39, Current Address of Packet Read) and
  4630                                      ;    CBR (0x3A-0x3B, Current Buffer Read) as a single 32-bit register.
  4631                                      ;    Some QEMU builds only accept 32-bit writes to this pair — 8-bit or
  4632                                      ;    16-bit writes silently drop the low byte, leaving CAPR at wrong value.
  4633                                      ;    CAPR = 0xFFF0 means read pos = (0xFFF0 + 0x10) % 8K = 0 (ring start).
  4634                                      ;    CBR = 0xFFF0 (copy of CAPR, written same value for safety).
  4635                                      ;    32-bit layout (LE): bits [15:0] = CAPR, bits [31:16] = CBR.
  4636 00003335 53                          push    ebx
  4637 00003336 BBF0FFF0FF                  mov     ebx, 0xFFF0FFF0     ; CAPR=0xFFF0 (read_pos=(0xFFF0+0x10)%8K=0), CBR=0xFFF0
  4638 0000333B B038                        mov     al, 0x38
  4639 0000333D E8C8FAFFFF                  call    rtl8139_wr_d
  4640 00003342 5B                          pop     ebx
  4641                                      ; Verify CAPR via 32-bit read (0x38)
  4642 00003343 B038                        mov     al, 0x38
  4643 00003345 E8D8FAFFFF                  call    rtl8139_rd_d        ; ebx = CBR:CAPR
  4644 0000334A 50                          push    eax
  4645 0000334B 53                          push    ebx
  4646                                      dbg_puts "[A4X] CAPR=", 0
    21 0000334C EB0C                <1>  jmp %%skip
    22 0000334E 5B4134585D20434150- <1> %%str db %1
    22 00003357 523D00              <1>
    23                              <1> %%skip:
    24                              <1> %if __BITS__ == 32
    25 0000335A 56                  <1>  push esi
    26 0000335B BE[4E330000]        <1>  mov esi, %%str
    27                              <1> %%.loop:
    28 00003360 AC                  <1>  lodsb
    29 00003361 08C0                <1>  or al, al
    30 00003363 7404                <1>  jz %%.done
    31 00003365 E6E9                <1>  out 0xE9, al
    32 00003367 EBF7                <1>  jmp %%.loop
    33                              <1> %%.done:
    34 00003369 5E                  <1>  pop esi
    35                              <1> %else
    36                              <1>  push si
    37                              <1>  mov si, %%str
    38                              <1> %%.loop:
    39                              <1>  lodsb
    40                              <1>  or al, al
    41                              <1>  jz %%.done
    42                              <1>  out 0xE9, al
    43                              <1>  jmp %%.loop
    44                              <1> %%.done:
    45                              <1>  pop si
    46                              <1> %endif
  4647 0000336A 0FB7C3                      movzx   eax, bx             ; low 16-bit = CAPR
  4648 0000336D E89E020000                  call    dbg_print_eax_hex
  4649                                      dbg_puts " CBR=", 0
    21 00003372 EB06                <1>  jmp %%skip
    22 00003374 204342523D00        <1> %%str db %1
    23                              <1> %%skip:
    24                              <1> %if __BITS__ == 32
    25 0000337A 56                  <1>  push esi
    26 0000337B BE[74330000]        <1>  mov esi, %%str
    27                              <1> %%.loop:
    28 00003380 AC                  <1>  lodsb
    29 00003381 08C0                <1>  or al, al
    30 00003383 7404                <1>  jz %%.done
    31 00003385 E6E9                <1>  out 0xE9, al
    32 00003387 EBF7                <1>  jmp %%.loop
    33                              <1> %%.done:
    34 00003389 5E                  <1>  pop esi
    35                              <1> %else
    36                              <1>  push si
    37                              <1>  mov si, %%str
    38                              <1> %%.loop:
    39                              <1>  lodsb
    40                              <1>  or al, al
    41                              <1>  jz %%.done
    42                              <1>  out 0xE9, al
    43                              <1>  jmp %%.loop
    44                              <1> %%.done:
    45                              <1>  pop si
    46                              <1> %endif
  4650 0000338A C1EB10                      shr     ebx, 16             ; high 16-bit = CBR
  4651 0000338D 89D8                        mov     eax, ebx
  4652 0000338F E87C020000                  call    dbg_print_eax_hex
  4653                                      dbg_puts 13, 10, 0
    21 00003394 EB03                <1>  jmp %%skip
    22 00003396 0D0A00              <1> %%str db %1
    23                              <1> %%skip:
    24                              <1> %if __BITS__ == 32
    25 00003399 56                  <1>  push esi
    26 0000339A BE[96330000]        <1>  mov esi, %%str
    27                              <1> %%.loop:
    28 0000339F AC                  <1>  lodsb
    29 000033A0 08C0                <1>  or al, al
    30 000033A2 7404                <1>  jz %%.done
    31 000033A4 E6E9                <1>  out 0xE9, al
    32 000033A6 EBF7                <1>  jmp %%.loop
    33                              <1> %%.done:
    34 000033A8 5E                  <1>  pop esi
    35                              <1> %else
    36                              <1>  push si
    37                              <1>  mov si, %%str
    38                              <1> %%.loop:
    39                              <1>  lodsb
    40                              <1>  or al, al
    41                              <1>  jz %%.done
    42                              <1>  out 0xE9, al
    43                              <1>  jmp %%.loop
    44                              <1> %%.done:
    45                              <1>  pop si
    46                              <1> %endif
  4654 000033A9 5B                          pop     ebx
  4655 000033AA 58                          pop     eax
  4656                                      ; 9. Clear ISR flags at 0x3E (write 1 to clear) - clear all pending interrupts.
  4657                                      ;    Use 16-bit write for QEMU reliability (ISR is 16-bit register).
  4658 000033AB B03E                        mov     al, 0x3E
  4659 000033AD 66BBFFFF                    mov     bx, 0xFFFF
  4660 000033B1 E817FAFFFF                  call    rtl8139_wr_w
  4661                                      ; 9b. IMR not needed: eth_rx polls the ring buffer directly (Method 2).
  4662                                      ;     Enabling IMR causes QEMU to raise interrupts that interfere with the CPU
  4663                                      ;     (no IDT handler for the PCI IRQ line). Leave IMR at default 0.
  4664                                      ; 10. Enable TX + RX via CR (offset 0x37).
  4665                                      ;     RTL8139 CR bit assignments (matching Linux 8139too.c driver):
  4666                                      ;       bit 0 = RxBufEmpty (self-clearing), bit 2 = TE (0x04), bit 3 = RE (0x08), bit 4 = RST (0x10)
  4667                                      ;     CR = 0x0C = TE(0x04) | RE(0x08).  RST(bit4) MUST be 0 after reset completes.
  4668                                      ;     NOTE: Earlier code used 0x06 (bits 1+2) which only set TE, NOT RE — RX was never enabled!
  4669 000033B6 B903000000                  mov     ecx, 3
  4670                                  .cr_retry:
  4671 000033BB 668B15[D6B10000]            mov     dx, word [nic_base]
  4672 000033C2 6683C237                    add     dx, 0x37
  4673 000033C6 B00C                        mov     al, 0x0C            ; TE(0x04) | RE(0x08) = TX and RX enabled
  4674 000033C8 EE                          out     dx, al
  4675                                      ; Short settle delay
  4676 000033C9 51                          push    ecx
  4677 000033CA B9F4010000                  mov     ecx, 500
  4678                                  .cr_d1:
  4679 000033CF 49                          dec     ecx
  4680 000033D0 75FD                        jnz     .cr_d1
  4681 000033D2 59                          pop     ecx
  4682                                      ; Read back and verify both TE and RE are set
  4683 000033D3 668B15[D6B10000]            mov     dx, word [nic_base]
  4684 000033DA 6683C237                    add     dx, 0x37
  4685 000033DE EC                          in      al, dx
  4686 000033DF 240C                        and     al, 0x0C            ; mask only TE(0x04) and RE(0x08) bits
  4687 000033E1 3C0C                        cmp     al, 0x0C
  4688 000033E3 7403                        je      .cr_ok
  4689 000033E5 49                          dec     ecx
  4690 000033E6 75D3                        jnz     .cr_retry
  4691                                  .cr_ok:
  4692                                      ; Read CR again with full value for debug display
  4693 000033E8 668B15[D6B10000]            mov     dx, word [nic_base]
  4694 000033EF 6683C237                    add     dx, 0x37
  4695 000033F3 EC                          in      al, dx
  4696 000033F4 88C3                        mov     bl, al              ; save CR value
  4697                                      dbg_puts "[A4X] RTL8139 CR readback=0x", 0
    21 000033F6 EB1D                <1>  jmp %%skip
    22 000033F8 5B4134585D2052544C- <1> %%str db %1
    22 00003401 383133392043522072- <1>
    22 0000340A 6561646261636B3D30- <1>
    22 00003413 7800                <1>
    23                              <1> %%skip:
    24                              <1> %if __BITS__ == 32
    25 00003415 56                  <1>  push esi
    26 00003416 BE[F8330000]        <1>  mov esi, %%str
    27                              <1> %%.loop:
    28 0000341B AC                  <1>  lodsb
    29 0000341C 08C0                <1>  or al, al
    30 0000341E 7404                <1>  jz %%.done
    31 00003420 E6E9                <1>  out 0xE9, al
    32 00003422 EBF7                <1>  jmp %%.loop
    33                              <1> %%.done:
    34 00003424 5E                  <1>  pop esi
    35                              <1> %else
    36                              <1>  push si
    37                              <1>  mov si, %%str
    38                              <1> %%.loop:
    39                              <1>  lodsb
    40                              <1>  or al, al
    41                              <1>  jz %%.done
    42                              <1>  out 0xE9, al
    43                              <1>  jmp %%.loop
    44                              <1> %%.done:
    45                              <1>  pop si
    46                              <1> %endif
  4698 00003425 88D8                        mov     al, bl
  4699                                      dbg_hex8
    59 00003427 6650                <1>  push ax
    60 00003429 88C4                <1>  mov ah, al
    61 0000342B C0E804              <1>  shr al, 4
    62 0000342E E80D000000          <1>  call %%hex_nibble
    63 00003433 88E0                <1>  mov al, ah
    64 00003435 240F                <1>  and al, 0x0F
    65 00003437 E804000000          <1>  call %%hex_nibble
    66 0000343C 6658                <1>  pop ax
    67 0000343E EB0B                <1>  jmp %%done
    68                              <1> %%hex_nibble:
    69 00003440 0430                <1>  add al, '0'
    70 00003442 3C39                <1>  cmp al, '9'
    71 00003444 7602                <1>  jbe %%ok
    72 00003446 0407                <1>  add al, 7
    73                              <1> %%ok:
    74 00003448 E6E9                <1>  out 0xE9, al
    75 0000344A C3                  <1>  ret
    76                              <1> %%done:
  4700                                      dbg_nl
    51 0000344B B00D                <1>  mov al, 13
    52 0000344D E6E9                <1>  out 0xE9, al
    53 0000344F B00A                <1>  mov al, 10
    54 00003451 E6E9                <1>  out 0xE9, al
  4701                                      dbg_puts "[A4X] RTL8139 init CR=0C TX+RX on (TE|RE, no RST)", 13, 10, 0
    21 00003453 EB34                <1>  jmp %%skip
    22 00003455 5B4134585D2052544C- <1> %%str db %1
    22 0000345E 3831333920696E6974- <1>
    22 00003467 2043523D3043205458- <1>
    22 00003470 2B5258206F6E202854- <1>
    22 00003479 457C52452C206E6F20- <1>
    22 00003482 525354290D0A00      <1>
    23                              <1> %%skip:
    24                              <1> %if __BITS__ == 32
    25 00003489 56                  <1>  push esi
    26 0000348A BE[55340000]        <1>  mov esi, %%str
    27                              <1> %%.loop:
    28 0000348F AC                  <1>  lodsb
    29 00003490 08C0                <1>  or al, al
    30 00003492 7404                <1>  jz %%.done
    31 00003494 E6E9                <1>  out 0xE9, al
    32 00003496 EBF7                <1>  jmp %%.loop
    33                              <1> %%.done:
    34 00003498 5E                  <1>  pop esi
    35                              <1> %else
    36                              <1>  push si
    37                              <1>  mov si, %%str
    38                              <1> %%.loop:
    39                              <1>  lodsb
    40                              <1>  or al, al
    41                              <1>  jz %%.done
    42                              <1>  out 0xE9, al
    43                              <1>  jmp %%.loop
    44                              <1> %%.done:
    45                              <1>  pop si
    46                              <1> %endif
  4702                                      ; 11. Re-write CAPR+CBR AFTER CR TE/RE enable using direct inline I/O.
  4703                                      ;     The helper functions rtl8139_wr_d / rtl8139_wr_w silently fail on some QEMU
  4704                                      ;     builds for the CAPR/CBR pair (0x38-0x3B) even though they work for other regs.
  4705                                      ;     Use a direct 32-bit `out dx, eax` first (native dword I/O).  If that reads
  4706                                      ;     back as 0, fall back to FOUR 8-bit writes (one per byte at 0x38..0x3B).
  4707                                      ;     CAPR must be 0xFFF0 so QEMU sees the full RX ring as free, otherwise the
  4708                                      ;     60-byte ARP broadcast from SLIRP is rejected (needs 64+ bytes free space).
  4709 00003499 53                          push    ebx
  4710 0000349A 51                          push    ecx
  4711 0000349B 50                          push    eax
  4712 0000349C 52                          push    edx
  4713                                      ; Try direct 32-bit write to 0x38: bits [15:0]=CAPR, [31:16]=CBR
  4714 0000349D 668B15[D6B10000]            mov     dx, word [nic_base]
  4715 000034A4 6683C238                    add     dx, 0x38
  4716 000034A8 B8F0FFF0FF                  mov     eax, 0xFFF0FFF0     ; CAPR=0xFFF0 (read_pos=(0xFFF0+0x10)%8K=0), CBR=0xFFF0
  4717 000034AD EF                          out     dx, eax
  4718                                      ; Small settle delay
  4719 000034AE B9C8000000                  mov     ecx, 200
  4720                                  .capr_w1:
  4721 000034B3 49                          dec     ecx
  4722 000034B4 75FD                        jnz     .capr_w1
  4723                                      ; Read back directly via 32-bit I/O
  4724 000034B6 668B15[D6B10000]            mov     dx, word [nic_base]
  4725 000034BD 6683C238                    add     dx, 0x38
  4726 000034C1 31C0                        xor     eax, eax
  4727 000034C3 ED                          in      eax, dx
  4728 000034C4 85C0                        test    eax, eax
  4729 000034C6 7527                        jnz     .capr_write_ok          ; 32-bit worked, skip fallback
  4730                                      ; FALLBACK: FOUR 8-bit writes to offsets 0x38, 0x39, 0x3A, 0x3B
  4731                                      ; CAPR low = 0xF0 (0x38), CAPR high = 0xFF (0x39),
  4732                                      ; CBR low = 0xF0 (0x3A), CBR high = 0xFF (0x3B)
  4733 000034C8 B4F0                        mov     ah, 0xF0
  4734 000034CA 668B15[D6B10000]            mov     dx, word [nic_base]
  4735 000034D1 6683C238                    add     dx, 0x38
  4736 000034D5 88E0                        mov     al, ah
  4737 000034D7 EE                          out     dx, al                  ; 0x38 = 0xF0 (CAPR low)
  4738 000034D8 6642                        inc     dx
  4739 000034DA B0FF                        mov     al, 0xFF
  4740 000034DC EE                          out     dx, al                  ; 0x39 = 0xFF (CAPR high)
  4741 000034DD 6642                        inc     dx
  4742 000034DF B0F0                        mov     al, 0xF0
  4743 000034E1 EE                          out     dx, al                  ; 0x3A = 0xF0 (CBR low)
  4744 000034E2 6642                        inc     dx
  4745 000034E4 B0FF                        mov     al, 0xFF
  4746 000034E6 EE                          out     dx, al                  ; 0x3B = 0xFF (CBR high)
  4747 000034E7 B9C8000000                  mov     ecx, 200
  4748                                  .capr_w2:
  4749 000034EC 49                          dec     ecx
  4750 000034ED 75FD                        jnz     .capr_w2
  4751                                  .capr_write_ok:
  4752                                      ; Verify via direct 32-bit in
  4753 000034EF 668B15[D6B10000]            mov     dx, word [nic_base]
  4754 000034F6 6683C238                    add     dx, 0x38
  4755 000034FA 31C0                        xor     eax, eax
  4756 000034FC ED                          in      eax, dx
  4757 000034FD 89C3                        mov     ebx, eax                ; save for display
  4758 000034FF 5A                          pop     edx
  4759 00003500 58                          pop     eax                     ; restore scratch eax (careful: ebx holds value)
  4760 00003501 50                          push    eax
  4761 00003502 52                          push    edx
  4762                                      dbg_puts "[A4X] post-CR CAPR=", 0
    21 00003503 EB14                <1>  jmp %%skip
    22 00003505 5B4134585D20706F73- <1> %%str db %1
    22 0000350E 742D43522043415052- <1>
    22 00003517 3D00                <1>
    23                              <1> %%skip:
    24                              <1> %if __BITS__ == 32
    25 00003519 56                  <1>  push esi
    26 0000351A BE[05350000]        <1>  mov esi, %%str
    27                              <1> %%.loop:
    28 0000351F AC                  <1>  lodsb
    29 00003520 08C0                <1>  or al, al
    30 00003522 7404                <1>  jz %%.done
    31 00003524 E6E9                <1>  out 0xE9, al
    32 00003526 EBF7                <1>  jmp %%.loop
    33                              <1> %%.done:
    34 00003528 5E                  <1>  pop esi
    35                              <1> %else
    36                              <1>  push si
    37                              <1>  mov si, %%str
    38                              <1> %%.loop:
    39                              <1>  lodsb
    40                              <1>  or al, al
    41                              <1>  jz %%.done
    42                              <1>  out 0xE9, al
    43                              <1>  jmp %%.loop
    44                              <1> %%.done:
    45                              <1>  pop si
    46                              <1> %endif
  4763 00003529 0FB7C3                      movzx   eax, bx
  4764 0000352C E8DF000000                  call    dbg_print_eax_hex
  4765                                      dbg_puts " CBR=", 0
    21 00003531 EB06                <1>  jmp %%skip
    22 00003533 204342523D00        <1> %%str db %1
    23                              <1> %%skip:
    24                              <1> %if __BITS__ == 32
    25 00003539 56                  <1>  push esi
    26 0000353A BE[33350000]        <1>  mov esi, %%str
    27                              <1> %%.loop:
    28 0000353F AC                  <1>  lodsb
    29 00003540 08C0                <1>  or al, al
    30 00003542 7404                <1>  jz %%.done
    31 00003544 E6E9                <1>  out 0xE9, al
    32 00003546 EBF7                <1>  jmp %%.loop
    33                              <1> %%.done:
    34 00003548 5E                  <1>  pop esi
    35                              <1> %else
    36                              <1>  push si
    37                              <1>  mov si, %%str
    38                              <1> %%.loop:
    39                              <1>  lodsb
    40                              <1>  or al, al
    41                              <1>  jz %%.done
    42                              <1>  out 0xE9, al
    43                              <1>  jmp %%.loop
    44                              <1> %%.done:
    45                              <1>  pop si
    46                              <1> %endif
  4766 00003549 C1EB10                      shr     ebx, 16
  4767 0000354C 89D8                        mov     eax, ebx
  4768 0000354E E8BD000000                  call    dbg_print_eax_hex
  4769                                      dbg_puts 13, 10, 0
    21 00003553 EB03                <1>  jmp %%skip
    22 00003555 0D0A00              <1> %%str db %1
    23                              <1> %%skip:
    24                              <1> %if __BITS__ == 32
    25 00003558 56                  <1>  push esi
    26 00003559 BE[55350000]        <1>  mov esi, %%str
    27                              <1> %%.loop:
    28 0000355E AC                  <1>  lodsb
    29 0000355F 08C0                <1>  or al, al
    30 00003561 7404                <1>  jz %%.done
    31 00003563 E6E9                <1>  out 0xE9, al
    32 00003565 EBF7                <1>  jmp %%.loop
    33                              <1> %%.done:
    34 00003567 5E                  <1>  pop esi
    35                              <1> %else
    36                              <1>  push si
    37                              <1>  mov si, %%str
    38                              <1> %%.loop:
    39                              <1>  lodsb
    40                              <1>  or al, al
    41                              <1>  jz %%.done
    42                              <1>  out 0xE9, al
    43                              <1>  jmp %%.loop
    44                              <1> %%.done:
    45                              <1>  pop si
    46                              <1> %endif
  4770 00003568 5A                          pop     edx
  4771 00003569 58                          pop     eax
  4772 0000356A 59                          pop     ecx
  4773 0000356B 5B                          pop     ebx
  4774                                      dbg_puts "[A4X] RTL8139 initialized OK", 13, 10, 0
    21 0000356C EB1F                <1>  jmp %%skip
    22 0000356E 5B4134585D2052544C- <1> %%str db %1
    22 00003577 3831333920696E6974- <1>
    22 00003580 69616C697A6564204F- <1>
    22 00003589 4B0D0A00            <1>
    23                              <1> %%skip:
    24                              <1> %if __BITS__ == 32
    25 0000358D 56                  <1>  push esi
    26 0000358E BE[6E350000]        <1>  mov esi, %%str
    27                              <1> %%.loop:
    28 00003593 AC                  <1>  lodsb
    29 00003594 08C0                <1>  or al, al
    30 00003596 7404                <1>  jz %%.done
    31 00003598 E6E9                <1>  out 0xE9, al
    32 0000359A EBF7                <1>  jmp %%.loop
    33                              <1> %%.done:
    34 0000359C 5E                  <1>  pop esi
    35                              <1> %else
    36                              <1>  push si
    37                              <1>  mov si, %%str
    38                              <1> %%.loop:
    39                              <1>  lodsb
    40                              <1>  or al, al
    41                              <1>  jz %%.done
    42                              <1>  out 0xE9, al
    43                              <1>  jmp %%.loop
    44                              <1> %%.done:
    45                              <1>  pop si
    46                              <1> %endif
  4775 0000359D EB42                        jmp     .net_ret
  4776                                  .net_idone:
  4777 0000359F 803D[DAB10000]01            cmp     byte [nic_type], 1
  4778 000035A6 7439                        je      .net_ret
  4779                                      dbg_puts "[A4X] net_init: no RTL8139 NIC found", 13, 10, 0
    21 000035A8 EB27                <1>  jmp %%skip
    22 000035AA 5B4134585D206E6574- <1> %%str db %1
    22 000035B3 5F696E69743A206E6F- <1>
    22 000035BC 2052544C3831333920- <1>
    22 000035C5 4E494320666F756E64- <1>
    22 000035CE 0D0A00              <1>
    23                              <1> %%skip:
    24                              <1> %if __BITS__ == 32
    25 000035D1 56                  <1>  push esi
    26 000035D2 BE[AA350000]        <1>  mov esi, %%str
    27                              <1> %%.loop:
    28 000035D7 AC                  <1>  lodsb
    29 000035D8 08C0                <1>  or al, al
    30 000035DA 7404                <1>  jz %%.done
    31 000035DC E6E9                <1>  out 0xE9, al
    32 000035DE EBF7                <1>  jmp %%.loop
    33                              <1> %%.done:
    34 000035E0 5E                  <1>  pop esi
    35                              <1> %else
    36                              <1>  push si
    37                              <1>  mov si, %%str
    38                              <1> %%.loop:
    39                              <1>  lodsb
    40                              <1>  or al, al
    41                              <1>  jz %%.done
    42                              <1>  out 0xE9, al
    43                              <1>  jmp %%.loop
    44                              <1> %%.done:
    45                              <1>  pop si
    46                              <1> %endif
  4780                                  .net_ret:
  4781 000035E1 5F                          pop     edi
  4782 000035E2 5A                          pop     edx
  4783 000035E3 59                          pop     ecx
  4784 000035E4 5B                          pop     ebx
  4785 000035E5 C3                          ret
  4786                                  
  4787                                  ; ============================================================================
  4788                                  ; dbg_putal_hex — print AL as 2 hex digits to port 0xE9
  4789                                  ; ============================================================================
  4790                                  dbg_putal_hex:
  4791 000035E6 50                          push    eax
  4792 000035E7 51                          push    ecx
  4793 000035E8 88C4                        mov     ah, al
  4794 000035EA B904000000                  mov     ecx, 4
  4795                                      ; high nibble
  4796 000035EF 88E0                        mov     al, ah
  4797 000035F1 D2E8                        shr     al, cl
  4798 000035F3 240F                        and     al, 0x0F
  4799 000035F5 0430                        add     al, '0'
  4800 000035F7 3C39                        cmp     al, '9'
  4801 000035F9 7602                        jbe     .pah_h
  4802 000035FB 0407                        add     al, 7
  4803                                  .pah_h:
  4804 000035FD E6E9                        out     0xE9, al
  4805                                      ; low nibble
  4806 000035FF 88E0                        mov     al, ah
  4807 00003601 240F                        and     al, 0x0F
  4808 00003603 0430                        add     al, '0'
  4809 00003605 3C39                        cmp     al, '9'
  4810 00003607 7602                        jbe     .pah_l
  4811 00003609 0407                        add     al, 7
  4812                                  .pah_l:
  4813 0000360B E6E9                        out     0xE9, al
  4814 0000360D 59                          pop     ecx
  4815 0000360E 58                          pop     eax
  4816 0000360F C3                          ret
  4817                                  
  4818                                  ; ============================================================================
  4819                                  ; dbg_print_eax_hex — print EAX as 8 hex digits to port 0xE9
  4820                                  ; ============================================================================
  4821                                  dbg_print_eax_hex:
  4822 00003610 50                          push    eax
  4823 00003611 51                          push    ecx
  4824 00003612 B91C000000                  mov     ecx, 28
  4825                                  .dph_loop:
  4826 00003617 50                          push    eax
  4827 00003618 D3E8                        shr     eax, cl
  4828 0000361A 83E00F                      and     eax, 0x0F
  4829 0000361D 0430                        add     al, '0'
  4830 0000361F 3C39                        cmp     al, '9'
  4831 00003621 7602                        jbe     .dph_ok
  4832 00003623 0407                        add     al, 7
  4833                                  .dph_ok:
  4834 00003625 E6E9                        out     0xE9, al
  4835 00003627 58                          pop     eax
  4836 00003628 83E904                      sub     ecx, 4
  4837 0000362B 79EA                        jns     .dph_loop
  4838 0000362D 59                          pop     ecx
  4839 0000362E 58                          pop     eax
  4840 0000362F C3                          ret
  4841                                  
  4842                                  ; ============================================================================
  4843                                  ; dbg_print_eax_dec — print unsigned integer in EAX as decimal to port 0xE9
  4844                                  ;   (suppresses leading zeros, prints at least one '0' if eax == 0)
  4845                                  ; ============================================================================
  4846                                  dbg_print_eax_dec:
  4847 00003630 50                          push    eax
  4848 00003631 53                          push    ebx
  4849 00003632 51                          push    ecx
  4850 00003633 52                          push    edx
  4851                                      ; Special case: eax == 0, just print '0'
  4852 00003634 85C0                        test    eax, eax
  4853 00003636 7506                        jnz     .dpd_count
  4854 00003638 B030                        mov     al, '0'
  4855 0000363A E6E9                        out     0xE9, al
  4856 0000363C EB20                        jmp     .dpd_d
  4857                                  .dpd_count:
  4858                                      ; Compute decimal digits on stack (push LSD first, pop MSD first)
  4859 0000363E 31C9                        xor     ecx, ecx              ; digit counter
  4860 00003640 BB0A000000                  mov     ebx, 10               ; divisor
  4861                                  .dpd_div:
  4862 00003645 85C0                        test    eax, eax
  4863 00003647 740B                        jz      .dpd_pop
  4864 00003649 31D2                        xor     edx, edx
  4865 0000364B F7F3                        div     ebx                   ; eax = eax/10, edx = eax%10
  4866 0000364D 80C230                      add     dl, '0'
  4867 00003650 52                          push    edx
  4868 00003651 41                          inc     ecx
  4869 00003652 EBF1                        jmp     .dpd_div
  4870                                  .dpd_pop:
  4871 00003654 85C9                        test    ecx, ecx
  4872 00003656 7406                        jz      .dpd_d
  4873 00003658 58                          pop     eax
  4874 00003659 E6E9                        out     0xE9, al
  4875 0000365B 49                          dec     ecx
  4876 0000365C EBF6                        jmp     .dpd_pop
  4877                                  .dpd_d:
  4878 0000365E 5A                          pop     edx
  4879 0000365F 59                          pop     ecx
  4880 00003660 5B                          pop     ebx
  4881 00003661 58                          pop     eax
  4882 00003662 C3                          ret
  4883                                  
  4884                                  ; ============================================================================
  4885                                  ; pe_parse — parse PE32 file in pe_download_buf[0..pe_download_len)
  4886                                  ;   IN:  pe_download_buf, pe_download_len
  4887                                  ;   OUT: pe_state = 1 (valid PE32) or 0 (invalid)
  4888                                  ;        fills pe_pCOFF_off, pe_sections, pe_optional_size, pe_entry,
  4889                                  ;        pe_baseofcode, pe_baseofdata, pe_imagebase, pe_sectionalign,
  4890                                  ;        pe_filealign, pe_datadir_off, pe_sectable_off
  4891                                  ;        AL = 1 success, 0 fail
  4892                                  ; ============================================================================
  4893                                  pe_parse:
  4894 00003663 53                          push    ebx
  4895 00003664 51                          push    ecx
  4896 00003665 52                          push    edx
  4897 00003666 56                          push    esi
  4898 00003667 57                          push    edi
  4899                                  
  4900                                      ; 1. Check MZ magic (offset 0, word = 0x5A4D)
  4901 00003668 66A1[1C050100]              mov     ax, [pe_download_buf]
  4902 0000366E 663D4D5A                    cmp     ax, 0x5A4D
  4903 00003672 0F8517010000                jne     .pp_invalid
  4904                                  
  4905                                      ; 2. Check pe_download_len >= 64 (min PE header)
  4906 00003678 A1[1C050200]                mov     eax, [pe_download_len]
  4907 0000367D 83F840                      cmp     eax, 64
  4908 00003680 0F8209010000                jb      .pp_invalid
  4909                                  
  4910                                      ; 3. Read e_lfanew (offset 0x3C, dword)
  4911 00003686 A1[58050100]                mov     eax, [pe_download_buf + 0x3C]
  4912                                  
  4913                                      ; e_lfanew must be within file bounds
  4914 0000368B 3B05[1C050200]              cmp     eax, [pe_download_len]
  4915 00003691 0F83F8000000                jae     .pp_invalid
  4916                                  
  4917                                      ; 4. Check PE\0\0 signature (e_lfanew, dword = 0x00004550)
  4918 00003697 81B8[1C050100]5045-         cmp     dword [pe_download_buf + eax], 0x00004550
  4918 0000369F 0000               
  4919 000036A1 0F85E8000000                jne     .pp_invalid
  4920                                  
  4921                                      ; eax = e_lfanew. COFF header at e_lfanew + 4
  4922 000036A7 83C004                      add     eax, 4
  4923 000036AA A3[A4000100]                mov     [pe_pCOFF_off], eax
  4924                                  
  4925                                      ; 5. Parse COFF header (+0..+18, 20 bytes)
  4926                                      ;    NumberOfSections at COFF+2 (word)
  4927 000036AF 668B98[1E050100]            mov     bx, [pe_download_buf + eax + 2]
  4928 000036B6 66891D[84000100]            mov     [pe_sections], bx
  4929                                      ;    SizeOfOptionalHeader at COFF+16 (word)
  4930 000036BD 668B98[2C050100]            mov     bx, [pe_download_buf + eax + 16]
  4931 000036C4 66891D[88000100]            mov     [pe_optional_size], bx
  4932                                  
  4933                                      ; 6. Optional Header at COFF+20
  4934 000036CB 83C014                      add     eax, 20
  4935                                      ; Validate Optional Header has enough remaining bytes
  4936 000036CE 8B0D[1C050200]              mov     ecx, [pe_download_len]
  4937 000036D4 29C1                        sub     ecx, eax
  4938 000036D6 83F960                      cmp     ecx, 96
  4939 000036D9 0F82B0000000                jb      .pp_invalid
  4940                                  
  4941                                      ;    Magic at Optional+0 (word)
  4942 000036DF 668B98[1C050100]            mov     bx, [pe_download_buf + eax]
  4943 000036E6 6681FB0B01                  cmp     bx, 0x10B                     ; PE32 magic
  4944 000036EB 0F859E000000                jne     .pp_invalid                   ; don't support PE32+
  4945                                  
  4946                                      ; 7. Parse Optional Header key fields
  4947                                      ;    AddressOfEntryPoint at Optional+16 (dword)
  4948 000036F1 8B98[2C050100]              mov     ebx, [pe_download_buf + eax + 16]
  4949 000036F7 891D[80000100]              mov     [pe_entry], ebx
  4950                                      ;    BaseOfCode at Optional+20 (dword)
  4951 000036FD 8B98[30050100]              mov     ebx, [pe_download_buf + eax + 20]
  4952 00003703 891D[AA000100]              mov     [pe_baseofcode], ebx
  4953                                      ;    BaseOfData at Optional+24 (dword, PE32 only)
  4954 00003709 8B98[34050100]              mov     ebx, [pe_download_buf + eax + 24]
  4955 0000370F 891D[AE000100]              mov     [pe_baseofdata], ebx
  4956                                      ;    ImageBase at Optional+28 (dword)
  4957 00003715 8B98[38050100]              mov     ebx, [pe_download_buf + eax + 28]
  4958 0000371B 891D[B2000100]              mov     [pe_imagebase], ebx
  4959                                      ;    SectionAlignment at Optional+32 (dword)
  4960 00003721 8B98[3C050100]              mov     ebx, [pe_download_buf + eax + 32]
  4961 00003727 891D[B6000100]              mov     [pe_sectionalign], ebx
  4962                                      ;    FileAlignment at Optional+36 (dword)
  4963 0000372D 8B98[40050100]              mov     ebx, [pe_download_buf + eax + 36]
  4964 00003733 891D[BA000100]              mov     [pe_filealign], ebx
  4965                                  
  4966                                      ; 8. DataDirectory offset = COFF+20+96 = COFF+116
  4967 00003739 8B1D[A4000100]              mov     ebx, [pe_pCOFF_off]
  4968 0000373F 83C374                      add     ebx, 116
  4969 00003742 891D[BE000100]              mov     [pe_datadir_off], ebx
  4970                                  
  4971                                      ; 9. Section Table offset = COFF+20+SizeOfOptionalHeader
  4972 00003748 8B1D[A4000100]              mov     ebx, [pe_pCOFF_off]
  4973 0000374E 83C314                      add     ebx, 20
  4974 00003751 8B0D[88000100]              mov     ecx, [pe_optional_size]
  4975 00003757 01CB                        add     ebx, ecx
  4976 00003759 891D[C2000100]              mov     [pe_sectable_off], ebx
  4977                                  
  4978                                      ; 10. Mark parse success
  4979 0000375F C605[7F000100]01            mov     byte [pe_state], 1
  4980                                      dbg_puts "[PE] dl+parse OK", 13, 10, 0
    21 00003766 EB13                <1>  jmp %%skip
    22 00003768 5B50455D20646C2B70- <1> %%str db %1
    22 00003771 61727365204F4B0D0A- <1>
    22 0000377A 00                  <1>
    23                              <1> %%skip:
    24                              <1> %if __BITS__ == 32
    25 0000377B 56                  <1>  push esi
    26 0000377C BE[68370000]        <1>  mov esi, %%str
    27                              <1> %%.loop:
    28 00003781 AC                  <1>  lodsb
    29 00003782 08C0                <1>  or al, al
    30 00003784 7404                <1>  jz %%.done
    31 00003786 E6E9                <1>  out 0xE9, al
    32 00003788 EBF7                <1>  jmp %%.loop
    33                              <1> %%.done:
    34 0000378A 5E                  <1>  pop esi
    35                              <1> %else
    36                              <1>  push si
    37                              <1>  mov si, %%str
    38                              <1> %%.loop:
    39                              <1>  lodsb
    40                              <1>  or al, al
    41                              <1>  jz %%.done
    42                              <1>  out 0xE9, al
    43                              <1>  jmp %%.loop
    44                              <1> %%.done:
    45                              <1>  pop si
    46                              <1> %endif
  4981 0000378B B001                        mov     al, 1
  4982 0000378D EB09                        jmp     .pp_out
  4983                                  
  4984                                  .pp_invalid:
  4985 0000378F C605[7F000100]00            mov     byte [pe_state], 0
  4986 00003796 30C0                        xor     al, al
  4987                                  .pp_out:
  4988 00003798 5F                          pop     edi
  4989 00003799 5E                          pop     esi
  4990 0000379A 5A                          pop     edx
  4991 0000379B 59                          pop     ecx
  4992 0000379C 5B                          pop     ebx
  4993 0000379D C3                          ret
  4994                                  
  4995                                  ; ============================================================================
  4996                                  ; pe_rva_to_fileoff — convert RVA to file offset within pe_download_buf
  4997                                  ;   IN:  eax = RVA
  4998                                  ;   OUT: eax = file offset, or 0xFFFFFFFF if unmapped
  4999                                  ;   Clobbers: eax ebx ecx edx esi edi
  5000                                  ; ============================================================================
  5001                                  pe_rva_to_fileoff:
  5002 0000379E 53                          push    ebx
  5003 0000379F 51                          push    ecx
  5004 000037A0 52                          push    edx
  5005 000037A1 56                          push    esi
  5006 000037A2 57                          push    edi
  5007                                  
  5008 000037A3 8B0D[84000100]              mov     ecx, [pe_sections]
  5009 000037A9 85C9                        test    ecx, ecx
  5010 000037AB 7430                        jz      .rva_fail
  5011 000037AD 89C6                        mov     esi, eax                 ; save RVA
  5012                                  
  5013 000037AF BF[1C050100]                mov     edi, pe_download_buf     ; edi = buffer base (label, NOT [ptr])
  5014 000037B4 033D[C2000100]              add     edi, [pe_sectable_off]  ; edi → section table
  5015                                  
  5016                                  .rva_section_loop:
  5017 000037BA 85C9                        test    ecx, ecx
  5018 000037BC 741F                        jz      .rva_fail
  5019                                  
  5020                                      ; section VA at +12
  5021 000037BE 8B5F0C                      mov     ebx, [edi + 12]
  5022                                      ; section VirtualSize at +8
  5023 000037C1 8B5708                      mov     edx, [edi + 8]
  5024                                  
  5025 000037C4 39DE                        cmp     esi, ebx
  5026 000037C6 7215                        jb      .rva_fail               ; rva < section VA, and sections sorted
  5027                                  
  5028 000037C8 01DA                        add     edx, ebx                ; edx = section VA + size
  5029 000037CA 39D6                        cmp     esi, edx
  5030 000037CC 7309                        jae     .rva_next_section
  5031                                  
  5032                                      ; found
  5033 000037CE 8B4714                      mov     eax, [edi + 20]         ; PointerToRawData
  5034 000037D1 29DE                        sub     esi, ebx                ; offset within section
  5035 000037D3 01F0                        add     eax, esi
  5036 000037D5 EB0B                        jmp     .rva_out
  5037                                  
  5038                                  .rva_next_section:
  5039 000037D7 83C728                      add     edi, 40
  5040 000037DA 49                          dec     ecx
  5041 000037DB EBDD                        jmp     .rva_section_loop
  5042                                  
  5043                                  .rva_fail:
  5044 000037DD B8FFFFFFFF                  mov     eax, 0xFFFFFFFF
  5045                                  .rva_out:
  5046 000037E2 5F                          pop     edi
  5047 000037E3 5E                          pop     esi
  5048 000037E4 5A                          pop     edx
  5049 000037E5 59                          pop     ecx
  5050 000037E6 5B                          pop     ebx
  5051 000037E7 C3                          ret
  5052                                  
  5053                                  ; ============================================================================
  5054                                  ; pe_apply_relocs — apply Base Relocation table (DIR32NB)
  5055                                  ;   IN:  pe_reloc_delta = pe_load_base - pe_imagebase
  5056                                  ;        pe_datadir_off, pe_download_buf, pe_download_len
  5057                                  ;   Clobbers: eax ebx ecx edx esi edi
  5058                                  ; ============================================================================
  5059                                  pe_apply_relocs:
  5060 000037E8 53                          push    ebx
  5061 000037E9 51                          push    ecx
  5062 000037EA 52                          push    edx
  5063 000037EB 56                          push    esi
  5064 000037EC 57                          push    edi
  5065                                  
  5066                                      ; delta check
  5067 000037ED A1[CA000100]                mov     eax, [pe_reloc_delta]
  5068 000037F2 85C0                        test    eax, eax
  5069 000037F4 0F8499000000                jz      .reloc_done
  5070                                  
  5071                                      ; BaseRelocationDir at DataDirectory[4], offset 4*8=32
  5072 000037FA 8B35[BE000100]              mov     esi, [pe_datadir_off]
  5073 00003800 83C620                      add     esi, 32
  5074 00003803 8BB6[1C050100]              mov     esi, [pe_download_buf + esi]
  5075 00003809 85F6                        test    esi, esi
  5076 0000380B 0F8482000000                jz      .reloc_done             ; no relocation table
  5077                                  
  5078                                      ; RVA → file offset
  5079 00003811 56                          push    esi
  5080 00003812 E887FFFFFF                  call    pe_rva_to_fileoff
  5081 00003817 59                          pop     ecx
  5082 00003818 83F8FF                      cmp     eax, 0xFFFFFFFF
  5083 0000381B 7476                        je      .reloc_done
  5084 0000381D BF[1C050100]                mov     edi, pe_download_buf     ; buffer base (label, NOT [ptr])
  5085 00003822 01C7                        add     edi, eax
  5086                                  
  5087                                  .reloc_walk:
  5088                                      ; bounds check: edi - pe_download_buf < pe_download_len
  5089 00003824 89F8                        mov     eax, edi
  5090 00003826 2D[1C050100]                sub     eax, pe_download_buf
  5091 0000382B 3B05[1C050200]              cmp     eax, [pe_download_len]
  5092 00003831 7360                        jae     .reloc_done
  5093                                  
  5094 00003833 8B1F                        mov     ebx, [edi]              ; block VirtualAddress
  5095 00003835 8B4F04                      mov     ecx, [edi + 4]          ; block SizeOfBlock
  5096 00003838 85C9                        test    ecx, ecx
  5097 0000383A 7457                        jz      .reloc_done
  5098 0000383C 83F908                      cmp     ecx, 8
  5099 0000383F 7652                        jbe     .reloc_done
  5100                                  
  5101                                      ; base_addr for this block
  5102 00003841 8B15[C6000100]              mov     edx, [pe_load_base]
  5103 00003847 01DA                        add     edx, ebx
  5104                                  
  5105 00003849 83E908                      sub     ecx, 8
  5106 0000384C D1E9                        shr     ecx, 1
  5107 0000384E 83C708                      add     edi, 8
  5108                                  
  5109                                  .reloc_entry_loop:
  5110 00003851 85C9                        test    ecx, ecx
  5111 00003853 74CF                        jz      .reloc_walk
  5112                                  
  5113 00003855 668B1F                      mov     bx, [edi]
  5114 00003858 0FB6C7                      movzx   eax, bh                 ; type (hi 4 bits)
  5115 0000385B 83E00F                      and     eax, 0x0F
  5116 0000385E 83F803                      cmp     eax, 3
  5117 00003861 752A                        jne     .reloc_skip
  5118                                  
  5119                                      ; offset = lo 12 bits
  5120 00003863 6681E3FF0F                  and     bx, 0x0FFF
  5121 00003868 0FB7C3                      movzx   eax, bx
  5122 0000386B 01D0                        add     eax, edx                ; target address (absolute)
  5123                                  
  5124                                      ; safety: within 0x40000 of pe_load_base
  5125                                      ; Save loop counter ecx, use edx for check (edx=base_addr no longer needed)
  5126 0000386D 51                          push    ecx
  5127 0000386E 89C1                        mov     ecx, eax
  5128 00003870 2B0D[C6000100]              sub     ecx, [pe_load_base]
  5129 00003876 81F900000400                cmp     ecx, 0x40000
  5130 0000387C 59                          pop     ecx
  5131 0000387D 730E                        jae     .reloc_skip
  5132                                  
  5133                                      ; Read current value, add delta, write back
  5134                                      ; (cannot use add [eax], [pe_reloc_delta] — mem-mem forbidden)
  5135 0000387F 50                          push    eax
  5136 00003880 51                          push    ecx                      ; save loop counter again
  5137 00003881 8B08                        mov     ecx, [eax]
  5138 00003883 030D[CA000100]              add     ecx, [pe_reloc_delta]
  5139 00003889 8908                        mov     [eax], ecx
  5140 0000388B 59                          pop     ecx                      ; restore loop counter
  5141 0000388C 58                          pop     eax
  5142                                  
  5143                                  .reloc_skip:
  5144 0000388D 83C702                      add     edi, 2
  5145 00003890 49                          dec     ecx
  5146 00003891 EBBE                        jmp     .reloc_entry_loop
  5147                                  
  5148                                  .reloc_done:
  5149 00003893 5F                          pop     edi
  5150 00003894 5E                          pop     esi
  5151 00003895 5A                          pop     edx
  5152 00003896 59                          pop     ecx
  5153 00003897 5B                          pop     ebx
  5154 00003898 C3                          ret
  5155                                  
  5156                                  ; ============================================================================
  5157                                  ; pe_load — copy PE sections to pe_load_base, apply relocations
  5158                                  ;   IN:  pe_sections, pe_sectable_off, pe_download_buf, pe_download_len
  5159                                  ;   OUT: pe_state = 1 (success), pe_state = 0 (fail)
  5160                                  ;        AL = 1/0
  5161                                  ;   Clobbers: eax ebx ecx edx esi edi
  5162                                  ; ============================================================================
  5163                                  pe_load:
  5164 00003899 53                          push    ebx
  5165 0000389A 51                          push    ecx
  5166 0000389B 52                          push    edx
  5167 0000389C 56                          push    esi
  5168 0000389D 57                          push    edi
  5169                                  
  5170                                      ; Set load base
  5171 0000389E B800004000                  mov     eax, PE_LOAD_BASE
  5172 000038A3 A3[C6000100]                mov     [pe_load_base], eax
  5173                                  
  5174                                      ; Zero init
  5175 000038A8 89C7                        mov     edi, eax
  5176 000038AA B900400000                  mov     ecx, PE_MAX_SIZE / 4
  5177 000038AF 31C0                        xor     eax, eax
  5178 000038B1 F3AB                        rep     stosd
  5179                                  
  5180 000038B3 8B0D[84000100]              mov     ecx, [pe_sections]
  5181 000038B9 85C9                        test    ecx, ecx
  5182 000038BB 0F8485000000                jz      .load_no_sections
  5183                                  
  5184 000038C1 BE[1C050100]                mov     esi, pe_download_buf     ; buffer base (label, NOT [ptr])
  5185 000038C6 0335[C2000100]              add     esi, [pe_sectable_off]
  5186                                  
  5187                                  .load_section_loop:
  5188 000038CC 85C9                        test    ecx, ecx
  5189 000038CE 7456                        jz      .load_done
  5190                                  
  5191                                      ; Read section fields
  5192 000038D0 8B5E0C                      mov     ebx, [esi + 12]         ; VirtualAddress
  5193 000038D3 8B5610                      mov     edx, [esi + 16]         ; SizeOfRawData
  5194 000038D6 8B7E14                      mov     edi, [esi + 20]         ; PointerToRawData
  5195                                  
  5196 000038D9 85DB                        test    ebx, ebx
  5197 000038DB 7443                        jz      .load_next_section
  5198 000038DD 85D2                        test    edx, edx
  5199 000038DF 743F                        jz      .load_next_section
  5200 000038E1 85FF                        test    edi, edi
  5201 000038E3 743B                        jz      .load_next_section
  5202                                  
  5203                                      ; Bounds: edi + edx <= pe_download_len
  5204 000038E5 56                          push    esi
  5205 000038E6 53                          push    ebx
  5206 000038E7 52                          push    edx
  5207 000038E8 57                          push    edi
  5208 000038E9 89FE                        mov     esi, edi
  5209 000038EB 01D6                        add     esi, edx
  5210 000038ED 3B35[1C050200]              cmp     esi, [pe_download_len]
  5211 000038F3 5F                          pop     edi
  5212 000038F4 5A                          pop     edx
  5213 000038F5 5B                          pop     ebx
  5214 000038F6 5E                          pop     esi
  5215 000038F7 7727                        ja      .load_next_section
  5216                                  
  5217                                      ; Source pointer
  5218 000038F9 53                          push    ebx
  5219 000038FA 52                          push    edx
  5220 000038FB 57                          push    edi
  5221 000038FC 56                          push    esi
  5222 000038FD 51                          push    ecx                      ; save section counter
  5223 000038FE BE[1C050100]                mov     esi, pe_download_buf     ; buffer base (label, NOT [ptr])
  5224 00003903 01FE                        add     esi, edi                ; edi = PointerToRawData
  5225 00003905 8B3D[C6000100]              mov     edi, [pe_load_base]
  5226 0000390B 01DF                        add     edi, ebx                ; ebx = VirtualAddress
  5227                                  
  5228 0000390D 89D1                        mov     ecx, edx
  5229 0000390F C1E902                      shr     ecx, 2
  5230 00003912 F3A5                        rep     movsd
  5231 00003914 89D1                        mov     ecx, edx
  5232 00003916 83E103                      and     ecx, 3
  5233 00003919 F3A4                        rep     movsb
  5234 0000391B 59                          pop     ecx                      ; restore section counter
  5235 0000391C 5E                          pop     esi
  5236 0000391D 5F                          pop     edi
  5237 0000391E 5A                          pop     edx
  5238 0000391F 5B                          pop     ebx
  5239                                  
  5240                                  .load_next_section:
  5241 00003920 83C628                      add     esi, 40
  5242 00003923 49                          dec     ecx
  5243 00003924 EBA6                        jmp     .load_section_loop
  5244                                  
  5245                                  .load_done:
  5246                                      ; 4. Apply relocations
  5247 00003926 A1[C6000100]                mov     eax, [pe_load_base]
  5248 0000392B 2B05[B2000100]              sub     eax, [pe_imagebase]
  5249 00003931 A3[CA000100]                mov     [pe_reloc_delta], eax
  5250 00003936 E8ADFEFFFF                  call    pe_apply_relocs
  5251                                  
  5252 0000393B C605[7F000100]01            mov     byte [pe_state], 1
  5253 00003942 B001                        mov     al, 1
  5254 00003944 EB0B                        jmp     .load_out
  5255                                  
  5256                                  .load_no_sections:
  5257 00003946 C605[7F000100]00            mov     byte [pe_state], 0
  5258 0000394D 30C0                        xor     al, al
  5259 0000394F EB00                        jmp     .load_out
  5260                                  
  5261                                  .load_out:
  5262 00003951 5F                          pop     edi
  5263 00003952 5E                          pop     esi
  5264 00003953 5A                          pop     edx
  5265 00003954 59                          pop     ecx
  5266 00003955 5B                          pop     ebx
  5267 00003956 C3                          ret
  5268                                  
  5269                                  ; ============================================================================
  5270                                  ; exe_load — load bytecode for run_prog exe entry.
  5271                                  ;   Priority:
  5272                                  ;     1. file_table[run_prog].FS_CONTENT_OFF != UNSET
  5273                                  ;          -> copy from file_contents_pool[content_off] (INSTALLED EXE)
  5274                                  ;     2. dl_valid == 1  -> copy transient dl_code (rare/legacy path)
  5275                                  ;     3. fall back to built-in ludashi_code (slot 6) / app_code (slot 7)
  5276                                  ; ============================================================================
  5277                                  exe_load:
  5278 00003957 53                          push    ebx
  5279 00003958 51                          push    ecx
  5280 00003959 52                          push    edx
  5281 0000395A 56                          push    esi
  5282 0000395B 57                          push    edi
  5283 0000395C C605[8EBE0000]00            mov     byte [exe_running], 0
  5284                                      ; ========================================================================
  5285                                      ; Priority 0: already-parsed PE (pe_state==1, pe_download_buf filled)
  5286                                      ; Pipeline: pe_load → pe_resolve_imports → pe_exec
  5287                                      ; ========================================================================
  5288 00003963 803D[7F000100]01            cmp     byte [pe_state], 1
  5289 0000396A 0F85FC000000                jne     .el_prio05
  5290                                  .el_prio0_start:
  5291 00003970 E824FFFFFF                  call    pe_load
  5292 00003975 50                          push    eax                     ; dbg_puts clobbers AL
  5293                                      dbg_puts "[A4X] el: pe_load ret", 13, 10, 0
    21 00003976 EB18                <1>  jmp %%skip
    22 00003978 5B4134585D20656C3A- <1> %%str db %1
    22 00003981 2070655F6C6F616420- <1>
    22 0000398A 7265740D0A00        <1>
    23                              <1> %%skip:
    24                              <1> %if __BITS__ == 32
    25 00003990 56                  <1>  push esi
    26 00003991 BE[78390000]        <1>  mov esi, %%str
    27                              <1> %%.loop:
    28 00003996 AC                  <1>  lodsb
    29 00003997 08C0                <1>  or al, al
    30 00003999 7404                <1>  jz %%.done
    31 0000399B E6E9                <1>  out 0xE9, al
    32 0000399D EBF7                <1>  jmp %%.loop
    33                              <1> %%.done:
    34 0000399F 5E                  <1>  pop esi
    35                              <1> %else
    36                              <1>  push si
    37                              <1>  mov si, %%str
    38                              <1> %%.loop:
    39                              <1>  lodsb
    40                              <1>  or al, al
    41                              <1>  jz %%.done
    42                              <1>  out 0xE9, al
    43                              <1>  jmp %%.loop
    44                              <1> %%.done:
    45                              <1>  pop si
    46                              <1> %endif
  5294 000039A0 58                          pop     eax
  5295 000039A1 84C0                        test    al, al
  5296 000039A3 0F84FA010000                jz      .el_d
  5297 000039A9 E8B0350000                  call    pe_resolve_imports
  5298 000039AE 50                          push    eax                     ; dbg_puts clobbers AL
  5299                                      dbg_puts "[A4X] el: imports ret IAT0=", 0
    21 000039AF EB1C                <1>  jmp %%skip
    22 000039B1 5B4134585D20656C3A- <1> %%str db %1
    22 000039BA 20696D706F72747320- <1>
    22 000039C3 72657420494154303D- <1>
    22 000039CC 00                  <1>
    23                              <1> %%skip:
    24                              <1> %if __BITS__ == 32
    25 000039CD 56                  <1>  push esi
    26 000039CE BE[B1390000]        <1>  mov esi, %%str
    27                              <1> %%.loop:
    28 000039D3 AC                  <1>  lodsb
    29 000039D4 08C0                <1>  or al, al
    30 000039D6 7404                <1>  jz %%.done
    31 000039D8 E6E9                <1>  out 0xE9, al
    32 000039DA EBF7                <1>  jmp %%.loop
    33                              <1> %%.done:
    34 000039DC 5E                  <1>  pop esi
    35                              <1> %else
    36                              <1>  push si
    37                              <1>  mov si, %%str
    38                              <1> %%.loop:
    39                              <1>  lodsb
    40                              <1>  or al, al
    41                              <1>  jz %%.done
    42                              <1>  out 0xE9, al
    43                              <1>  jmp %%.loop
    44                              <1> %%.done:
    45                              <1>  pop si
    46                              <1> %endif
  5300 000039DD A160204000                  mov     eax, [0x402060]
  5301 000039E2 E829FCFFFF                  call    dbg_print_eax_hex
  5302                                      dbg_puts 13, 10, 0
    21 000039E7 EB03                <1>  jmp %%skip
    22 000039E9 0D0A00              <1> %%str db %1
    23                              <1> %%skip:
    24                              <1> %if __BITS__ == 32
    25 000039EC 56                  <1>  push esi
    26 000039ED BE[E9390000]        <1>  mov esi, %%str
    27                              <1> %%.loop:
    28 000039F2 AC                  <1>  lodsb
    29 000039F3 08C0                <1>  or al, al
    30 000039F5 7404                <1>  jz %%.done
    31 000039F7 E6E9                <1>  out 0xE9, al
    32 000039F9 EBF7                <1>  jmp %%.loop
    33                              <1> %%.done:
    34 000039FB 5E                  <1>  pop esi
    35                              <1> %else
    36                              <1>  push si
    37                              <1>  mov si, %%str
    38                              <1> %%.loop:
    39                              <1>  lodsb
    40                              <1>  or al, al
    41                              <1>  jz %%.done
    42                              <1>  out 0xE9, al
    43                              <1>  jmp %%.loop
    44                              <1> %%.done:
    45                              <1>  pop si
    46                              <1> %endif
  5303 000039FC 58                          pop     eax
  5304 000039FD 84C0                        test    al, al
  5305 000039FF 0F849E010000                jz      .el_d
  5306 00003A05 E802360000                  call    pe_exec
  5307 00003A0A 50                          push    eax                     ; dbg_puts clobbers AL
  5308                                      dbg_puts "[A4X] el: exec ret", 13, 10, 0
    21 00003A0B EB15                <1>  jmp %%skip
    22 00003A0D 5B4134585D20656C3A- <1> %%str db %1
    22 00003A16 206578656320726574- <1>
    22 00003A1F 0D0A00              <1>
    23                              <1> %%skip:
    24                              <1> %if __BITS__ == 32
    25 00003A22 56                  <1>  push esi
    26 00003A23 BE[0D3A0000]        <1>  mov esi, %%str
    27                              <1> %%.loop:
    28 00003A28 AC                  <1>  lodsb
    29 00003A29 08C0                <1>  or al, al
    30 00003A2B 7404                <1>  jz %%.done
    31 00003A2D E6E9                <1>  out 0xE9, al
    32 00003A2F EBF7                <1>  jmp %%.loop
    33                              <1> %%.done:
    34 00003A31 5E                  <1>  pop esi
    35                              <1> %else
    36                              <1>  push si
    37                              <1>  mov si, %%str
    38                              <1> %%.loop:
    39                              <1>  lodsb
    40                              <1>  or al, al
    41                              <1>  jz %%.done
    42                              <1>  out 0xE9, al
    43                              <1>  jmp %%.loop
    44                              <1> %%.done:
    45                              <1>  pop si
    46                              <1> %endif
  5309 00003A32 58                          pop     eax
  5310 00003A33 84C0                        test    al, al
  5311 00003A35 0F8468010000                jz      .el_d
  5312                                      dbg_puts "[PE] exec returned OK", 13, 10, 0
    21 00003A3B EB18                <1>  jmp %%skip
    22 00003A3D 5B50455D2065786563- <1> %%str db %1
    22 00003A46 2072657475726E6564- <1>
    22 00003A4F 204F4B0D0A00        <1>
    23                              <1> %%skip:
    24                              <1> %if __BITS__ == 32
    25 00003A55 56                  <1>  push esi
    26 00003A56 BE[3D3A0000]        <1>  mov esi, %%str
    27                              <1> %%.loop:
    28 00003A5B AC                  <1>  lodsb
    29 00003A5C 08C0                <1>  or al, al
    30 00003A5E 7404                <1>  jz %%.done
    31 00003A60 E6E9                <1>  out 0xE9, al
    32 00003A62 EBF7                <1>  jmp %%.loop
    33                              <1> %%.done:
    34 00003A64 5E                  <1>  pop esi
    35                              <1> %else
    36                              <1>  push si
    37                              <1>  mov si, %%str
    38                              <1> %%.loop:
    39                              <1>  lodsb
    40                              <1>  or al, al
    41                              <1>  jz %%.done
    42                              <1>  out 0xE9, al
    43                              <1>  jmp %%.loop
    44                              <1> %%.done:
    45                              <1>  pop si
    46                              <1> %endif
  5313 00003A65 B001                        mov     al, 1                   ; OUT: AL=1 — dbg_puts' lodsb leaves AL=0
  5314 00003A67 E937010000                  jmp     .el_d
  5315                                  .el_prio05:
  5316                                      ; Priority 0.5: file_table[run_prog] is FS_TYPE_FILE_EXE with PE content
  5317 00003A6C 31C0                        xor     eax, eax
  5318 00003A6E A0[CFB10000]                mov     al, [run_prog]
  5319 00003A73 84C0                        test    al, al
  5320 00003A75 7465                        jz      .el_prio1
  5321 00003A77 B920000000                  mov     ecx, FS_SZ
  5322 00003A7C 0FAFC1                      imul    eax, ecx
  5323 00003A7F 05[C8B60000]                add     eax, file_table
  5324 00003A84 80781006                    cmp     byte [eax+16], FS_TYPE_FILE_EXE
  5325 00003A88 7552                        jne     .el_prio1
  5326 00003A8A 8B5018                      mov     edx, [eax + FS_CONTENT_OFF]
  5327 00003A8D 83FAFF                      cmp     edx, FS_CONTENT_UNSET
  5328 00003A90 744A                        je      .el_prio1
  5329                                      ; Copy from file_contents_pool to pe_download_buf
  5330 00003A92 53                          push    ebx
  5331 00003A93 51                          push    ecx
  5332 00003A94 56                          push    esi
  5333 00003A95 57                          push    edi
  5334 00003A96 BE[BA710000]                mov     esi, file_contents_pool
  5335 00003A9B 01D6                        add     esi, edx
  5336 00003A9D BF[1C050100]                mov     edi, pe_download_buf
  5337 00003AA2 8B481C                      mov     ecx, [eax + FS_CONTENT_LEN]
  5338 00003AA5 81F900000100                cmp     ecx, PE_DOWNLOAD_MAX
  5339 00003AAB 7605                        jbe     .el_pe05_ok
  5340 00003AAD B900000100                  mov     ecx, PE_DOWNLOAD_MAX
  5341                                  .el_pe05_ok:
  5342 00003AB2 F3A4                        rep     movsb
  5343 00003AB4 890D[1C050200]              mov     [pe_download_len], ecx
  5344                                      ; Check MZ magic
  5345 00003ABA 66A1[1C050100]              mov     ax, [pe_download_buf]
  5346 00003AC0 663D4D5A                    cmp     ax, 0x5A4D
  5347 00003AC4 7512                        jne     .el_pe05_bad
  5348                                      ; Parse PE
  5349 00003AC6 E898FBFFFF                  call    pe_parse
  5350 00003ACB 84C0                        test    al, al
  5351 00003ACD 7409                        jz      .el_pe05_bad
  5352                                      ; Success — pe_state is now 1, jump to Priority 0 pipeline
  5353 00003ACF 5F                          pop     edi
  5354 00003AD0 5E                          pop     esi
  5355 00003AD1 59                          pop     ecx
  5356 00003AD2 5B                          pop     ebx
  5357 00003AD3 E998FEFFFF                  jmp     .el_prio0_start
  5358                                  .el_pe05_bad:
  5359 00003AD8 5F                          pop     edi
  5360 00003AD9 5E                          pop     esi
  5361 00003ADA 59                          pop     ecx
  5362 00003ADB 5B                          pop     ebx
  5363                                  .el_prio1:
  5364 00003ADC 31C0                        xor     eax, eax
  5365 00003ADE A0[CFB10000]                mov     al, [run_prog]
  5366 00003AE3 84C0                        test    al, al
  5367 00003AE5 0F84B8000000                jz      .el_d
  5368 00003AEB B920000000                  mov     ecx, FS_SZ
  5369 00003AF0 0FAFC1                      imul    eax, ecx
  5370 00003AF3 05[C8B60000]                add     eax, file_table         ; eax = &file_table[j]
  5371 00003AF8 80781006                    cmp     byte [eax+16], FS_TYPE_FILE_EXE
  5372 00003AFC 0F85A1000000                jne     .el_d
  5373                                      ; Priority 1: installed content?
  5374 00003B02 8B5018                      mov     edx, [eax + FS_CONTENT_OFF]
  5375 00003B05 83FAFF                      cmp     edx, FS_CONTENT_UNSET
  5376 00003B08 740C                        je      .el_prio2
  5377                                      ; yes -> copy file_contents_pool[edx] to exe_code (up to content_len bytes)
  5378 00003B0A BE[BA710000]                mov     esi, file_contents_pool
  5379 00003B0F 01D6                        add     esi, edx
  5380 00003B11 8B481C                      mov     ecx, [eax + FS_CONTENT_LEN]
  5381 00003B14 EB34                        jmp     .el_clip_and_copy
  5382                                  .el_prio2:
  5383                                      ; Priority 2: transient dl_valid == 1 (raw download, not yet installed)
  5384 00003B16 803D[B9710000]01            cmp     byte [dl_valid], 1
  5385 00003B1D 750C                        jne     .el_def
  5386 00003B1F BE[1B010100]                mov     esi, dl_code
  5387 00003B24 B900040000                  mov     ecx, DL_CODE_SZ
  5388 00003B29 EB1F                        jmp     .el_clip_and_copy
  5389                                  .el_def:
  5390 00003B2B 803D[CFB10000]06            cmp     byte [run_prog], 6
  5391 00003B32 750C                        jne     .el_app
  5392 00003B34 BE[F9000100]                mov     esi, ludashi_code
  5393 00003B39 B920000000                  mov     ecx, 32
  5394 00003B3E EB0A                        jmp     .el_clip_and_copy
  5395                                  .el_app:
  5396 00003B40 BE[EA000100]                mov     esi, app_code
  5397 00003B45 B920000000                  mov     ecx, 32
  5398                                  .el_clip_and_copy:
  5399                                      ; clamp ecx <= EXE_CONTENT_CHUNK
  5400 00003B4A 81F900040000                cmp     ecx, EXE_CONTENT_CHUNK
  5401 00003B50 7605                        jbe     .el_clip_ok
  5402 00003B52 B900040000                  mov     ecx, EXE_CONTENT_CHUNK
  5403                                  .el_clip_ok:
  5404 00003B57 51                          push    ecx                      ; save for clear-tail length calc
  5405 00003B58 BF[2ABA0000]                mov     edi, exe_code
  5406                                      ; first clear entire exe_code buffer to 0 so stale bytes never leak
  5407 00003B5D 51                          push    ecx
  5408 00003B5E 57                          push    edi
  5409 00003B5F B900010000                  mov     ecx, EXE_CONTENT_CHUNK/4
  5410 00003B64 31C0                        xor     eax, eax
  5411 00003B66 F3AB                        rep     stosd
  5412 00003B68 5F                          pop     edi
  5413 00003B69 59                          pop     ecx
  5414 00003B6A F3A4                        rep     movsb                    ; copy actual bytecode body
  5415                                      ; exe_running = 1 + init all VM state
  5416 00003B6C C605[8EBE0000]01            mov     byte [exe_running], 1
  5417 00003B73 6631C0                      xor     ax, ax
  5418 00003B76 66A3[D0B10000]              mov     [exe_pc], ax
  5419 00003B7C 66A3[D2B10000]              mov     [exe_sp], ax
  5420 00003B82 A2[D4B10000]                mov     [exe_flags], al
  5421 00003B87 A2[D5B10000]                mov     [exe_done], al
  5422 00003B8C 66A3[8CBE0000]              mov     [exe_delay], ax
  5423 00003B92 66A3[8ABE0000]              mov     [exe_out_len], ax
  5424 00003B98 A2[28BA0000]                mov     [exe_csp], al
  5425 00003B9D A2[29BA0000]                mov     [exe_zf], al
  5426 00003BA2 59                          pop     ecx                      ; discard earlier push (we don't need it)
  5427                                  .el_d:
  5428 00003BA3 5F                          pop     edi
  5429 00003BA4 5E                          pop     esi
  5430 00003BA5 5A                          pop     edx
  5431 00003BA6 59                          pop     ecx
  5432 00003BA7 5B                          pop     ebx
  5433 00003BA8 C3                          ret
  5434                                  
  5435                                  ; ============================================================================
  5436                                  ; exe_run — execute one bytecode step (called per tick)
  5437                                  ; ============================================================================
  5438                                  exe_run:
  5439 00003BA9 50                          push    eax
  5440 00003BAA 53                          push    ebx
  5441 00003BAB 51                          push    ecx
  5442 00003BAC 52                          push    edx
  5443 00003BAD 57                          push    edi
  5444 00003BAE 56                          push    esi
  5445 00003BAF 803D[8EBE0000]01            cmp     byte [exe_running], 1
  5446 00003BB6 0F8558050000                jne     .er_d
  5447 00003BBC 803D[D5B10000]01            cmp     byte [exe_done], 1
  5448 00003BC3 0F844B050000                je      .er_d
  5449 00003BC9 66A1[8CBE0000]              mov     ax, [exe_delay]
  5450 00003BCF 6685C0                      test    ax, ax
  5451 00003BD2 740C                        jz      .er_ok
  5452 00003BD4 66FF0D[8CBE0000]            dec     word [exe_delay]
  5453 00003BDB E934050000                  jmp     .er_d
  5454                                  .er_ok:
  5455 00003BE0 A1[D0B10000]                mov     eax, [exe_pc]
  5456 00003BE5 BE[2ABA0000]                mov     esi, exe_code
  5457 00003BEA 01C6                        add     esi, eax
  5458 00003BEC 8A06                        mov     al, [esi]
  5459 00003BEE 3C00                        cmp     al, 0
  5460 00003BF0 0F849D000000                je      .er_halt
  5461 00003BF6 3C01                        cmp     al, 1
  5462 00003BF8 0F84A1000000                je      .er_push
  5463 00003BFE 3C02                        cmp     al, 2
  5464 00003C00 0F84D2000000                je      .er_pop
  5465 00003C06 3C03                        cmp     al, 3
  5466 00003C08 0F8402010000                je      .er_print
  5467 00003C0E 3C04                        cmp     al, 4
  5468 00003C10 0F843B010000                je      .er_add
  5469 00003C16 3C05                        cmp     al, 5
  5470 00003C18 0F8478010000                je      .er_sub
  5471 00003C1E 3C06                        cmp     al, 6
  5472 00003C20 0F84B5010000                je      .er_and
  5473 00003C26 3C07                        cmp     al, 7
  5474 00003C28 0F84EE010000                je      .er_or
  5475 00003C2E 3C08                        cmp     al, 8
  5476 00003C30 0F8427020000                je      .er_cmp
  5477 00003C36 3C09                        cmp     al, 9
  5478 00003C38 0F8472020000                je      .er_jz
  5479 00003C3E 3C0A                        cmp     al, 10
  5480 00003C40 0F8488020000                je      .er_jnz
  5481 00003C46 3C0B                        cmp     al, 11
  5482 00003C48 0F84B3020000                je      .er_call
  5483 00003C4E 3C0C                        cmp     al, 12
  5484 00003C50 0F84F2020000                je      .er_ret
  5485 00003C56 3C10                        cmp     al, 16
  5486 00003C58 0F8417030000                je      .er_delay
  5487 00003C5E 3CFF                        cmp     al, 0xFF
  5488 00003C60 0F842C030000                je      .er_int
  5489 00003C66 3C20                        cmp     al, 0x20
  5490 00003C68 0F843B030000                je      .er_push2
  5491 00003C6E 3C21                        cmp     al, 0x21
  5492 00003C70 0F846E030000                je      .er_push4
  5493 00003C76 3C22                        cmp     al, 0x22
  5494 00003C78 0F849F030000                je      .er_loadm
  5495 00003C7E 3C23                        cmp     al, 0x23
  5496 00003C80 0F84D0030000                je      .er_storm
  5497 00003C86 3C24                        cmp     al, 0x24
  5498 00003C88 0F8400040000                je      .er_printhex
  5499 00003C8E E958040000                  jmp     .er_skip
  5500                                  ; --- HALT ---
  5501                                  .er_halt:
  5502 00003C93 C605[D5B10000]01            mov     byte [exe_done], 1
  5503                                  %ifdef NET_TEST
  5504                                      dbg_puts "[A4X] NET_TEST: VM halted, out_len=", 0
  5505                                  %endif
  5506 00003C9A E975040000                  jmp     .er_d
  5507                                  ; --- PUSH imm8 ---
  5508                                  .er_push:
  5509 00003C9F 8A0D[D2B10000]              mov     cl, [exe_sp]
  5510 00003CA5 84C9                        test    cl, cl
  5511 00003CA7 0F843E040000                jz      .er_skip
  5512 00003CAD FEC9                        dec     cl
  5513 00003CAF 880D[D2B10000]              mov     [exe_sp], cl
  5514 00003CB5 8A4601                      mov     al, [esi+1]
  5515 00003CB8 BB[C8B90000]                mov     ebx, exe_stack
  5516 00003CBD C0E102                      shl     cl, 2
  5517 00003CC0 88040B                      mov     [ebx+ecx], al
  5518 00003CC3 66A1[D0B10000]              mov     ax, [exe_pc]
  5519 00003CC9 6683C002                    add     ax, 2
  5520 00003CCD 66A3[D0B10000]              mov     [exe_pc], ax
  5521 00003CD3 E923040000                  jmp     .er_up
  5522                                  ; --- POP ---
  5523                                  .er_pop:
  5524 00003CD8 8A0D[D2B10000]              mov     cl, [exe_sp]
  5525 00003CDE 80F90F                      cmp     cl, 15
  5526 00003CE1 0F8D04040000                jge     .er_skip
  5527 00003CE7 BB[C8B90000]                mov     ebx, exe_stack
  5528 00003CEC C0E102                      shl     cl, 2
  5529 00003CEF 80340B00                    xor     byte [ebx+ecx], 0
  5530 00003CF3 FEC1                        inc     cl
  5531 00003CF5 880D[D2B10000]              mov     [exe_sp], cl
  5532 00003CFB 66A1[D0B10000]              mov     ax, [exe_pc]
  5533 00003D01 6683C001                    add     ax, 1
  5534 00003D05 66A3[D0B10000]              mov     [exe_pc], ax
  5535 00003D0B E9EB030000                  jmp     .er_up
  5536                                  ; --- PRINT cstring (append to exe_out, advance PC past string+null) ---
  5537                                  .er_print:
  5538 00003D10 46                          inc     esi                    ; skip opcode, esi -> string
  5539 00003D11 BF[4ABE0000]                mov     edi, exe_out
  5540 00003D16 0FB705[8ABE0000]            movzx   eax, word [exe_out_len]
  5541 00003D1D 01C7                        add     edi, eax               ; edi -> append position
  5542                                  .er_ploop:
  5543 00003D1F 81FF[85BE0000]              cmp     edi, exe_out + 59
  5544 00003D25 730C                        jae     .er_pdone              ; buffer full
  5545 00003D27 8A06                        mov     al, [esi]
  5546 00003D29 84C0                        test    al, al
  5547 00003D2B 7406                        jz      .er_pdone              ; null terminator
  5548 00003D2D 8807                        mov     [edi], al
  5549 00003D2F 46                          inc     esi
  5550 00003D30 47                          inc     edi
  5551 00003D31 EBEC                        jmp     .er_ploop
  5552                                  .er_pdone:
  5553                                      ; Advance esi to null terminator (if stopped early due to buffer full)
  5554 00003D33 803E00                      cmp     byte [esi], 0
  5555 00003D36 7406                        je      .er_pskip
  5556                                  .er_padv:
  5557 00003D38 46                          inc     esi
  5558 00003D39 803E00                      cmp     byte [esi], 0
  5559 00003D3C 75FA                        jne     .er_padv
  5560                                  .er_pskip:
  5561 00003D3E 46                          inc     esi                    ; skip null terminator
  5562                                      ; Set PC = esi - exe_code (esi now points past string+null)
  5563 00003D3F 89F0                        mov     eax, esi
  5564 00003D41 2D[2ABA0000]                sub     eax, exe_code
  5565 00003D46 66A3[D0B10000]              mov     [exe_pc], ax
  5566 00003D4C E9AA030000                  jmp     .er_up
  5567                                  ; --- ADD: stack[top-1] += stack[top] ---
  5568                                  .er_add:
  5569 00003D51 8A0D[D2B10000]              mov     cl, [exe_sp]
  5570 00003D57 84C9                        test    cl, cl
  5571 00003D59 0F848C030000                jz      .er_skip
  5572 00003D5F 88CB                        mov     bl, cl
  5573 00003D61 FECB                        dec     bl
  5574 00003D63 84DB                        test    bl, bl
  5575 00003D65 0F8480030000                jz      .er_skip
  5576 00003D6B BB[C8B90000]                mov     ebx, exe_stack
  5577 00003D70 8A4304                      mov     al, [ebx+4]
  5578 00003D73 8A13                        mov     dl, [ebx]
  5579 00003D75 00C2                        add     dl, al
  5580 00003D77 8813                        mov     [ebx], dl
  5581 00003D79 FEC9                        dec     cl
  5582 00003D7B 880D[D2B10000]              mov     [exe_sp], cl
  5583 00003D81 66A1[D0B10000]              mov     ax, [exe_pc]
  5584 00003D87 6683C001                    add     ax, 1
  5585 00003D8B 66A3[D0B10000]              mov     [exe_pc], ax
  5586 00003D91 E965030000                  jmp     .er_up
  5587                                  ; --- SUB ---
  5588                                  .er_sub:
  5589 00003D96 8A0D[D2B10000]              mov     cl, [exe_sp]
  5590 00003D9C 84C9                        test    cl, cl
  5591 00003D9E 0F8447030000                jz      .er_skip
  5592 00003DA4 88CB                        mov     bl, cl
  5593 00003DA6 FECB                        dec     bl
  5594 00003DA8 84DB                        test    bl, bl
  5595 00003DAA 0F843B030000                jz      .er_skip
  5596 00003DB0 BB[C8B90000]                mov     ebx, exe_stack
  5597 00003DB5 8A4304                      mov     al, [ebx+4]
  5598 00003DB8 8A13                        mov     dl, [ebx]
  5599 00003DBA 28C2                        sub     dl, al
  5600 00003DBC 8813                        mov     [ebx], dl
  5601 00003DBE FEC9                        dec     cl
  5602 00003DC0 880D[D2B10000]              mov     [exe_sp], cl
  5603 00003DC6 66A1[D0B10000]              mov     ax, [exe_pc]
  5604 00003DCC 6683C001                    add     ax, 1
  5605 00003DD0 66A3[D0B10000]              mov     [exe_pc], ax
  5606 00003DD6 E920030000                  jmp     .er_up
  5607                                  ; --- AND ---
  5608                                  .er_and:
  5609 00003DDB 8A0D[D2B10000]              mov     cl, [exe_sp]
  5610 00003DE1 84C9                        test    cl, cl
  5611 00003DE3 0F8402030000                jz      .er_skip
  5612 00003DE9 88CB                        mov     bl, cl
  5613 00003DEB FECB                        dec     bl
  5614 00003DED 84DB                        test    bl, bl
  5615 00003DEF 0F84F6020000                jz      .er_skip
  5616 00003DF5 BB[C8B90000]                mov     ebx, exe_stack
  5617 00003DFA 8A4304                      mov     al, [ebx+4]
  5618 00003DFD 2003                        and     [ebx], al
  5619 00003DFF FEC9                        dec     cl
  5620 00003E01 880D[D2B10000]              mov     [exe_sp], cl
  5621 00003E07 66A1[D0B10000]              mov     ax, [exe_pc]
  5622 00003E0D 6683C001                    add     ax, 1
  5623 00003E11 66A3[D0B10000]              mov     [exe_pc], ax
  5624 00003E17 E9DF020000                  jmp     .er_up
  5625                                  ; --- OR ---
  5626                                  .er_or:
  5627 00003E1C 8A0D[D2B10000]              mov     cl, [exe_sp]
  5628 00003E22 84C9                        test    cl, cl
  5629 00003E24 0F84C1020000                jz      .er_skip
  5630 00003E2A 88CB                        mov     bl, cl
  5631 00003E2C FECB                        dec     bl
  5632 00003E2E 84DB                        test    bl, bl
  5633 00003E30 0F84B5020000                jz      .er_skip
  5634 00003E36 BB[C8B90000]                mov     ebx, exe_stack
  5635 00003E3B 8A4304                      mov     al, [ebx+4]
  5636 00003E3E 0803                        or      [ebx], al
  5637 00003E40 FEC9                        dec     cl
  5638 00003E42 880D[D2B10000]              mov     [exe_sp], cl
  5639 00003E48 66A1[D0B10000]              mov     ax, [exe_pc]
  5640 00003E4E 6683C001                    add     ax, 1
  5641 00003E52 66A3[D0B10000]              mov     [exe_pc], ax
  5642 00003E58 E99E020000                  jmp     .er_up
  5643                                  ; --- CMP: set ZF if stack[top-1] == stack[top] ---
  5644                                  .er_cmp:
  5645 00003E5D 8A0D[D2B10000]              mov     cl, [exe_sp]
  5646 00003E63 84C9                        test    cl, cl
  5647 00003E65 0F8480020000                jz      .er_skip
  5648 00003E6B 88CB                        mov     bl, cl
  5649 00003E6D FECB                        dec     bl
  5650 00003E6F 84DB                        test    bl, bl
  5651 00003E71 0F8474020000                jz      .er_skip
  5652 00003E77 BB[C8B90000]                mov     ebx, exe_stack
  5653 00003E7C 8A4304                      mov     al, [ebx+4]
  5654 00003E7F 3803                        cmp     [ebx], al
  5655 00003E81 7409                        je      .er_cmp_z
  5656 00003E83 C605[29BA0000]00            mov     byte [exe_zf], 0
  5657 00003E8A EB07                        jmp     .er_cmp_d
  5658                                  .er_cmp_z:
  5659 00003E8C C605[29BA0000]01            mov     byte [exe_zf], 1
  5660                                  .er_cmp_d:
  5661 00003E93 FEC9                        dec     cl
  5662 00003E95 880D[D2B10000]              mov     [exe_sp], cl
  5663 00003E9B 66A1[D0B10000]              mov     ax, [exe_pc]
  5664 00003EA1 6683C001                    add     ax, 1
  5665 00003EA5 66A3[D0B10000]              mov     [exe_pc], ax
  5666 00003EAB E94B020000                  jmp     .er_up
  5667                                  ; --- JZ rel8 ---
  5668                                  .er_jz:
  5669 00003EB0 8A4601                      mov     al, [esi+1]
  5670 00003EB3 8A1D[29BA0000]              mov     bl, [exe_zf]
  5671 00003EB9 84DB                        test    bl, bl
  5672 00003EBB 742F                        jz      .er_jnz_d
  5673 00003EBD 66A1[D0B10000]              mov     ax, [exe_pc]
  5674 00003EC3 024601                      add     al, [esi+1]
  5675 00003EC6 66A3[D0B10000]              mov     [exe_pc], ax
  5676 00003ECC EB2E                        jmp     .er_jnz_d2
  5677                                  .er_jnz:
  5678 00003ECE 8A4601                      mov     al, [esi+1]
  5679 00003ED1 8A1D[29BA0000]              mov     bl, [exe_zf]
  5680 00003ED7 84DB                        test    bl, bl
  5681 00003ED9 7511                        jnz     .er_jnz_d
  5682 00003EDB 66A1[D0B10000]              mov     ax, [exe_pc]
  5683 00003EE1 024601                      add     al, [esi+1]
  5684 00003EE4 66A3[D0B10000]              mov     [exe_pc], ax
  5685 00003EEA EB10                        jmp     .er_jnz_d2
  5686                                  .er_jnz_d:
  5687 00003EEC 66A1[D0B10000]              mov     ax, [exe_pc]
  5688 00003EF2 6683C002                    add     ax, 2
  5689 00003EF6 66A3[D0B10000]              mov     [exe_pc], ax
  5690                                  .er_jnz_d2:
  5691 00003EFC E9FA010000                  jmp     .er_up
  5692                                  ; --- CALL rel8 ---
  5693                                  .er_call:
  5694 00003F01 8A0D[28BA0000]              mov     cl, [exe_csp]
  5695 00003F07 80F907                      cmp     cl, 7
  5696 00003F0A 0F8DDB010000                jge     .er_skip
  5697 00003F10 8A4601                      mov     al, [esi+1]
  5698 00003F13 66A1[D0B10000]              mov     ax, [exe_pc]
  5699 00003F19 6683C002                    add     ax, 2
  5700 00003F1D BB[08BA0000]                mov     ebx, exe_cstack
  5701 00003F22 C0E102                      shl     cl, 2
  5702 00003F25 6689040B                    mov     [ebx+ecx], ax
  5703 00003F29 FEC1                        inc     cl
  5704 00003F2B 880D[28BA0000]              mov     [exe_csp], cl
  5705 00003F31 8A4601                      mov     al, [esi+1]
  5706 00003F34 66A1[D0B10000]              mov     ax, [exe_pc]
  5707 00003F3A 024601                      add     al, [esi+1]
  5708 00003F3D 66A3[D0B10000]              mov     [exe_pc], ax
  5709 00003F43 E9B3010000                  jmp     .er_up
  5710                                  ; --- RET ---
  5711                                  .er_ret:
  5712 00003F48 8A0D[28BA0000]              mov     cl, [exe_csp]
  5713 00003F4E 84C9                        test    cl, cl
  5714 00003F50 0F8495010000                jz      .er_skip
  5715 00003F56 FEC9                        dec     cl
  5716 00003F58 880D[28BA0000]              mov     [exe_csp], cl
  5717 00003F5E BB[08BA0000]                mov     ebx, exe_cstack
  5718 00003F63 C0E102                      shl     cl, 2
  5719 00003F66 668B040B                    mov     ax, [ebx+ecx]
  5720 00003F6A 66A3[D0B10000]              mov     [exe_pc], ax
  5721 00003F70 E986010000                  jmp     .er_up
  5722                                  ; --- DELAY imm8 ---
  5723                                  .er_delay:
  5724 00003F75 46                          inc     esi
  5725 00003F76 8A06                        mov     al, [esi]
  5726 00003F78 A2[8CBE0000]                mov     [exe_delay], al
  5727 00003F7D 66A1[D0B10000]              mov     ax, [exe_pc]
  5728 00003F83 6683C002                    add     ax, 2
  5729 00003F87 66A3[D0B10000]              mov     [exe_pc], ax
  5730 00003F8D E969010000                  jmp     .er_up
  5731                                  ; --- INT imm8 (unhandled) ---
  5732                                  .er_int:
  5733 00003F92 46                          inc     esi
  5734 00003F93 46                          inc     esi
  5735 00003F94 66A1[D0B10000]              mov     ax, [exe_pc]
  5736 00003F9A 6683C002                    add     ax, 2
  5737 00003F9E 66A3[D0B10000]              mov     [exe_pc], ax
  5738 00003FA4 E952010000                  jmp     .er_up
  5739                                  ; --- PUSH_2 imm16 ---
  5740                                  .er_push2:
  5741 00003FA9 8A0D[D2B10000]              mov     cl, [exe_sp]
  5742 00003FAF 84C9                        test    cl, cl
  5743 00003FB1 0F8434010000                jz      .er_skip
  5744 00003FB7 FEC9                        dec     cl
  5745 00003FB9 880D[D2B10000]              mov     [exe_sp], cl
  5746 00003FBF 668B4601                    mov     ax, [esi+1]
  5747 00003FC3 BB[C8B90000]                mov     ebx, exe_stack
  5748 00003FC8 C0E102                      shl     cl, 2
  5749 00003FCB 6689040B                    mov     [ebx+ecx], ax
  5750 00003FCF 66A1[D0B10000]              mov     ax, [exe_pc]
  5751 00003FD5 6683C003                    add     ax, 3
  5752 00003FD9 66A3[D0B10000]              mov     [exe_pc], ax
  5753 00003FDF E917010000                  jmp     .er_up
  5754                                  ; --- PUSH_4 imm32 ---
  5755                                  .er_push4:
  5756 00003FE4 8A0D[D2B10000]              mov     cl, [exe_sp]
  5757 00003FEA 84C9                        test    cl, cl
  5758 00003FEC 0F84F9000000                jz      .er_skip
  5759 00003FF2 FEC9                        dec     cl
  5760 00003FF4 880D[D2B10000]              mov     [exe_sp], cl
  5761 00003FFA 8B4601                      mov     eax, [esi+1]
  5762 00003FFD BB[C8B90000]                mov     ebx, exe_stack
  5763 00004002 C0E102                      shl     cl, 2
  5764 00004005 89040B                      mov     [ebx+ecx], eax
  5765 00004008 66A1[D0B10000]              mov     ax, [exe_pc]
  5766 0000400E 6683C005                    add     ax, 5
  5767 00004012 66A3[D0B10000]              mov     [exe_pc], ax
  5768 00004018 E9DE000000                  jmp     .er_up
  5769                                  ; --- LOAD_M: push [addr32] onto stack ---
  5770                                  .er_loadm:
  5771 0000401D 8A0D[D2B10000]              mov     cl, [exe_sp]
  5772 00004023 84C9                        test    cl, cl
  5773 00004025 0F84C0000000                jz      .er_skip
  5774 0000402B FEC9                        dec     cl
  5775 0000402D 880D[D2B10000]              mov     [exe_sp], cl
  5776 00004033 8B4601                      mov     eax, [esi+1]
  5777 00004036 BB[C8B90000]                mov     ebx, exe_stack
  5778 0000403B C0E102                      shl     cl, 2
  5779 0000403E 89040B                      mov     [ebx+ecx], eax
  5780 00004041 66A1[D0B10000]              mov     ax, [exe_pc]
  5781 00004047 6683C005                    add     ax, 5
  5782 0000404B 66A3[D0B10000]              mov     [exe_pc], ax
  5783 00004051 E9A5000000                  jmp     .er_up
  5784                                  ; --- STORE_M: pop stack value to [addr32] ---
  5785                                  .er_storm:
  5786 00004056 8A0D[D2B10000]              mov     cl, [exe_sp]
  5787 0000405C 84C9                        test    cl, cl
  5788 0000405E 0F8487000000                jz      .er_skip
  5789 00004064 BB[C8B90000]                mov     ebx, exe_stack
  5790 00004069 C0E102                      shl     cl, 2
  5791 0000406C 8B4601                      mov     eax, [esi+1]
  5792 0000406F 8B140B                      mov     edx, [ebx+ecx]
  5793 00004072 8910                        mov     [eax], edx
  5794 00004074 FEC9                        dec     cl
  5795 00004076 880D[D2B10000]              mov     [exe_sp], cl
  5796 0000407C 66A1[D0B10000]              mov     ax, [exe_pc]
  5797 00004082 6683C005                    add     ax, 5
  5798 00004086 66A3[D0B10000]              mov     [exe_pc], ax
  5799 0000408C EB6D                        jmp     .er_up
  5800                                  ; --- PRINT_HEX: print top of stack as hex string ---
  5801                                  .er_printhex:
  5802 0000408E 8A0D[D2B10000]              mov     cl, [exe_sp]
  5803 00004094 84C9                        test    cl, cl
  5804 00004096 7453                        jz      .er_skip
  5805 00004098 BB[C8B90000]                mov     ebx, exe_stack
  5806 0000409D C0E102                      shl     cl, 2
  5807 000040A0 8B040B                      mov     eax, [ebx+ecx]
  5808 000040A3 BF[4ABE0000]                mov     edi, exe_out
  5809 000040A8 8B0D[8ABE0000]              mov     ecx, [exe_out_len]
  5810 000040AE 01CF                        add     edi, ecx
  5811 000040B0 81FF[85BE0000]              cmp     edi, exe_out+59
  5812 000040B6 7D43                        jge     .er_up
  5813 000040B8 53                          push    ebx
  5814 000040B9 89C3                        mov     ebx, eax
  5815 000040BB B91C000000                  mov     ecx, 28
  5816                                  .er_phxloop:
  5817 000040C0 D3EB                        shr     ebx, cl
  5818 000040C2 80E30F                      and     bl, 0x0F
  5819 000040C5 80C330                      add     bl, '0'
  5820 000040C8 80FB39                      cmp     bl, '9'
  5821 000040CB 7603                        jbe     .er_phxok
  5822 000040CD 80C307                      add     bl, 7
  5823                                  .er_phxok:
  5824 000040D0 881F                        mov     [edi], bl
  5825 000040D2 47                          inc     edi
  5826 000040D3 83E904                      sub     ecx, 4
  5827 000040D6 79E8                        jns     .er_phxloop
  5828 000040D8 5B                          pop     ebx
  5829 000040D9 66A1[D0B10000]              mov     ax, [exe_pc]
  5830 000040DF 6683C001                    add     ax, 1
  5831 000040E3 66A3[D0B10000]              mov     [exe_pc], ax
  5832 000040E9 EB10                        jmp     .er_up
  5833                                  ; --- Unknown opcode ---
  5834                                  .er_skip:
  5835 000040EB 66A1[D0B10000]              mov     ax, [exe_pc]
  5836 000040F1 6683C001                    add     ax, 1
  5837 000040F5 66A3[D0B10000]              mov     [exe_pc], ax
  5838                                  .er_up:
  5839                                      ; Only update exe_out_len if edi points within exe_out[0..63]
  5840 000040FB 89F8                        mov     eax, edi
  5841 000040FD 2D[4ABE0000]                sub     eax, exe_out
  5842 00004102 83F840                      cmp     eax, 64
  5843 00004105 7306                        jae     .er_up2
  5844 00004107 66A3[8ABE0000]              mov     [exe_out_len], ax
  5845                                  .er_up2:
  5846 0000410D C605[8EBE0000]01            mov     byte [exe_running], 1
  5847                                  .er_d:
  5848 00004114 5E                          pop    esi
  5849 00004115 5F                          pop     edi
  5850 00004116 5A                          pop     edx
  5851 00004117 59                          pop     ecx
  5852 00004118 5B                          pop     ebx
  5853 00004119 58                          pop     eax
  5854 0000411A C3                          ret
  5855                                  
  5856                                  ; ============================================================================
  5857                                  ; arp_send — e1000 MMIO: build tx ring + kick, send ARP request
  5858                                  ; ============================================================================
  5859                                  arp_send:
  5860 0000411B 50                          push    eax
  5861 0000411C 53                          push    ebx
  5862 0000411D 51                          push    ecx
  5863 0000411E 52                          push    edx
  5864 0000411F 57                          push    edi
  5865 00004120 803D[DAB10000]01            cmp     byte [nic_type], 1
  5866 00004127 0F8591000000                jne     .as_noeth
  5867                                      ; Build 42-byte ARP request frame at net_tx_buf
  5868 0000412D BF[BBBE0000]                mov     edi, net_tx_buf
  5869                                      ; Eth dst = ff:ff:ff:ff:ff:ff (broadcast)
  5870 00004132 C707FFFFFFFF                mov     dword [edi+0], 0xFFFFFFFF
  5871 00004138 66C74704FFFF                mov     word [edi+4], 0xFFFF
  5872                                      ; Eth src = our MAC
  5873 0000413E A1[DDB10000]                mov     eax, [nic_mac_lo]
  5874 00004143 894706                      mov     dword [edi+6], eax
  5875 00004146 66A1[E1B10000]              mov     ax, [nic_mac_hi]
  5876 0000414C 6689470A                    mov     word [edi+10], ax
  5877                                      ; EtherType 0x0806 (ARP) — big-endian on wire, LE word = 0x0608
  5878 00004150 66C7470C0806                mov     word [edi+12], 0x0608
  5879                                      ; ARP payload (28 bytes at edi+14)
  5880                                      ; hw type 0x0001 → LE 0x0100
  5881 00004156 66C7470E0001                mov     word [edi+14], 0x0100
  5882                                      ; proto type 0x0800 → LE 0x0008
  5883 0000415C 66C747100800                mov     word [edi+16], 0x0008
  5884                                      ; hw len = 6, proto len = 4
  5885 00004162 C6471206                    mov     byte [edi+18], 6
  5886 00004166 C6471304                    mov     byte [edi+19], 4
  5887                                      ; opcode 0x0001 (request) → LE 0x0100
  5888 0000416A 66C747140001                mov     word [edi+20], 0x0100
  5889                                      ; sender MAC
  5890 00004170 A1[DDB10000]                mov     eax, [nic_mac_lo]
  5891 00004175 894716                      mov     dword [edi+22], eax
  5892 00004178 66A1[E1B10000]              mov     ax, [nic_mac_hi]
  5893 0000417E 6689471A                    mov     word [edi+26], ax
  5894                                      ; sender IP 10.0.2.15 → BE bytes 0A 00 02 0F → LE dword 0x0F02000A
  5895 00004182 C7471C0A00020F              mov     dword [edi+28], 0x0F02000A
  5896                                      ; target MAC = 00:00:00:00:00:00
  5897 00004189 C7472000000000              mov     dword [edi+32], 0
  5898 00004190 66C747240000                mov     word [edi+36], 0
  5899                                      ; target IP 10.0.2.2 → BE bytes 0A 00 02 02 → LE dword 0x0202000A
  5900 00004196 C747260A000202              mov     dword [edi+38], 0x0202000A
  5901                                      ; Send via eth_send
  5902 0000419D 66C705[3BBF0000]2A-         mov     word [net_tx_len], 42
  5902 000041A5 00                 
  5903 000041A6 E83C010000                  call    eth_send
  5904                                      ; Record state + start timeout
  5905 000041AB C605[A8BE0000]01            mov     byte [arp_state], 1
  5906 000041B2 A1[54710000]                mov     eax, [vtd_t]
  5907 000041B7 A3[B7BE0000]                mov     [arp_timeout], eax
  5908 000041BC EB07                        jmp     .as_d
  5909                                  .as_noeth:
  5910 000041BE C605[A8BE0000]40            mov     byte [arp_state], 0x40   ; ARP_FAILED_NO_NIC
  5911                                  .as_d:
  5912 000041C5 5F                          pop    edi
  5913 000041C6 5A                          pop     edx
  5914 000041C7 59                          pop     ecx
  5915 000041C8 5B                          pop     ebx
  5916 000041C9 58                          pop     eax
  5917 000041CA C3                          ret
  5918                                  
  5919                                  ; ============================================================================
  5920                                  ; arp_check — poll rx_ring for ARP reply; update arp_state + arp_reply_mac
  5921                                  ; Returns: al = arp_state
  5922                                  ; ============================================================================
  5923                                  arp_check:
  5924 000041CB 50                          push    eax
  5925 000041CC 53                          push    ebx
  5926 000041CD 51                          push    ecx
  5927 000041CE 52                          push    edx
  5928 000041CF 57                          push    edi
  5929 000041D0 56                          push    esi
  5930                                      ; Process ARP frame at nic_rx_data (called from eth_rx)
  5931 000041D1 BF[00E90000]                mov     edi, nic_rx_data
  5932                                      ; EtherType at offset 12: 0x0806 big-endian → LE word 0x0608
  5933 000041D6 668B470C                    mov     ax, [edi+12]
  5934 000041DA 663D0806                    cmp     ax, 0x0608
  5935 000041DE 0F85FC000000                jne     .ac_d
  5936                                      ; ARP opcode at offset 20
  5937 000041E4 668B4714                    mov     ax, [edi+20]
  5938                                      ; Check for ARP reply (0x0002 → LE 0x0200)
  5939 000041E8 663D0002                    cmp     ax, 0x0200
  5940 000041EC 740B                        je      .ac_reply
  5941                                      ; Check for ARP request (0x0001 → LE 0x0100)
  5942 000041EE 663D0001                    cmp     ax, 0x0100
  5943 000041F2 742B                        je      .ac_request
  5944 000041F4 E9E7000000                  jmp     .ac_d
  5945                                  .ac_reply:
  5946                                      ; Extract sender MAC at offset 22 (reply sender = target's MAC)
  5947 000041F9 8B4716                      mov     eax, [edi+22]
  5948 000041FC A3[ADBE0000]                mov     [arp_reply_mac], eax
  5949 00004201 668B471A                    mov     ax, [edi+26]
  5950 00004205 66A3[B1BE0000]              mov     [arp_reply_mac+4], ax
  5951                                      ; Store sender IP at offset 28 for display
  5952 0000420B 8B471C                      mov     eax, [edi+28]
  5953 0000420E A3[B3BE0000]                mov     [arp_reply_ip], eax
  5954 00004213 C605[A8BE0000]04            mov     byte [arp_state], 4       ; ARP_REPLY
  5955 0000421A E9C1000000                  jmp     .ac_d
  5956                                  .ac_request:
  5957                                      ; SLIRP sends ARP request for guest IP — must reply so it can send SYN-ACK back.
  5958                                      ; Check if target IP (offset 38) matches our IP (10.0.2.15 = 0x0F02000A)
  5959 0000421F 8B4726                      mov     eax, [edi+38]
  5960 00004222 3D0A00020F                  cmp     eax, 0x0F02000A
  5961 00004227 0F85B3000000                jne     .ac_d
  5962                                      ; Build 42-byte ARP reply in net_tx_buf.
  5963                                      ; esi reads from request (nic_rx_data), edi writes to reply (net_tx_buf).
  5964 0000422D 89FE                        mov     esi, edi                ; esi = nic_rx_data (request frame)
  5965 0000422F BF[BBBE0000]                mov     edi, net_tx_buf        ; edi = net_tx_buf (reply frame)
  5966                                      ; Eth dst = requester's MAC (ARP sender MAC at esi+22)
  5967 00004234 8B4616                      mov     eax, [esi+22]
  5968 00004237 8907                        mov     [edi+0], eax
  5969 00004239 668B461A                    mov     ax, [esi+26]
  5970 0000423D 66894704                    mov     [edi+4], ax
  5971                                      ; Eth src = our MAC
  5972 00004241 A1[DDB10000]                mov     eax, [nic_mac_lo]
  5973 00004246 894706                      mov     [edi+6], eax
  5974 00004249 66A1[E1B10000]              mov     ax, [nic_mac_hi]
  5975 0000424F 6689470A                    mov     [edi+10], ax
  5976                                      ; EtherType 0x0806 (ARP) → LE 0x0608
  5977 00004253 66C7470C0806                mov     word [edi+12], 0x0608
  5978                                      ; ARP payload (28 bytes)
  5979 00004259 66C7470E0001                mov     word [edi+14], 0x0100   ; hw type 0x0001
  5980 0000425F 66C747100800                mov     word [edi+16], 0x0008   ; proto type 0x0800
  5981 00004265 C6471206                    mov     byte [edi+18], 6       ; hw len
  5982 00004269 C6471304                    mov     byte [edi+19], 4       ; proto len
  5983 0000426D 66C747140002                mov     word [edi+20], 0x0200  ; opcode = reply (0x0002)
  5984                                      ; Sender MAC = our MAC
  5985 00004273 A1[DDB10000]                mov     eax, [nic_mac_lo]
  5986 00004278 894716                      mov     [edi+22], eax
  5987 0000427B 66A1[E1B10000]              mov     ax, [nic_mac_hi]
  5988 00004281 6689471A                    mov     [edi+26], ax
  5989                                      ; Sender IP = our IP (10.0.2.15)
  5990 00004285 C7471C0A00020F              mov     dword [edi+28], 0x0F02000A
  5991                                      ; Target MAC = requester's MAC
  5992 0000428C 8B4616                      mov     eax, [esi+22]
  5993 0000428F 894720                      mov     [edi+32], eax
  5994 00004292 668B461A                    mov     ax, [esi+26]
  5995 00004296 66894724                    mov     [edi+36], ax
  5996                                      ; Target IP = requester's IP
  5997 0000429A 8B461C                      mov     eax, [esi+28]
  5998 0000429D 894726                      mov     [edi+38], eax
  5999                                      ; Send via eth_send
  6000 000042A0 66C705[3BBF0000]2A-         mov     word [net_tx_len], 42
  6000 000042A8 00                 
  6001 000042A9 E839000000                  call    eth_send
  6002                                      dbg_puts "[A4X] ARP: replied to request", 13, 10, 0
    21 000042AE EB20                <1>  jmp %%skip
    22 000042B0 5B4134585D20415250- <1> %%str db %1
    22 000042B9 3A207265706C696564- <1>
    22 000042C2 20746F207265717565- <1>
    22 000042CB 73740D0A00          <1>
    23                              <1> %%skip:
    24                              <1> %if __BITS__ == 32
    25 000042D0 56                  <1>  push esi
    26 000042D1 BE[B0420000]        <1>  mov esi, %%str
    27                              <1> %%.loop:
    28 000042D6 AC                  <1>  lodsb
    29 000042D7 08C0                <1>  or al, al
    30 000042D9 7404                <1>  jz %%.done
    31 000042DB E6E9                <1>  out 0xE9, al
    32 000042DD EBF7                <1>  jmp %%.loop
    33                              <1> %%.done:
    34 000042DF 5E                  <1>  pop esi
    35                              <1> %else
    36                              <1>  push si
    37                              <1>  mov si, %%str
    38                              <1> %%.loop:
    39                              <1>  lodsb
    40                              <1>  or al, al
    41                              <1>  jz %%.done
    42                              <1>  out 0xE9, al
    43                              <1>  jmp %%.loop
    44                              <1> %%.done:
    45                              <1>  pop si
    46                              <1> %endif
  6003                                  .ac_d:
  6004 000042E0 5E                          pop     esi
  6005 000042E1 5F                          pop     edi
  6006 000042E2 5A                          pop     edx
  6007 000042E3 59                          pop     ecx
  6008 000042E4 5B                          pop     ebx
  6009 000042E5 58                          pop     eax
  6010 000042E6 C3                          ret
  6011                                  
  6012                                  ; ============================================================================
  6013                                  ; eth_send — send Ethernet frame pre-built at net_tx_buf via RTL8139
  6014                                  ;   IN:  net_tx_len = frame length
  6015                                  ;   OUT: net_send_state: 1=sent, 2=no NIC / still busy
  6016                                  ;   Standard RTL8139 register map (QEMU uses this, NOT RTL8139C+ variant):
  6017                                  ;     TSD0-3  = 0x10,0x14,0x18,0x1C (TX Status Desc 0-3: bits 0-12 = size,
  6018                                  ;                                    bit 13 = TxHostOwns, bit 15 = TOK/TSR)
  6019                                  ;     TSAD0-3 = 0x20,0x24,0x28,0x2C (TX Start Addr Desc 0-3: TX buffer phys addr)
  6020                                  ;   Writing size to TSDx triggers TX DMA. QEMU's rtl8139_transmit_one() refuses
  6021                                  ;   to retransmit on a descriptor still marked TxHostOwns (0x2000) from a prior
  6022                                  ;   TX, so eth_send rotates through all 4 descriptors via tx_tail.
  6023                                  eth_send:
  6024 000042E7 57                          push    edi
  6025 000042E8 52                          push    edx
  6026 000042E9 51                          push    ecx
  6027 000042EA 53                          push    ebx
  6028 000042EB 50                          push    eax
  6029 000042EC 803D[DAB10000]01            cmp     byte [nic_type], 1
  6030 000042F3 0F8593010000                jne     .es_no
  6031                                      ; QEMU RTL8139 processes TX synchronously on TSD0 write — no OWN bit to poll.
  6032                                      ; Copy frame from net_tx_buf to the TX buffer (rtl8139_tx_buf at TSAD0=0x20)
  6033 000042F9 BE[BBBE0000]                mov     esi, net_tx_buf
  6034 000042FE BF[00C10000]                mov     edi, rtl8139_tx_buf
  6035 00004303 0FB70D[3BBF0000]            movzx   ecx, word [net_tx_len]
  6036 0000430A 85C9                        test    ecx, ecx
  6037 0000430C 0F847A010000                jz      .es_no
  6038                                      ; Limit to 1792 bytes (RTL8139 max TX per descriptor)
  6039 00004312 6681F90007                  cmp     cx, 1792
  6040 00004317 7604                        jbe     .es_clip_ok
  6041 00004319 66B90007                    mov     cx, 1792
  6042                                  .es_clip_ok:
  6043 0000431D F3A4                        rep     movsb
  6044                                      ; Print send length
  6045                                      dbg_puts "[A4X] eth_send len=", 0
    21 0000431F EB14                <1>  jmp %%skip
    22 00004321 5B4134585D20657468- <1> %%str db %1
    22 0000432A 5F73656E64206C656E- <1>
    22 00004333 3D00                <1>
    23                              <1> %%skip:
    24                              <1> %if __BITS__ == 32
    25 00004335 56                  <1>  push esi
    26 00004336 BE[21430000]        <1>  mov esi, %%str
    27                              <1> %%.loop:
    28 0000433B AC                  <1>  lodsb
    29 0000433C 08C0                <1>  or al, al
    30 0000433E 7404                <1>  jz %%.done
    31 00004340 E6E9                <1>  out 0xE9, al
    32 00004342 EBF7                <1>  jmp %%.loop
    33                              <1> %%.done:
    34 00004344 5E                  <1>  pop esi
    35                              <1> %else
    36                              <1>  push si
    37                              <1>  mov si, %%str
    38                              <1> %%.loop:
    39                              <1>  lodsb
    40                              <1>  or al, al
    41                              <1>  jz %%.done
    42                              <1>  out 0xE9, al
    43                              <1>  jmp %%.loop
    44                              <1> %%.done:
    45                              <1>  pop si
    46                              <1> %endif
  6046 00004345 0FB705[3BBF0000]            movzx   eax, word [net_tx_len]
  6047 0000434C E8DFF2FFFF                  call    dbg_print_eax_dec
  6048                                      dbg_puts 13, 10, 0
    21 00004351 EB03                <1>  jmp %%skip
    22 00004353 0D0A00              <1> %%str db %1
    23                              <1> %%skip:
    24                              <1> %if __BITS__ == 32
    25 00004356 56                  <1>  push esi
    26 00004357 BE[53430000]        <1>  mov esi, %%str
    27                              <1> %%.loop:
    28 0000435C AC                  <1>  lodsb
    29 0000435D 08C0                <1>  or al, al
    30 0000435F 7404                <1>  jz %%.done
    31 00004361 E6E9                <1>  out 0xE9, al
    32 00004363 EBF7                <1>  jmp %%.loop
    33                              <1> %%.done:
    34 00004365 5E                  <1>  pop esi
    35                              <1> %else
    36                              <1>  push si
    37                              <1>  mov si, %%str
    38                              <1> %%.loop:
    39                              <1>  lodsb
    40                              <1>  or al, al
    41                              <1>  jz %%.done
    42                              <1>  out 0xE9, al
    43                              <1>  jmp %%.loop
    44                              <1> %%.done:
    45                              <1>  pop si
    46                              <1> %endif
  6049                                      ; Debug: verify TSAD0 == rtl8139_tx_buf addr and peek tx_buf[0..3]
  6050 00004366 56                          push    esi
  6051 00004367 53                          push    ebx
  6052 00004368 B020                        mov     al, 0x20
  6053 0000436A E8B3EAFFFF                  call    rtl8139_rd_d          ; ebx = TSAD0 value
  6054                                      dbg_puts "TSAD0=", 0
    21 0000436F EB07                <1>  jmp %%skip
    22 00004371 54534144303D00      <1> %%str db %1
    23                              <1> %%skip:
    24                              <1> %if __BITS__ == 32
    25 00004378 56                  <1>  push esi
    26 00004379 BE[71430000]        <1>  mov esi, %%str
    27                              <1> %%.loop:
    28 0000437E AC                  <1>  lodsb
    29 0000437F 08C0                <1>  or al, al
    30 00004381 7404                <1>  jz %%.done
    31 00004383 E6E9                <1>  out 0xE9, al
    32 00004385 EBF7                <1>  jmp %%.loop
    33                              <1> %%.done:
    34 00004387 5E                  <1>  pop esi
    35                              <1> %else
    36                              <1>  push si
    37                              <1>  mov si, %%str
    38                              <1> %%.loop:
    39                              <1>  lodsb
    40                              <1>  or al, al
    41                              <1>  jz %%.done
    42                              <1>  out 0xE9, al
    43                              <1>  jmp %%.loop
    44                              <1> %%.done:
    45                              <1>  pop si
    46                              <1> %endif
  6055 00004388 89D8                        mov     eax, ebx
  6056                                      dbg_hex32
    84 0000438A 50                  <1>  push eax
    85 0000438B 51                  <1>  push ecx
    86 0000438C B91C000000          <1>  mov ecx, 28
    87                              <1> %%loop:
    88 00004391 50                  <1>  push eax
    89 00004392 D3E8                <1>  shr eax, cl
    90 00004394 83E00F              <1>  and eax, 0x0F
    91 00004397 0430                <1>  add al, '0'
    92 00004399 3C39                <1>  cmp al, '9'
    93 0000439B 7602                <1>  jbe %%ok2
    94 0000439D 0407                <1>  add al, 7
    95                              <1> %%ok2:
    96 0000439F E6E9                <1>  out 0xE9, al
    97 000043A1 58                  <1>  pop eax
    98 000043A2 83E904              <1>  sub ecx, 4
    99 000043A5 79EA                <1>  jns %%loop
   100 000043A7 59                  <1>  pop ecx
   101 000043A8 58                  <1>  pop eax
  6057                                      dbg_puts " buf[0..3]=", 0
    21 000043A9 EB0C                <1>  jmp %%skip
    22 000043AB 206275665B302E2E33- <1> %%str db %1
    22 000043B4 5D3D00              <1>
    23                              <1> %%skip:
    24                              <1> %if __BITS__ == 32
    25 000043B7 56                  <1>  push esi
    26 000043B8 BE[AB430000]        <1>  mov esi, %%str
    27                              <1> %%.loop:
    28 000043BD AC                  <1>  lodsb
    29 000043BE 08C0                <1>  or al, al
    30 000043C0 7404                <1>  jz %%.done
    31 000043C2 E6E9                <1>  out 0xE9, al
    32 000043C4 EBF7                <1>  jmp %%.loop
    33                              <1> %%.done:
    34 000043C6 5E                  <1>  pop esi
    35                              <1> %else
    36                              <1>  push si
    37                              <1>  mov si, %%str
    38                              <1> %%.loop:
    39                              <1>  lodsb
    40                              <1>  or al, al
    41                              <1>  jz %%.done
    42                              <1>  out 0xE9, al
    43                              <1>  jmp %%.loop
    44                              <1> %%.done:
    45                              <1>  pop si
    46                              <1> %endif
  6058 000043C7 BE[00C10000]                mov     esi, rtl8139_tx_buf
  6059 000043CC 8B06                        mov     eax, [esi]
  6060                                      dbg_hex32
    84 000043CE 50                  <1>  push eax
    85 000043CF 51                  <1>  push ecx
    86 000043D0 B91C000000          <1>  mov ecx, 28
    87                              <1> %%loop:
    88 000043D5 50                  <1>  push eax
    89 000043D6 D3E8                <1>  shr eax, cl
    90 000043D8 83E00F              <1>  and eax, 0x0F
    91 000043DB 0430                <1>  add al, '0'
    92 000043DD 3C39                <1>  cmp al, '9'
    93 000043DF 7602                <1>  jbe %%ok2
    94 000043E1 0407                <1>  add al, 7
    95                              <1> %%ok2:
    96 000043E3 E6E9                <1>  out 0xE9, al
    97 000043E5 58                  <1>  pop eax
    98 000043E6 83E904              <1>  sub ecx, 4
    99 000043E9 79EA                <1>  jns %%loop
   100 000043EB 59                  <1>  pop ecx
   101 000043EC 58                  <1>  pop eax
  6061                                      dbg_nl
    51 000043ED B00D                <1>  mov al, 13
    52 000043EF E6E9                <1>  out 0xE9, al
    53 000043F1 B00A                <1>  mov al, 10
    54 000043F3 E6E9                <1>  out 0xE9, al
  6062 000043F5 5B                          pop     ebx
  6063 000043F6 5E                          pop     esi
  6064                                      ; --- TX descriptor rotation (QEMU requires rotating TSAD0-3/TSD0-3) ---
  6065                                      ; QEMU's rtl8139_transmit_one() refuses to retransmit on a descriptor
  6066                                      ; still marked TxHostOwns (0x2000) from a prior TX.  Rotating through
  6067                                      ; all 4 descriptors sidesteps this — each new TX uses a fresh descriptor.
  6068                                      ; tx_tail = next descriptor index (0-3); advanced after each send.
  6069                                      ;   TSDx  reg offset = 0x10 + tx_tail*4
  6070                                      ;   TSADx reg offset = 0x20 + tx_tail*4
  6071 000043F7 0FB60D[D6BF0000]            movzx   ecx, byte [tx_tail]   ; ecx = tx_tail (0-3)
  6072 000043FE C1E102                      shl     ecx, 2                ; ecx = tx_tail * 4
  6073                                  
  6074                                      ; Refresh TSADx = rtl8139_tx_buf (QEMU DMA reads TX data from here)
  6075 00004401 51                          push    ecx
  6076 00004402 53                          push    ebx
  6077 00004403 BB[00C10000]                mov     ebx, rtl8139_tx_buf
  6078 00004408 89C8                        mov     eax, ecx
  6079 0000440A 0420                        add     al, 0x20              ; al = 0x20 + tx_tail*4 (TSADx offset)
  6080 0000440C E8F9E9FFFF                  call    rtl8139_wr_d
  6081 00004411 5B                          pop     ebx
  6082 00004412 59                          pop     ecx                   ; ecx = tx_tail * 4
  6083                                  
  6084                                      ; Write SIZE to TSDx (32-bit write triggers TX DMA; bits 0-12 = size)
  6085 00004413 0FB705[3BBF0000]            movzx   eax, word [net_tx_len] ; eax = size
  6086 0000441A 668B15[D6B10000]            mov     dx, word [nic_base]
  6087 00004421 6601CA                      add     dx, cx                ; dx = nic_base + tx_tail*4
  6088 00004424 6683C210                    add     dx, 0x10              ; dx = nic_base + 0x10 + tx_tail*4 = TSDx port
  6089 00004428 EF                          out     dx, eax               ; 32-bit write: size triggers TX DMA
  6090                                  
  6091                                      ; Debug: read TSDx back (TOK=bit15 set synchronously by QEMU on success)
  6092 00004429 51                          push    ecx                   ; save tx_tail * 4
  6093 0000442A 53                          push    ebx
  6094 0000442B 89C8                        mov     eax, ecx
  6095 0000442D 0410                        add     al, 0x10              ; al = 0x10 + tx_tail*4 (TSDx offset)
  6096 0000442F E8EEE9FFFF                  call    rtl8139_rd_d          ; ebx = TSDx value
  6097 00004434 89D8                        mov     eax, ebx
  6098 00004436 53                          push    ebx
  6099                                      dbg_puts "TSDxpost=", 0
    21 00004437 EB0A                <1>  jmp %%skip
    22 00004439 54534478706F73743D- <1> %%str db %1
    22 00004442 00                  <1>
    23                              <1> %%skip:
    24                              <1> %if __BITS__ == 32
    25 00004443 56                  <1>  push esi
    26 00004444 BE[39440000]        <1>  mov esi, %%str
    27                              <1> %%.loop:
    28 00004449 AC                  <1>  lodsb
    29 0000444A 08C0                <1>  or al, al
    30 0000444C 7404                <1>  jz %%.done
    31 0000444E E6E9                <1>  out 0xE9, al
    32 00004450 EBF7                <1>  jmp %%.loop
    33                              <1> %%.done:
    34 00004452 5E                  <1>  pop esi
    35                              <1> %else
    36                              <1>  push si
    37                              <1>  mov si, %%str
    38                              <1> %%.loop:
    39                              <1>  lodsb
    40                              <1>  or al, al
    41                              <1>  jz %%.done
    42                              <1>  out 0xE9, al
    43                              <1>  jmp %%.loop
    44                              <1> %%.done:
    45                              <1>  pop si
    46                              <1> %endif
  6100                                      dbg_hex32
    84 00004453 50                  <1>  push eax
    85 00004454 51                  <1>  push ecx
    86 00004455 B91C000000          <1>  mov ecx, 28
    87                              <1> %%loop:
    88 0000445A 50                  <1>  push eax
    89 0000445B D3E8                <1>  shr eax, cl
    90 0000445D 83E00F              <1>  and eax, 0x0F
    91 00004460 0430                <1>  add al, '0'
    92 00004462 3C39                <1>  cmp al, '9'
    93 00004464 7602                <1>  jbe %%ok2
    94 00004466 0407                <1>  add al, 7
    95                              <1> %%ok2:
    96 00004468 E6E9                <1>  out 0xE9, al
    97 0000446A 58                  <1>  pop eax
    98 0000446B 83E904              <1>  sub ecx, 4
    99 0000446E 79EA                <1>  jns %%loop
   100 00004470 59                  <1>  pop ecx
   101 00004471 58                  <1>  pop eax
  6101 00004472 5B                          pop     ebx
  6102 00004473 5B                          pop     ebx
  6103 00004474 59                          pop     ecx                   ; restore tx_tail * 4
  6104                                  
  6105                                      ; Advance tx_tail = (tx_tail + 1) & 3
  6106 00004475 89C8                        mov     eax, ecx
  6107 00004477 C1E802                      shr     eax, 2                ; eax = old tx_tail
  6108 0000447A 40                          inc     eax
  6109 0000447B 83E003                      and     eax, 3
  6110 0000447E A2[D6BF0000]                mov     [tx_tail], al
  6111                                  
  6112 00004483 C605[3DBF0000]01            mov     byte [net_send_state], 1
  6113 0000448A EB07                        jmp     .es_d
  6114                                  .es_no:
  6115 0000448C C605[3DBF0000]02            mov     byte [net_send_state], 2
  6116                                  .es_d:
  6117 00004493 58                          pop     eax
  6118 00004494 5B                          pop     ebx
  6119 00004495 59                          pop     ecx
  6120 00004496 5A                          pop     edx
  6121 00004497 5F                          pop     edi
  6122 00004498 C3                          ret
  6123                                  
  6124                                  ; ============================================================================
  6125                                  ; ip_cksum — ones-complement checksum
  6126                                  ;   IN:  esi = buffer, ecx = word count
  6127                                  ;   OUT: ax = checksum
  6128                                  ; ============================================================================
  6129                                  ip_cksum:
  6130 00004499 57                          push    edi
  6131 0000449A 53                          push    ebx
  6132 0000449B 31DB                        xor     ebx, ebx
  6133                                  .ck_l:
  6134 0000449D 85C9                        test    ecx, ecx
  6135 0000449F 740A                        jz      .ck_d
  6136 000044A1 66AD                        lodsw
  6137 000044A3 0FB7C0                      movzx   eax, ax
  6138 000044A6 01C3                        add     ebx, eax
  6139 000044A8 49                          dec     ecx
  6140 000044A9 EBF2                        jmp     .ck_l
  6141                                  .ck_d:
  6142 000044AB 6689D8                      mov     ax, bx
  6143 000044AE C1EB10                      shr     ebx, 16
  6144 000044B1 6601D8                      add     ax, bx
  6145 000044B4 6683D000                    adc     ax, 0
  6146 000044B8 66F7D0                      not     ax
  6147 000044BB 5B                          pop     ebx
  6148 000044BC 5F                          pop     edi
  6149 000044BD C3                          ret
  6150                                  
  6151                                  ; ============================================================================
  6152                                  ; ip_rx — receive IP packet at nic_rx_data+14
  6153                                  ;   Verifies checksum, dispatches by protocol
  6154                                  ; ============================================================================
  6155                                  ip_rx:
  6156 000044BE 57                          push    edi
  6157 000044BF 52                          push    edx
  6158 000044C0 51                          push    ecx
  6159 000044C1 53                          push    ebx
  6160 000044C2 50                          push    eax
  6161 000044C3 BF[00E90000]                mov     edi, nic_rx_data
  6162 000044C8 83C70E                      add     edi, 14
  6163 000044CB 8A07                        mov     al, [edi]
  6164 000044CD 240F                        and     al, 0x0F
  6165 000044CF 3C05                        cmp     al, 5
  6166 000044D1 7545                        jne     .ir_d
  6167 000044D3 89FE                        mov     esi, edi
  6168 000044D5 8A07                        mov     al, [edi]
  6169 000044D7 240F                        and     al, 0x0F
  6170 000044D9 0FB6C0                      movzx   eax, al
  6171 000044DC C1E002                      shl     eax, 2
  6172 000044DF 6689C1                      mov     cx, ax
  6173 000044E2 66D1E9                      shr     cx, 1
  6174 000044E5 E8AFFFFFFF                  call    ip_cksum
  6175 000044EA 6685C0                      test    ax, ax
  6176 000044ED 7529                        jnz     .ir_ckfail
  6177 000044EF 8A5F09                      mov     bl, [edi+9]          ; protocol byte from IP header (offset 9)
  6178 000044F2 80FB01                      cmp     bl, 1
  6179 000044F5 740C                        je      .ir_icmp
  6180 000044F7 80FB06                      cmp     bl, 6
  6181 000044FA 740E                        je      .ir_tcp
  6182 000044FC 80FB11                      cmp     bl, 17
  6183 000044FF 7410                        je      .ir_udp
  6184 00004501 EB15                        jmp     .ir_d
  6185                                  .ir_icmp:
  6186 00004503 E816000000                  call    icmp_rx
  6187 00004508 EB0E                        jmp     .ir_d
  6188                                  .ir_tcp:
  6189 0000450A E8F4130000                  call    tcp_rx
  6190 0000450F EB07                        jmp     .ir_d
  6191                                  .ir_udp:
  6192 00004511 E8E3000000                  call    udp_rx
  6193 00004516 EB00                        jmp     .ir_d
  6194                                  .ir_ckfail:
  6195                                  .ir_d:
  6196 00004518 58                          pop     eax
  6197 00004519 5B                          pop     ebx
  6198 0000451A 59                          pop     ecx
  6199 0000451B 5A                          pop     edx
  6200 0000451C 5F                          pop     edi
  6201 0000451D C3                          ret
  6202                                  
  6203                                  ; ============================================================================
  6204                                  ; icmp_rx — respond to ICMP echo request (type 8)
  6205                                  ; ============================================================================
  6206                                  icmp_rx:
  6207 0000451E 57                          push    edi
  6208 0000451F 56                          push    esi
  6209 00004520 52                          push    edx
  6210 00004521 51                          push    ecx
  6211 00004522 53                          push    ebx
  6212 00004523 50                          push    eax
  6213 00004524 BF[22E90000]                mov     edi, nic_rx_data + 34
  6214 00004529 803F08                      cmp     byte [edi], 8
  6215 0000452C 0F85C0000000                jne     .ic_d
  6216                                      ; Build Ethernet header at net_tx_buf
  6217 00004532 BF[BBBE0000]                mov     edi, net_tx_buf
  6218 00004537 BE[06E90000]                mov     esi, nic_rx_data + 6
  6219 0000453C 66B90600                    mov     cx, 6
  6220 00004540 F3A4                        rep     movsb
  6221 00004542 A1[DDB10000]                mov     eax, [nic_mac_lo]
  6222 00004547 8907                        mov     [edi], eax
  6223 00004549 66A1[E1B10000]              mov     ax, [nic_mac_hi]
  6224 0000454F 66894704                    mov     [edi+4], ax
  6225 00004553 66C7470C0800                mov     word [edi+12], 0x0008
  6226                                      ; IP header
  6227 00004559 BF[C9BE0000]                mov     edi, net_tx_buf + 14
  6228 0000455E C60745                      mov     byte [edi+0], 0x45
  6229 00004561 C6470100                    mov     byte [edi+1], 0
  6230 00004565 66C747021C00                mov     word [edi+2], 28
  6231 0000456B 66C747040000                mov     word [edi+4], 0
  6232 00004571 66C747060040                mov     word [edi+6], 0x4000
  6233 00004577 C6470840                    mov     byte [edi+8], 64
  6234 0000457B C6470901                    mov     byte [edi+9], 1
  6235 0000457F 66C7470A0000                mov     word [edi+10], 0
  6236 00004585 C7470C0F02020A              mov     dword [edi+12], 0x0A02020F
  6237 0000458C BE[1AE90000]                mov     esi, nic_rx_data + 26
  6238 00004591 8B06                        mov     eax, [esi]
  6239 00004593 894710                      mov     [edi+16], eax
  6240                                      ; ICMP reply header
  6241 00004596 BF[DDBE0000]                mov     edi, net_tx_buf + 34
  6242 0000459B C60700                      mov     byte [edi+0], 0
  6243 0000459E C6470100                    mov     byte [edi+1], 0
  6244 000045A2 66C747020000                mov     word [edi+2], 0
  6245 000045A8 BE[24E90000]                mov     esi, nic_rx_data + 36
  6246 000045AD 668B06                      mov     ax, [esi]
  6247 000045B0 66894704                    mov     [edi+4], ax
  6248 000045B4 668B4602                    mov     ax, [esi+2]
  6249 000045B8 66894706                    mov     [edi+6], ax
  6250                                      ; ICMP checksum
  6251 000045BC BE[DDBE0000]                mov     esi, net_tx_buf + 34
  6252 000045C1 66B90400                    mov     cx, 4
  6253 000045C5 E8CFFEFFFF                  call    ip_cksum
  6254 000045CA 66A3[DFBE0000]              mov     [net_tx_buf + 36], ax
  6255                                      ; IP checksum
  6256 000045D0 BE[C9BE0000]                mov     esi, net_tx_buf + 14
  6257 000045D5 66B90A00                    mov     cx, 10
  6258 000045D9 E8BBFEFFFF                  call    ip_cksum
  6259 000045DE 66A3[D3BE0000]              mov     [net_tx_buf + 24], ax
  6260 000045E4 66C705[3BBF0000]2A-         mov     word [net_tx_len], 42
  6260 000045EC 00                 
  6261 000045ED E8F5FCFFFF                  call    eth_send
  6262                                  .ic_d:
  6263 000045F2 58                          pop     eax
  6264 000045F3 5B                          pop     ebx
  6265 000045F4 59                          pop     ecx
  6266 000045F5 5A                          pop     edx
  6267 000045F6 5E                          pop     esi
  6268 000045F7 5F                          pop     edi
  6269 000045F8 C3                          ret
  6270                                  
  6271                                  ; ============================================================================
  6272                                  ; udp_rx — receive UDP datagram
  6273                                  ; ============================================================================
  6274                                  udp_rx:
  6275 000045F9 57                          push    edi
  6276 000045FA 56                          push    esi
  6277 000045FB 52                          push    edx
  6278 000045FC 51                          push    ecx
  6279 000045FD 53                          push    ebx
  6280 000045FE 50                          push    eax
  6281 000045FF BF[22E90000]                mov     edi, nic_rx_data + 34
  6282 00004604 668B07                      mov     ax, [edi+0]
  6283 00004607 66A3[3EBF0000]              mov     [udp_sport], ax
  6284 0000460D 668B4702                    mov     ax, [edi+2]
  6285 00004611 66A3[40BF0000]              mov     [udp_dport], ax
  6286 00004617 668B4704                    mov     ax, [edi+4]
  6287 0000461B 6683E808                    sub     ax, 8
  6288 0000461F 66A3[42BF0000]              mov     [udp_len], ax
  6289 00004625 83C708                      add     edi, 8
  6290 00004628 89FE                        mov     esi, edi
  6291 0000462A BF[45BF0000]                mov     edi, udp_rx_buf
  6292 0000462F 6685C0                      test    ax, ax
  6293 00004632 7405                        jz      .ud_d
  6294 00004634 6689C1                      mov     cx, ax
  6295 00004637 F3A4                        rep     movsb
  6296                                  .ud_d:
  6297 00004639 C605[44BF0000]01            mov     byte [udp_rx_state], 1
  6298 00004640 58                          pop     eax
  6299 00004641 5B                          pop     ebx
  6300 00004642 59                          pop     ecx
  6301 00004643 5A                          pop     edx
  6302 00004644 5E                          pop     esi
  6303 00004645 5F                          pop     edi
  6304 00004646 C3                          ret
  6305                                  
  6306                                  ; ============================================================================
  6307                                  ; udp_send — send UDP datagram
  6308                                  ;   IN:  udp_sport, udp_dport, udp_len, udp_tx_buf=payload
  6309                                  ; ============================================================================
  6310                                  udp_send:
  6311 00004647 57                          push    edi
  6312 00004648 56                          push    esi
  6313 00004649 52                          push    edx
  6314 0000464A 51                          push    ecx
  6315 0000464B 53                          push    ebx
  6316 0000464C 50                          push    eax
  6317                                      ; Ethernet
  6318 0000464D BF[BBBE0000]                mov     edi, net_tx_buf
  6319 00004652 C707FFFFFFFF                mov     dword [edi+0], 0xFFFFFFFF
  6320 00004658 A1[DDB10000]                mov     eax, [nic_mac_lo]
  6321 0000465D 894706                      mov     [edi+6], eax
  6322 00004660 66A1[E1B10000]              mov     ax, [nic_mac_hi]
  6323 00004666 6689470A                    mov     [edi+10], ax
  6324 0000466A 66C7470C0800                mov     word [edi+12], 0x0008
  6325                                      ; IP header
  6326 00004670 BF[C9BE0000]                mov     edi, net_tx_buf + 14
  6327 00004675 C60745                      mov     byte [edi+0], 0x45
  6328 00004678 C6470100                    mov     byte [edi+1], 0
  6329 0000467C 66A1[42BF0000]              mov     ax, [udp_len]
  6330 00004682 6683C01C                    add     ax, 28
  6331 00004686 66894702                    mov     word [edi+2], ax
  6332 0000468A 66C747040000                mov     word [edi+4], 0
  6333 00004690 66C747060040                mov     word [edi+6], 0x4000
  6334 00004696 C6470840                    mov     byte [edi+8], 64
  6335 0000469A C6470911                    mov     byte [edi+9], 17
  6336 0000469E 66C7470A0000                mov     word [edi+10], 0
  6337 000046A4 C7470C0F02020A              mov     dword [edi+12], 0x0A02020F
  6338 000046AB C747100202020A              mov     dword [edi+16], 0x0A020202
  6339                                      ; IP checksum
  6340 000046B2 89FE                        mov     esi, edi
  6341 000046B4 66A1[42BF0000]              mov     ax, [udp_len]
  6342 000046BA 6683C014                    add     ax, 20
  6343 000046BE 6689C1                      mov     cx, ax
  6344 000046C1 66D1E9                      shr     cx, 1
  6345 000046C4 E8D0FDFFFF                  call    ip_cksum
  6346 000046C9 6689470A                    mov     [edi+10], ax
  6347                                      ; UDP header
  6348 000046CD 83C714                      add     edi, 20
  6349 000046D0 66A1[3EBF0000]              mov     ax, [udp_sport]
  6350 000046D6 668907                      mov     [edi+0], ax
  6351 000046D9 66A1[40BF0000]              mov     ax, [udp_dport]
  6352 000046DF 66894702                    mov     [edi+2], ax
  6353 000046E3 66A1[42BF0000]              mov     ax, [udp_len]
  6354 000046E9 6683C008                    add     ax, 8
  6355 000046ED 66894704                    mov     [edi+4], ax
  6356 000046F1 66C747060000                mov     word [edi+6], 0
  6357                                      ; Copy payload
  6358 000046F7 83C708                      add     edi, 8
  6359 000046FA BE[65BF0000]                mov     esi, udp_tx_buf
  6360 000046FF 66A1[42BF0000]              mov     ax, [udp_len]
  6361 00004705 6685C0                      test    ax, ax
  6362 00004708 7405                        jz      .us_d
  6363 0000470A 6689C1                      mov     cx, ax
  6364 0000470D F3A4                        rep     movsb
  6365                                  .us_d:
  6366 0000470F 66A1[42BF0000]              mov     ax, [udp_len]
  6367 00004715 6683C02A                    add     ax, 42
  6368 00004719 66A3[3BBF0000]              mov     [net_tx_len], ax
  6369 0000471F E8C3FBFFFF                  call    eth_send
  6370 00004724 58                          pop     eax
  6371 00004725 5B                          pop     ebx
  6372 00004726 59                          pop     ecx
  6373 00004727 5A                          pop     edx
  6374 00004728 5E                          pop     esi
  6375 00004729 5F                          pop     edi
  6376 0000472A C3                          ret
  6377                                  
  6378                                  ; ============================================================================
  6379                                  ; tcp_check — check for SYN-ACK or data reply (RTL8139)
  6380                                  ;   Sets tcp_state=2 on SYN-ACK, tcp_state=3 on data received
  6381                                  ;   Main work is done by eth_rx -> ip_rx -> tcp_rx in the main loop
  6382                                  tcp_check:
  6383 0000472B 57                          push    edi
  6384 0000472C 52                          push    edx
  6385 0000472D 51                          push    ecx
  6386 0000472E 53                          push    ebx
  6387 0000472F 50                          push    eax
  6388 00004730 803D[DAB10000]01            cmp     byte [nic_type], 1
  6389 00004737 0F85D4000000                jne     .tcp_d
  6390 0000473D 803D[85BF0000]01            cmp     byte [tcp_state], 1
  6391 00004744 0F85C7000000                jne     .tcp_d
  6392                                      ; Check timeout first (300 ticks, more generous)
  6393 0000474A A1[54710000]                mov     eax, [vtd_t]
  6394 0000474F 8B1D[44EF0000]              mov     ebx, [tcp_timeout]
  6395 00004755 29D8                        sub     eax, ebx
  6396 00004757 3D2C010000                  cmp     eax, 300
  6397 0000475C 0F8D82000000                jge     .tcp_timeout
  6398                                      ; Check TX done: read TSD0 byte 0x11, test TOK (bit 15 of TSD0 = bit 7 of byte 0x11).
  6399                                      ; TOK=1 means NIC finished transmitting the frame.
  6400 00004762 B011                        mov     al, 0x11
  6401 00004764 E84CE6FFFF                  call    rtl8139_rd
  6402 00004769 A880                        test    al, 0x80
  6403 0000476B 742E                        jz      .tcp_pending              ; TOK=0 -> TX still pending, leave tcp_state=1
  6404                                      ; TX completed successfully: keep tcp_state=1 (will move to 2 on SYN-ACK recv)
  6405                                      dbg_puts "[A4X] tcp_check TX DONE", 13, 10, 0
    21 0000476D EB1A                <1>  jmp %%skip
    22 0000476F 5B4134585D20746370- <1> %%str db %1
    22 00004778 5F636865636B205458- <1>
    22 00004781 20444F4E450D0A00    <1>
    23                              <1> %%skip:
    24                              <1> %if __BITS__ == 32
    25 00004789 56                  <1>  push esi
    26 0000478A BE[6F470000]        <1>  mov esi, %%str
    27                              <1> %%.loop:
    28 0000478F AC                  <1>  lodsb
    29 00004790 08C0                <1>  or al, al
    30 00004792 7404                <1>  jz %%.done
    31 00004794 E6E9                <1>  out 0xE9, al
    32 00004796 EBF7                <1>  jmp %%.loop
    33                              <1> %%.done:
    34 00004798 5E                  <1>  pop esi
    35                              <1> %else
    36                              <1>  push si
    37                              <1>  mov si, %%str
    38                              <1> %%.loop:
    39                              <1>  lodsb
    40                              <1>  or al, al
    41                              <1>  jz %%.done
    42                              <1>  out 0xE9, al
    43                              <1>  jmp %%.loop
    44                              <1> %%.done:
    45                              <1>  pop si
    46                              <1> %endif
  6406 00004799 EB76                        jmp     .tcp_d
  6407                                  .tcp_pending:
  6408                                      ; Only log once per TCP session to avoid log floods
  6409 0000479B 803D[86BF0000]01            cmp     byte [tcp_tx_pending_logged], 1
  6410 000047A2 746D                        je      .tcp_d
  6411 000047A4 C605[86BF0000]01            mov     byte [tcp_tx_pending_logged], 1
  6412                                      dbg_puts "[A4X] tcp_check TX pending (TOK=0)", 13, 10, 0
    21 000047AB EB25                <1>  jmp %%skip
    22 000047AD 5B4134585D20746370- <1> %%str db %1
    22 000047B6 5F636865636B205458- <1>
    22 000047BF 2070656E64696E6720- <1>
    22 000047C8 28544F4B3D30290D0A- <1>
    22 000047D1 00                  <1>
    23                              <1> %%skip:
    24                              <1> %if __BITS__ == 32
    25 000047D2 56                  <1>  push esi
    26 000047D3 BE[AD470000]        <1>  mov esi, %%str
    27                              <1> %%.loop:
    28 000047D8 AC                  <1>  lodsb
    29 000047D9 08C0                <1>  or al, al
    30 000047DB 7404                <1>  jz %%.done
    31 000047DD E6E9                <1>  out 0xE9, al
    32 000047DF EBF7                <1>  jmp %%.loop
    33                              <1> %%.done:
    34 000047E1 5E                  <1>  pop esi
    35                              <1> %else
    36                              <1>  push si
    37                              <1>  mov si, %%str
    38                              <1> %%.loop:
    39                              <1>  lodsb
    40                              <1>  or al, al
    41                              <1>  jz %%.done
    42                              <1>  out 0xE9, al
    43                              <1>  jmp %%.loop
    44                              <1> %%.done:
    45                              <1>  pop si
    46                              <1> %endif
  6413 000047E2 EB2D                        jmp     .tcp_d
  6414                                  .tcp_timeout:
  6415                                      dbg_puts "[A4X] SYN TIMEOUT", 13, 10, 0
    21 000047E4 EB14                <1>  jmp %%skip
    22 000047E6 5B4134585D2053594E- <1> %%str db %1
    22 000047EF 2054494D454F55540D- <1>
    22 000047F8 0A00                <1>
    23                              <1> %%skip:
    24                              <1> %if __BITS__ == 32
    25 000047FA 56                  <1>  push esi
    26 000047FB BE[E6470000]        <1>  mov esi, %%str
    27                              <1> %%.loop:
    28 00004800 AC                  <1>  lodsb
    29 00004801 08C0                <1>  or al, al
    30 00004803 7404                <1>  jz %%.done
    31 00004805 E6E9                <1>  out 0xE9, al
    32 00004807 EBF7                <1>  jmp %%.loop
    33                              <1> %%.done:
    34 00004809 5E                  <1>  pop esi
    35                              <1> %else
    36                              <1>  push si
    37                              <1>  mov si, %%str
    38                              <1> %%.loop:
    39                              <1>  lodsb
    40                              <1>  or al, al
    41                              <1>  jz %%.done
    42                              <1>  out 0xE9, al
    43                              <1>  jmp %%.loop
    44                              <1> %%.done:
    45                              <1>  pop si
    46                              <1> %endif
  6416 0000480A C605[85BF0000]00            mov     byte [tcp_state], 0
  6417                                  .tcp_d:
  6418 00004811 58                          pop     eax
  6419 00004812 5B                          pop     ebx
  6420 00004813 59                          pop     ecx
  6421 00004814 5A                          pop     edx
  6422 00004815 5F                          pop     edi
  6423 00004816 C3                          ret
  6424                                  
  6425                                  ; ============================================================================
  6426                                  ; tcp_recv_check — check RX ring for incoming TCP data
  6427                                  ;   IN:  edi = nic_rx_data (Ethernet frame)
  6428                                  ;   OUT: sets tcp_rx_len and copies payload to tcp_rx_buf
  6429                                  ; ============================================================================
  6430                                  tcp_recv_check:
  6431 00004817 57                          push    edi
  6432 00004818 52                          push    edx
  6433 00004819 51                          push    ecx
  6434 0000481A 53                          push    ebx
  6435 0000481B 50                          push    eax
  6436 0000481C 803D[DAB10000]01            cmp     byte [nic_type], 1
  6437 00004823 753D                        jne     .trc_d
  6438 00004825 803D[85BF0000]02            cmp     byte [tcp_state], 2
  6439 0000482C 7534                        jne     .trc_d
  6440                                      ; Read RX data
  6441 0000482E BF[00E90000]                mov     edi, nic_rx_data
  6442 00004833 83C736                      add     edi, 14+20+20  ; skip eth+ip+tcp headers
  6443                                      ; Get payload length from IP total length - 40
  6444 00004836 66A1[10E90000]              mov     ax, [nic_rx_data+14+2]
  6445 0000483C 6683E828                    sub     ax, 40
  6446 00004840 6683F820                    cmp     ax, 32
  6447 00004844 7F1C                        jg      .trc_d
  6448 00004846 66A3[D8BF0000]              mov     [tcp_rx_len], ax
  6449                                      ; Copy payload to tcp_rx_buf
  6450 0000484C 89FE                        mov     esi, edi
  6451 0000484E BF[96BF0000]                mov     edi, tcp_rx_buf
  6452 00004853 8B0D[D8BF0000]              mov     ecx, [tcp_rx_len]
  6453 00004859 F3A4                        rep     movsb
  6454 0000485B C605[D7BF0000]01            mov     byte [tcp_rx_state], 1
  6455                                  .trc_d:
  6456 00004862 58                          pop     eax
  6457 00004863 5B                          pop     ebx
  6458 00004864 59                          pop     ecx
  6459 00004865 5A                          pop     edx
  6460 00004866 5F                          pop     edi
  6461 00004867 C3                          ret
  6462                                  
  6463                                  ; ============================================================================
  6464                                  ; dns_resolve — UDP DNS A-record query
  6465                                  ;   IN:  esi = domain name string (null-terminated)
  6466                                  ;   OUT: sets dns_ip[4] if resolved, dns_state=1/2/3
  6467                                  ; ============================================================================
  6468                                  dns_resolve:
  6469 00004868 57                          push    edi
  6470 00004869 52                          push    edx
  6471 0000486A 51                          push    ecx
  6472 0000486B 53                          push    ebx
  6473 0000486C 56                          push    esi
  6474 0000486D 50                          push    eax
  6475 0000486E C605[48EF0000]01            mov     byte [dns_state], 1
  6476                                      ; Build DNS query packet
  6477 00004875 BF[65BF0000]                mov     edi, udp_tx_buf
  6478 0000487A 66C707A5A5                  mov     word [edi+0], 0xA5A5    ; transaction ID
  6479 0000487F 66C747020001                mov     word [edi+2], 0x0100    ; flags: standard query, recursion
  6480 00004885 66C747040100                mov     word [edi+4], 1         ; qdcount
  6481 0000488B 6631C0                      xor     ax, ax
  6482 0000488E 66894706                    mov     [edi+6], ax             ; ancount
  6483 00004892 66894708                    mov     [edi+8], ax             ; nscount
  6484 00004896 6689470A                    mov     [edi+10], ax            ; arcount
  6485                                      ; Encode domain name as labels
  6486 0000489A 83C70C                      add     edi, 12
  6487 0000489D 8935[51EF0000]              mov     [dns_qname], esi
  6488                                  .dns_enc:
  6489 000048A3 8A06                        mov     al, [esi]
  6490 000048A5 84C0                        test    al, al
  6491 000048A7 741E                        jz      .dns_enc_done
  6492 000048A9 3C2E                        cmp     al, '.'
  6493 000048AB 7412                        je      .dns_dot
  6494                                      ; Count label length
  6495 000048AD 88C3                        mov     bl, al
  6496 000048AF 46                          inc     esi
  6497                                  .dns_lcount:
  6498 000048B0 8A06                        mov     al, [esi]
  6499 000048B2 84C0                        test    al, al
  6500 000048B4 7411                        jz      .dns_enc_done
  6501 000048B6 3C2E                        cmp     al, '.'
  6502 000048B8 7405                        je      .dns_dot
  6503 000048BA FEC3                        inc     bl
  6504 000048BC 46                          inc     esi
  6505 000048BD EBF1                        jmp     .dns_lcount
  6506                                  .dns_dot:
  6507 000048BF 881F                        mov     [edi], bl
  6508 000048C1 83C702                      add     edi, 2
  6509 000048C4 46                          inc     esi
  6510 000048C5 EBDC                        jmp     .dns_enc
  6511                                  .dns_enc_done:
  6512                                      ; Write label length + remaining chars
  6513 000048C7 881F                        mov     [edi], bl
  6514 000048C9 83C702                      add     edi, 2
  6515                                      ; Write qtype=1 (A), qclass=1 (IN)
  6516 000048CC 66C7070100                  mov     word [edi+0], 1
  6517 000048D1 66C747020100                mov     word [edi+2], 1
  6518                                      ; Set up UDP send
  6519 000048D7 BF[65BF0000]                mov     edi, udp_tx_buf
  6520 000048DC 83EF0C                      sub     edi, 12
  6521 000048DF C605[40BF0000]35            mov     [udp_dport], 53
  6522 000048E6 C605[3EBF0000]00            mov     [udp_sport], 0x1A00
  6523 000048ED 893D[42BF0000]              mov     [udp_len], edi
  6524 000048F3 802D[42BF0000][65]          sub     [udp_len], udp_tx_buf
  6525                                      ; Send via eth_send
  6526 000048FA B035                        mov     al, 53
  6527 000048FC 66A3[40BF0000]              mov     [udp_dport], ax
  6528 00004902 6631C0                      xor     ax, ax
  6529 00004905 66A3[55EF0000]              mov     [udp_state], ax
  6530 0000490B FE05[55EF0000]              inc     byte [udp_state]
  6531                                      ; Mark timeout
  6532 00004911 66A1[54710000]              mov     ax, [vtd_t]
  6533 00004917 66A3[4DEF0000]              mov     [dns_timeout], ax
  6534 0000491D EB00                        jmp     .dns_d
  6535                                  .dns_d:
  6536 0000491F 58                          pop     eax
  6537 00004920 5E                          pop     esi
  6538 00004921 5B                          pop     ebx
  6539 00004922 59                          pop     ecx
  6540 00004923 5A                          pop     edx
  6541 00004924 5F                          pop     edi
  6542 00004925 C3                          ret
  6543                                  
  6544                                  ; ============================================================================
  6545                                  ; dns_check — parse DNS response
  6546                                  ;   Sets dns_state=2 (resolved) with dns_ip[4], or 3 (timeout/fail)
  6547                                  ; ============================================================================
  6548                                  dns_check:
  6549 00004926 57                          push    edi
  6550 00004927 52                          push    edx
  6551 00004928 51                          push    ecx
  6552 00004929 53                          push    ebx
  6553 0000492A 50                          push    eax
  6554 0000492B 803D[44BF0000]01            cmp     byte [udp_rx_state], 1
  6555 00004932 7532                        jne     .dc_d
  6556                                      ; Check response
  6557 00004934 BF[45BF0000]                mov     edi, udp_rx_buf
  6558 00004939 83C70C                      add     edi, 12
  6559                                      ; Parse answer section — look for type=1 (A record)
  6560 0000493C 66A1[4BBF0000]              mov     ax, [udp_rx_buf+6]
  6561 00004942 6683F800                    cmp     ax, 0
  6562 00004946 741E                        je      .dc_d
  6563                                      ; Skip question section (simplified: skip 16 bytes)
  6564 00004948 83C710                      add     edi, 16
  6565                                      ; Answer: name(2 offset), type(2), class(2), ttl(4), rdlength(2), rdata(4)
  6566 0000494B 668B4702                    mov     ax, [edi+2]
  6567 0000494F 6683F801                    cmp     ax, 1
  6568 00004953 7511                        jne     .dc_d
  6569 00004955 8B470A                      mov     eax, [edi+10]
  6570 00004958 A3[49EF0000]                mov     [dns_ip], eax
  6571 0000495D C605[48EF0000]02            mov     byte [dns_state], 2
  6572 00004964 EB00                        jmp     .dc_d
  6573                                  .dc_d:
  6574 00004966 58                          pop     eax
  6575 00004967 5B                          pop     ebx
  6576 00004968 59                          pop     ecx
  6577 00004969 5A                          pop     edx
  6578 0000496A 5F                          pop     edi
  6579 0000496B C3                          ret
  6580                                  
  6581                                  ; ============================================================================
  6582                                  ; http_get — build HTTP GET request buffer
  6583                                  ;   IN:  esi = URL string
  6584                                  ;   OUT: http_buf contains HTTP request, http_len = length
  6585                                  ; ============================================================================
  6586                                  http_get:
  6587 0000496C 57                          push    edi
  6588 0000496D 52                          push    edx
  6589 0000496E 51                          push    ecx
  6590 0000496F 53                          push    ebx
  6591 00004970 50                          push    eax
  6592 00004971 BF[56EF0000]                mov     edi, http_buf
  6593 00004976 B847455420                  mov     eax, "GET "
  6594 0000497B 8907                        mov     [edi+0], eax
  6595 0000497D 66B8202F                    mov     ax, " /H"
  6596 00004981 66894704                    mov     [edi+4], ax
  6597 00004985 C6470654                    mov     byte [edi+6], 'T'
  6598 00004989 C6470754                    mov     byte [edi+7], 'T'
  6599 0000498D 83C708                      add     edi, 8
  6600                                      ; Copy path from URL (skip scheme://host/)
  6601 00004990 8B06                        mov     eax, [esi]
  6602 00004992 3D68747470                  cmp     eax, "http"
  6603 00004997 751C                        jne     .hg_skip
  6604 00004999 83C604                      add     esi, 4
  6605 0000499C B83A2F2F2F                  mov     eax, ":///"
  6606 000049A1 3906                        cmp     [esi], eax
  6607 000049A3 7510                        jne     .hg_skip
  6608 000049A5 83C604                      add     esi, 4
  6609                                      ; Skip host until '/'
  6610                                  .hg_skiphost:
  6611 000049A8 8A06                        mov     al, [esi]
  6612 000049AA 84C0                        test    al, al
  6613 000049AC 740B                        jz      .hg_addslash
  6614 000049AE 3C2F                        cmp     al, '/'
  6615 000049B0 7407                        je      .hg_addslash
  6616 000049B2 46                          inc     esi
  6617 000049B3 EBF3                        jmp     .hg_skiphost
  6618                                  .hg_skip:
  6619 000049B5 C6072F                      mov     byte [edi], '/'
  6620 000049B8 47                          inc     edi
  6621                                  .hg_addslash:
  6622 000049B9 8A06                        mov     al, [esi]
  6623 000049BB 84C0                        test    al, al
  6624 000049BD 7406                        jz      .hg_addslash2
  6625 000049BF 8807                        mov     [edi], al
  6626 000049C1 47                          inc     edi
  6627 000049C2 46                          inc     esi
  6628 000049C3 EBF4                        jmp     .hg_addslash
  6629                                  .hg_addslash2:
  6630 000049C5 C6072F                      mov     byte [edi], '/'
  6631 000049C8 47                          inc     edi
  6632                                      ; Add " HTTP/1.1\r\nHost: "
  6633 000049C9 B820485454                  mov     eax, " HTTP"
  6634 000049CE 8907                        mov     [edi+0], eax
  6635 000049D0 C647042F                    mov     byte [edi+4], '/'
  6636 000049D4 C6470531                    mov     byte [edi+5], '1'
  6637 000049D8 C647062E                    mov     byte [edi+6], '.'
  6638 000049DC C6470731                    mov     byte [edi+7], '1'
  6639 000049E0 C647080D                    mov     byte [edi+8], 13
  6640 000049E4 C647090A                    mov     byte [edi+9], 10
  6641 000049E8 83C70A                      add     edi, 10
  6642                                      ; Host header
  6643 000049EB 8B06                        mov     eax, [esi]
  6644 000049ED 3D68747470                  cmp     eax, "http"
  6645 000049F2 751E                        jne     .hg_host_done
  6646 000049F4 83C604                      add     esi, 4
  6647 000049F7 813E3A2F2F2F                cmp     dword [esi], ":///"
  6648 000049FD 7513                        jne     .hg_host_done
  6649 000049FF 83C604                      add     esi, 4
  6650                                  .hg_cpyhost:
  6651 00004A02 8A06                        mov     al, [esi]
  6652 00004A04 84C0                        test    al, al
  6653 00004A06 740A                        jz      .hg_host_done
  6654 00004A08 3C2F                        cmp     al, '/'
  6655 00004A0A 7406                        je      .hg_host_done
  6656 00004A0C 8807                        mov     [edi], al
  6657 00004A0E 47                          inc     edi
  6658 00004A0F 46                          inc     esi
  6659 00004A10 EBF0                        jmp     .hg_cpyhost
  6660                                  .hg_host_done:
  6661                                      ; Write "Connection: close\r\n\r\n" as bytes
  6662 00004A12 66C7070D0A                  mov     word [edi+0], 0x0A0D
  6663 00004A17 B8436F6E6E                  mov     eax, "Conn"
  6664 00004A1C 894702                      mov     [edi+2], eax
  6665 00004A1F B865637469                  mov     eax, "ecti"
  6666 00004A24 894706                      mov     [edi+6], eax
  6667 00004A27 B86F6E3A20                  mov     eax, "on: "
  6668 00004A2C 89470A                      mov     [edi+10], eax
  6669 00004A2F B8636C6F73                  mov     eax, "clos"
  6670 00004A34 89470E                      mov     [edi+14], eax
  6671 00004A37 C6471265                    mov     byte [edi+18], 'e'
  6672 00004A3B 66C747130D0A                mov     word [edi+19], 0x0A0D
  6673 00004A41 66C747150D0A                mov     word [edi+21], 0x0A0D
  6674 00004A47 83C717                      add     edi, 23
  6675 00004A4A 893D[56F00000]              mov     [http_len], edi
  6676 00004A50 802D[56F00000][56]          sub     [http_len], http_buf
  6677 00004A57 EB00                        jmp     .hg_d
  6678                                  .hg_d:
  6679 00004A59 58                          pop     eax
  6680 00004A5A 5B                          pop     ebx
  6681 00004A5B 59                          pop     ecx
  6682 00004A5C 5A                          pop     edx
  6683 00004A5D 5F                          pop     edi
  6684 00004A5E C3                          ret
  6685                                  
  6686                                  ; ============================================================================
  6687                                  ; http_parse — parse HTTP response, extract body
  6688                                  ;   IN:  http_buf contains response
  6689                                  ;   OUT: sets http_body_len, http_body points to first non-header byte
  6690                                  ; ============================================================================
  6691                                  http_parse:
  6692 00004A5F 57                          push    edi
  6693 00004A60 52                          push    edx
  6694 00004A61 51                          push    ecx
  6695 00004A62 53                          push    ebx
  6696 00004A63 50                          push    eax
  6697 00004A64 BF[56EF0000]                mov     edi, http_buf
  6698 00004A69 0FB70D[56F00000]            movzx   ecx, word [http_len]
  6699 00004A70 83F904                      cmp     ecx, 4
  6700 00004A73 7C31                        jl      .http_d
  6701                                  .http_find:
  6702 00004A75 83F904                      cmp     ecx, 4
  6703 00004A78 7C2C                        jl      .http_d
  6704 00004A7A 813F0D0A0D0A                cmp     dword [edi], 0x0A0D0A0D    ; \r\n\r\n in LE (bytes 0D 0A 0D 0A)
  6705 00004A80 7404                        je      .http_found
  6706 00004A82 47                          inc     edi
  6707 00004A83 49                          dec     ecx
  6708 00004A84 EBEF                        jmp     .http_find
  6709                                  .http_found:
  6710 00004A86 83C704                      add     edi, 4
  6711 00004A89 893D[58F00000]              mov     [http_body], edi
  6712                                      ; body_len = http_len - (edi - http_buf)
  6713 00004A8F 89F8                        mov     eax, edi
  6714 00004A91 2D[56EF0000]                sub     eax, http_buf
  6715 00004A96 0FB715[56F00000]            movzx   edx, word [http_len]
  6716 00004A9D 29C2                        sub     edx, eax
  6717 00004A9F 668915[5CF00000]            mov     [http_body_len], dx
  6718                                  .http_d:
  6719 00004AA6 58                          pop     eax
  6720 00004AA7 5B                          pop     ebx
  6721 00004AA8 59                          pop     ecx
  6722 00004AA9 5A                          pop     edx
  6723 00004AAA 5F                          pop     edi
  6724 00004AAB C3                          ret
  6725                                  
  6726                                  ; ============================================================================
  6727                                  ; net_test_inject — NET_TEST only: inject canned HTTP response into dl_code
  6728                                  ;   Bypasses ARP/DNS/TCP/HTTP. Simulates a real download by copying the
  6729                                  ;   test bytecode (0xA4 magic + program) into dl_code and setting dl_valid.
  6730                                  ; ============================================================================
  6731                                  %ifdef NET_TEST
  6732                                  net_test_inject:
  6733                                      push    esi
  6734                                      push    edi
  6735                                      push    ecx
  6736                                      push    eax
  6737                                      ; Simulate http_parse: set http_body to point past headers
  6738                                      mov     dword [http_body], test_bc_body
  6739                                      mov     eax, test_bc_body_len
  6740                                      mov     [http_body_len], ax
  6741                                      ; Phase B copy: body[0] must be BC_MAGIC, copy body[1..] to dl_code
  6742                                      mov     byte [dl_valid], 0
  6743                                      mov     esi, test_bc_body
  6744                                      mov     al, [esi]
  6745                                      cmp     al, BC_MAGIC
  6746                                      jne     .nti_d
  6747                                      inc     esi                        ; skip magic
  6748                                      mov     ecx, test_bc_body_len - 1  ; payload without magic
  6749                                      cmp     ecx, DL_CODE_SZ
  6750                                      jle     .nti_cap
  6751                                      mov     ecx, DL_CODE_SZ
  6752                                  .nti_cap:
  6753                                      mov     edi, dl_code
  6754                                      push    ecx
  6755                                      rep     movsb
  6756                                      pop     ecx
  6757                                      ; Zero-fill remainder
  6758                                      mov     eax, DL_CODE_SZ
  6759                                      sub     eax, ecx
  6760                                      mov     ecx, eax
  6761                                      xor     al, al
  6762                                      rep     stosb
  6763                                      mov     byte [dl_valid], 1
  6764                                      dbg_puts "[A4X] NET_TEST: injected downloaded bytecode (dl_valid=1)", 13, 10, 0
  6765                                  .nti_d:
  6766                                      pop     eax
  6767                                      pop     ecx
  6768                                      pop     edi
  6769                                      pop     esi
  6770                                      ret
  6771                                  %endif
  6772                                  
  6773                                  ; ============================================================================
  6774                                  ; net_download — orchestrate ARP→TCP→HTTP→download flow (skip DNS, direct to 10.0.2.2)
  6775                                  ;   Called from main_loop when ins_state==1
  6776                                  ; ============================================================================
  6777                                  net_download:
  6778 00004AAC 57                          push    edi
  6779 00004AAD 52                          push    edx
  6780 00004AAE 51                          push    ecx
  6781 00004AAF 53                          push    ebx
  6782 00004AB0 50                          push    eax
  6783                                      ; ----- Print current state (scripted tracking, once per state entry) -----
  6784 00004AB1 A0[E3000100]                mov     al, [net_dl_state]
  6785 00004AB6 3A05[DBBF0000]              cmp     al, [nd_last_logged_state]
  6786 00004ABC 0F8495000000                je      .nd_skip_state_print
  6787 00004AC2 A2[DBBF0000]                mov     [nd_last_logged_state], al
  6788 00004AC7 3C00                        cmp     al, 0
  6789 00004AC9 740D                        je      .nd_log_s0
  6790 00004ACB 3C01                        cmp     al, 1
  6791 00004ACD 7434                        je      .nd_log_s1
  6792 00004ACF 3C03                        cmp     al, 3
  6793 00004AD1 745B                        je      .nd_log_s3
  6794 00004AD3 E97F000000                  jmp     .nd_skip_state_print
  6795                                  .nd_log_s0:
  6796                                      dbg_puts "[A4X] net_dl state=0", 13, 10, 0
    21 00004AD8 EB17                <1>  jmp %%skip
    22 00004ADA 5B4134585D206E6574- <1> %%str db %1
    22 00004AE3 5F646C207374617465- <1>
    22 00004AEC 3D300D0A00          <1>
    23                              <1> %%skip:
    24                              <1> %if __BITS__ == 32
    25 00004AF1 56                  <1>  push esi
    26 00004AF2 BE[DA4A0000]        <1>  mov esi, %%str
    27                              <1> %%.loop:
    28 00004AF7 AC                  <1>  lodsb
    29 00004AF8 08C0                <1>  or al, al
    30 00004AFA 7404                <1>  jz %%.done
    31 00004AFC E6E9                <1>  out 0xE9, al
    32 00004AFE EBF7                <1>  jmp %%.loop
    33                              <1> %%.done:
    34 00004B00 5E                  <1>  pop esi
    35                              <1> %else
    36                              <1>  push si
    37                              <1>  mov si, %%str
    38                              <1> %%.loop:
    39                              <1>  lodsb
    40                              <1>  or al, al
    41                              <1>  jz %%.done
    42                              <1>  out 0xE9, al
    43                              <1>  jmp %%.loop
    44                              <1> %%.done:
    45                              <1>  pop si
    46                              <1> %endif
  6797 00004B01 EB54                        jmp     .nd_skip_state_print
  6798                                  .nd_log_s1:
  6799                                      dbg_puts "[A4X] net_dl state=1", 13, 10, 0
    21 00004B03 EB17                <1>  jmp %%skip
    22 00004B05 5B4134585D206E6574- <1> %%str db %1
    22 00004B0E 5F646C207374617465- <1>
    22 00004B17 3D310D0A00          <1>
    23                              <1> %%skip:
    24                              <1> %if __BITS__ == 32
    25 00004B1C 56                  <1>  push esi
    26 00004B1D BE[054B0000]        <1>  mov esi, %%str
    27                              <1> %%.loop:
    28 00004B22 AC                  <1>  lodsb
    29 00004B23 08C0                <1>  or al, al
    30 00004B25 7404                <1>  jz %%.done
    31 00004B27 E6E9                <1>  out 0xE9, al
    32 00004B29 EBF7                <1>  jmp %%.loop
    33                              <1> %%.done:
    34 00004B2B 5E                  <1>  pop esi
    35                              <1> %else
    36                              <1>  push si
    37                              <1>  mov si, %%str
    38                              <1> %%.loop:
    39                              <1>  lodsb
    40                              <1>  or al, al
    41                              <1>  jz %%.done
    42                              <1>  out 0xE9, al
    43                              <1>  jmp %%.loop
    44                              <1> %%.done:
    45                              <1>  pop si
    46                              <1> %endif
  6800 00004B2C EB29                        jmp     .nd_skip_state_print
  6801                                  .nd_log_s3:
  6802                                      dbg_puts "[A4X] net_dl state=3", 13, 10, 0
    21 00004B2E EB17                <1>  jmp %%skip
    22 00004B30 5B4134585D206E6574- <1> %%str db %1
    22 00004B39 5F646C207374617465- <1>
    22 00004B42 3D330D0A00          <1>
    23                              <1> %%skip:
    24                              <1> %if __BITS__ == 32
    25 00004B47 56                  <1>  push esi
    26 00004B48 BE[304B0000]        <1>  mov esi, %%str
    27                              <1> %%.loop:
    28 00004B4D AC                  <1>  lodsb
    29 00004B4E 08C0                <1>  or al, al
    30 00004B50 7404                <1>  jz %%.done
    31 00004B52 E6E9                <1>  out 0xE9, al
    32 00004B54 EBF7                <1>  jmp %%.loop
    33                              <1> %%.done:
    34 00004B56 5E                  <1>  pop esi
    35                              <1> %else
    36                              <1>  push si
    37                              <1>  mov si, %%str
    38                              <1> %%.loop:
    39                              <1>  lodsb
    40                              <1>  or al, al
    41                              <1>  jz %%.done
    42                              <1>  out 0xE9, al
    43                              <1>  jmp %%.loop
    44                              <1> %%.done:
    45                              <1>  pop si
    46                              <1> %endif
  6803                                  .nd_skip_state_print:
  6804 00004B57 803D[E3000100]00            cmp     byte [net_dl_state], 0
  6805 00004B5E 7435                        je      .nd_start
  6806 00004B60 803D[E3000100]01            cmp     byte [net_dl_state], 1
  6807 00004B67 7479                        je      .nd_arp
  6808 00004B69 803D[E3000100]03            cmp     byte [net_dl_state], 3
  6809 00004B70 0F84A6000000                je      .nd_tcp
  6810 00004B76 803D[E3000100]04            cmp     byte [net_dl_state], 4
  6811 00004B7D 0F847B010000                je      .nd_http
  6812 00004B83 803D[E3000100]05            cmp     byte [net_dl_state], 5
  6813 00004B8A 0F841D040000                je      .nd_done
  6814 00004B90 E91F040000                  jmp     .nd_d
  6815                                  .nd_start:
  6816                                      ; Send a real ARP request for the gateway (10.0.2.2).  Even though we
  6817                                      ; know the gateway MAC in advance, sending the ARP request forces SLIRP
  6818                                      ; to send a UNICAST ARP reply directly to our MAC (52:54:00:12:34:56).
  6819                                      ; This exercises the unicast RX path (RCR.AUP) which we can verify
  6820                                      ; independently from the broadcast ARP requests SLIRP also transmits.
  6821 00004B95 C605[E3000100]01            mov     byte [net_dl_state], 1
  6822                                      dbg_puts "[A4X] ARP: sending request for 10.0.2.2", 13, 10, 0
    21 00004B9C EB2A                <1>  jmp %%skip
    22 00004B9E 5B4134585D20415250- <1> %%str db %1
    22 00004BA7 3A2073656E64696E67- <1>
    22 00004BB0 207265717565737420- <1>
    22 00004BB9 666F722031302E302E- <1>
    22 00004BC2 322E320D0A00        <1>
    23                              <1> %%skip:
    24                              <1> %if __BITS__ == 32
    25 00004BC8 56                  <1>  push esi
    26 00004BC9 BE[9E4B0000]        <1>  mov esi, %%str
    27                              <1> %%.loop:
    28 00004BCE AC                  <1>  lodsb
    29 00004BCF 08C0                <1>  or al, al
    30 00004BD1 7404                <1>  jz %%.done
    31 00004BD3 E6E9                <1>  out 0xE9, al
    32 00004BD5 EBF7                <1>  jmp %%.loop
    33                              <1> %%.done:
    34 00004BD7 5E                  <1>  pop esi
    35                              <1> %else
    36                              <1>  push si
    37                              <1>  mov si, %%str
    38                              <1> %%.loop:
    39                              <1>  lodsb
    40                              <1>  or al, al
    41                              <1>  jz %%.done
    42                              <1>  out 0xE9, al
    43                              <1>  jmp %%.loop
    44                              <1> %%.done:
    45                              <1>  pop si
    46                              <1> %endif
  6823 00004BD8 E83EF5FFFF                  call    arp_send
  6824 00004BDD E9D2030000                  jmp     .nd_d
  6825                                  .nd_arp:
  6826 00004BE2 803D[A8BE0000]04            cmp     byte [arp_state], 4
  6827 00004BE9 0F85C5030000                jne     .nd_d
  6828                                      ; ARP resolved — set TCP params and connect (skip DNS, direct to 10.0.2.2:8081)
  6829 00004BEF C605[E3000100]03            mov     byte [net_dl_state], 3
  6830 00004BF6 C705[40EF0000]0A00-         mov     dword [tcp_dst_ip], 0x0202000A  ; 10.0.2.2 (QEMU host)
  6830 00004BFE 0202               
  6831 00004C00 66C705[93BF0000]1F-         mov     word [tcp_dport], 0x901F        ; port 8080 (BE 0x1F90 → LE 0x901F)
  6831 00004C08 90                 
  6832 00004C09 66C705[91BF0000]C3-         mov     word [tcp_sport], 0x50C3        ; port 50000 (BE 0xC350 → LE 0x50C3)
  6832 00004C11 50                 
  6833 00004C12 E82D090000                  call    tcp_connect
  6834 00004C17 E998030000                  jmp     .nd_d
  6835                                  .nd_tcp:
  6836                                      ; Reset per-session TX-pending flag at the start of each state=3 poll cycle
  6837                                      ; (flag is used by tcp_check to print "TX pending" at most once per connect)
  6838 00004C1C 803D[DABF0000]01            cmp     byte [nd_tcp_checked], 1
  6839 00004C23 740E                        je      .nd_tcp_checked_ok
  6840 00004C25 C605[DABF0000]01            mov     byte [nd_tcp_checked], 1
  6841 00004C2C C605[86BF0000]00            mov     byte [tcp_tx_pending_logged], 0
  6842                                  .nd_tcp_checked_ok:
  6843                                      ; Poll TCP state: check TX completion + RX for SYN-ACK
  6844 00004C33 E8F3FAFFFF                  call    tcp_check
  6845                                      ; Also poll ISR ROK and immediately process RX packets (so we don't wait for next tick)
  6846 00004C38 E87D030000                  call    eth_rx
  6847                                      ; Now check if TCP handshake completed
  6848 00004C3D 803D[85BF0000]02            cmp     byte [tcp_state], 2
  6849 00004C44 7420                        je      .nd_tcp_ok
  6850                                      ; Still waiting for SYN-ACK (or timed out -> back to state 0)
  6851 00004C46 803D[85BF0000]00            cmp     byte [tcp_state], 0
  6852 00004C4D 0F8561030000                jne     .nd_d
  6853                                      ; Timeout, reset download state
  6854 00004C53 C605[E3000100]00            mov     byte [net_dl_state], 0
  6855 00004C5A C605[DABF0000]00            mov     byte [nd_tcp_checked], 0
  6856 00004C61 E94E030000                  jmp     .nd_d
  6857                                  .nd_tcp_ok:
  6858                                      ; TCP established — build and send HTTP GET over TCP
  6859                                      dbg_puts "[A4X] TCP: SYN-ACK received — ESTABLISHED", 13, 10, 0
    21 00004C66 EB2E                <1>  jmp %%skip
    22 00004C68 5B4134585D20544350- <1> %%str db %1
    22 00004C71 3A2053594E2D41434B- <1>
    22 00004C7A 207265636569766564- <1>
    22 00004C83 20E280942045535441- <1>
    22 00004C8C 424C49534845440D0A- <1>
    22 00004C95 00                  <1>
    23                              <1> %%skip:
    24                              <1> %if __BITS__ == 32
    25 00004C96 56                  <1>  push esi
    26 00004C97 BE[684C0000]        <1>  mov esi, %%str
    27                              <1> %%.loop:
    28 00004C9C AC                  <1>  lodsb
    29 00004C9D 08C0                <1>  or al, al
    30 00004C9F 7404                <1>  jz %%.done
    31 00004CA1 E6E9                <1>  out 0xE9, al
    32 00004CA3 EBF7                <1>  jmp %%.loop
    33                              <1> %%.done:
    34 00004CA5 5E                  <1>  pop esi
    35                              <1> %else
    36                              <1>  push si
    37                              <1>  mov si, %%str
    38                              <1> %%.loop:
    39                              <1>  lodsb
    40                              <1>  or al, al
    41                              <1>  jz %%.done
    42                              <1>  out 0xE9, al
    43                              <1>  jmp %%.loop
    44                              <1> %%.done:
    45                              <1>  pop si
    46                              <1> %endif
  6860 00004CA6 C605[E3000100]04            mov     byte [net_dl_state], 4
  6861                                      ; Reset HTTP RX state for fresh response
  6862 00004CAD C605[60000100]00            mov     byte [http_rx_state], 0
  6863 00004CB4 66C705[5E000100]00-         mov     word [http_rx_len], 0
  6863 00004CBC 00                 
  6864 00004CBD 66C705[61000100]00-         mov     word [http_hdr_end], 0
  6864 00004CC5 00                 
  6865 00004CC6 C705[63000100]0000-         mov     dword [http_content_len], 0
  6865 00004CCE 0000               
  6866                                      ; Copy pre-built HTTP GET request to http_buf
  6867 00004CD0 BF[56EF0000]                mov     edi, http_buf
  6868 00004CD5 BE[67000100]                mov     esi, http_get_req
  6869 00004CDA B918000000                  mov     ecx, http_get_req_len
  6870 00004CDF 66890D[56F00000]            mov     [http_len], cx
  6871 00004CE6 F3A4                        rep     movsb
  6872                                      ; Send HTTP request via TCP (PSH+ACK)
  6873 00004CE8 BE[56EF0000]                mov     esi, http_buf
  6874 00004CED 0FB70D[56F00000]            movzx   ecx, word [http_len]
  6875 00004CF4 E8C80A0000                  call    tcp_send_data
  6876 00004CF9 E9B6020000                  jmp     .nd_d
  6877                                  .nd_http:
  6878                                      ; Poll for incoming packets (process TCP segments)
  6879 00004CFE E8B7020000                  call    eth_rx
  6880                                      ; Check if HTTP body is complete
  6881 00004D03 803D[60000100]03            cmp     byte [http_rx_state], 3
  6882 00004D0A 0F85A4020000                jne     .nd_d
  6883                                      ; HTTP response body is complete
  6884                                      ; http_body points to body start, http_body_len = body length
  6885 00004D10 C605[B9710000]00            mov     byte [dl_valid], 0
  6886 00004D17 8B35[58F00000]              mov     esi, [http_body]
  6887 00004D1D 85F6                        test    esi, esi
  6888 00004D1F 0F847F020000                jz      .nd_skip_dl
  6889 00004D25 0FB70D[5CF00000]            movzx   ecx, word [http_body_len]
  6890 00004D2C 85C9                        test    ecx, ecx
  6891 00004D2E 0F8470020000                jz      .nd_skip_dl
  6892                                      ; ---- MZ magic check: route PE downloads to pe_download_buf + pe_parse ----
  6893 00004D34 668B06                      mov     ax, [esi]
  6894 00004D37 663D4D5A                    cmp     ax, 0x5A4D
  6895 00004D3B 0F85EC010000                jne     .nd_mz_no
  6896 00004D41 53                          push    ebx
  6897 00004D42 56                          push    esi
  6898 00004D43 51                          push    ecx
  6899 00004D44 0FB705[5CF00000]            movzx   eax, word [http_body_len]
  6900 00004D4B 3D00000100                  cmp     eax, PE_DOWNLOAD_MAX
  6901 00004D50 7E05                        jle     .nd_pe_cap
  6902 00004D52 B800000100                  mov     eax, PE_DOWNLOAD_MAX
  6903                                  .nd_pe_cap:
  6904 00004D57 89C1                        mov     ecx, eax
  6905 00004D59 890D[1C050200]              mov     [pe_download_len], ecx    ; save before rep movsb destroys ecx
  6906 00004D5F 8B35[58F00000]              mov     esi, [http_body]
  6907 00004D65 BF[1C050100]                mov     edi, pe_download_buf
  6908 00004D6A F3A4                        rep     movsb
  6909                                      dbg_puts "[A4X] PE downloaded — len=", 0
    21 00004D6C EB1D                <1>  jmp %%skip
    22 00004D6E 5B4134585D20504520- <1> %%str db %1
    22 00004D77 646F776E6C6F616465- <1>
    22 00004D80 6420E28094206C656E- <1>
    22 00004D89 3D00                <1>
    23                              <1> %%skip:
    24                              <1> %if __BITS__ == 32
    25 00004D8B 56                  <1>  push esi
    26 00004D8C BE[6E4D0000]        <1>  mov esi, %%str
    27                              <1> %%.loop:
    28 00004D91 AC                  <1>  lodsb
    29 00004D92 08C0                <1>  or al, al
    30 00004D94 7404                <1>  jz %%.done
    31 00004D96 E6E9                <1>  out 0xE9, al
    32 00004D98 EBF7                <1>  jmp %%.loop
    33                              <1> %%.done:
    34 00004D9A 5E                  <1>  pop esi
    35                              <1> %else
    36                              <1>  push si
    37                              <1>  mov si, %%str
    38                              <1> %%.loop:
    39                              <1>  lodsb
    40                              <1>  or al, al
    41                              <1>  jz %%.done
    42                              <1>  out 0xE9, al
    43                              <1>  jmp %%.loop
    44                              <1> %%.done:
    45                              <1>  pop si
    46                              <1> %endif
  6910 00004D9B A1[1C050200]                mov     eax, [pe_download_len]
  6911                                      dbg_hex32
    84 00004DA0 50                  <1>  push eax
    85 00004DA1 51                  <1>  push ecx
    86 00004DA2 B91C000000          <1>  mov ecx, 28
    87                              <1> %%loop:
    88 00004DA7 50                  <1>  push eax
    89 00004DA8 D3E8                <1>  shr eax, cl
    90 00004DAA 83E00F              <1>  and eax, 0x0F
    91 00004DAD 0430                <1>  add al, '0'
    92 00004DAF 3C39                <1>  cmp al, '9'
    93 00004DB1 7602                <1>  jbe %%ok2
    94 00004DB3 0407                <1>  add al, 7
    95                              <1> %%ok2:
    96 00004DB5 E6E9                <1>  out 0xE9, al
    97 00004DB7 58                  <1>  pop eax
    98 00004DB8 83E904              <1>  sub ecx, 4
    99 00004DBB 79EA                <1>  jns %%loop
   100 00004DBD 59                  <1>  pop ecx
   101 00004DBE 58                  <1>  pop eax
  6912                                      dbg_puts 13, 10, 0
    21 00004DBF EB03                <1>  jmp %%skip
    22 00004DC1 0D0A00              <1> %%str db %1
    23                              <1> %%skip:
    24                              <1> %if __BITS__ == 32
    25 00004DC4 56                  <1>  push esi
    26 00004DC5 BE[C14D0000]        <1>  mov esi, %%str
    27                              <1> %%.loop:
    28 00004DCA AC                  <1>  lodsb
    29 00004DCB 08C0                <1>  or al, al
    30 00004DCD 7404                <1>  jz %%.done
    31 00004DCF E6E9                <1>  out 0xE9, al
    32 00004DD1 EBF7                <1>  jmp %%.loop
    33                              <1> %%.done:
    34 00004DD3 5E                  <1>  pop esi
    35                              <1> %else
    36                              <1>  push si
    37                              <1>  mov si, %%str
    38                              <1> %%.loop:
    39                              <1>  lodsb
    40                              <1>  or al, al
    41                              <1>  jz %%.done
    42                              <1>  out 0xE9, al
    43                              <1>  jmp %%.loop
    44                              <1> %%.done:
    45                              <1>  pop si
    46                              <1> %endif
  6913 00004DD4 E88AE8FFFF                  call    pe_parse
  6914 00004DD9 84C0                        test    al, al
  6915 00004DDB 0F8449010000                jz      .nd_pe_bad
  6916 00004DE1 C605[B9710000]03            mov     byte [dl_valid], 3     ; 3 = PE downloaded and parsed
  6917 00004DE8 C605[CEB10000]01            mov     byte [redraw_fs], 1
  6918                                      dbg_puts "dl_valid=3", 13, 10, 0
    21 00004DEF EB0D                <1>  jmp %%skip
    22 00004DF1 646C5F76616C69643D- <1> %%str db %1
    22 00004DFA 330D0A00            <1>
    23                              <1> %%skip:
    24                              <1> %if __BITS__ == 32
    25 00004DFE 56                  <1>  push esi
    26 00004DFF BE[F14D0000]        <1>  mov esi, %%str
    27                              <1> %%.loop:
    28 00004E04 AC                  <1>  lodsb
    29 00004E05 08C0                <1>  or al, al
    30 00004E07 7404                <1>  jz %%.done
    31 00004E09 E6E9                <1>  out 0xE9, al
    32 00004E0B EBF7                <1>  jmp %%.loop
    33                              <1> %%.done:
    34 00004E0D 5E                  <1>  pop esi
    35                              <1> %else
    36                              <1>  push si
    37                              <1>  mov si, %%str
    38                              <1> %%.loop:
    39                              <1>  lodsb
    40                              <1>  or al, al
    41                              <1>  jz %%.done
    42                              <1>  out 0xE9, al
    43                              <1>  jmp %%.loop
    44                              <1> %%.done:
    45                              <1>  pop si
    46                              <1> %endif
  6919                                      dbg_puts "[A4X] PE parse OK — calling exe_load", 13, 10, 0
    21 00004E0E EB29                <1>  jmp %%skip
    22 00004E10 5B4134585D20504520- <1> %%str db %1
    22 00004E19 7061727365204F4B20- <1>
    22 00004E22 E280942063616C6C69- <1>
    22 00004E2B 6E67206578655F6C6F- <1>
    22 00004E34 61640D0A00          <1>
    23                              <1> %%skip:
    24                              <1> %if __BITS__ == 32
    25 00004E39 56                  <1>  push esi
    26 00004E3A BE[104E0000]        <1>  mov esi, %%str
    27                              <1> %%.loop:
    28 00004E3F AC                  <1>  lodsb
    29 00004E40 08C0                <1>  or al, al
    30 00004E42 7404                <1>  jz %%.done
    31 00004E44 E6E9                <1>  out 0xE9, al
    32 00004E46 EBF7                <1>  jmp %%.loop
    33                              <1> %%.done:
    34 00004E48 5E                  <1>  pop esi
    35                              <1> %else
    36                              <1>  push si
    37                              <1>  mov si, %%str
    38                              <1> %%.loop:
    39                              <1>  lodsb
    40                              <1>  or al, al
    41                              <1>  jz %%.done
    42                              <1>  out 0xE9, al
    43                              <1>  jmp %%.loop
    44                              <1> %%.done:
    45                              <1>  pop si
    46                              <1> %endif
  6920                                      ; ---- Load and execute the PE ----
  6921 00004E49 E809EBFFFF                  call    exe_load
  6922 00004E4E 84C0                        test    al, al
  6923 00004E50 0F84A4000000                jz      .nd_pe_exec_fail
  6924                                      dbg_puts "[A4X] PE exec returned OK", 13, 10, 0
    21 00004E56 EB1C                <1>  jmp %%skip
    22 00004E58 5B4134585D20504520- <1> %%str db %1
    22 00004E61 657865632072657475- <1>
    22 00004E6A 726E6564204F4B0D0A- <1>
    22 00004E73 00                  <1>
    23                              <1> %%skip:
    24                              <1> %if __BITS__ == 32
    25 00004E74 56                  <1>  push esi
    26 00004E75 BE[584E0000]        <1>  mov esi, %%str
    27                              <1> %%.loop:
    28 00004E7A AC                  <1>  lodsb
    29 00004E7B 08C0                <1>  or al, al
    30 00004E7D 7404                <1>  jz %%.done
    31 00004E7F E6E9                <1>  out 0xE9, al
    32 00004E81 EBF7                <1>  jmp %%.loop
    33                              <1> %%.done:
    34 00004E83 5E                  <1>  pop esi
    35                              <1> %else
    36                              <1>  push si
    37                              <1>  mov si, %%str
    38                              <1> %%.loop:
    39                              <1>  lodsb
    40                              <1>  or al, al
    41                              <1>  jz %%.done
    42                              <1>  out 0xE9, al
    43                              <1>  jmp %%.loop
    44                              <1> %%.done:
    45                              <1>  pop si
    46                              <1> %endif
  6925                                      ; ---- Install the downloaded PE into file_table (inet_dl.exe) so it
  6926                                      ;      persists as an installed OS program (can be re-run later from FS).
  6927 00004E84 E89BD6FFFF                  call    fs_install_pe_exe
  6928 00004E89 84C0                        test    al, al
  6929 00004E8B 7439                        jz      .nd_pe_install_fail
  6930                                      dbg_puts "[A4X] PE installed to OS OK", 13, 10, 0
    21 00004E8D EB1E                <1>  jmp %%skip
    22 00004E8F 5B4134585D20504520- <1> %%str db %1
    22 00004E98 696E7374616C6C6564- <1>
    22 00004EA1 20746F204F53204F4B- <1>
    22 00004EAA 0D0A00              <1>
    23                              <1> %%skip:
    24                              <1> %if __BITS__ == 32
    25 00004EAD 56                  <1>  push esi
    26 00004EAE BE[8F4E0000]        <1>  mov esi, %%str
    27                              <1> %%.loop:
    28 00004EB3 AC                  <1>  lodsb
    29 00004EB4 08C0                <1>  or al, al
    30 00004EB6 7404                <1>  jz %%.done
    31 00004EB8 E6E9                <1>  out 0xE9, al
    32 00004EBA EBF7                <1>  jmp %%.loop
    33                              <1> %%.done:
    34 00004EBC 5E                  <1>  pop esi
    35                              <1> %else
    36                              <1>  push si
    37                              <1>  mov si, %%str
    38                              <1> %%.loop:
    39                              <1>  lodsb
    40                              <1>  or al, al
    41                              <1>  jz %%.done
    42                              <1>  out 0xE9, al
    43                              <1>  jmp %%.loop
    44                              <1> %%.done:
    45                              <1>  pop si
    46                              <1> %endif
  6931 00004EBD C605[CEB10000]01            mov     byte [redraw_fs], 1
  6932 00004EC4 EB5F                        jmp     .nd_pe_done
  6933                                  .nd_pe_install_fail:
  6934                                      dbg_puts "[A4X] PE install to OS FAILED", 13, 10, 0
    21 00004EC6 EB20                <1>  jmp %%skip
    22 00004EC8 5B4134585D20504520- <1> %%str db %1
    22 00004ED1 696E7374616C6C2074- <1>
    22 00004EDA 6F204F53204641494C- <1>
    22 00004EE3 45440D0A00          <1>
    23                              <1> %%skip:
    24                              <1> %if __BITS__ == 32
    25 00004EE8 56                  <1>  push esi
    26 00004EE9 BE[C84E0000]        <1>  mov esi, %%str
    27                              <1> %%.loop:
    28 00004EEE AC                  <1>  lodsb
    29 00004EEF 08C0                <1>  or al, al
    30 00004EF1 7404                <1>  jz %%.done
    31 00004EF3 E6E9                <1>  out 0xE9, al
    32 00004EF5 EBF7                <1>  jmp %%.loop
    33                              <1> %%.done:
    34 00004EF7 5E                  <1>  pop esi
    35                              <1> %else
    36                              <1>  push si
    37                              <1>  mov si, %%str
    38                              <1> %%.loop:
    39                              <1>  lodsb
    40                              <1>  or al, al
    41                              <1>  jz %%.done
    42                              <1>  out 0xE9, al
    43                              <1>  jmp %%.loop
    44                              <1> %%.done:
    45                              <1>  pop si
    46                              <1> %endif
  6935 00004EF8 EB2B                        jmp     .nd_pe_done
  6936                                  .nd_pe_exec_fail:
  6937                                      dbg_puts "[A4X] PE exec FAILED", 13, 10, 0
    21 00004EFA EB17                <1>  jmp %%skip
    22 00004EFC 5B4134585D20504520- <1> %%str db %1
    22 00004F05 65786563204641494C- <1>
    22 00004F0E 45440D0A00          <1>
    23                              <1> %%skip:
    24                              <1> %if __BITS__ == 32
    25 00004F13 56                  <1>  push esi
    26 00004F14 BE[FC4E0000]        <1>  mov esi, %%str
    27                              <1> %%.loop:
    28 00004F19 AC                  <1>  lodsb
    29 00004F1A 08C0                <1>  or al, al
    30 00004F1C 7404                <1>  jz %%.done
    31 00004F1E E6E9                <1>  out 0xE9, al
    32 00004F20 EBF7                <1>  jmp %%.loop
    33                              <1> %%.done:
    34 00004F22 5E                  <1>  pop esi
    35                              <1> %else
    36                              <1>  push si
    37                              <1>  mov si, %%str
    38                              <1> %%.loop:
    39                              <1>  lodsb
    40                              <1>  or al, al
    41                              <1>  jz %%.done
    42                              <1>  out 0xE9, al
    43                              <1>  jmp %%.loop
    44                              <1> %%.done:
    45                              <1>  pop si
    46                              <1> %endif
  6938 00004F23 EB00                        jmp     .nd_pe_done
  6939                                  .nd_pe_done:
  6940 00004F25 59                          pop     ecx
  6941 00004F26 5E                          pop     esi
  6942 00004F27 5B                          pop     ebx
  6943 00004F28 EB7A                        jmp     .nd_skip_dl
  6944                                  .nd_pe_bad:
  6945 00004F2A 59                          pop     ecx
  6946 00004F2B 5E                          pop     esi
  6947 00004F2C 5B                          pop     ebx
  6948                                  .nd_mz_no:
  6949                                      ; ---- Fall through to BC_MAGIC detection (original bytecode path) ----
  6950 00004F2D 8A06                        mov     al, [esi]
  6951 00004F2F 3CA4                        cmp     al, BC_MAGIC
  6952 00004F31 7571                        jne     .nd_skip_dl
  6953 00004F33 46                          inc     esi
  6954 00004F34 49                          dec     ecx
  6955 00004F35 746D                        jz      .nd_skip_dl
  6956 00004F37 81F900040000                cmp     ecx, DL_CODE_SZ
  6957 00004F3D 7E05                        jle     .nd_cap
  6958 00004F3F B900040000                  mov     ecx, DL_CODE_SZ
  6959                                  .nd_cap:
  6960 00004F44 51                          push    ecx                    ; save actual bytecode length for later
  6961 00004F45 BF[1B010100]                mov     edi, dl_code
  6962 00004F4A 30C0                        xor     al, al
  6963 00004F4C B800040000                  mov     eax, DL_CODE_SZ
  6964 00004F51 AB                          stosd
  6965 00004F52 83E804                      sub     eax, 4
  6966 00004F55 89C1                        mov     ecx, eax
  6967 00004F57 30C0                        xor     al, al
  6968 00004F59 F3AA                        rep     stosb                  ; clear dl_code buffer to 0 first
  6969 00004F5B 59                          pop     ecx                    ; restore actual bytecode length
  6970 00004F5C BF[1B010100]                mov     edi, dl_code
  6971 00004F61 89C8                        mov     eax, ecx
  6972 00004F63 51                          push    ecx
  6973 00004F64 50                          push    eax
  6974 00004F65 F3A4                        rep     movsb                  ; copy bytecode body into dl_code[0..len-1]
  6975 00004F67 C605[B9710000]01            mov     byte [dl_valid], 1     ; transient raw-download state
  6976                                      ; -------- INSTALL into file_table as FS_TYPE_FILE_EXE --------
  6977 00004F6E E89ED4FFFF                  call    fs_install_exe
  6978 00004F73 84C0                        test    al, al
  6979 00004F75 742D                        jz      .nd_skip_dl            ; install failed
  6980 00004F77 C605[B9710000]02            mov     byte [dl_valid], 2     ; dl_valid = 2 -> installed
  6981                                      dbg_puts "dl_valid=2", 13, 10, 0
    21 00004F7E EB0D                <1>  jmp %%skip
    22 00004F80 646C5F76616C69643D- <1> %%str db %1
    22 00004F89 320D0A00            <1>
    23                              <1> %%skip:
    24                              <1> %if __BITS__ == 32
    25 00004F8D 56                  <1>  push esi
    26 00004F8E BE[804F0000]        <1>  mov esi, %%str
    27                              <1> %%.loop:
    28 00004F93 AC                  <1>  lodsb
    29 00004F94 08C0                <1>  or al, al
    30 00004F96 7404                <1>  jz %%.done
    31 00004F98 E6E9                <1>  out 0xE9, al
    32 00004F9A EBF7                <1>  jmp %%.loop
    33                              <1> %%.done:
    34 00004F9C 5E                  <1>  pop esi
    35                              <1> %else
    36                              <1>  push si
    37                              <1>  mov si, %%str
    38                              <1> %%.loop:
    39                              <1>  lodsb
    40                              <1>  or al, al
    41                              <1>  jz %%.done
    42                              <1>  out 0xE9, al
    43                              <1>  jmp %%.loop
    44                              <1> %%.done:
    45                              <1>  pop si
    46                              <1> %endif
  6982                                      ; Force desktop/file-explorer repaint next tick (redraw_all already runs per tick)
  6983 00004F9D C605[CEB10000]01            mov     byte [redraw_fs], 1
  6984                                  .nd_skip_dl:
  6985 00004FA4 C605[E3000100]06            mov     byte [net_dl_state], 6
  6986 00004FAB EB07                        jmp     .nd_d
  6987                                  .nd_done:
  6988 00004FAD C605[E3000100]06            mov     byte [net_dl_state], 6
  6989                                  .nd_d:
  6990 00004FB4 58                          pop     eax
  6991 00004FB5 5B                          pop     ebx
  6992 00004FB6 59                          pop     ecx
  6993 00004FB7 5A                          pop     edx
  6994 00004FB8 5F                          pop     edi
  6995 00004FB9 C3                          ret
  6996                                  
  6997                                  ; ============================================================================
  6998                                  ; eth_rx — classify received Ethernet frame by EtherType via RTL8139
  6999                                  ;   Properly polls RX ring: checks ISR for ROK, reads per-packet header
  7000                                  ;   (status+size DWORD), copies data to nic_rx_data, advances CAPR.
  7001                                  ;   RX ring size = 8192 bytes (RCR RBLEN=00).
  7002                                  ; ============================================================================
  7003                                  eth_rx:
  7004 00004FBA 57                          push    edi
  7005 00004FBB 52                          push    edx
  7006 00004FBC 51                          push    ecx
  7007 00004FBD 53                          push    ebx
  7008 00004FBE 50                          push    eax
  7009 00004FBF 803D[DAB10000]01            cmp     byte [nic_type], 1
  7010 00004FC6 0F8503050000                jne     .er_d
  7011                                  .er_next_pkt:
  7012                                      ; ----- Check if any packet is available -----
  7013                                      ; Method 1: ISR.ROK at 0x3E bit 0 (primary, works with RTL8139 IRQ status)
  7014 00004FCC B03E                        mov     al, 0x3E
  7015 00004FCE E81EDEFFFF                  call    rtl8139_rd_w         ; ax = ISR
  7016 00004FD3 6689C3                      mov     bx, ax
  7017 00004FD6 F6C301                      test    bl, 0x01             ; ROK (Receive OK) interrupt bit
  7018 00004FD9 0F85F1010000                jnz     .er_process
  7019                                      ; Method 2: Pure ring-head poll. RTL8139 does NOT expose a "CBR" register
  7020                                      ; at 0x3A (that is TSD0 upper = TX status 0).  Instead we peek the next
  7021                                      ; expected packet-header DWORD in the RX ring at offset (CAPR+0x10) mod 8K.
  7022                                      ; If its ROK bit (dword bit 0) is set, NIC has finished writing this packet.
  7023 00004FDF B038                        mov     al, 0x38
  7024 00004FE1 E80BDEFFFF                  call    rtl8139_rd_w         ; ax = CAPR
  7025 00004FE6 0FB7C8                      movzx   ecx, ax
  7026 00004FE9 6683C110                    add     cx, 0x10
  7027 00004FED 6681E1FF1F                  and     cx, 0x1FFF           ; ecx = next expected header offset
  7028 00004FF2 BE[00C90000]                mov     esi, rtl8139_rx_buf
  7029 00004FF7 01CE                        add     esi, ecx             ; esi = &rx_buf[next_header_off]
  7030 00004FF9 8B06                        mov     eax, [esi]           ; eax = 32-bit packet header (status + size)
  7031 00004FFB 66A93F00                    test    ax, 0x003F           ; Check ROK(bit0) + error bits(0x3E) in low 16 bits
  7032 00004FFF 0F85CB010000                jnz     .er_process         ; ROK or errors set → packet present (even if bad)
  7033 00005005 668B06                      mov     ax, [esi]            ; re-read low 16 bits
  7034 00005008 A90000FFFF                  test    eax, 0xFFFF0000      ; Check if upper 16 bits (frame size) are non-zero
  7035 0000500D 0F85BD010000                jnz     .er_process         ; Size > 0 → packet present
  7036                                      ; One-shot debug: print why no packet was found (ISR, CAPR, peek value)
  7037 00005013 803D[87BF0000]01            cmp     byte [eth_rx_dbg_logged], 1
  7038 0000501A 0F84AF040000                je      .er_d
  7039 00005020 C605[87BF0000]01            mov     byte [eth_rx_dbg_logged], 1
  7040 00005027 50                          push    eax
  7041 00005028 53                          push    ebx
  7042 00005029 51                          push    ecx
  7043 0000502A 52                          push    edx
  7044                                      dbg_puts "[A4X] eth_rx NOPKT ISR=", 0
    21 0000502B EB18                <1>  jmp %%skip
    22 0000502D 5B4134585D20657468- <1> %%str db %1
    22 00005036 5F7278204E4F504B54- <1>
    22 0000503F 204953523D00        <1>
    23                              <1> %%skip:
    24                              <1> %if __BITS__ == 32
    25 00005045 56                  <1>  push esi
    26 00005046 BE[2D500000]        <1>  mov esi, %%str
    27                              <1> %%.loop:
    28 0000504B AC                  <1>  lodsb
    29 0000504C 08C0                <1>  or al, al
    30 0000504E 7404                <1>  jz %%.done
    31 00005050 E6E9                <1>  out 0xE9, al
    32 00005052 EBF7                <1>  jmp %%.loop
    33                              <1> %%.done:
    34 00005054 5E                  <1>  pop esi
    35                              <1> %else
    36                              <1>  push si
    37                              <1>  mov si, %%str
    38                              <1> %%.loop:
    39                              <1>  lodsb
    40                              <1>  or al, al
    41                              <1>  jz %%.done
    42                              <1>  out 0xE9, al
    43                              <1>  jmp %%.loop
    44                              <1> %%.done:
    45                              <1>  pop si
    46                              <1> %endif
  7045 00005055 B03E                        mov     al, 0x3E
  7046 00005057 E895DDFFFF                  call    rtl8139_rd_w
  7047 0000505C 0FB7C0                      movzx   eax, ax
  7048 0000505F E8ACE5FFFF                  call    dbg_print_eax_hex
  7049                                      dbg_puts " CAPR=", 0
    21 00005064 EB07                <1>  jmp %%skip
    22 00005066 20434150523D00      <1> %%str db %1
    23                              <1> %%skip:
    24                              <1> %if __BITS__ == 32
    25 0000506D 56                  <1>  push esi
    26 0000506E BE[66500000]        <1>  mov esi, %%str
    27                              <1> %%.loop:
    28 00005073 AC                  <1>  lodsb
    29 00005074 08C0                <1>  or al, al
    30 00005076 7404                <1>  jz %%.done
    31 00005078 E6E9                <1>  out 0xE9, al
    32 0000507A EBF7                <1>  jmp %%.loop
    33                              <1> %%.done:
    34 0000507C 5E                  <1>  pop esi
    35                              <1> %else
    36                              <1>  push si
    37                              <1>  mov si, %%str
    38                              <1> %%.loop:
    39                              <1>  lodsb
    40                              <1>  or al, al
    41                              <1>  jz %%.done
    42                              <1>  out 0xE9, al
    43                              <1>  jmp %%.loop
    44                              <1> %%.done:
    45                              <1>  pop si
    46                              <1> %endif
  7050 0000507D B038                        mov     al, 0x38
  7051 0000507F E86DDDFFFF                  call    rtl8139_rd_w
  7052 00005084 0FB7C0                      movzx   eax, ax
  7053 00005087 E884E5FFFF                  call    dbg_print_eax_hex
  7054                                      dbg_puts " peek=", 0
    21 0000508C EB07                <1>  jmp %%skip
    22 0000508E 207065656B3D00      <1> %%str db %1
    23                              <1> %%skip:
    24                              <1> %if __BITS__ == 32
    25 00005095 56                  <1>  push esi
    26 00005096 BE[8E500000]        <1>  mov esi, %%str
    27                              <1> %%.loop:
    28 0000509B AC                  <1>  lodsb
    29 0000509C 08C0                <1>  or al, al
    30 0000509E 7404                <1>  jz %%.done
    31 000050A0 E6E9                <1>  out 0xE9, al
    32 000050A2 EBF7                <1>  jmp %%.loop
    33                              <1> %%.done:
    34 000050A4 5E                  <1>  pop esi
    35                              <1> %else
    36                              <1>  push si
    37                              <1>  mov si, %%str
    38                              <1> %%.loop:
    39                              <1>  lodsb
    40                              <1>  or al, al
    41                              <1>  jz %%.done
    42                              <1>  out 0xE9, al
    43                              <1>  jmp %%.loop
    44                              <1> %%.done:
    45                              <1>  pop si
    46                              <1> %endif
  7055 000050A5 B038                        mov     al, 0x38
  7056 000050A7 E845DDFFFF                  call    rtl8139_rd_w
  7057 000050AC 0FB7C8                      movzx   ecx, ax
  7058 000050AF 6683C110                    add     cx, 0x10
  7059 000050B3 6681E1FF1F                  and     cx, 0x1FFF
  7060 000050B8 BE[00C90000]                mov     esi, rtl8139_rx_buf
  7061 000050BD 01CE                        add     esi, ecx
  7062 000050BF 8B06                        mov     eax, [esi]
  7063 000050C1 E84AE5FFFF                  call    dbg_print_eax_hex
  7064                                      dbg_puts " RSR=", 0
    21 000050C6 EB06                <1>  jmp %%skip
    22 000050C8 205253523D00        <1> %%str db %1
    23                              <1> %%skip:
    24                              <1> %if __BITS__ == 32
    25 000050CE 56                  <1>  push esi
    26 000050CF BE[C8500000]        <1>  mov esi, %%str
    27                              <1> %%.loop:
    28 000050D4 AC                  <1>  lodsb
    29 000050D5 08C0                <1>  or al, al
    30 000050D7 7404                <1>  jz %%.done
    31 000050D9 E6E9                <1>  out 0xE9, al
    32 000050DB EBF7                <1>  jmp %%.loop
    33                              <1> %%.done:
    34 000050DD 5E                  <1>  pop esi
    35                              <1> %else
    36                              <1>  push si
    37                              <1>  mov si, %%str
    38                              <1> %%.loop:
    39                              <1>  lodsb
    40                              <1>  or al, al
    41                              <1>  jz %%.done
    42                              <1>  out 0xE9, al
    43                              <1>  jmp %%.loop
    44                              <1> %%.done:
    45                              <1>  pop si
    46                              <1> %endif
  7065                                      ; Also read RSR (Receive Status Register) at offset 0x3C (16-bit)
  7066 000050DE B03C                        mov     al, 0x3C
  7067 000050E0 E80CDDFFFF                  call    rtl8139_rd_w
  7068 000050E5 0FB7C0                      movzx   eax, ax
  7069 000050E8 E823E5FFFF                  call    dbg_print_eax_hex
  7070                                      dbg_puts " rbstart=", 0
    21 000050ED EB0A                <1>  jmp %%skip
    22 000050EF 20726273746172743D- <1> %%str db %1
    22 000050F8 00                  <1>
    23                              <1> %%skip:
    24                              <1> %if __BITS__ == 32
    25 000050F9 56                  <1>  push esi
    26 000050FA BE[EF500000]        <1>  mov esi, %%str
    27                              <1> %%.loop:
    28 000050FF AC                  <1>  lodsb
    29 00005100 08C0                <1>  or al, al
    30 00005102 7404                <1>  jz %%.done
    31 00005104 E6E9                <1>  out 0xE9, al
    32 00005106 EBF7                <1>  jmp %%.loop
    33                              <1> %%.done:
    34 00005108 5E                  <1>  pop esi
    35                              <1> %else
    36                              <1>  push si
    37                              <1>  mov si, %%str
    38                              <1> %%.loop:
    39                              <1>  lodsb
    40                              <1>  or al, al
    41                              <1>  jz %%.done
    42                              <1>  out 0xE9, al
    43                              <1>  jmp %%.loop
    44                              <1> %%.done:
    45                              <1>  pop si
    46                              <1> %endif
  7071 00005109 B030                        mov     al, 0x30
  7072 0000510B E812DDFFFF                  call    rtl8139_rd_d
  7073 00005110 89D8                        mov     eax, ebx
  7074 00005112 E8F9E4FFFF                  call    dbg_print_eax_hex
  7075                                      ; Dump first 32 bytes of rx_buf for forensic inspection
  7076 00005117 50                          push    eax
  7077 00005118 51                          push    ecx
  7078 00005119 56                          push    esi
  7079 0000511A B920000000                  mov     ecx, 32
  7080 0000511F BE[00C90000]                mov     esi, rtl8139_rx_buf
  7081                                      dbg_puts " rx[0..32]=", 0
    21 00005124 EB0C                <1>  jmp %%skip
    22 00005126 2072785B302E2E3332- <1> %%str db %1
    22 0000512F 5D3D00              <1>
    23                              <1> %%skip:
    24                              <1> %if __BITS__ == 32
    25 00005132 56                  <1>  push esi
    26 00005133 BE[26510000]        <1>  mov esi, %%str
    27                              <1> %%.loop:
    28 00005138 AC                  <1>  lodsb
    29 00005139 08C0                <1>  or al, al
    30 0000513B 7404                <1>  jz %%.done
    31 0000513D E6E9                <1>  out 0xE9, al
    32 0000513F EBF7                <1>  jmp %%.loop
    33                              <1> %%.done:
    34 00005141 5E                  <1>  pop esi
    35                              <1> %else
    36                              <1>  push si
    37                              <1>  mov si, %%str
    38                              <1> %%.loop:
    39                              <1>  lodsb
    40                              <1>  or al, al
    41                              <1>  jz %%.done
    42                              <1>  out 0xE9, al
    43                              <1>  jmp %%.loop
    44                              <1> %%.done:
    45                              <1>  pop si
    46                              <1> %endif
  7082                                  .er_hx_dump:
  7083 00005142 AC                          lodsb
  7084                                      dbg_hex8
    59 00005143 6650                <1>  push ax
    60 00005145 88C4                <1>  mov ah, al
    61 00005147 C0E804              <1>  shr al, 4
    62 0000514A E80D000000          <1>  call %%hex_nibble
    63 0000514F 88E0                <1>  mov al, ah
    64 00005151 240F                <1>  and al, 0x0F
    65 00005153 E804000000          <1>  call %%hex_nibble
    66 00005158 6658                <1>  pop ax
    67 0000515A EB0B                <1>  jmp %%done
    68                              <1> %%hex_nibble:
    69 0000515C 0430                <1>  add al, '0'
    70 0000515E 3C39                <1>  cmp al, '9'
    71 00005160 7602                <1>  jbe %%ok
    72 00005162 0407                <1>  add al, 7
    73                              <1> %%ok:
    74 00005164 E6E9                <1>  out 0xE9, al
    75 00005166 C3                  <1>  ret
    76                              <1> %%done:
  7085 00005167 49                          dec     ecx
  7086 00005168 75D8                        jnz     .er_hx_dump
  7087 0000516A 5E                          pop     esi
  7088 0000516B 59                          pop     ecx
  7089 0000516C 58                          pop     eax
  7090                                      dbg_puts 13, 10, 0
    21 0000516D EB03                <1>  jmp %%skip
    22 0000516F 0D0A00              <1> %%str db %1
    23                              <1> %%skip:
    24                              <1> %if __BITS__ == 32
    25 00005172 56                  <1>  push esi
    26 00005173 BE[6F510000]        <1>  mov esi, %%str
    27                              <1> %%.loop:
    28 00005178 AC                  <1>  lodsb
    29 00005179 08C0                <1>  or al, al
    30 0000517B 7404                <1>  jz %%.done
    31 0000517D E6E9                <1>  out 0xE9, al
    32 0000517F EBF7                <1>  jmp %%.loop
    33                              <1> %%.done:
    34 00005181 5E                  <1>  pop esi
    35                              <1> %else
    36                              <1>  push si
    37                              <1>  mov si, %%str
    38                              <1> %%.loop:
    39                              <1>  lodsb
    40                              <1>  or al, al
    41                              <1>  jz %%.done
    42                              <1>  out 0xE9, al
    43                              <1>  jmp %%.loop
    44                              <1> %%.done:
    45                              <1>  pop si
    46                              <1> %endif
  7091 00005182 5A                          pop     edx
  7092 00005183 59                          pop     ecx
  7093 00005184 5B                          pop     ebx
  7094 00005185 58                          pop     eax
  7095 00005186 E944030000                  jmp     .er_d
  7096                                      ; Have packet via ring peek — log as CBR!=CAPR detected (equiv to ring head advance)
  7097                                      dbg_puts "[A4X] eth_rx CBR!=CAPR ring-head packet detected", 13, 10, 0
    21 0000518B EB33                <1>  jmp %%skip
    22 0000518D 5B4134585D20657468- <1> %%str db %1
    22 00005196 5F727820434252213D- <1>
    22 0000519F 434150522072696E67- <1>
    22 000051A8 2D6865616420706163- <1>
    22 000051B1 6B6574206465746563- <1>
    22 000051BA 7465640D0A00        <1>
    23                              <1> %%skip:
    24                              <1> %if __BITS__ == 32
    25 000051C0 56                  <1>  push esi
    26 000051C1 BE[8D510000]        <1>  mov esi, %%str
    27                              <1> %%.loop:
    28 000051C6 AC                  <1>  lodsb
    29 000051C7 08C0                <1>  or al, al
    30 000051C9 7404                <1>  jz %%.done
    31 000051CB E6E9                <1>  out 0xE9, al
    32 000051CD EBF7                <1>  jmp %%.loop
    33                              <1> %%.done:
    34 000051CF 5E                  <1>  pop esi
    35                              <1> %else
    36                              <1>  push si
    37                              <1>  mov si, %%str
    38                              <1> %%.loop:
    39                              <1>  lodsb
    40                              <1>  or al, al
    41                              <1>  jz %%.done
    42                              <1>  out 0xE9, al
    43                              <1>  jmp %%.loop
    44                              <1> %%.done:
    45                              <1>  pop si
    46                              <1> %endif
  7098                                  .er_process:
  7099                                      ; Compute read offset = (CAPR + 0x10) mod 8K -> points to 4-byte pkt header
  7100 000051D0 B038                        mov     al, 0x38
  7101 000051D2 E81ADCFFFF                  call    rtl8139_rd_w         ; ax = CAPR
  7102 000051D7 0FB7D8                      movzx   ebx, ax
  7103 000051DA 6683C310                    add     bx, 0x10
  7104 000051DE 6681E3FF1F                  and     bx, 0x1FFF           ; ebx = read offset into rtl8139_rx_buf
  7105                                      ; Read packet header DWORD at rx_buf[ebx]:
  7106                                      ;   word [ebx+0] = RxStatus (ROK bit0, errors)
  7107                                      ;   word [ebx+2] = FrameSize (bytes, no header, usually strip CRC)
  7108 000051E3 BE[00C90000]                mov     esi, rtl8139_rx_buf
  7109 000051E8 01DE                        add     esi, ebx
  7110 000051EA 668B06                      mov     ax, [esi]            ; ax = status word
  7111 000051ED 668B5602                    mov     dx, [esi+2]          ; dx = frame size
  7112                                      ; Log packet header
  7113                                      dbg_puts "[A4X] eth_rx HDR status=", 0
    21 000051F1 EB19                <1>  jmp %%skip
    22 000051F3 5B4134585D20657468- <1> %%str db %1
    22 000051FC 5F7278204844522073- <1>
    22 00005205 74617475733D00      <1>
    23                              <1> %%skip:
    24                              <1> %if __BITS__ == 32
    25 0000520C 56                  <1>  push esi
    26 0000520D BE[F3510000]        <1>  mov esi, %%str
    27                              <1> %%.loop:
    28 00005212 AC                  <1>  lodsb
    29 00005213 08C0                <1>  or al, al
    30 00005215 7404                <1>  jz %%.done
    31 00005217 E6E9                <1>  out 0xE9, al
    32 00005219 EBF7                <1>  jmp %%.loop
    33                              <1> %%.done:
    34 0000521B 5E                  <1>  pop esi
    35                              <1> %else
    36                              <1>  push si
    37                              <1>  mov si, %%str
    38                              <1> %%.loop:
    39                              <1>  lodsb
    40                              <1>  or al, al
    41                              <1>  jz %%.done
    42                              <1>  out 0xE9, al
    43                              <1>  jmp %%.loop
    44                              <1> %%.done:
    45                              <1>  pop si
    46                              <1> %endif
  7114 0000521C 0FB7C0                      movzx   eax, ax
  7115 0000521F E8ECE3FFFF                  call    dbg_print_eax_hex
  7116                                      dbg_puts " sz=", 0
    21 00005224 EB05                <1>  jmp %%skip
    22 00005226 20737A3D00          <1> %%str db %1
    23                              <1> %%skip:
    24                              <1> %if __BITS__ == 32
    25 0000522B 56                  <1>  push esi
    26 0000522C BE[26520000]        <1>  mov esi, %%str
    27                              <1> %%.loop:
    28 00005231 AC                  <1>  lodsb
    29 00005232 08C0                <1>  or al, al
    30 00005234 7404                <1>  jz %%.done
    31 00005236 E6E9                <1>  out 0xE9, al
    32 00005238 EBF7                <1>  jmp %%.loop
    33                              <1> %%.done:
    34 0000523A 5E                  <1>  pop esi
    35                              <1> %else
    36                              <1>  push si
    37                              <1>  mov si, %%str
    38                              <1> %%.loop:
    39                              <1>  lodsb
    40                              <1>  or al, al
    41                              <1>  jz %%.done
    42                              <1>  out 0xE9, al
    43                              <1>  jmp %%.loop
    44                              <1> %%.done:
    45                              <1>  pop si
    46                              <1> %endif
  7117 0000523B 0FB7C2                      movzx   eax, dx
  7118 0000523E E8EDE3FFFF                  call    dbg_print_eax_dec
  7119                                      dbg_puts 13, 10, 0
    21 00005243 EB03                <1>  jmp %%skip
    22 00005245 0D0A00              <1> %%str db %1
    23                              <1> %%skip:
    24                              <1> %if __BITS__ == 32
    25 00005248 56                  <1>  push esi
    26 00005249 BE[45520000]        <1>  mov esi, %%str
    27                              <1> %%.loop:
    28 0000524E AC                  <1>  lodsb
    29 0000524F 08C0                <1>  or al, al
    30 00005251 7404                <1>  jz %%.done
    31 00005253 E6E9                <1>  out 0xE9, al
    32 00005255 EBF7                <1>  jmp %%.loop
    33                              <1> %%.done:
    34 00005257 5E                  <1>  pop esi
    35                              <1> %else
    36                              <1>  push si
    37                              <1>  mov si, %%str
    38                              <1> %%.loop:
    39                              <1>  lodsb
    40                              <1>  or al, al
    41                              <1>  jz %%.done
    42                              <1>  out 0xE9, al
    43                              <1>  jmp %%.loop
    44                              <1> %%.done:
    45                              <1>  pop si
    46                              <1> %endif
  7120 00005258 66A93E00                    test    ax, 0x003E           ; Check error bits: FAE(0x02)|CRC(0x04)|LONG(0x08)|RUNT(0x10)|ISE(0x20)
  7121 0000525C 0F8545010000                jnz     .er_badpkt          ; Has errors → skip packet
  7122                                      ; Clamp frame size to <= 1536 (nic_rx_data capacity), skip 0-length
  7123 00005262 0FB7CA                      movzx   ecx, dx
  7124 00005265 85C9                        test    ecx, ecx
  7125 00005267 0F843A010000                jz      .er_badpkt
  7126 0000526D 6681F90006                  cmp     cx, 1536
  7127 00005272 7604                        jbe     .er_szok
  7128 00005274 66B90006                    mov     cx, 1536
  7129                                  .er_szok:
  7130                                      ; Move read offset +4 to skip the 4-byte header -> frame data start
  7131 00005278 6683C304                    add     bx, 4
  7132 0000527C 6681E3FF1F                  and     bx, 0x1FFF
  7133                                      ; Copy rtl8139_rx_buf[ebx : ebx+ecx] -> nic_rx_data
  7134 00005281 BE[00C90000]                mov     esi, rtl8139_rx_buf
  7135 00005286 01DE                        add     esi, ebx
  7136 00005288 BF[00E90000]                mov     edi, nic_rx_data
  7137 0000528D F3A4                        rep     movsb
  7138                                      ; --- Advance CAPR past the consumed packet (Linux 8139too convention) ---
  7139                                      ; Linux: RTL_W16(Capr, cur_rx - 16).  QEMU honors 16-bit reads AND 16-bit
  7140                                      ; writes to CAPR (0x38); 32-bit I/O on this register is broken (init's 32-bit
  7141                                      ; readback returned 0, and 32-bit writes are silently ignored).  Use 16-bit.
  7142                                      ; dx = frame size, preserved across debug prints & helper calls.
  7143 0000528F B038                        mov     al, 0x38
  7144 00005291 E85BDBFFFF                  call    rtl8139_rd_w          ; ax = old CAPR
  7145 00005296 0FB7D8                      movzx   ebx, ax              ; ebx = old CAPR
  7146 00005299 53                          push    ebx                  ; [esp+8] = old CAPR
  7147 0000529A 6683C010                    add     ax, 0x10             ; read_offset = (CAPR + 0x10) & 0x1FFF
  7148 0000529E 6625FF1F                    and     ax, 0x1FFF
  7149 000052A2 6683C004                    add     ax, 4                ; skip 4-byte header
  7150 000052A6 6601D0                      add     ax, dx               ; + frame size
  7151 000052A9 6683C003                    add     ax, 3                ; dword align
  7152 000052AD 6683E0FC                    and     ax, 0xFFFC
  7153 000052B1 6625FF1F                    and     ax, 0x1FFF           ; ax = next read offset
  7154 000052B5 6683E810                    sub     ax, 0x10             ; ax = new CAPR (= next_read_off - 0x10)
  7155 000052B9 0FB7C0                      movzx   eax, ax
  7156 000052BC 50                          push    eax                  ; [esp+4] = new CAPR
  7157 000052BD 6689C3                      mov     bx, ax               ; bx = new CAPR (16-bit value for wr_w)
  7158 000052C0 B038                        mov     al, 0x38
  7159 000052C2 E806DBFFFF                  call    rtl8139_wr_w          ; 16-bit write CAPR (QEMU honors this)
  7160 000052C7 B038                        mov     al, 0x38
  7161 000052C9 E823DBFFFF                  call    rtl8139_rd_w          ; ax = readback CAPR
  7162 000052CE 0FB7C0                      movzx   eax, ax
  7163 000052D1 50                          push    eax                  ; [esp+0] = readback
  7164 000052D2 803D[88BF0000]10            cmp     byte [eth_rx_adv_cnt], 16
  7165 000052D9 0F838C000000                jae     .adv_dbg_done
  7166 000052DF FE05[88BF0000]              inc     byte [eth_rx_adv_cnt]
  7167                                      dbg_puts "[A4X] eth_rx ADV old=", 0
    21 000052E5 EB16                <1>  jmp %%skip
    22 000052E7 5B4134585D20657468- <1> %%str db %1
    22 000052F0 5F727820414456206F- <1>
    22 000052F9 6C643D00            <1>
    23                              <1> %%skip:
    24                              <1> %if __BITS__ == 32
    25 000052FD 56                  <1>  push esi
    26 000052FE BE[E7520000]        <1>  mov esi, %%str
    27                              <1> %%.loop:
    28 00005303 AC                  <1>  lodsb
    29 00005304 08C0                <1>  or al, al
    30 00005306 7404                <1>  jz %%.done
    31 00005308 E6E9                <1>  out 0xE9, al
    32 0000530A EBF7                <1>  jmp %%.loop
    33                              <1> %%.done:
    34 0000530C 5E                  <1>  pop esi
    35                              <1> %else
    36                              <1>  push si
    37                              <1>  mov si, %%str
    38                              <1> %%.loop:
    39                              <1>  lodsb
    40                              <1>  or al, al
    41                              <1>  jz %%.done
    42                              <1>  out 0xE9, al
    43                              <1>  jmp %%.loop
    44                              <1> %%.done:
    45                              <1>  pop si
    46                              <1> %endif
  7168 0000530D 8B442408                    mov     eax, [esp+8]
  7169 00005311 E8FAE2FFFF                  call    dbg_print_eax_hex
  7170                                      dbg_puts " new=", 0
    21 00005316 EB06                <1>  jmp %%skip
    22 00005318 206E65773D00        <1> %%str db %1
    23                              <1> %%skip:
    24                              <1> %if __BITS__ == 32
    25 0000531E 56                  <1>  push esi
    26 0000531F BE[18530000]        <1>  mov esi, %%str
    27                              <1> %%.loop:
    28 00005324 AC                  <1>  lodsb
    29 00005325 08C0                <1>  or al, al
    30 00005327 7404                <1>  jz %%.done
    31 00005329 E6E9                <1>  out 0xE9, al
    32 0000532B EBF7                <1>  jmp %%.loop
    33                              <1> %%.done:
    34 0000532D 5E                  <1>  pop esi
    35                              <1> %else
    36                              <1>  push si
    37                              <1>  mov si, %%str
    38                              <1> %%.loop:
    39                              <1>  lodsb
    40                              <1>  or al, al
    41                              <1>  jz %%.done
    42                              <1>  out 0xE9, al
    43                              <1>  jmp %%.loop
    44                              <1> %%.done:
    45                              <1>  pop si
    46                              <1> %endif
  7171 0000532E 8B442404                    mov     eax, [esp+4]
  7172 00005332 E8D9E2FFFF                  call    dbg_print_eax_hex
  7173                                      dbg_puts " rd=", 0
    21 00005337 EB05                <1>  jmp %%skip
    22 00005339 2072643D00          <1> %%str db %1
    23                              <1> %%skip:
    24                              <1> %if __BITS__ == 32
    25 0000533E 56                  <1>  push esi
    26 0000533F BE[39530000]        <1>  mov esi, %%str
    27                              <1> %%.loop:
    28 00005344 AC                  <1>  lodsb
    29 00005345 08C0                <1>  or al, al
    30 00005347 7404                <1>  jz %%.done
    31 00005349 E6E9                <1>  out 0xE9, al
    32 0000534B EBF7                <1>  jmp %%.loop
    33                              <1> %%.done:
    34 0000534D 5E                  <1>  pop esi
    35                              <1> %else
    36                              <1>  push si
    37                              <1>  mov si, %%str
    38                              <1> %%.loop:
    39                              <1>  lodsb
    40                              <1>  or al, al
    41                              <1>  jz %%.done
    42                              <1>  out 0xE9, al
    43                              <1>  jmp %%.loop
    44                              <1> %%.done:
    45                              <1>  pop si
    46                              <1> %endif
  7174 0000534E 8B0424                      mov     eax, [esp]
  7175 00005351 E8BAE2FFFF                  call    dbg_print_eax_hex
  7176                                      dbg_puts 13, 10, 0
    21 00005356 EB03                <1>  jmp %%skip
    22 00005358 0D0A00              <1> %%str db %1
    23                              <1> %%skip:
    24                              <1> %if __BITS__ == 32
    25 0000535B 56                  <1>  push esi
    26 0000535C BE[58530000]        <1>  mov esi, %%str
    27                              <1> %%.loop:
    28 00005361 AC                  <1>  lodsb
    29 00005362 08C0                <1>  or al, al
    30 00005364 7404                <1>  jz %%.done
    31 00005366 E6E9                <1>  out 0xE9, al
    32 00005368 EBF7                <1>  jmp %%.loop
    33                              <1> %%.done:
    34 0000536A 5E                  <1>  pop esi
    35                              <1> %else
    36                              <1>  push si
    37                              <1>  mov si, %%str
    38                              <1> %%.loop:
    39                              <1>  lodsb
    40                              <1>  or al, al
    41                              <1>  jz %%.done
    42                              <1>  out 0xE9, al
    43                              <1>  jmp %%.loop
    44                              <1> %%.done:
    45                              <1>  pop si
    46                              <1> %endif
  7177                                  .adv_dbg_done:
  7178 0000536B 58                          pop     eax                  ; discard readback
  7179 0000536C 58                          pop     eax                  ; discard new CAPR
  7180 0000536D 5B                          pop     ebx                  ; discard old CAPR
  7181                                      ; Clear ISR ROK (write 1 to bit 0 of ISR 0x3E) — use 16-bit write for QEMU reliability
  7182 0000536E B03E                        mov     al, 0x3E
  7183 00005370 66BB0100                    mov     bx, 0x0001
  7184 00005374 E854DAFFFF                  call    rtl8139_wr_w
  7185                                      ; Dispatch frame by EtherType stored in nic_rx_data
  7186 00005379 BF[00E90000]                mov     edi, nic_rx_data
  7187 0000537E 668B470C                    mov     ax, [edi+12]
  7188 00005382 663D0806                    cmp     ax, 0x0608           ; ARP 0x0806 BE -> LE 0x0608
  7189 00005386 740B                        je      .er_arp
  7190 00005388 6683F808                    cmp     ax, 0x0008           ; IP 0x0800 BE -> LE 0x0008
  7191 0000538C 740F                        je      .er_ip
  7192                                      ; unknown EtherType: continue polling for more packets
  7193 0000538E E937010000                  jmp     .er_continue
  7194                                  .er_arp:
  7195 00005393 E833EEFFFF                  call    arp_check
  7196 00005398 E92D010000                  jmp     .er_continue
  7197                                  .er_ip:
  7198 0000539D E81CF1FFFF                  call    ip_rx
  7199 000053A2 E923010000                  jmp     .er_continue
  7200                                  .er_badpkt:
  7201                                      ; If size=0, this is an empty slot (ISR.RxOK stale or packet not yet
  7202                                      ; written). Do NOT advance CAPR — advancing past empty slots causes CAPR
  7203                                      ; to overrun CBR, making us miss packets that arrive later at CBR.
  7204                                      ; Re-read size directly from the buffer to be safe (in case dx was clobbered
  7205                                      ; by any debug helper between lines 6207 and here).
  7206 000053A7 52                          push    edx
  7207 000053A8 B038                        mov     al, 0x38
  7208 000053AA E842DAFFFF                  call    rtl8139_rd_w
  7209 000053AF 0FB7D8                      movzx   ebx, ax
  7210 000053B2 6683C310                    add     bx, 0x10
  7211 000053B6 6681E3FF1F                  and     bx, 0x1FFF
  7212 000053BB BE[00C90000]                mov     esi, rtl8139_rx_buf
  7213 000053C0 01DE                        add     esi, ebx
  7214 000053C2 0FB75602                    movzx   edx, word [esi+2]    ; edx = frame size (re-read, safe)
  7215 000053C6 85D2                        test    edx, edx
  7216 000053C8 5A                          pop     edx
  7217 000053C9 754A                        jnz     .er_real_badpkt
  7218                                      ; Empty slot — clear ISR.RxOK via 16-bit write and return.
  7219                                      dbg_puts "[A4X] eth_rx empty slot — CAPR held", 13, 10, 0
    21 000053CB EB28                <1>  jmp %%skip
    22 000053CD 5B4134585D20657468- <1> %%str db %1
    22 000053D6 5F727820656D707479- <1>
    22 000053DF 20736C6F7420E28094- <1>
    22 000053E8 20434150522068656C- <1>
    22 000053F1 640D0A00            <1>
    23                              <1> %%skip:
    24                              <1> %if __BITS__ == 32
    25 000053F5 56                  <1>  push esi
    26 000053F6 BE[CD530000]        <1>  mov esi, %%str
    27                              <1> %%.loop:
    28 000053FB AC                  <1>  lodsb
    29 000053FC 08C0                <1>  or al, al
    30 000053FE 7404                <1>  jz %%.done
    31 00005400 E6E9                <1>  out 0xE9, al
    32 00005402 EBF7                <1>  jmp %%.loop
    33                              <1> %%.done:
    34 00005404 5E                  <1>  pop esi
    35                              <1> %else
    36                              <1>  push si
    37                              <1>  mov si, %%str
    38                              <1> %%.loop:
    39                              <1>  lodsb
    40                              <1>  or al, al
    41                              <1>  jz %%.done
    42                              <1>  out 0xE9, al
    43                              <1>  jmp %%.loop
    44                              <1> %%.done:
    45                              <1>  pop si
    46                              <1> %endif
  7220 00005405 B03E                        mov     al, 0x3E
  7221 00005407 66BB0100                    mov     bx, 0x0001
  7222 0000540B E8BDD9FFFF                  call    rtl8139_wr_w          ; 16-bit write: clear RxOK bit
  7223 00005410 E9BA000000                  jmp     .er_d
  7224                                  .er_real_badpkt:
  7225                                      ; Real bad packet (size>0 with error bits) — advance CAPR past it.
  7226                                      ; Use same advancement formula as good path: oldCAPR + 0x10 + 4 + size + align - 0x10
  7227                                      ; Re-read size from buffer for safety.
  7228 00005415 52                          push    edx
  7229 00005416 B038                        mov     al, 0x38
  7230 00005418 E8D4D9FFFF                  call    rtl8139_rd_w
  7231 0000541D 0FB7D8                      movzx   ebx, ax
  7232 00005420 6683C310                    add     bx, 0x10
  7233 00005424 6681E3FF1F                  and     bx, 0x1FFF
  7234 00005429 BE[00C90000]                mov     esi, rtl8139_rx_buf
  7235 0000542E 01DE                        add     esi, ebx
  7236 00005430 0FB75602                    movzx   edx, word [esi+2]    ; edx = frame size (safe re-read)
  7237                                      dbg_puts "[A4X] eth_rx BADPKT — skipping slot sz=", 0
    21 00005434 EB2A                <1>  jmp %%skip
    22 00005436 5B4134585D20657468- <1> %%str db %1
    22 0000543F 5F727820424144504B- <1>
    22 00005448 5420E2809420736B69- <1>
    22 00005451 7070696E6720736C6F- <1>
    22 0000545A 7420737A3D00        <1>
    23                              <1> %%skip:
    24                              <1> %if __BITS__ == 32
    25 00005460 56                  <1>  push esi
    26 00005461 BE[36540000]        <1>  mov esi, %%str
    27                              <1> %%.loop:
    28 00005466 AC                  <1>  lodsb
    29 00005467 08C0                <1>  or al, al
    30 00005469 7404                <1>  jz %%.done
    31 0000546B E6E9                <1>  out 0xE9, al
    32 0000546D EBF7                <1>  jmp %%.loop
    33                              <1> %%.done:
    34 0000546F 5E                  <1>  pop esi
    35                              <1> %else
    36                              <1>  push si
    37                              <1>  mov si, %%str
    38                              <1> %%.loop:
    39                              <1>  lodsb
    40                              <1>  or al, al
    41                              <1>  jz %%.done
    42                              <1>  out 0xE9, al
    43                              <1>  jmp %%.loop
    44                              <1> %%.done:
    45                              <1>  pop si
    46                              <1> %endif
  7238 00005470 89D0                        mov     eax, edx
  7239 00005472 E8B9E1FFFF                  call    dbg_print_eax_dec
  7240                                      dbg_puts 13, 10, 0
    21 00005477 EB03                <1>  jmp %%skip
    22 00005479 0D0A00              <1> %%str db %1
    23                              <1> %%skip:
    24                              <1> %if __BITS__ == 32
    25 0000547C 56                  <1>  push esi
    26 0000547D BE[79540000]        <1>  mov esi, %%str
    27                              <1> %%.loop:
    28 00005482 AC                  <1>  lodsb
    29 00005483 08C0                <1>  or al, al
    30 00005485 7404                <1>  jz %%.done
    31 00005487 E6E9                <1>  out 0xE9, al
    32 00005489 EBF7                <1>  jmp %%.loop
    33                              <1> %%.done:
    34 0000548B 5E                  <1>  pop esi
    35                              <1> %else
    36                              <1>  push si
    37                              <1>  mov si, %%str
    38                              <1> %%.loop:
    39                              <1>  lodsb
    40                              <1>  or al, al
    41                              <1>  jz %%.done
    42                              <1>  out 0xE9, al
    43                              <1>  jmp %%.loop
    44                              <1> %%.done:
    45                              <1>  pop si
    46                              <1> %endif
  7241 0000548C B038                        mov     al, 0x38
  7242 0000548E E85ED9FFFF                  call    rtl8139_rd_w          ; ax = old CAPR
  7243 00005493 6683C010                    add     ax, 0x10              ; +0x10 to get read offset
  7244 00005497 6625FF1F                    and     ax, 0x1FFF
  7245 0000549B 6683C004                    add     ax, 4                 ; skip 4-byte header
  7246 0000549F 6601D0                      add     ax, dx                ; + frame size
  7247 000054A2 6683C003                    add     ax, 3                 ; dword align
  7248 000054A6 6683E0FC                    and     ax, 0xFFFC
  7249 000054AA 6625FF1F                    and     ax, 0x1FFF            ; wrap to 8K
  7250 000054AE 6683E810                    sub     ax, 0x10              ; convert back to CAPR
  7251 000054B2 6689C3                      mov     bx, ax                ; bx = new CAPR (16-bit value)
  7252 000054B5 B038                        mov     al, 0x38
  7253 000054B7 E811D9FFFF                  call    rtl8139_wr_w          ; 16-bit write CAPR
  7254 000054BC 5A                          pop     edx
  7255                                      ; Clear ROK via 16-bit write
  7256 000054BD B03E                        mov     al, 0x3E
  7257 000054BF 66BB0100                    mov     bx, 0x0001
  7258 000054C3 E805D9FFFF                  call    rtl8139_wr_w          ; 16-bit write: clear RxOK bit
  7259 000054C8 EB05                        jmp     .er_d                ; bail out after bad packet
  7260                                  .er_continue:
  7261                                      ; Loop for more packets in the same tick (typical RX burst)
  7262 000054CA E9FDFAFFFF                  jmp     .er_next_pkt
  7263                                  .er_d:
  7264 000054CF 58                          pop     eax
  7265 000054D0 5B                          pop     ebx
  7266 000054D1 59                          pop     ecx
  7267 000054D2 5A                          pop     edx
  7268 000054D3 5F                          pop     edi
  7269 000054D4 C3                          ret
  7270                                  
  7271                                  ; ============================================================================
  7272                                  ; tcp_cksum — compute TCP checksum (pseudo-header + TCP segment)
  7273                                  ;   IN:  ax = TCP segment length (bytes, including TCP header)
  7274                                  ;   Uses: IP addresses from net_tx_buf IP header, TCP header at net_tx_buf+34
  7275                                  ;   OUT: ax = checksum (ready to store at TCP header offset +16)
  7276                                  ; ============================================================================
  7277                                  tcp_cksum:
  7278 000054D5 53                          push    ebx
  7279 000054D6 51                          push    ecx
  7280 000054D7 56                          push    esi
  7281 000054D8 52                          push    edx
  7282 000054D9 0FB7D0                      movzx   edx, ax
  7283                                      ; Clear TCP checksum field
  7284 000054DC 66C705[EDBE0000]00-         mov     word [net_tx_buf+34+16], 0
  7284 000054E4 00                 
  7285                                      ; Pseudo-header sum — IP addresses stored in net byte order.
  7286                                      ; Sum directly as LE words so return AX is LE-ready for MOV.
  7287 000054E5 31DB                        xor     ebx, ebx
  7288 000054E7 BE[D5BE0000]                mov     esi, net_tx_buf + 26        ; src IP (IP header +12)
  7289 000054EC 66AD                        lodsw
  7290 000054EE 0FB7C0                      movzx   eax, ax
  7291 000054F1 01C3                        add     ebx, eax
  7292 000054F3 66AD                        lodsw
  7293 000054F5 0FB7C0                      movzx   eax, ax
  7294 000054F8 01C3                        add     ebx, eax
  7295 000054FA 66AD                        lodsw                               ; dst IP (IP header +16)
  7296 000054FC 0FB7C0                      movzx   eax, ax
  7297 000054FF 01C3                        add     ebx, eax
  7298 00005501 66AD                        lodsw
  7299 00005503 0FB7C0                      movzx   eax, ax
  7300 00005506 01C3                        add     ebx, eax
  7301                                      ; proto(6)+zero in network byte order: 0x0600 (BE 0x0006)
  7302 00005508 81C300060000                add     ebx, 0x0600
  7303                                      ; TCP length (swap to match pseudo-header byte order)
  7304 0000550E 6689D0                      mov     ax, dx
  7305 00005511 86C4                        xchg    al, ah
  7306 00005513 0FB7C0                      movzx   eax, ax
  7307 00005516 01C3                        add     ebx, eax
  7308                                      ; Sum TCP segment words
  7309 00005518 BE[DDBE0000]                mov     esi, net_tx_buf + 34
  7310 0000551D 89D1                        mov     ecx, edx
  7311 0000551F D1E9                        shr     ecx, 1
  7312                                  .tc_l:
  7313 00005521 85C9                        test    ecx, ecx
  7314 00005523 740A                        jz      .tc_d
  7315 00005525 66AD                        lodsw
  7316 00005527 0FB7C0                      movzx   eax, ax
  7317 0000552A 01C3                        add     ebx, eax
  7318 0000552C 49                          dec     ecx
  7319 0000552D EBF2                        jmp     .tc_l
  7320                                  .tc_d:
  7321 0000552F 6689D8                      mov     ax, bx
  7322 00005532 C1EB10                      shr     ebx, 16
  7323 00005535 6601D8                      add     ax, bx
  7324 00005538 6683D000                    adc     ax, 0
  7325 0000553C 66F7D0                      not     ax
  7326 0000553F 5A                          pop     edx
  7327 00005540 5E                          pop     esi
  7328 00005541 59                          pop     ecx
  7329 00005542 5B                          pop     ebx
  7330 00005543 C3                          ret
  7331                                  
  7332                                  ; ============================================================================
  7333                                  ; tcp_connect — send TCP SYN
  7334                                  ;   IN:  tcp_sport, tcp_dport, tcp_seq, tcp_dst_ip set
  7335                                  ;   OUT: tcp_state = 1 (SYN_SENT)
  7336                                  ; ============================================================================
  7337                                  tcp_connect:
  7338 00005544 57                          push    edi
  7339 00005545 52                          push    edx
  7340 00005546 51                          push    ecx
  7341 00005547 53                          push    ebx
  7342 00005548 50                          push    eax
  7343                                      ; --- Ethernet header (14 bytes) ---
  7344 00005549 BF[BBBE0000]                mov     edi, net_tx_buf
  7345                                      ; dst MAC = arp_reply_mac (resolved gateway/host MAC)
  7346 0000554E A1[ADBE0000]                mov     eax, [arp_reply_mac]
  7347 00005553 8907                        mov     dword [edi+0], eax
  7348 00005555 66A1[B1BE0000]              mov     ax, [arp_reply_mac+4]
  7349 0000555B 66894704                    mov     word [edi+4], ax
  7350                                      ; src MAC = our MAC
  7351 0000555F A1[DDB10000]                mov     eax, [nic_mac_lo]
  7352 00005564 894706                      mov     dword [edi+6], eax
  7353 00005567 66A1[E1B10000]              mov     ax, [nic_mac_hi]
  7354 0000556D 6689470A                    mov     word [edi+10], ax
  7355                                      ; EtherType 0x0800 (IP) → LE 0x0008
  7356 00005571 66C7470C0800                mov     word [edi+12], 0x0008
  7357                                      ; --- IP header (20 bytes at net_tx_buf+14) ---
  7358 00005577 BF[C9BE0000]                mov     edi, net_tx_buf + 14
  7359 0000557C C60745                      mov     byte [edi+0], 0x45          ; version/IHL
  7360 0000557F C6470100                    mov     byte [edi+1], 0             ; TOS
  7361 00005583 66C747020028                mov     word [edi+2], 0x2800        ; total length 40 (BE 0x0028 → LE 0x2800)
  7362 00005589 66C747040000                mov     word [edi+4], 0             ; identification
  7363 0000558F 66C747064000                mov     word [edi+6], 0x0040        ; flags=DF (BE 0x4000 → LE 0x0040)
  7364 00005595 C6470840                    mov     byte [edi+8], 64            ; TTL
  7365 00005599 C6470906                    mov     byte [edi+9], 6             ; protocol = TCP
  7366 0000559D 66C7470A0000                mov     word [edi+10], 0            ; checksum (to be filled)
  7367 000055A3 C7470C0A00020F              mov     dword [edi+12], 0x0F02000A  ; src IP 10.0.2.15 (BE → LE dword)
  7368 000055AA A1[40EF0000]                mov     eax, [tcp_dst_ip]
  7369 000055AF 894710                      mov     [edi+16], eax               ; dst IP (already in BE/LE format)
  7370                                      ; IP checksum (10 words = 20 bytes)
  7371 000055B2 89FE                        mov     esi, edi
  7372 000055B4 66B90A00                    mov     cx, 10
  7373 000055B8 E8DCEEFFFF                  call    ip_cksum
  7374 000055BD 6689470A                    mov     [edi+10], ax
  7375                                      ; --- TCP header (20 bytes at net_tx_buf+34) ---
  7376 000055C1 BF[DDBE0000]                mov     edi, net_tx_buf + 34
  7377 000055C6 66A1[91BF0000]              mov     ax, [tcp_sport]
  7378 000055CC 668907                      mov     [edi+0], ax                 ; src port (already BE-encoded)
  7379 000055CF 66A1[93BF0000]              mov     ax, [tcp_dport]
  7380 000055D5 66894702                    mov     [edi+2], ax                 ; dst port (already BE-encoded)
  7381                                      ; seq number (bswap to BE)
  7382 000055D9 A1[89BF0000]                mov     eax, [tcp_seq]
  7383 000055DE 0FC8                        bswap   eax
  7384 000055E0 894704                      mov     [edi+4], eax
  7385                                      ; ack number = 0
  7386 000055E3 C7470800000000              mov     dword [edi+8], 0
  7387                                      ; data offset (5 = 20 bytes) + flags (SYN=0x02)
  7388 000055EA C6470C50                    mov     byte [edi+12], 0x50         ; data offset = 5
  7389 000055EE C6470D02                    mov     byte [edi+13], 0x02         ; SYN flag
  7390 000055F2 66C7470EFFFF                mov     word [edi+14], 0xFFFF       ; window (max, same in BE/LE)
  7391 000055F8 66C747100000                mov     word [edi+16], 0            ; checksum (to be filled)
  7392 000055FE 66C747120000                mov     word [edi+18], 0            ; urgent pointer
  7393                                      ; TCP checksum (segment length = 20)
  7394 00005604 66B81400                    mov     ax, 20
  7395 00005608 E8C8FEFFFF                  call    tcp_cksum
  7396 0000560D 66A3[EDBE0000]              mov     [net_tx_buf+34+16], ax
  7397                                      ; Send
  7398 00005613 66C705[3BBF0000]36-         mov     word [net_tx_len], 54       ; 14 eth + 20 IP + 20 TCP
  7398 0000561B 00                 
  7399                                      ; Debug: dump raw SYN bytes for analysis
  7400 0000561C 50                          push    eax
  7401 0000561D 51                          push    ecx
  7402 0000561E BE[BBBE0000]                mov     esi, net_tx_buf
  7403 00005623 B936000000                  mov     ecx, 54
  7404                                      dbg_puts "[A4X] SYN hex:", 13, 10, 0
    21 00005628 EB11                <1>  jmp %%skip
    22 0000562A 5B4134585D2053594E- <1> %%str db %1
    22 00005633 206865783A0D0A00    <1>
    23                              <1> %%skip:
    24                              <1> %if __BITS__ == 32
    25 0000563B 56                  <1>  push esi
    26 0000563C BE[2A560000]        <1>  mov esi, %%str
    27                              <1> %%.loop:
    28 00005641 AC                  <1>  lodsb
    29 00005642 08C0                <1>  or al, al
    30 00005644 7404                <1>  jz %%.done
    31 00005646 E6E9                <1>  out 0xE9, al
    32 00005648 EBF7                <1>  jmp %%.loop
    33                              <1> %%.done:
    34 0000564A 5E                  <1>  pop esi
    35                              <1> %else
    36                              <1>  push si
    37                              <1>  mov si, %%str
    38                              <1> %%.loop:
    39                              <1>  lodsb
    40                              <1>  or al, al
    41                              <1>  jz %%.done
    42                              <1>  out 0xE9, al
    43                              <1>  jmp %%.loop
    44                              <1> %%.done:
    45                              <1>  pop si
    46                              <1> %endif
  7405 0000564B 56                          push    esi
  7406                                  tcp_syn_dump_loop:
  7407 0000564C AC                          lodsb
  7408 0000564D 50                          push    eax
  7409                                      call    dbg_hex8
  7409                              <1>  call :
    59 0000564E 6650                <1>  push ax
    60 00005650 88C4                <1>  mov ah, al
    61 00005652 C0E804              <1>  shr al, 4
    62 00005655 E80D000000          <1>  call %%hex_nibble
    63 0000565A 88E0                <1>  mov al, ah
    64 0000565C 240F                <1>  and al, 0x0F
    65 0000565E E804000000          <1>  call %%hex_nibble
    66 00005663 6658                <1>  pop ax
    67 00005665 EB0B                <1>  jmp %%done
    68                              <1> %%hex_nibble:
    69 00005667 0430                <1>  add al, '0'
    70 00005669 3C39                <1>  cmp al, '9'
    71 0000566B 7602                <1>  jbe %%ok
    72 0000566D 0407                <1>  add al, 7
    73                              <1> %%ok:
    74 0000566F E6E9                <1>  out 0xE9, al
    75 00005671 C3                  <1>  ret
    76                              <1> %%done:
  7410 00005672 58                          pop     eax
  7411 00005673 49                          dec     ecx
  7412 00005674 75D6                        jnz     tcp_syn_dump_loop
  7413                                      dbg_puts 13, 10, 0
    21 00005676 EB03                <1>  jmp %%skip
    22 00005678 0D0A00              <1> %%str db %1
    23                              <1> %%skip:
    24                              <1> %if __BITS__ == 32
    25 0000567B 56                  <1>  push esi
    26 0000567C BE[78560000]        <1>  mov esi, %%str
    27                              <1> %%.loop:
    28 00005681 AC                  <1>  lodsb
    29 00005682 08C0                <1>  or al, al
    30 00005684 7404                <1>  jz %%.done
    31 00005686 E6E9                <1>  out 0xE9, al
    32 00005688 EBF7                <1>  jmp %%.loop
    33                              <1> %%.done:
    34 0000568A 5E                  <1>  pop esi
    35                              <1> %else
    36                              <1>  push si
    37                              <1>  mov si, %%str
    38                              <1> %%.loop:
    39                              <1>  lodsb
    40                              <1>  or al, al
    41                              <1>  jz %%.done
    42                              <1>  out 0xE9, al
    43                              <1>  jmp %%.loop
    44                              <1> %%.done:
    45                              <1>  pop si
    46                              <1> %endif
  7414 0000568B 5E                          pop     esi
  7415 0000568C 59                          pop     ecx
  7416 0000568D 58                          pop     eax
  7417 0000568E E854ECFFFF                  call    eth_send
  7418                                      dbg_puts "[A4X] TCP: SYN sent (len 54)", 13, 10, 0
    21 00005693 EB1F                <1>  jmp %%skip
    22 00005695 5B4134585D20544350- <1> %%str db %1
    22 0000569E 3A2053594E2073656E- <1>
    22 000056A7 7420286C656E203534- <1>
    22 000056B0 290D0A00            <1>
    23                              <1> %%skip:
    24                              <1> %if __BITS__ == 32
    25 000056B4 56                  <1>  push esi
    26 000056B5 BE[95560000]        <1>  mov esi, %%str
    27                              <1> %%.loop:
    28 000056BA AC                  <1>  lodsb
    29 000056BB 08C0                <1>  or al, al
    30 000056BD 7404                <1>  jz %%.done
    31 000056BF E6E9                <1>  out 0xE9, al
    32 000056C1 EBF7                <1>  jmp %%.loop
    33                              <1> %%.done:
    34 000056C3 5E                  <1>  pop esi
    35                              <1> %else
    36                              <1>  push si
    37                              <1>  mov si, %%str
    38                              <1> %%.loop:
    39                              <1>  lodsb
    40                              <1>  or al, al
    41                              <1>  jz %%.done
    42                              <1>  out 0xE9, al
    43                              <1>  jmp %%.loop
    44                              <1> %%.done:
    45                              <1>  pop si
    46                              <1> %endif
  7419 000056C4 C605[85BF0000]01            mov     byte [tcp_state], 1
  7420 000056CB A1[54710000]                mov     eax, [vtd_t]
  7421 000056D0 A3[44EF0000]                mov     [tcp_timeout], eax
  7422 000056D5 58                          pop     eax
  7423 000056D6 5B                          pop     ebx
  7424 000056D7 59                          pop     ecx
  7425 000056D8 5A                          pop     edx
  7426 000056D9 5F                          pop     edi
  7427 000056DA C3                          ret
  7428                                  
  7429                                  ; ============================================================================
  7430                                  ; tcp_send_ack — send a TCP ACK packet
  7431                                  ;   Uses: tcp_seq, tcp_ack, tcp_dst_ip, arp_reply_mac
  7432                                  ; ============================================================================
  7433                                  tcp_send_ack:
  7434 000056DB 57                          push    edi
  7435 000056DC 52                          push    edx
  7436 000056DD 51                          push    ecx
  7437 000056DE 53                          push    ebx
  7438 000056DF 50                          push    eax
  7439                                      ; --- Ethernet header ---
  7440 000056E0 BF[BBBE0000]                mov     edi, net_tx_buf
  7441 000056E5 A1[ADBE0000]                mov     eax, [arp_reply_mac]
  7442 000056EA 8907                        mov     dword [edi+0], eax
  7443 000056EC 66A1[B1BE0000]              mov     ax, [arp_reply_mac+4]
  7444 000056F2 66894704                    mov     word [edi+4], ax
  7445 000056F6 A1[DDB10000]                mov     eax, [nic_mac_lo]
  7446 000056FB 894706                      mov     dword [edi+6], eax
  7447 000056FE 66A1[E1B10000]              mov     ax, [nic_mac_hi]
  7448 00005704 6689470A                    mov     word [edi+10], ax
  7449 00005708 66C7470C0800                mov     word [edi+12], 0x0008       ; EtherType IP
  7450                                      ; --- IP header ---
  7451 0000570E BF[C9BE0000]                mov     edi, net_tx_buf + 14
  7452 00005713 C60745                      mov     byte [edi+0], 0x45
  7453 00005716 C6470100                    mov     byte [edi+1], 0
  7454 0000571A 66C747020028                mov     word [edi+2], 0x2800        ; total length 40
  7455 00005720 66C747040000                mov     word [edi+4], 0
  7456 00005726 66C747064000                mov     word [edi+6], 0x0040        ; DF
  7457 0000572C C6470840                    mov     byte [edi+8], 64
  7458 00005730 C6470906                    mov     byte [edi+9], 6
  7459 00005734 66C7470A0000                mov     word [edi+10], 0
  7460 0000573A C7470C0A00020F              mov     dword [edi+12], 0x0F02000A  ; src 10.0.2.15
  7461 00005741 A1[40EF0000]                mov     eax, [tcp_dst_ip]
  7462 00005746 894710                      mov     [edi+16], eax
  7463 00005749 89FE                        mov     esi, edi
  7464 0000574B 66B90A00                    mov     cx, 10
  7465 0000574F E845EDFFFF                  call    ip_cksum
  7466 00005754 6689470A                    mov     [edi+10], ax
  7467                                      ; --- TCP header ---
  7468 00005758 BF[DDBE0000]                mov     edi, net_tx_buf + 34
  7469 0000575D 66A1[91BF0000]              mov     ax, [tcp_sport]
  7470 00005763 668907                      mov     [edi+0], ax
  7471 00005766 66A1[93BF0000]              mov     ax, [tcp_dport]
  7472 0000576C 66894702                    mov     [edi+2], ax
  7473 00005770 A1[89BF0000]                mov     eax, [tcp_seq]
  7474 00005775 0FC8                        bswap   eax
  7475 00005777 894704                      mov     [edi+4], eax                ; seq
  7476 0000577A A1[8DBF0000]                mov     eax, [tcp_ack]
  7477 0000577F 0FC8                        bswap   eax
  7478 00005781 894708                      mov     [edi+8], eax                ; ack
  7479 00005784 C6470C50                    mov     byte [edi+12], 0x50         ; data offset = 5
  7480 00005788 C6470D10                    mov     byte [edi+13], 0x10         ; ACK flag
  7481 0000578C 66C7470EFFFF                mov     word [edi+14], 0xFFFF       ; window
  7482 00005792 66C747100000                mov     word [edi+16], 0
  7483 00005798 66C747120000                mov     word [edi+18], 0
  7484 0000579E 66B81400                    mov     ax, 20
  7485 000057A2 E82EFDFFFF                  call    tcp_cksum
  7486 000057A7 66A3[EDBE0000]              mov     [net_tx_buf+34+16], ax
  7487 000057AD 66C705[3BBF0000]36-         mov     word [net_tx_len], 54
  7487 000057B5 00                 
  7488 000057B6 E82CEBFFFF                  call    eth_send
  7489 000057BB 58                          pop     eax
  7490 000057BC 5B                          pop     ebx
  7491 000057BD 59                          pop     ecx
  7492 000057BE 5A                          pop     edx
  7493 000057BF 5F                          pop     edi
  7494 000057C0 C3                          ret
  7495                                  
  7496                                  ; ============================================================================
  7497                                  ; tcp_send_data — send TCP data (PSH+ACK)
  7498                                  ;   IN:  esi = data pointer, ecx = data length
  7499                                  ;   Uses: tcp_seq, tcp_ack, tcp_dst_ip, arp_reply_mac, tcp_sport, tcp_dport
  7500                                  ; ============================================================================
  7501                                  tcp_send_data:
  7502 000057C1 57                          push    edi
  7503 000057C2 52                          push    edx
  7504 000057C3 51                          push    ecx
  7505 000057C4 53                          push    ebx
  7506 000057C5 50                          push    eax
  7507 000057C6 89CA                        mov     edx, ecx                    ; edx = data length
  7508                                      ; --- Copy payload to net_tx_buf+54 FIRST (before ip_cksum clobbers esi) ---
  7509 000057C8 BF[F1BE0000]                mov     edi, net_tx_buf + 54
  7510 000057CD 89D1                        mov     ecx, edx
  7511 000057CF F3A4                        rep     movsb
  7512                                      ; --- Ethernet header ---
  7513 000057D1 BF[BBBE0000]                mov     edi, net_tx_buf
  7514 000057D6 A1[ADBE0000]                mov     eax, [arp_reply_mac]
  7515 000057DB 8907                        mov     dword [edi+0], eax
  7516 000057DD 66A1[B1BE0000]              mov     ax, [arp_reply_mac+4]
  7517 000057E3 66894704                    mov     word [edi+4], ax
  7518 000057E7 A1[DDB10000]                mov     eax, [nic_mac_lo]
  7519 000057EC 894706                      mov     dword [edi+6], eax
  7520 000057EF 66A1[E1B10000]              mov     ax, [nic_mac_hi]
  7521 000057F5 6689470A                    mov     word [edi+10], ax
  7522 000057F9 66C7470C0800                mov     word [edi+12], 0x0008       ; EtherType IP
  7523                                      ; --- IP header (20 bytes at net_tx_buf+14) ---
  7524 000057FF BF[C9BE0000]                mov     edi, net_tx_buf + 14
  7525 00005804 C60745                      mov     byte [edi+0], 0x45
  7526 00005807 C6470100                    mov     byte [edi+1], 0
  7527                                      ; total length = 40 + data_len, stored as BE word
  7528 0000580B B828000000                  mov     eax, 40
  7529 00005810 01D0                        add     eax, edx
  7530 00005812 86C4                        xchg    al, ah
  7531 00005814 66894702                    mov     [edi+2], ax
  7532 00005818 66C747040000                mov     word [edi+4], 0
  7533 0000581E 66C747064000                mov     word [edi+6], 0x0040        ; DF
  7534 00005824 C6470840                    mov     byte [edi+8], 64
  7535 00005828 C6470906                    mov     byte [edi+9], 6             ; TCP
  7536 0000582C 66C7470A0000                mov     word [edi+10], 0
  7537 00005832 C7470C0A00020F              mov     dword [edi+12], 0x0F02000A  ; src 10.0.2.15
  7538 00005839 A1[40EF0000]                mov     eax, [tcp_dst_ip]
  7539 0000583E 894710                      mov     [edi+16], eax
  7540 00005841 89FE                        mov     esi, edi
  7541 00005843 66B90A00                    mov     cx, 10
  7542 00005847 E84DECFFFF                  call    ip_cksum
  7543 0000584C 6689470A                    mov     [edi+10], ax
  7544                                      ; --- TCP header (20 bytes at net_tx_buf+34) ---
  7545 00005850 BF[DDBE0000]                mov     edi, net_tx_buf + 34
  7546 00005855 66A1[91BF0000]              mov     ax, [tcp_sport]
  7547 0000585B 668907                      mov     [edi+0], ax
  7548 0000585E 66A1[93BF0000]              mov     ax, [tcp_dport]
  7549 00005864 66894702                    mov     [edi+2], ax
  7550 00005868 A1[89BF0000]                mov     eax, [tcp_seq]
  7551 0000586D 0FC8                        bswap   eax
  7552 0000586F 894704                      mov     [edi+4], eax                ; seq
  7553 00005872 A1[8DBF0000]                mov     eax, [tcp_ack]
  7554 00005877 0FC8                        bswap   eax
  7555 00005879 894708                      mov     [edi+8], eax                ; ack
  7556 0000587C C6470C50                    mov     byte [edi+12], 0x50         ; data offset = 5
  7557 00005880 C6470D18                    mov     byte [edi+13], 0x18         ; PSH+ACK flags
  7558 00005884 66C7470EFFFF                mov     word [edi+14], 0xFFFF       ; window
  7559 0000588A 66C747100000                mov     word [edi+16], 0            ; checksum (to be filled)
  7560 00005890 66C747120000                mov     word [edi+18], 0            ; urgent pointer
  7561                                      ; TCP checksum: segment length = 20 + data_len
  7562 00005896 B814000000                  mov     eax, 20
  7563 0000589B 01D0                        add     eax, edx
  7564 0000589D E833FCFFFF                  call    tcp_cksum
  7565 000058A2 66A3[EDBE0000]              mov     [net_tx_buf+34+16], ax
  7566                                      ; --- Send ---
  7567 000058A8 B836000000                  mov     eax, 54
  7568 000058AD 01D0                        add     eax, edx
  7569 000058AF 66A3[3BBF0000]              mov     [net_tx_len], ax
  7570 000058B5 E82DEAFFFF                  call    eth_send
  7571                                      dbg_puts "[A4X] TCP: data sent (GET request)", 13, 10, 0
    21 000058BA EB25                <1>  jmp %%skip
    22 000058BC 5B4134585D20544350- <1> %%str db %1
    22 000058C5 3A2064617461207365- <1>
    22 000058CE 6E7420284745542072- <1>
    22 000058D7 657175657374290D0A- <1>
    22 000058E0 00                  <1>
    23                              <1> %%skip:
    24                              <1> %if __BITS__ == 32
    25 000058E1 56                  <1>  push esi
    26 000058E2 BE[BC580000]        <1>  mov esi, %%str
    27                              <1> %%.loop:
    28 000058E7 AC                  <1>  lodsb
    29 000058E8 08C0                <1>  or al, al
    30 000058EA 7404                <1>  jz %%.done
    31 000058EC E6E9                <1>  out 0xE9, al
    32 000058EE EBF7                <1>  jmp %%.loop
    33                              <1> %%.done:
    34 000058F0 5E                  <1>  pop esi
    35                              <1> %else
    36                              <1>  push si
    37                              <1>  mov si, %%str
    38                              <1> %%.loop:
    39                              <1>  lodsb
    40                              <1>  or al, al
    41                              <1>  jz %%.done
    42                              <1>  out 0xE9, al
    43                              <1>  jmp %%.loop
    44                              <1> %%.done:
    45                              <1>  pop si
    46                              <1> %endif
  7572                                      ; --- Update sequence: tcp_seq += data_len ---
  7573 000058F1 A1[89BF0000]                mov     eax, [tcp_seq]
  7574 000058F6 01D0                        add     eax, edx
  7575 000058F8 A3[89BF0000]                mov     [tcp_seq], eax
  7576 000058FD 58                          pop     eax
  7577 000058FE 5B                          pop     ebx
  7578 000058FF 59                          pop     ecx
  7579 00005900 5A                          pop     edx
  7580 00005901 5F                          pop     edi
  7581 00005902 C3                          ret
  7582                                  
  7583                                  ; ============================================================================
  7584                                  ; tcp_rx — process received TCP segment at nic_rx_data
  7585                                  ;   Called from ip_rx when protocol = 6 (TCP)
  7586                                  ; ============================================================================
  7587                                  tcp_rx:
  7588 00005903 57                          push    edi
  7589 00005904 52                          push    edx
  7590 00005905 51                          push    ecx
  7591 00005906 53                          push    ebx
  7592 00005907 56                          push    esi
  7593 00005908 50                          push    eax
  7594                                      ; TCP header starts at nic_rx_data + 14 (eth) + 20 (IP, IHL=5)
  7595 00005909 BF[22E90000]                mov     edi, nic_rx_data + 34
  7596                                      ; Read data offset (upper 4 bits of byte +12)
  7597 0000590E 8A470C                      mov     al, [edi+12]
  7598 00005911 C0E804                      shr     al, 4
  7599 00005914 0FB6C8                      movzx   ecx, al
  7600 00005917 C1E102                      shl     ecx, 2              ; ecx = TCP header length in bytes
  7601                                      ; Debug: print TCP header length at start of tcp_rx
  7602 0000591A 50                          push    eax
  7603 0000591B 53                          push    ebx
  7604 0000591C 51                          push    ecx
  7605 0000591D 52                          push    edx
  7606                                      dbg_puts "[A4X] tcp_rx hdrlen=", 0
    21 0000591E EB15                <1>  jmp %%skip
    22 00005920 5B4134585D20746370- <1> %%str db %1
    22 00005929 5F7278206864726C65- <1>
    22 00005932 6E3D00              <1>
    23                              <1> %%skip:
    24                              <1> %if __BITS__ == 32
    25 00005935 56                  <1>  push esi
    26 00005936 BE[20590000]        <1>  mov esi, %%str
    27                              <1> %%.loop:
    28 0000593B AC                  <1>  lodsb
    29 0000593C 08C0                <1>  or al, al
    30 0000593E 7404                <1>  jz %%.done
    31 00005940 E6E9                <1>  out 0xE9, al
    32 00005942 EBF7                <1>  jmp %%.loop
    33                              <1> %%.done:
    34 00005944 5E                  <1>  pop esi
    35                              <1> %else
    36                              <1>  push si
    37                              <1>  mov si, %%str
    38                              <1> %%.loop:
    39                              <1>  lodsb
    40                              <1>  or al, al
    41                              <1>  jz %%.done
    42                              <1>  out 0xE9, al
    43                              <1>  jmp %%.loop
    44                              <1> %%.done:
    45                              <1>  pop si
    46                              <1> %endif
  7607 00005945 0FB6C1                      movzx   eax, cl
  7608                                      dbg_hex32
    84 00005948 50                  <1>  push eax
    85 00005949 51                  <1>  push ecx
    86 0000594A B91C000000          <1>  mov ecx, 28
    87                              <1> %%loop:
    88 0000594F 50                  <1>  push eax
    89 00005950 D3E8                <1>  shr eax, cl
    90 00005952 83E00F              <1>  and eax, 0x0F
    91 00005955 0430                <1>  add al, '0'
    92 00005957 3C39                <1>  cmp al, '9'
    93 00005959 7602                <1>  jbe %%ok2
    94 0000595B 0407                <1>  add al, 7
    95                              <1> %%ok2:
    96 0000595D E6E9                <1>  out 0xE9, al
    97 0000595F 58                  <1>  pop eax
    98 00005960 83E904              <1>  sub ecx, 4
    99 00005963 79EA                <1>  jns %%loop
   100 00005965 59                  <1>  pop ecx
   101 00005966 58                  <1>  pop eax
  7609                                      dbg_puts " flags=", 0
    21 00005967 EB08                <1>  jmp %%skip
    22 00005969 20666C6167733D00    <1> %%str db %1
    23                              <1> %%skip:
    24                              <1> %if __BITS__ == 32
    25 00005971 56                  <1>  push esi
    26 00005972 BE[69590000]        <1>  mov esi, %%str
    27                              <1> %%.loop:
    28 00005977 AC                  <1>  lodsb
    29 00005978 08C0                <1>  or al, al
    30 0000597A 7404                <1>  jz %%.done
    31 0000597C E6E9                <1>  out 0xE9, al
    32 0000597E EBF7                <1>  jmp %%.loop
    33                              <1> %%.done:
    34 00005980 5E                  <1>  pop esi
    35                              <1> %else
    36                              <1>  push si
    37                              <1>  mov si, %%str
    38                              <1> %%.loop:
    39                              <1>  lodsb
    40                              <1>  or al, al
    41                              <1>  jz %%.done
    42                              <1>  out 0xE9, al
    43                              <1>  jmp %%.loop
    44                              <1> %%.done:
    45                              <1>  pop si
    46                              <1> %endif
  7610 00005981 0FB6C3                      movzx   eax, bl
  7611                                      dbg_hex32
    84 00005984 50                  <1>  push eax
    85 00005985 51                  <1>  push ecx
    86 00005986 B91C000000          <1>  mov ecx, 28
    87                              <1> %%loop:
    88 0000598B 50                  <1>  push eax
    89 0000598C D3E8                <1>  shr eax, cl
    90 0000598E 83E00F              <1>  and eax, 0x0F
    91 00005991 0430                <1>  add al, '0'
    92 00005993 3C39                <1>  cmp al, '9'
    93 00005995 7602                <1>  jbe %%ok2
    94 00005997 0407                <1>  add al, 7
    95                              <1> %%ok2:
    96 00005999 E6E9                <1>  out 0xE9, al
    97 0000599B 58                  <1>  pop eax
    98 0000599C 83E904              <1>  sub ecx, 4
    99 0000599F 79EA                <1>  jns %%loop
   100 000059A1 59                  <1>  pop ecx
   101 000059A2 58                  <1>  pop eax
  7612                                      dbg_puts 13, 10, 0
    21 000059A3 EB03                <1>  jmp %%skip
    22 000059A5 0D0A00              <1> %%str db %1
    23                              <1> %%skip:
    24                              <1> %if __BITS__ == 32
    25 000059A8 56                  <1>  push esi
    26 000059A9 BE[A5590000]        <1>  mov esi, %%str
    27                              <1> %%.loop:
    28 000059AE AC                  <1>  lodsb
    29 000059AF 08C0                <1>  or al, al
    30 000059B1 7404                <1>  jz %%.done
    31 000059B3 E6E9                <1>  out 0xE9, al
    32 000059B5 EBF7                <1>  jmp %%.loop
    33                              <1> %%.done:
    34 000059B7 5E                  <1>  pop esi
    35                              <1> %else
    36                              <1>  push si
    37                              <1>  mov si, %%str
    38                              <1> %%.loop:
    39                              <1>  lodsb
    40                              <1>  or al, al
    41                              <1>  jz %%.done
    42                              <1>  out 0xE9, al
    43                              <1>  jmp %%.loop
    44                              <1> %%.done:
    45                              <1>  pop si
    46                              <1> %endif
  7613 000059B8 5A                          pop     edx
  7614 000059B9 59                          pop     ecx
  7615 000059BA 5B                          pop     ebx
  7616 000059BB 58                          pop     eax
  7617                                      ; Read flags (byte +13)
  7618 000059BC 8A5F0D                      mov     bl, [edi+13]
  7619                                      ; Debug: print flags at start of tcp_rx
  7620 000059BF 50                          push    eax
  7621 000059C0 53                          push    ebx
  7622 000059C1 51                          push    ecx
  7623 000059C2 52                          push    edx
  7624                                      dbg_puts "[A4X] tcp_rx flags=", 0
    21 000059C3 EB14                <1>  jmp %%skip
    22 000059C5 5B4134585D20746370- <1> %%str db %1
    22 000059CE 5F727820666C616773- <1>
    22 000059D7 3D00                <1>
    23                              <1> %%skip:
    24                              <1> %if __BITS__ == 32
    25 000059D9 56                  <1>  push esi
    26 000059DA BE[C5590000]        <1>  mov esi, %%str
    27                              <1> %%.loop:
    28 000059DF AC                  <1>  lodsb
    29 000059E0 08C0                <1>  or al, al
    30 000059E2 7404                <1>  jz %%.done
    31 000059E4 E6E9                <1>  out 0xE9, al
    32 000059E6 EBF7                <1>  jmp %%.loop
    33                              <1> %%.done:
    34 000059E8 5E                  <1>  pop esi
    35                              <1> %else
    36                              <1>  push si
    37                              <1>  mov si, %%str
    38                              <1> %%.loop:
    39                              <1>  lodsb
    40                              <1>  or al, al
    41                              <1>  jz %%.done
    42                              <1>  out 0xE9, al
    43                              <1>  jmp %%.loop
    44                              <1> %%.done:
    45                              <1>  pop si
    46                              <1> %endif
  7625 000059E9 0FB6C3                      movzx   eax, bl
  7626 000059EC E81FDCFFFF                  call    dbg_print_eax_hex
  7627                                      dbg_puts 13, 10, 0
    21 000059F1 EB03                <1>  jmp %%skip
    22 000059F3 0D0A00              <1> %%str db %1
    23                              <1> %%skip:
    24                              <1> %if __BITS__ == 32
    25 000059F6 56                  <1>  push esi
    26 000059F7 BE[F3590000]        <1>  mov esi, %%str
    27                              <1> %%.loop:
    28 000059FC AC                  <1>  lodsb
    29 000059FD 08C0                <1>  or al, al
    30 000059FF 7404                <1>  jz %%.done
    31 00005A01 E6E9                <1>  out 0xE9, al
    32 00005A03 EBF7                <1>  jmp %%.loop
    33                              <1> %%.done:
    34 00005A05 5E                  <1>  pop esi
    35                              <1> %else
    36                              <1>  push si
    37                              <1>  mov si, %%str
    38                              <1> %%.loop:
    39                              <1>  lodsb
    40                              <1>  or al, al
    41                              <1>  jz %%.done
    42                              <1>  out 0xE9, al
    43                              <1>  jmp %%.loop
    44                              <1> %%.done:
    45                              <1>  pop si
    46                              <1> %endif
  7628 00005A06 5A                          pop     edx
  7629 00005A07 59                          pop     ecx
  7630 00005A08 5B                          pop     ebx
  7631 00005A09 58                          pop     eax
  7632                                      ; Check for SYN+ACK: BOTH SYN(0x02) AND ACK(0x10) must be set.
  7633                                      ; BUG-FIX: previous code used `test bl, 0x12; jnz .tr_synack` which matched
  7634                                      ; ANY packet with SYN OR ACK — since ALL post-handshake packets have ACK,
  7635                                      ; every PSH+ACK/FIN+ACK/pure-ACK segment misrouted here, discarding payload
  7636                                      ; and causing the server retransmission storm (1314 packets in pcap).
  7637 00005A0A 88DF                        mov     bh, bl
  7638 00005A0C 80E712                      and     bh, 0x12
  7639 00005A0F 80FF12                      cmp     bh, 0x12
  7640 00005A12 7420                        je      .tr_synack
  7641                                      ; FIX: any segment with payload must be appended, even WITHOUT the PSH
  7642                                      ; flag.  Linux servers set PSH only on the last segment of a burst; middle
  7643                                      ; segments arrive as pure ACK (0x10).  The old code only processed PSH
  7644                                      ; segments, dropping e.g. a 1444-byte middle fragment (never appended and
  7645                                      ; never ACKed -> server retransmitted, leaving a permanent body hole).
  7646                                      ; payload_len = IP total length - IP header (20) - TCP header (ecx)
  7647 00005A14 0FB705[10E90000]            movzx   eax, word [nic_rx_data + 16]  ; IP total length (BE, at offset 14+2)
  7648 00005A1B 86C4                        xchg    al, ah              ; byte-swap to LE
  7649 00005A1D 83E814                      sub     eax, 20             ; subtract IP header
  7650 00005A20 29C8                        sub     eax, ecx            ; subtract TCP header
  7651 00005A22 85C0                        test    eax, eax
  7652 00005A24 7534                        jnz     .tr_data            ; payload present -> process as data
  7653                                      ; Zero-payload: FIN ends the stream (covers FIN+ACK)
  7654 00005A26 F6C301                      test    bl, 0x01
  7655 00005A29 0F8516050000                jnz     .tr_fin
  7656                                      ; Pure ACK (0x10) — nothing to do, fall through
  7657 00005A2F E907060000                  jmp     .tr_d
  7658                                  .tr_synack:
  7659                                      ; Save server seq for ACK
  7660 00005A34 8B4704                      mov     eax, [edi+4]        ; server seq (BE in packet)
  7661 00005A37 0FC8                        bswap   eax                 ; convert to LE
  7662 00005A39 40                          inc     eax                 ; ack = server_seq + 1
  7663 00005A3A A3[8DBF0000]                mov     [tcp_ack], eax
  7664                                      ; Save our new seq from the ACK field
  7665 00005A3F 8B4708                      mov     eax, [edi+8]        ; ack field (BE)
  7666 00005A42 0FC8                        bswap   eax                 ; convert to LE
  7667 00005A44 A3[89BF0000]                mov     [tcp_seq], eax
  7668 00005A49 C605[85BF0000]02            mov     byte [tcp_state], 2 ; ESTABLISHED
  7669 00005A50 E886FCFFFF                  call    tcp_send_ack
  7670 00005A55 E9E1050000                  jmp     .tr_d
  7671                                  .tr_data:
  7672                                      ; Extract payload
  7673                                      ; Payload start = edi + TCP_header_length
  7674 00005A5A 89FE                        mov     esi, edi
  7675 00005A5C 01CE                        add     esi, ecx            ; esi = payload start
  7676                                      dbg_puts "[A4X] TCP data received — appending to http_rx_buf", 13, 10, 0
    21 00005A5E EB37                <1>  jmp %%skip
    22 00005A60 5B4134585D20544350- <1> %%str db %1
    22 00005A69 206461746120726563- <1>
    22 00005A72 656976656420E28094- <1>
    22 00005A7B 20617070656E64696E- <1>
    22 00005A84 6720746F2068747470- <1>
    22 00005A8D 5F72785F6275660D0A- <1>
    22 00005A96 00                  <1>
    23                              <1> %%skip:
    24                              <1> %if __BITS__ == 32
    25 00005A97 56                  <1>  push esi
    26 00005A98 BE[605A0000]        <1>  mov esi, %%str
    27                              <1> %%.loop:
    28 00005A9D AC                  <1>  lodsb
    29 00005A9E 08C0                <1>  or al, al
    30 00005AA0 7404                <1>  jz %%.done
    31 00005AA2 E6E9                <1>  out 0xE9, al
    32 00005AA4 EBF7                <1>  jmp %%.loop
    33                              <1> %%.done:
    34 00005AA6 5E                  <1>  pop esi
    35                              <1> %else
    36                              <1>  push si
    37                              <1>  mov si, %%str
    38                              <1> %%.loop:
    39                              <1>  lodsb
    40                              <1>  or al, al
    41                              <1>  jz %%.done
    42                              <1>  out 0xE9, al
    43                              <1>  jmp %%.loop
    44                              <1> %%.done:
    45                              <1>  pop si
    46                              <1> %endif
  7677                                      ; Debug: print TCP flags
  7678 00005AA7 50                          push    eax
  7679 00005AA8 53                          push    ebx
  7680 00005AA9 51                          push    ecx
  7681 00005AAA 52                          push    edx
  7682 00005AAB 8A1D[2FE90000]              mov     bl, [nic_rx_data + 34 + 13]
  7683                                      dbg_puts " TCP flags=0x", 0
    21 00005AB1 EB0E                <1>  jmp %%skip
    22 00005AB3 2054435020666C6167- <1> %%str db %1
    22 00005ABC 733D307800          <1>
    23                              <1> %%skip:
    24                              <1> %if __BITS__ == 32
    25 00005AC1 56                  <1>  push esi
    26 00005AC2 BE[B35A0000]        <1>  mov esi, %%str
    27                              <1> %%.loop:
    28 00005AC7 AC                  <1>  lodsb
    29 00005AC8 08C0                <1>  or al, al
    30 00005ACA 7404                <1>  jz %%.done
    31 00005ACC E6E9                <1>  out 0xE9, al
    32 00005ACE EBF7                <1>  jmp %%.loop
    33                              <1> %%.done:
    34 00005AD0 5E                  <1>  pop esi
    35                              <1> %else
    36                              <1>  push si
    37                              <1>  mov si, %%str
    38                              <1> %%.loop:
    39                              <1>  lodsb
    40                              <1>  or al, al
    41                              <1>  jz %%.done
    42                              <1>  out 0xE9, al
    43                              <1>  jmp %%.loop
    44                              <1> %%.done:
    45                              <1>  pop si
    46                              <1> %endif
  7684 00005AD1 0FB6C3                      movzx   eax, bl
  7685                                      dbg_hex32
    84 00005AD4 50                  <1>  push eax
    85 00005AD5 51                  <1>  push ecx
    86 00005AD6 B91C000000          <1>  mov ecx, 28
    87                              <1> %%loop:
    88 00005ADB 50                  <1>  push eax
    89 00005ADC D3E8                <1>  shr eax, cl
    90 00005ADE 83E00F              <1>  and eax, 0x0F
    91 00005AE1 0430                <1>  add al, '0'
    92 00005AE3 3C39                <1>  cmp al, '9'
    93 00005AE5 7602                <1>  jbe %%ok2
    94 00005AE7 0407                <1>  add al, 7
    95                              <1> %%ok2:
    96 00005AE9 E6E9                <1>  out 0xE9, al
    97 00005AEB 58                  <1>  pop eax
    98 00005AEC 83E904              <1>  sub ecx, 4
    99 00005AEF 79EA                <1>  jns %%loop
   100 00005AF1 59                  <1>  pop ecx
   101 00005AF2 58                  <1>  pop eax
  7686                                      dbg_puts 13, 10, 0
    21 00005AF3 EB03                <1>  jmp %%skip
    22 00005AF5 0D0A00              <1> %%str db %1
    23                              <1> %%skip:
    24                              <1> %if __BITS__ == 32
    25 00005AF8 56                  <1>  push esi
    26 00005AF9 BE[F55A0000]        <1>  mov esi, %%str
    27                              <1> %%.loop:
    28 00005AFE AC                  <1>  lodsb
    29 00005AFF 08C0                <1>  or al, al
    30 00005B01 7404                <1>  jz %%.done
    31 00005B03 E6E9                <1>  out 0xE9, al
    32 00005B05 EBF7                <1>  jmp %%.loop
    33                              <1> %%.done:
    34 00005B07 5E                  <1>  pop esi
    35                              <1> %else
    36                              <1>  push si
    37                              <1>  mov si, %%str
    38                              <1> %%.loop:
    39                              <1>  lodsb
    40                              <1>  or al, al
    41                              <1>  jz %%.done
    42                              <1>  out 0xE9, al
    43                              <1>  jmp %%.loop
    44                              <1> %%.done:
    45                              <1>  pop si
    46                              <1> %endif
  7687 00005B08 5A                          pop     edx
  7688 00005B09 59                          pop     ecx
  7689 00005B0A 5B                          pop     ebx
  7690 00005B0B 58                          pop     eax
  7691                                      ; Payload length = IP total length - IP header (20) - TCP header
  7692 00005B0C 0FB705[10E90000]            movzx   eax, word [nic_rx_data + 16]  ; IP total length (BE, at offset 14+2)
  7693 00005B13 86C4                        xchg    al, ah              ; byte-swap to LE
  7694 00005B15 83E814                      sub     eax, 20             ; subtract IP header
  7695 00005B18 29C8                        sub     eax, ecx            ; subtract TCP header
  7696                                      ; eax = payload length
  7697 00005B1A 85C0                        test    eax, eax
  7698 00005B1C 0F8414040000                jz      .tr_ack_only
  7699                                      ; Save payload length
  7700 00005B22 66A3[D8BF0000]              mov     [tcp_rx_len], ax
  7701                                      ; --- Append payload to http_rx_buf at http_rx_len offset ---
  7702 00005B28 0FB7C8                      movzx   ecx, ax             ; ecx = payload length (for rep movsb)
  7703 00005B2B BF[5EF00000]                mov     edi, http_rx_buf
  7704 00005B30 0FB715[5E000100]            movzx   edx, word [http_rx_len]
  7705 00005B37 01D7                        add     edi, edx            ; edi = http_rx_buf + accumulated offset
  7706                                      ; Bounds check: http_rx_len + payload_len <= 4096
  7707 00005B39 0FB715[5E000100]            movzx   edx, word [http_rx_len]
  7708 00005B40 01CA                        add     edx, ecx
  7709 00005B42 81FA00100000                cmp     edx, 4096
  7710 00005B48 7612                        jbe     .tr_fit
  7711                                      ; Truncate to fit
  7712 00005B4A B900100000                  mov     ecx, 4096
  7713 00005B4F 662B0D[5E000100]            sub     cx, word [http_rx_len]
  7714 00005B56 0F84A4030000                jz      .tr_skip_copy      ; buffer full, skip
  7715                                  .tr_fit:
  7716 00005B5C 51                          push    ecx                 ; save actual copy count
  7717 00005B5D 56                          push    esi                 ; save payload ptr
  7718 00005B5E F3A4                        rep     movsb               ; append payload to http_rx_buf
  7719 00005B60 5E                          pop     esi                 ; restore payload ptr (for seq calc below)
  7720                                      ; Update http_rx_len
  7721 00005B61 0FB705[5E000100]            movzx   eax, word [http_rx_len]
  7722 00005B68 59                          pop     ecx                 ; ecx = actual copy count
  7723 00005B69 01C8                        add     eax, ecx
  7724 00005B6B 66A3[5E000100]              mov     [http_rx_len], ax
  7725                                      ; Debug: print http_rx_len after copy
  7726 00005B71 50                          push    eax
  7727 00005B72 53                          push    ebx
  7728 00005B73 51                          push    ecx
  7729 00005B74 52                          push    edx
  7730                                      dbg_puts "[A4X] after_copy http_rx_len=", 0
    21 00005B75 EB1E                <1>  jmp %%skip
    22 00005B77 5B4134585D20616674- <1> %%str db %1
    22 00005B80 65725F636F70792068- <1>
    22 00005B89 7474705F72785F6C65- <1>
    22 00005B92 6E3D00              <1>
    23                              <1> %%skip:
    24                              <1> %if __BITS__ == 32
    25 00005B95 56                  <1>  push esi
    26 00005B96 BE[775B0000]        <1>  mov esi, %%str
    27                              <1> %%.loop:
    28 00005B9B AC                  <1>  lodsb
    29 00005B9C 08C0                <1>  or al, al
    30 00005B9E 7404                <1>  jz %%.done
    31 00005BA0 E6E9                <1>  out 0xE9, al
    32 00005BA2 EBF7                <1>  jmp %%.loop
    33                              <1> %%.done:
    34 00005BA4 5E                  <1>  pop esi
    35                              <1> %else
    36                              <1>  push si
    37                              <1>  mov si, %%str
    38                              <1> %%.loop:
    39                              <1>  lodsb
    40                              <1>  or al, al
    41                              <1>  jz %%.done
    42                              <1>  out 0xE9, al
    43                              <1>  jmp %%.loop
    44                              <1> %%.done:
    45                              <1>  pop si
    46                              <1> %endif
  7731 00005BA5 0FB705[5E000100]            movzx   eax, word [http_rx_len]
  7732                                      dbg_hex32
    84 00005BAC 50                  <1>  push eax
    85 00005BAD 51                  <1>  push ecx
    86 00005BAE B91C000000          <1>  mov ecx, 28
    87                              <1> %%loop:
    88 00005BB3 50                  <1>  push eax
    89 00005BB4 D3E8                <1>  shr eax, cl
    90 00005BB6 83E00F              <1>  and eax, 0x0F
    91 00005BB9 0430                <1>  add al, '0'
    92 00005BBB 3C39                <1>  cmp al, '9'
    93 00005BBD 7602                <1>  jbe %%ok2
    94 00005BBF 0407                <1>  add al, 7
    95                              <1> %%ok2:
    96 00005BC1 E6E9                <1>  out 0xE9, al
    97 00005BC3 58                  <1>  pop eax
    98 00005BC4 83E904              <1>  sub ecx, 4
    99 00005BC7 79EA                <1>  jns %%loop
   100 00005BC9 59                  <1>  pop ecx
   101 00005BCA 58                  <1>  pop eax
  7733                                      dbg_puts " buf[0..3]=", 0
    21 00005BCB EB0C                <1>  jmp %%skip
    22 00005BCD 206275665B302E2E33- <1> %%str db %1
    22 00005BD6 5D3D00              <1>
    23                              <1> %%skip:
    24                              <1> %if __BITS__ == 32
    25 00005BD9 56                  <1>  push esi
    26 00005BDA BE[CD5B0000]        <1>  mov esi, %%str
    27                              <1> %%.loop:
    28 00005BDF AC                  <1>  lodsb
    29 00005BE0 08C0                <1>  or al, al
    30 00005BE2 7404                <1>  jz %%.done
    31 00005BE4 E6E9                <1>  out 0xE9, al
    32 00005BE6 EBF7                <1>  jmp %%.loop
    33                              <1> %%.done:
    34 00005BE8 5E                  <1>  pop esi
    35                              <1> %else
    36                              <1>  push si
    37                              <1>  mov si, %%str
    38                              <1> %%.loop:
    39                              <1>  lodsb
    40                              <1>  or al, al
    41                              <1>  jz %%.done
    42                              <1>  out 0xE9, al
    43                              <1>  jmp %%.loop
    44                              <1> %%.done:
    45                              <1>  pop si
    46                              <1> %endif
  7734 00005BE9 A1[5EF00000]                mov     eax, [http_rx_buf]
  7735                                      dbg_hex32
    84 00005BEE 50                  <1>  push eax
    85 00005BEF 51                  <1>  push ecx
    86 00005BF0 B91C000000          <1>  mov ecx, 28
    87                              <1> %%loop:
    88 00005BF5 50                  <1>  push eax
    89 00005BF6 D3E8                <1>  shr eax, cl
    90 00005BF8 83E00F              <1>  and eax, 0x0F
    91 00005BFB 0430                <1>  add al, '0'
    92 00005BFD 3C39                <1>  cmp al, '9'
    93 00005BFF 7602                <1>  jbe %%ok2
    94 00005C01 0407                <1>  add al, 7
    95                              <1> %%ok2:
    96 00005C03 E6E9                <1>  out 0xE9, al
    97 00005C05 58                  <1>  pop eax
    98 00005C06 83E904              <1>  sub ecx, 4
    99 00005C09 79EA                <1>  jns %%loop
   100 00005C0B 59                  <1>  pop ecx
   101 00005C0C 58                  <1>  pop eax
  7736                                      dbg_puts 13, 10, 0
    21 00005C0D EB03                <1>  jmp %%skip
    22 00005C0F 0D0A00              <1> %%str db %1
    23                              <1> %%skip:
    24                              <1> %if __BITS__ == 32
    25 00005C12 56                  <1>  push esi
    26 00005C13 BE[0F5C0000]        <1>  mov esi, %%str
    27                              <1> %%.loop:
    28 00005C18 AC                  <1>  lodsb
    29 00005C19 08C0                <1>  or al, al
    30 00005C1B 7404                <1>  jz %%.done
    31 00005C1D E6E9                <1>  out 0xE9, al
    32 00005C1F EBF7                <1>  jmp %%.loop
    33                              <1> %%.done:
    34 00005C21 5E                  <1>  pop esi
    35                              <1> %else
    36                              <1>  push si
    37                              <1>  mov si, %%str
    38                              <1> %%.loop:
    39                              <1>  lodsb
    40                              <1>  or al, al
    41                              <1>  jz %%.done
    42                              <1>  out 0xE9, al
    43                              <1>  jmp %%.loop
    44                              <1> %%.done:
    45                              <1>  pop si
    46                              <1> %endif
  7737 00005C22 5A                          pop     edx
  7738 00005C23 59                          pop     ecx
  7739 00005C24 5B                          pop     ebx
  7740 00005C25 58                          pop     eax
  7741                                      ; --- Check for HTTP header end (\r\n\r\n) if not yet found ---
  7742 00005C26 803D[60000100]02            cmp     byte [http_rx_state], 2
  7743 00005C2D 0F83CE010000                jae     .tr_hdr_done        ; already found header end
  7744                                      ; Search for \r\n\r\n in http_rx_buf
  7745 00005C33 BF[5EF00000]                mov     edi, http_rx_buf
  7746 00005C38 0FB70D[5E000100]            movzx   ecx, word [http_rx_len]
  7747 00005C3F 83E903                      sub     ecx, 3              ; need at least 4 bytes
  7748 00005C42 0F8E89010000                jle     .tr_no_hdr
  7749 00005C48 B00D                        mov     al, 0x0D
  7750                                  .tr_find_cr:
  7751 00005C4A F2AE                        repne   scasb
  7752 00005C4C 0F857F010000                jne     .tr_no_hdr          ; no \r found
  7753                                      ; Check \r\n\r\n
  7754 00005C52 817FFF0D0A0D0A              cmp     dword [edi-1], 0x0A0D0A0D  ; \r\n\r\n (LE: 0D 0A 0D 0A)
  7755 00005C59 75EF                        jne     .tr_find_cr
  7756                                      ; Found! edi-1 points to \r, body starts at edi+3
  7757                                      ; body offset = (edi+3) - http_rx_buf
  7758 00005C5B 89F8                        mov     eax, edi
  7759 00005C5D 2D[5EF00000]                sub     eax, http_rx_buf
  7760 00005C62 83C003                      add     eax, 3              ; skip \r\n\r\n (edi-1..edi+2)
  7761 00005C65 66A3[61000100]              mov     [http_hdr_end], ax
  7762 00005C6B C605[60000100]02            mov     byte [http_rx_state], 2  ; headers done
  7763                                      dbg_puts "[A4X] HTTP header end found", 13, 10, 0
    21 00005C72 EB1E                <1>  jmp %%skip
    22 00005C74 5B4134585D20485454- <1> %%str db %1
    22 00005C7D 502068656164657220- <1>
    22 00005C86 656E6420666F756E64- <1>
    22 00005C8F 0D0A00              <1>
    23                              <1> %%skip:
    24                              <1> %if __BITS__ == 32
    25 00005C92 56                  <1>  push esi
    26 00005C93 BE[745C0000]        <1>  mov esi, %%str
    27                              <1> %%.loop:
    28 00005C98 AC                  <1>  lodsb
    29 00005C99 08C0                <1>  or al, al
    30 00005C9B 7404                <1>  jz %%.done
    31 00005C9D E6E9                <1>  out 0xE9, al
    32 00005C9F EBF7                <1>  jmp %%.loop
    33                              <1> %%.done:
    34 00005CA1 5E                  <1>  pop esi
    35                              <1> %else
    36                              <1>  push si
    37                              <1>  mov si, %%str
    38                              <1> %%.loop:
    39                              <1>  lodsb
    40                              <1>  or al, al
    41                              <1>  jz %%.done
    42                              <1>  out 0xE9, al
    43                              <1>  jmp %%.loop
    44                              <1> %%.done:
    45                              <1>  pop si
    46                              <1> %endif
  7764                                      ; --- Parse Content-Length ---
  7765                                      ; Search for "Content-Length:" in http_rx_buf (simple byte-by-byte scan)
  7766 00005CA2 BF[5EF00000]                mov     edi, http_rx_buf
  7767 00005CA7 0FB70D[5E000100]            movzx   ecx, word [http_rx_len]
  7768 00005CAE 83E90F                      sub     ecx, 15
  7769 00005CB1 0F86E8000000                jbe     .tr_no_cl
  7770                                      ; ecx = search window size (number of starting positions to try)
  7771                                  .tr_find_cl:
  7772 00005CB7 57                          push    edi
  7773 00005CB8 BE[68600000]                mov     esi, .str_content_length
  7774 00005CBD B20F                        mov     dl, 15
  7775                                  .tr_find_cl_byte:
  7776 00005CBF 8A07                        mov     al, [edi]
  7777 00005CC1 3A06                        cmp     al, [esi]
  7778 00005CC3 750B                        jne     .tr_find_cl_mismatch
  7779 00005CC5 46                          inc     esi
  7780 00005CC6 47                          inc     edi
  7781 00005CC7 FECA                        dec     dl
  7782 00005CC9 75F4                        jnz     .tr_find_cl_byte
  7783                                      ; All 15 bytes matched — edi is already advanced past "Content-Length:"
  7784 00005CCB 83C404                      add     esp, 4
  7785 00005CCE EB09                        jmp     .tr_cl_found
  7786                                  .tr_find_cl_mismatch:
  7787 00005CD0 5F                          pop     edi
  7788 00005CD1 47                          inc     edi
  7789 00005CD2 E2E3                        loop    .tr_find_cl
  7790 00005CD4 E9C6000000                  jmp     .tr_no_cl
  7791                                  .tr_cl_found:
  7792                                      dbg_puts "[A4X] Content-Length header found!", 13, 10, 0
    21 00005CD9 EB25                <1>  jmp %%skip
    22 00005CDB 5B4134585D20436F6E- <1> %%str db %1
    22 00005CE4 74656E742D4C656E67- <1>
    22 00005CED 746820686561646572- <1>
    22 00005CF6 20666F756E64210D0A- <1>
    22 00005CFF 00                  <1>
    23                              <1> %%skip:
    24                              <1> %if __BITS__ == 32
    25 00005D00 56                  <1>  push esi
    26 00005D01 BE[DB5C0000]        <1>  mov esi, %%str
    27                              <1> %%.loop:
    28 00005D06 AC                  <1>  lodsb
    29 00005D07 08C0                <1>  or al, al
    30 00005D09 7404                <1>  jz %%.done
    31 00005D0B E6E9                <1>  out 0xE9, al
    32 00005D0D EBF7                <1>  jmp %%.loop
    33                              <1> %%.done:
    34 00005D0F 5E                  <1>  pop esi
    35                              <1> %else
    36                              <1>  push si
    37                              <1>  mov si, %%str
    38                              <1> %%.loop:
    39                              <1>  lodsb
    40                              <1>  or al, al
    41                              <1>  jz %%.done
    42                              <1>  out 0xE9, al
    43                              <1>  jmp %%.loop
    44                              <1> %%.done:
    45                              <1>  pop si
    46                              <1> %endif
  7793                                      ; edi points past "Content-Length:" (15 bytes scanned)
  7794                                  .tr_cl_space:
  7795                                      ; Skip spaces after the colon (loop label separate from the debug print)
  7796 00005D10 803F20                      cmp     byte [edi], ' '
  7797 00005D13 7503                        jne     .tr_cl_digit
  7798 00005D15 47                          inc     edi
  7799 00005D16 EBF8                        jmp     .tr_cl_space
  7800                                  .tr_cl_digit:
  7801                                      ; Parse decimal number
  7802 00005D18 31C0                        xor     eax, eax
  7803                                  .tr_cl_lp:
  7804 00005D1A 0FB61F                      movzx   ebx, byte [edi]
  7805 00005D1D 80FB30                      cmp     bl, '0'
  7806 00005D20 7210                        jb      .tr_cl_done
  7807 00005D22 80FB39                      cmp     bl, '9'
  7808 00005D25 770B                        ja      .tr_cl_done
  7809 00005D27 80EB30                      sub     bl, '0'
  7810 00005D2A 6BC00A                      imul    eax, eax, 10
  7811 00005D2D 01D8                        add     eax, ebx
  7812 00005D2F 47                          inc     edi
  7813 00005D30 EBE8                        jmp     .tr_cl_lp
  7814                                  .tr_cl_done:
  7815 00005D32 A3[63000100]                mov     [http_content_len], eax
  7816                                      dbg_puts "[A4X] HTTP Content-Length=", 0
    21 00005D37 EB1B                <1>  jmp %%skip
    22 00005D39 5B4134585D20485454- <1> %%str db %1
    22 00005D42 5020436F6E74656E74- <1>
    22 00005D4B 2D4C656E6774683D00  <1>
    23                              <1> %%skip:
    24                              <1> %if __BITS__ == 32
    25 00005D54 56                  <1>  push esi
    26 00005D55 BE[395D0000]        <1>  mov esi, %%str
    27                              <1> %%.loop:
    28 00005D5A AC                  <1>  lodsb
    29 00005D5B 08C0                <1>  or al, al
    30 00005D5D 7404                <1>  jz %%.done
    31 00005D5F E6E9                <1>  out 0xE9, al
    32 00005D61 EBF7                <1>  jmp %%.loop
    33                              <1> %%.done:
    34 00005D63 5E                  <1>  pop esi
    35                              <1> %else
    36                              <1>  push si
    37                              <1>  mov si, %%str
    38                              <1> %%.loop:
    39                              <1>  lodsb
    40                              <1>  or al, al
    41                              <1>  jz %%.done
    42                              <1>  out 0xE9, al
    43                              <1>  jmp %%.loop
    44                              <1> %%.done:
    45                              <1>  pop si
    46                              <1> %endif
  7817 00005D64 A1[63000100]                mov     eax, [http_content_len]
  7818                                      dbg_hex32
    84 00005D69 50                  <1>  push eax
    85 00005D6A 51                  <1>  push ecx
    86 00005D6B B91C000000          <1>  mov ecx, 28
    87                              <1> %%loop:
    88 00005D70 50                  <1>  push eax
    89 00005D71 D3E8                <1>  shr eax, cl
    90 00005D73 83E00F              <1>  and eax, 0x0F
    91 00005D76 0430                <1>  add al, '0'
    92 00005D78 3C39                <1>  cmp al, '9'
    93 00005D7A 7602                <1>  jbe %%ok2
    94 00005D7C 0407                <1>  add al, 7
    95                              <1> %%ok2:
    96 00005D7E E6E9                <1>  out 0xE9, al
    97 00005D80 58                  <1>  pop eax
    98 00005D81 83E904              <1>  sub ecx, 4
    99 00005D84 79EA                <1>  jns %%loop
   100 00005D86 59                  <1>  pop ecx
   101 00005D87 58                  <1>  pop eax
  7819                                      dbg_puts 13, 10, 0
    21 00005D88 EB03                <1>  jmp %%skip
    22 00005D8A 0D0A00              <1> %%str db %1
    23                              <1> %%skip:
    24                              <1> %if __BITS__ == 32
    25 00005D8D 56                  <1>  push esi
    26 00005D8E BE[8A5D0000]        <1>  mov esi, %%str
    27                              <1> %%.loop:
    28 00005D93 AC                  <1>  lodsb
    29 00005D94 08C0                <1>  or al, al
    30 00005D96 7404                <1>  jz %%.done
    31 00005D98 E6E9                <1>  out 0xE9, al
    32 00005D9A EBF7                <1>  jmp %%.loop
    33                              <1> %%.done:
    34 00005D9C 5E                  <1>  pop esi
    35                              <1> %else
    36                              <1>  push si
    37                              <1>  mov si, %%str
    38                              <1> %%.loop:
    39                              <1>  lodsb
    40                              <1>  or al, al
    41                              <1>  jz %%.done
    42                              <1>  out 0xE9, al
    43                              <1>  jmp %%.loop
    44                              <1> %%.done:
    45                              <1>  pop si
    46                              <1> %endif
  7820 00005D9D EB62                        jmp     .tr_hdr_done
  7821                                  .tr_no_cl:
  7822                                      dbg_puts "[A4X] no Content-Length found", 13, 10, 0
    21 00005D9F EB20                <1>  jmp %%skip
    22 00005DA1 5B4134585D206E6F20- <1> %%str db %1
    22 00005DAA 436F6E74656E742D4C- <1>
    22 00005DB3 656E67746820666F75- <1>
    22 00005DBC 6E640D0A00          <1>
    23                              <1> %%skip:
    24                              <1> %if __BITS__ == 32
    25 00005DC1 56                  <1>  push esi
    26 00005DC2 BE[A15D0000]        <1>  mov esi, %%str
    27                              <1> %%.loop:
    28 00005DC7 AC                  <1>  lodsb
    29 00005DC8 08C0                <1>  or al, al
    30 00005DCA 7404                <1>  jz %%.done
    31 00005DCC E6E9                <1>  out 0xE9, al
    32 00005DCE EBF7                <1>  jmp %%.loop
    33                              <1> %%.done:
    34 00005DD0 5E                  <1>  pop esi
    35                              <1> %else
    36                              <1>  push si
    37                              <1>  mov si, %%str
    38                              <1> %%.loop:
    39                              <1>  lodsb
    40                              <1>  or al, al
    41                              <1>  jz %%.done
    42                              <1>  out 0xE9, al
    43                              <1>  jmp %%.loop
    44                              <1> %%.done:
    45                              <1>  pop si
    46                              <1> %endif
  7823                                  .tr_no_hdr:
  7824                                      dbg_puts "[A4X] no \\r\\n\\r\\n found", 13, 10, 0
    21 00005DD1 EB1E                <1>  jmp %%skip
    22 00005DD3 5B4134585D206E6F20- <1> %%str db %1
    22 00005DDC 5C5C725C5C6E5C5C72- <1>
    22 00005DE5 5C5C6E20666F756E64- <1>
    22 00005DEE 0D0A00              <1>
    23                              <1> %%skip:
    24                              <1> %if __BITS__ == 32
    25 00005DF1 56                  <1>  push esi
    26 00005DF2 BE[D35D0000]        <1>  mov esi, %%str
    27                              <1> %%.loop:
    28 00005DF7 AC                  <1>  lodsb
    29 00005DF8 08C0                <1>  or al, al
    30 00005DFA 7404                <1>  jz %%.done
    31 00005DFC E6E9                <1>  out 0xE9, al
    32 00005DFE EBF7                <1>  jmp %%.loop
    33                              <1> %%.done:
    34 00005E00 5E                  <1>  pop esi
    35                              <1> %else
    36                              <1>  push si
    37                              <1>  mov si, %%str
    38                              <1> %%.loop:
    39                              <1>  lodsb
    40                              <1>  or al, al
    41                              <1>  jz %%.done
    42                              <1>  out 0xE9, al
    43                              <1>  jmp %%.loop
    44                              <1> %%.done:
    45                              <1>  pop si
    46                              <1> %endif
  7825                                  .tr_hdr_done:
  7826                                      ; --- Check if body is complete ---
  7827                                      ; body_len = http_rx_len - http_hdr_end
  7828 00005E01 0FB705[5E000100]            movzx   eax, word [http_rx_len]
  7829 00005E08 662B05[61000100]            sub     ax, [http_hdr_end]
  7830                                      ; Compare with http_content_len
  7831 00005E0F 803D[60000100]02            cmp     byte [http_rx_state], 2
  7832 00005E16 0F82A7000000                jb      .tr_not_complete   ; header not yet found
  7833                                      ; If Content-Length known, check body completeness
  7834 00005E1C 8B15[63000100]              mov     edx, [http_content_len]
  7835 00005E22 85D2                        test    edx, edx
  7836 00005E24 0F8499000000                jz      .tr_no_cl_check    ; unknown content-length
  7837 00005E2A 39D0                        cmp     eax, edx
  7838 00005E2C 0F8291000000                jb      .tr_not_complete   ; body not yet complete
  7839                                      ; Body complete!
  7840 00005E32 C605[60000100]03            mov     byte [http_rx_state], 3  ; body_done
  7841 00005E39 66A3[5CF00000]              mov     [http_body_len], ax
  7842 00005E3F 0FB715[61000100]            movzx   edx, word [http_hdr_end]
  7843 00005E46 B8[5EF00000]                mov     eax, http_rx_buf
  7844 00005E4B 01D0                        add     eax, edx
  7845 00005E4D A3[58F00000]                mov     [http_body], eax
  7846                                      dbg_puts "[A4X] HTTP body complete — len=", 0
    21 00005E52 EB22                <1>  jmp %%skip
    22 00005E54 5B4134585D20485454- <1> %%str db %1
    22 00005E5D 5020626F647920636F- <1>
    22 00005E66 6D706C65746520E280- <1>
    22 00005E6F 94206C656E3D00      <1>
    23                              <1> %%skip:
    24                              <1> %if __BITS__ == 32
    25 00005E76 56                  <1>  push esi
    26 00005E77 BE[545E0000]        <1>  mov esi, %%str
    27                              <1> %%.loop:
    28 00005E7C AC                  <1>  lodsb
    29 00005E7D 08C0                <1>  or al, al
    30 00005E7F 7404                <1>  jz %%.done
    31 00005E81 E6E9                <1>  out 0xE9, al
    32 00005E83 EBF7                <1>  jmp %%.loop
    33                              <1> %%.done:
    34 00005E85 5E                  <1>  pop esi
    35                              <1> %else
    36                              <1>  push si
    37                              <1>  mov si, %%str
    38                              <1> %%.loop:
    39                              <1>  lodsb
    40                              <1>  or al, al
    41                              <1>  jz %%.done
    42                              <1>  out 0xE9, al
    43                              <1>  jmp %%.loop
    44                              <1> %%.done:
    45                              <1>  pop si
    46                              <1> %endif
  7847 00005E86 0FB705[5CF00000]            movzx   eax, word [http_body_len]
  7848                                      dbg_hex32
    84 00005E8D 50                  <1>  push eax
    85 00005E8E 51                  <1>  push ecx
    86 00005E8F B91C000000          <1>  mov ecx, 28
    87                              <1> %%loop:
    88 00005E94 50                  <1>  push eax
    89 00005E95 D3E8                <1>  shr eax, cl
    90 00005E97 83E00F              <1>  and eax, 0x0F
    91 00005E9A 0430                <1>  add al, '0'
    92 00005E9C 3C39                <1>  cmp al, '9'
    93 00005E9E 7602                <1>  jbe %%ok2
    94 00005EA0 0407                <1>  add al, 7
    95                              <1> %%ok2:
    96 00005EA2 E6E9                <1>  out 0xE9, al
    97 00005EA4 58                  <1>  pop eax
    98 00005EA5 83E904              <1>  sub ecx, 4
    99 00005EA8 79EA                <1>  jns %%loop
   100 00005EAA 59                  <1>  pop ecx
   101 00005EAB 58                  <1>  pop eax
  7849                                      dbg_puts 13, 10, 0
    21 00005EAC EB03                <1>  jmp %%skip
    22 00005EAE 0D0A00              <1> %%str db %1
    23                              <1> %%skip:
    24                              <1> %if __BITS__ == 32
    25 00005EB1 56                  <1>  push esi
    26 00005EB2 BE[AE5E0000]        <1>  mov esi, %%str
    27                              <1> %%.loop:
    28 00005EB7 AC                  <1>  lodsb
    29 00005EB8 08C0                <1>  or al, al
    30 00005EBA 7404                <1>  jz %%.done
    31 00005EBC E6E9                <1>  out 0xE9, al
    32 00005EBE EBF7                <1>  jmp %%.loop
    33                              <1> %%.done:
    34 00005EC0 5E                  <1>  pop esi
    35                              <1> %else
    36                              <1>  push si
    37                              <1>  mov si, %%str
    38                              <1> %%.loop:
    39                              <1>  lodsb
    40                              <1>  or al, al
    41                              <1>  jz %%.done
    42                              <1>  out 0xE9, al
    43                              <1>  jmp %%.loop
    44                              <1> %%.done:
    45                              <1>  pop si
    46                              <1> %endif
  7850 00005EC1 EB07                        jmp     .tr_ack_data
  7851                                  .tr_no_cl_check:
  7852                                      ; No Content-Length: assume body = what we have so far (HTTP/1.0 style)
  7853                                      ; Only mark complete when FIN is received (handled in .tr_fin)
  7854                                  .tr_not_complete:
  7855 00005EC3 C605[D7BF0000]01            mov     byte [tcp_rx_state], 1  ; data received, but maybe not complete
  7856                                  .tr_ack_data:
  7857                                      ; Update tcp_ack: new ack = server seq + payload length
  7858 00005ECA A1[26E90000]                mov     eax, [nic_rx_data + 34 + 4]  ; server seq (BE)
  7859 00005ECF 0FC8                        bswap   eax
  7860 00005ED1 0FB715[D8BF0000]            movzx   edx, word [tcp_rx_len]
  7861 00005ED8 01D0                        add     eax, edx            ; ack = server_seq + data_length
  7862 00005EDA A3[8DBF0000]                mov     [tcp_ack], eax
  7863                                      ; Update tcp_seq from ACK field
  7864 00005EDF A1[2AE90000]                mov     eax, [nic_rx_data + 34 + 8]  ; ack field (BE)
  7865 00005EE4 0FC8                        bswap   eax
  7866 00005EE6 A3[89BF0000]                mov     [tcp_seq], eax
  7867 00005EEB E8EBF7FFFF                  call    tcp_send_ack
  7868                                      ; FIN+PSH+ACK common for final HTTP data chunk — check FIN after ACK
  7869 00005EF0 8A1D[2FE90000]              mov     bl, [nic_rx_data + 34 + 13]
  7870 00005EF6 F6C301                      test    bl, 0x01
  7871 00005EF9 754A                        jnz     .tr_fin
  7872 00005EFB E93B010000                  jmp     .tr_d
  7873                                  .tr_skip_copy:
  7874                                      ; Buffer full — still update ACK
  7875 00005F00 A1[26E90000]                mov     eax, [nic_rx_data + 34 + 4]  ; server seq (BE)
  7876 00005F05 0FC8                        bswap   eax
  7877 00005F07 0FB715[D8BF0000]            movzx   edx, word [tcp_rx_len]
  7878 00005F0E 01D0                        add     eax, edx
  7879 00005F10 A3[8DBF0000]                mov     [tcp_ack], eax
  7880 00005F15 A1[2AE90000]                mov     eax, [nic_rx_data + 34 + 8]
  7881 00005F1A 0FC8                        bswap   eax
  7882 00005F1C A3[89BF0000]                mov     [tcp_seq], eax
  7883 00005F21 E8B5F7FFFF                  call    tcp_send_ack
  7884                                      ; Also check FIN after ACK for FIN+PSH+ACK final chunk
  7885 00005F26 8A1D[2FE90000]              mov     bl, [nic_rx_data + 34 + 13]
  7886 00005F2C F6C301                      test    bl, 0x01
  7887 00005F2F 7514                        jnz     .tr_fin
  7888 00005F31 E905010000                  jmp     .tr_d
  7889                                  .tr_ack_only:
  7890                                      ; ACK without data — update seq
  7891 00005F36 8B4708                      mov     eax, [edi+8]
  7892 00005F39 0FC8                        bswap   eax
  7893 00005F3B A3[89BF0000]                mov     [tcp_seq], eax
  7894 00005F40 E9F6000000                  jmp     .tr_d
  7895                                  .tr_fin:
  7896                                      ; FIN received — update ack and send ACK
  7897 00005F45 8B4704                      mov     eax, [edi+4]
  7898 00005F48 0FC8                        bswap   eax
  7899 00005F4A 40                          inc     eax
  7900 00005F4B A3[8DBF0000]                mov     [tcp_ack], eax
  7901 00005F50 E886F7FFFF                  call    tcp_send_ack
  7902                                      ; If HTTP headers were found but body not marked complete, check completeness
  7903 00005F55 803D[60000100]02            cmp     byte [http_rx_state], 2
  7904 00005F5C 0F82D2000000                jb      .tr_fin_done
  7905 00005F62 803D[60000100]03            cmp     byte [http_rx_state], 3
  7906 00005F69 0F83C5000000                jae     .tr_fin_done
  7907                                      ; If Content-Length known, only mark complete if body length matches
  7908 00005F6F 8B15[63000100]              mov     edx, [http_content_len]
  7909 00005F75 85D2                        test    edx, edx
  7910 00005F77 7417                        jz      .tr_fin_mark_complete  ; unknown CL → FIN means done
  7911 00005F79 0FB705[5E000100]            movzx   eax, word [http_rx_len]
  7912 00005F80 662B05[61000100]            sub     ax, [http_hdr_end]
  7913 00005F87 6639D0                      cmp     ax, dx
  7914 00005F8A 0F82A4000000                jb      .tr_fin_done          ; body incomplete, wait for more data
  7915                                  .tr_fin_mark_complete:
  7916 00005F90 0FB705[5E000100]            movzx   eax, word [http_rx_len]
  7917 00005F97 662B05[61000100]            sub     ax, [http_hdr_end]
  7918 00005F9E 66A3[5CF00000]              mov     [http_body_len], ax
  7919 00005FA4 0FB715[61000100]            movzx   edx, word [http_hdr_end]
  7920 00005FAB B9[5EF00000]                mov     ecx, http_rx_buf
  7921 00005FB0 01D1                        add     ecx, edx
  7922 00005FB2 890D[58F00000]              mov     [http_body], ecx
  7923 00005FB8 C605[60000100]03            mov     byte [http_rx_state], 3
  7924                                      dbg_puts "[A4X] HTTP body complete (FIN) — len=", 0
    21 00005FBF EB28                <1>  jmp %%skip
    22 00005FC1 5B4134585D20485454- <1> %%str db %1
    22 00005FCA 5020626F647920636F- <1>
    22 00005FD3 6D706C657465202846- <1>
    22 00005FDC 494E2920E28094206C- <1>
    22 00005FE5 656E3D00            <1>
    23                              <1> %%skip:
    24                              <1> %if __BITS__ == 32
    25 00005FE9 56                  <1>  push esi
    26 00005FEA BE[C15F0000]        <1>  mov esi, %%str
    27                              <1> %%.loop:
    28 00005FEF AC                  <1>  lodsb
    29 00005FF0 08C0                <1>  or al, al
    30 00005FF2 7404                <1>  jz %%.done
    31 00005FF4 E6E9                <1>  out 0xE9, al
    32 00005FF6 EBF7                <1>  jmp %%.loop
    33                              <1> %%.done:
    34 00005FF8 5E                  <1>  pop esi
    35                              <1> %else
    36                              <1>  push si
    37                              <1>  mov si, %%str
    38                              <1> %%.loop:
    39                              <1>  lodsb
    40                              <1>  or al, al
    41                              <1>  jz %%.done
    42                              <1>  out 0xE9, al
    43                              <1>  jmp %%.loop
    44                              <1> %%.done:
    45                              <1>  pop si
    46                              <1> %endif
  7925 00005FF9 0FB705[5CF00000]            movzx   eax, word [http_body_len]
  7926                                      dbg_hex32
    84 00006000 50                  <1>  push eax
    85 00006001 51                  <1>  push ecx
    86 00006002 B91C000000          <1>  mov ecx, 28
    87                              <1> %%loop:
    88 00006007 50                  <1>  push eax
    89 00006008 D3E8                <1>  shr eax, cl
    90 0000600A 83E00F              <1>  and eax, 0x0F
    91 0000600D 0430                <1>  add al, '0'
    92 0000600F 3C39                <1>  cmp al, '9'
    93 00006011 7602                <1>  jbe %%ok2
    94 00006013 0407                <1>  add al, 7
    95                              <1> %%ok2:
    96 00006015 E6E9                <1>  out 0xE9, al
    97 00006017 58                  <1>  pop eax
    98 00006018 83E904              <1>  sub ecx, 4
    99 0000601B 79EA                <1>  jns %%loop
   100 0000601D 59                  <1>  pop ecx
   101 0000601E 58                  <1>  pop eax
  7927                                      dbg_puts 13, 10, 0
    21 0000601F EB03                <1>  jmp %%skip
    22 00006021 0D0A00              <1> %%str db %1
    23                              <1> %%skip:
    24                              <1> %if __BITS__ == 32
    25 00006024 56                  <1>  push esi
    26 00006025 BE[21600000]        <1>  mov esi, %%str
    27                              <1> %%.loop:
    28 0000602A AC                  <1>  lodsb
    29 0000602B 08C0                <1>  or al, al
    30 0000602D 7404                <1>  jz %%.done
    31 0000602F E6E9                <1>  out 0xE9, al
    32 00006031 EBF7                <1>  jmp %%.loop
    33                              <1> %%.done:
    34 00006033 5E                  <1>  pop esi
    35                              <1> %else
    36                              <1>  push si
    37                              <1>  mov si, %%str
    38                              <1> %%.loop:
    39                              <1>  lodsb
    40                              <1>  or al, al
    41                              <1>  jz %%.done
    42                              <1>  out 0xE9, al
    43                              <1>  jmp %%.loop
    44                              <1> %%.done:
    45                              <1>  pop si
    46                              <1> %endif
  7928                                  .tr_fin_done:
  7929 00006034 C605[85BF0000]00            mov     byte [tcp_state], 0
  7930                                  .tr_d:
  7931                                      dbg_puts "[A4X] tcp_rx EXIT", 13, 10, 0
    21 0000603B EB14                <1>  jmp %%skip
    22 0000603D 5B4134585D20746370- <1> %%str db %1
    22 00006046 5F727820455849540D- <1>
    22 0000604F 0A00                <1>
    23                              <1> %%skip:
    24                              <1> %if __BITS__ == 32
    25 00006051 56                  <1>  push esi
    26 00006052 BE[3D600000]        <1>  mov esi, %%str
    27                              <1> %%.loop:
    28 00006057 AC                  <1>  lodsb
    29 00006058 08C0                <1>  or al, al
    30 0000605A 7404                <1>  jz %%.done
    31 0000605C E6E9                <1>  out 0xE9, al
    32 0000605E EBF7                <1>  jmp %%.loop
    33                              <1> %%.done:
    34 00006060 5E                  <1>  pop esi
    35                              <1> %else
    36                              <1>  push si
    37                              <1>  mov si, %%str
    38                              <1> %%.loop:
    39                              <1>  lodsb
    40                              <1>  or al, al
    41                              <1>  jz %%.done
    42                              <1>  out 0xE9, al
    43                              <1>  jmp %%.loop
    44                              <1> %%.done:
    45                              <1>  pop si
    46                              <1> %endif
  7932 00006061 58                          pop     eax
  7933 00006062 5E                          pop     esi
  7934 00006063 5B                          pop     ebx
  7935 00006064 59                          pop     ecx
  7936 00006065 5A                          pop     edx
  7937 00006066 5F                          pop     edi
  7938 00006067 C3                          ret
  7939                                  .str_content_length:
  7940 00006068 436F6E74656E742D4C-         db "Content-Length:"
  7940 00006071 656E6774683A       
  7941                                  ; ============================================================================
  7942                                  vin_load:
  7943 00006077 50                          push    eax
  7944 00006078 56                          push    esi
  7945 00006079 BE[E0080200]                mov     esi, vin_scr
  7946 0000607E 8935[58710000]              mov     [vin_ptr], esi
  7947 00006084 C705[5C710000]0000-         mov     dword [vin_ck], 0
  7947 0000608C 0000               
  7948 0000608E C705[60710000]0000-         mov     dword [vin_ev], 0
  7948 00006096 0000               
  7949                                      dbg_puts "[A4X] VIN script loaded", 13, 10, 0
    21 00006098 EB1A                <1>  jmp %%skip
    22 0000609A 5B4134585D2056494E- <1> %%str db %1
    22 000060A3 20736372697074206C- <1>
    22 000060AC 6F616465640D0A00    <1>
    23                              <1> %%skip:
    24                              <1> %if __BITS__ == 32
    25 000060B4 56                  <1>  push esi
    26 000060B5 BE[9A600000]        <1>  mov esi, %%str
    27                              <1> %%.loop:
    28 000060BA AC                  <1>  lodsb
    29 000060BB 08C0                <1>  or al, al
    30 000060BD 7404                <1>  jz %%.done
    31 000060BF E6E9                <1>  out 0xE9, al
    32 000060C1 EBF7                <1>  jmp %%.loop
    33                              <1> %%.done:
    34 000060C3 5E                  <1>  pop esi
    35                              <1> %else
    36                              <1>  push si
    37                              <1>  mov si, %%str
    38                              <1> %%.loop:
    39                              <1>  lodsb
    40                              <1>  or al, al
    41                              <1>  jz %%.done
    42                              <1>  out 0xE9, al
    43                              <1>  jmp %%.loop
    44                              <1> %%.done:
    45                              <1>  pop si
    46                              <1> %endif
  7950 000060C4 5E                          pop     esi
  7951 000060C5 58                          pop     eax
  7952 000060C6 C3                          ret
  7953                                  
  7954                                  ; ============================================================================
  7955                                  ; vin_tick
  7956                                  ; ============================================================================
  7957                                  vin_tick:
  7958 000060C7 56                          push    esi
  7959 000060C8 50                          push    eax
  7960 000060C9 53                          push    ebx
  7961 000060CA 51                          push    ecx
  7962 000060CB 52                          push    edx
  7963 000060CC 8B35[58710000]              mov     esi, [vin_ptr]
  7964 000060D2 85F6                        test    esi, esi
  7965 000060D4 0F84ED040000                jz      .vt_d
  7966                                  %ifdef NET_QUICK
  7967                                      ; Skip VIN demo — jump straight to installer + download
  7968 000060DA E9E6030000                  jmp     .vt_e
  7969                                  %endif
  7970                                      ; delay countdown: if delay>0, decrement and skip this tick
  7971 000060DF 668B06                      mov     ax, [esi]
  7972 000060E2 6685C0                      test    ax, ax
  7973 000060E5 7408                        jz      .vt_run
  7974 000060E7 66FF0E                      dec     word [esi]
  7975 000060EA E9D8040000                  jmp     .vt_d
  7976                                  .vt_run:
  7977 000060EF 8A4602                      mov     al, [esi+2]
  7978 000060F2 3C06                        cmp     al, VIN_EN
  7979 000060F4 0F84CB030000                je      .vt_e
  7980 000060FA 3C00                        cmp     al, VIN_MM
  7981 000060FC 7421                        je      .vt_mm
  7982 000060FE 3C01                        cmp     al, VIN_LD
  7983 00006100 7476                        je      .vt_ld
  7984 00006102 3C02                        cmp     al, VIN_LU
  7985 00006104 0F8437030000                je      .vt_lu
  7986 0000610A 3C03                        cmp     al, VIN_RD
  7987 0000610C 0F8442030000                je      .vt_rd
  7988 00006112 3C04                        cmp     al, VIN_RU
  7989 00006114 0F847E030000                je      .vt_ru
  7990 0000611A E98C030000                  jmp     .vt_n
  7991                                  .vt_mm:
  7992 0000611F 31C0                        xor     eax, eax
  7993 00006121 668B4603                    mov     ax, [esi+3]
  7994 00006125 A3[006E0000]                mov     [mou_x], eax
  7995 0000612A 31C0                        xor     eax, eax
  7996 0000612C 668B4605                    mov     ax, [esi+5]
  7997 00006130 A3[046E0000]                mov     [mou_y], eax
  7998                                      ; Phase B: update hover_btn for title bar buttons (WBC/WBM/WBN)
  7999 00006135 C605[AB710000]00            mov     byte [hover_btn], 0
  8000 0000613C E81DB4FFFF                  call    hit_test
  8001 00006141 83F806                      cmp     eax, WBC
  8002 00006144 750C                        jne     .mm_h2
  8003 00006146 C605[AB710000]04            mov     byte [hover_btn], B_CL
  8004 0000614D E959030000                  jmp     .vt_n
  8005                                  .mm_h2:
  8006 00006152 83F805                      cmp     eax, WBM
  8007 00006155 750C                        jne     .mm_h3
  8008 00006157 C605[AB710000]03            mov     byte [hover_btn], B_MX
  8009 0000615E E948030000                  jmp     .vt_n
  8010                                  .mm_h3:
  8011 00006163 83F804                      cmp     eax, WBN
  8012 00006166 0F853F030000                jne     .vt_n
  8013 0000616C C605[AB710000]02            mov     byte [hover_btn], B_MN
  8014 00006173 E933030000                  jmp     .vt_n
  8015                                  .vt_ld:
  8016 00006178 C605[086E0000]01            mov     byte [mou_lb], 1
  8017 0000617F A1[006E0000]                mov     eax, [mou_x]
  8018 00006184 A3[34710000]                mov     [drag_mx], eax
  8019 00006189 A1[046E0000]                mov     eax, [mou_y]
  8020 0000618E A3[38710000]                mov     [drag_my], eax
  8021 00006193 E8C6B3FFFF                  call    hit_test
  8022 00006198 83F8FF                      cmp     eax, -1
  8023 0000619B 750A                        jne     .ld_disp
  8024                                      ; Phase B: no window hit — try taskbar button
  8025 0000619D E817B4FFFF                  call    tb_hit
  8026 000061A2 E998020000                  jmp     .ld1
  8027                                  .ld_disp:
  8028 000061A7 83F801                      cmp     eax, WB
  8029 000061AA 0F8591000000                jne     .ld2
  8030                                      ; start button click
  8031 000061B0 C705[3C710000]0100-         mov     dword [menu_vis], 1
  8031 000061B8 0000               
  8032 000061BA C705[DC6D0000]0400-         mov     dword [CW_X], MNX
  8032 000061C2 0000               
  8033 000061C4 C705[E06D0000]2800-         mov     dword [CW_Y], MNY
  8033 000061CC 0000               
  8034 000061CE C705[E46D0000]6000-         mov     dword [CW_W], MNW
  8034 000061D6 0000               
  8035 000061D8 C705[E86D0000]8C00-         mov     dword [CW_H], MNH
  8035 000061E0 0000               
  8036 000061E2 C605[EC6D0000]04            mov     byte [CW_WP], 4
  8037 000061E9 C605[ED6D0000]00            mov     byte [CW_BI], 0
  8038 000061F0 C705[EE6D0000]0300-         mov     dword [CW_HND], WM
  8038 000061F8 0000               
  8039 000061FA E8CBA3FFFF                  call    CreateWindow
  8040                                      dbg_puts "[A4X] menu show", 13, 10, 0
    21 000061FF EB12                <1>  jmp %%skip
    22 00006201 5B4134585D206D656E- <1> %%str db %1
    22 0000620A 752073686F770D0A00  <1>
    23                              <1> %%skip:
    24                              <1> %if __BITS__ == 32
    25 00006213 56                  <1>  push esi
    26 00006214 BE[01620000]        <1>  mov esi, %%str
    27                              <1> %%.loop:
    28 00006219 AC                  <1>  lodsb
    29 0000621A 08C0                <1>  or al, al
    30 0000621C 7404                <1>  jz %%.done
    31 0000621E E6E9                <1>  out 0xE9, al
    32 00006220 EBF7                <1>  jmp %%.loop
    33                              <1> %%.done:
    34 00006222 5E                  <1>  pop esi
    35                              <1> %else
    36                              <1>  push si
    37                              <1>  mov si, %%str
    38                              <1> %%.loop:
    39                              <1>  lodsb
    40                              <1>  or al, al
    41                              <1>  jz %%.done
    42                              <1>  out 0xE9, al
    43                              <1>  jmp %%.loop
    44                              <1> %%.done:
    45                              <1>  pop si
    46                              <1> %endif
  8041 00006223 C705[EE6D0000]0300-         mov     dword [CW_HND], WM
  8041 0000622B 0000               
  8042 0000622D C705[F26D0000]0100-         mov     dword [CW_MSG], WM_PAINT
  8042 00006235 0000               
  8043 00006237 E81DA5FFFF                  call    user_dispatch
  8044 0000623C E9FE010000                  jmp     .ld1
  8045                                  .ld2:
  8046 00006241 83F802                      cmp     eax, WA
  8047 00006244 0F8503010000                jne     .ld3
  8048 0000624A A1[046E0000]                mov     eax, [mou_y]
  8049 0000624F 83F81C                      cmp     eax, WAY + TH
  8050 00006252 0F8DE7010000                jge     .ld1            ; below title bar — no-op
  8051                                      ; Phase B: title bar click — detect double-click
  8052 00006258 8A1D[B0710000]              mov     bl, [dbl_hwnd]
  8053 0000625E 80FB02                      cmp     bl, WA
  8054 00006261 0F85B2000000                jne     .ld_first
  8055 00006267 A1[50710000]                mov     eax, [tick_n]
  8056 0000626C 2B05[AC710000]              sub     eax, [dbl_tick]
  8057 00006272 83F80A                      cmp     eax, DBLCLK_TICKS
  8058 00006275 0F8F9E000000                jg      .ld_first       ; too slow — treat as new first click
  8059                                      ; Position proximity check: both clicks must be within 4 px of each other
  8060 0000627B A1[006E0000]                mov     eax, [mou_x]
  8061 00006280 2B05[B1710000]              sub     eax, [dbl_x]
  8062 00006286 83F804                      cmp     eax, 4
  8063 00006289 0F8F8A000000                jg      .ld_first
  8064 0000628F 83F8FC                      cmp     eax, -4
  8065 00006292 0F8C81000000                jl      .ld_first
  8066 00006298 A1[046E0000]                mov     eax, [mou_y]
  8067 0000629D 2B05[B5710000]              sub     eax, [dbl_y]
  8068 000062A3 83F804                      cmp     eax, 4
  8069 000062A6 7F71                        jg      .ld_first
  8070 000062A8 83F8FC                      cmp     eax, -4
  8071 000062AB 7C6C                        jl      .ld_first
  8072                                      ; Double-click on title — toggle maximize/restore (mirrors .ld4/.ld_rest)
  8073 000062AD C605[B0710000]00            mov     byte [dbl_hwnd], 0
  8074 000062B4 BF02000000                  mov     edi, WA
  8075 000062B9 6BFF20                      imul    edi, WSZ
  8076 000062BC 81C7[E8B10000]              add     edi, wnd_table
  8077 000062C2 807F1803                    cmp     byte [edi+24], WS_MAX
  8078 000062C6 742F                        je      .ld_dbl_rest
  8079 000062C8 8B07                        mov     eax, [edi]
  8080 000062CA 894710                      mov     [edi+16], eax
  8081 000062CD 8B4704                      mov     eax, [edi+4]
  8082 000062D0 894714                      mov     [edi+20], eax
  8083 000062D3 C70700000000                mov     dword [edi], 0
  8084 000062D9 C7470400000000              mov     dword [edi+4], 0
  8085 000062E0 C7470840010000              mov     dword [edi+8], SW
  8086 000062E7 C7470CB4000000              mov     dword [edi+12], SH - TH2
  8087 000062EE C6471803                    mov     byte [edi+24], WS_MAX
  8088 000062F2 E948010000                  jmp     .ld1
  8089                                  .ld_dbl_rest:
  8090 000062F7 8B4710                      mov     eax, [edi+16]
  8091 000062FA 8907                        mov     [edi], eax
  8092 000062FC 8B4714                      mov     eax, [edi+20]
  8093 000062FF 894704                      mov     [edi+4], eax
  8094 00006302 C74708F0000000              mov     dword [edi+8], WAW
  8095 00006309 C7470C82000000              mov     dword [edi+12], WAH
  8096 00006310 C6471801                    mov     byte [edi+24], WS_NORM
  8097 00006314 E926010000                  jmp     .ld1
  8098                                  .ld_first:
  8099 00006319 C605[B0710000]02            mov     byte [dbl_hwnd], WA
  8100 00006320 A1[50710000]                mov     eax, [tick_n]
  8101 00006325 A3[AC710000]                mov     [dbl_tick], eax
  8102 0000632A A1[006E0000]                mov     eax, [mou_x]
  8103 0000632F A3[B1710000]                mov     [dbl_x], eax
  8104 00006334 A1[046E0000]                mov     eax, [mou_y]
  8105 00006339 A3[B5710000]                mov     [dbl_y], eax
  8106 0000633E C705[30710000]0200-         mov     dword [drag_h], WA
  8106 00006346 0000               
  8107 00006348 E9F2000000                  jmp     .ld1
  8108                                  .ld3:
  8109 0000634D 83F806                      cmp     eax, WBC
  8110 00006350 752D                        jne     .ld4
  8111                                      ; Close-button click: emit the "window closed" event marker, but keep the
  8112                                      ; app window visible so the final screenshot still shows its client area.
  8113                                      dbg_puts "[A4X] window closed", 13, 10, 0
    21 00006352 EB16                <1>  jmp %%skip
    22 00006354 5B4134585D2077696E- <1> %%str db %1
    22 0000635D 646F7720636C6F7365- <1>
    22 00006366 640D0A00            <1>
    23                              <1> %%skip:
    24                              <1> %if __BITS__ == 32
    25 0000636A 56                  <1>  push esi
    26 0000636B BE[54630000]        <1>  mov esi, %%str
    27                              <1> %%.loop:
    28 00006370 AC                  <1>  lodsb
    29 00006371 08C0                <1>  or al, al
    30 00006373 7404                <1>  jz %%.done
    31 00006375 E6E9                <1>  out 0xE9, al
    32 00006377 EBF7                <1>  jmp %%.loop
    33                              <1> %%.done:
    34 00006379 5E                  <1>  pop esi
    35                              <1> %else
    36                              <1>  push si
    37                              <1>  mov si, %%str
    38                              <1> %%.loop:
    39                              <1>  lodsb
    40                              <1>  or al, al
    41                              <1>  jz %%.done
    42                              <1>  out 0xE9, al
    43                              <1>  jmp %%.loop
    44                              <1> %%.done:
    45                              <1>  pop si
    46                              <1> %endif
  8114 0000637A E9C0000000                  jmp     .ld1
  8115                                  .ld4:
  8116 0000637F 83F805                      cmp     eax, WBM
  8117 00006382 755F                        jne     .ld5
  8118 00006384 BF02000000                  mov     edi, WA
  8119 00006389 6BFF20                      imul    edi, WSZ
  8120 0000638C 81C7[E8B10000]              add     edi, wnd_table
  8121 00006392 807F1803                    cmp     byte [edi+24], WS_MAX
  8122 00006396 742C                        je      .ld_rest
  8123 00006398 8B07                        mov     eax, [edi]
  8124 0000639A 894710                      mov     [edi+16], eax
  8125 0000639D 8B4704                      mov     eax, [edi+4]
  8126 000063A0 894714                      mov     [edi+20], eax
  8127 000063A3 C70700000000                mov     dword [edi], 0
  8128 000063A9 C7470400000000              mov     dword [edi+4], 0
  8129 000063B0 C7470840010000              mov     dword [edi+8], SW
  8130 000063B7 C7470CB4000000              mov     dword [edi+12], SH - TH2
  8131 000063BE C6471803                    mov     byte [edi+24], WS_MAX
  8132 000063C2 EB7B                        jmp     .ld1
  8133                                  .ld_rest:
  8134 000063C4 8B4710                      mov     eax, [edi+16]
  8135 000063C7 8907                        mov     [edi], eax
  8136 000063C9 8B4714                      mov     eax, [edi+20]
  8137 000063CC 894704                      mov     [edi+4], eax
  8138 000063CF C74708F0000000              mov     dword [edi+8], WAW
  8139 000063D6 C7470C82000000              mov     dword [edi+12], WAH
  8140 000063DD C6471801                    mov     byte [edi+24], WS_NORM
  8141 000063E1 EB5C                        jmp     .ld1
  8142                                  .ld5:
  8143 000063E3 83F804                      cmp     eax, WBN
  8144 000063E6 7514                        jne     .ld_ctx
  8145 000063E8 BF02000000                  mov     edi, WA
  8146 000063ED 6BFF20                      imul    edi, WSZ
  8147 000063F0 81C7[E8B10000]              add     edi, wnd_table
  8148 000063F6 C6471802                    mov     byte [edi+24], WS_MIN
  8149 000063FA EB43                        jmp     .ld1
  8150                                  .ld_ctx:
  8151                                      ; right-click on app -> context menu
  8152 000063FC 83F802                      cmp     eax, WA
  8153 000063FF 753E                        jne     .ld1
  8154 00006401 803D[096E0000]01            cmp     byte [mou_rb], 1
  8155 00006408 7402                        je      .ld_ctxok
  8156 0000640A EB33                        jmp     .ld1
  8157                                  .ld_ctxok:
  8158 0000640C C705[44710000]0100-         mov     dword [ctx_vis], 1
  8158 00006414 0000               
  8159                                      dbg_puts "[A4X] context menu", 13, 10, 0
    21 00006416 EB15                <1>  jmp %%skip
    22 00006418 5B4134585D20636F6E- <1> %%str db %1
    22 00006421 74657874206D656E75- <1>
    22 0000642A 0D0A00              <1>
    23                              <1> %%skip:
    24                              <1> %if __BITS__ == 32
    25 0000642D 56                  <1>  push esi
    26 0000642E BE[18640000]        <1>  mov esi, %%str
    27                              <1> %%.loop:
    28 00006433 AC                  <1>  lodsb
    29 00006434 08C0                <1>  or al, al
    30 00006436 7404                <1>  jz %%.done
    31 00006438 E6E9                <1>  out 0xE9, al
    32 0000643A EBF7                <1>  jmp %%.loop
    33                              <1> %%.done:
    34 0000643C 5E                  <1>  pop esi
    35                              <1> %else
    36                              <1>  push si
    37                              <1>  mov si, %%str
    38                              <1> %%.loop:
    39                              <1>  lodsb
    40                              <1>  or al, al
    41                              <1>  jz %%.done
    42                              <1>  out 0xE9, al
    43                              <1>  jmp %%.loop
    44                              <1> %%.done:
    45                              <1>  pop si
    46                              <1> %endif
  8160 0000643D EB00                        jmp     .ld1
  8161                                  .ld1:
  8162 0000643F EB6A                        jmp     .vt_n
  8163                                  .vt_lu:
  8164 00006441 C605[086E0000]00            mov     byte [mou_lb], 0
  8165 00006448 C705[30710000]FFFF-         mov     dword [drag_h], -1
  8165 00006450 FFFF               
  8166 00006452 EB57                        jmp     .vt_n
  8167                                  .vt_rd:
  8168                                      dbg_puts "[A4X] context menu", 13, 10, 0
    21 00006454 EB15                <1>  jmp %%skip
    22 00006456 5B4134585D20636F6E- <1> %%str db %1
    22 0000645F 74657874206D656E75- <1>
    22 00006468 0D0A00              <1>
    23                              <1> %%skip:
    24                              <1> %if __BITS__ == 32
    25 0000646B 56                  <1>  push esi
    26 0000646C BE[56640000]        <1>  mov esi, %%str
    27                              <1> %%.loop:
    28 00006471 AC                  <1>  lodsb
    29 00006472 08C0                <1>  or al, al
    30 00006474 7404                <1>  jz %%.done
    31 00006476 E6E9                <1>  out 0xE9, al
    32 00006478 EBF7                <1>  jmp %%.loop
    33                              <1> %%.done:
    34 0000647A 5E                  <1>  pop esi
    35                              <1> %else
    36                              <1>  push si
    37                              <1>  mov si, %%str
    38                              <1> %%.loop:
    39                              <1>  lodsb
    40                              <1>  or al, al
    41                              <1>  jz %%.done
    42                              <1>  out 0xE9, al
    43                              <1>  jmp %%.loop
    44                              <1> %%.done:
    45                              <1>  pop si
    46                              <1> %endif
  8169 0000647B C605[096E0000]01            mov     byte [mou_rb], 1
  8170 00006482 E8D7B0FFFF                  call    hit_test
  8171 00006487 83F802                      cmp     eax, WA
  8172 0000648A 750A                        jne     .rd_n
  8173 0000648C C705[44710000]0100-         mov     dword [ctx_vis], 1
  8173 00006494 0000               
  8174                                  .rd_n:
  8175 00006496 EB13                        jmp     .vt_n
  8176                                  .vt_ru:
  8177 00006498 C605[096E0000]00            mov     byte [mou_rb], 0
  8178 0000649F C705[44710000]0000-         mov     dword [ctx_vis], 0
  8178 000064A7 0000               
  8179 000064A9 EB00                        jmp     .vt_n
  8180                                  .vt_n:
  8181 000064AB 83C60C                      add     esi, VINSZ
  8182 000064AE 8935[58710000]              mov     [vin_ptr], esi
  8183 000064B4 FF05[60710000]              inc     dword [vin_ev]
  8184 000064BA 807E0206                    cmp     byte [esi+2], VIN_EN
  8185 000064BE 7405                        je      .vt_e
  8186 000064C0 E902010000                  jmp     .vt_d
  8187                                  .vt_e:
  8188 000064C5 C705[58710000]0000-         mov     dword [vin_ptr], 0
  8188 000064CD 0000               
  8189                                      dbg_puts "[A4X] VIN done", 13, 10, 0
    21 000064CF EB11                <1>  jmp %%skip
    22 000064D1 5B4134585D2056494E- <1> %%str db %1
    22 000064DA 20646F6E650D0A00    <1>
    23                              <1> %%skip:
    24                              <1> %if __BITS__ == 32
    25 000064E2 56                  <1>  push esi
    26 000064E3 BE[D1640000]        <1>  mov esi, %%str
    27                              <1> %%.loop:
    28 000064E8 AC                  <1>  lodsb
    29 000064E9 08C0                <1>  or al, al
    30 000064EB 7404                <1>  jz %%.done
    31 000064ED E6E9                <1>  out 0xE9, al
    32 000064EF EBF7                <1>  jmp %%.loop
    33                              <1> %%.done:
    34 000064F1 5E                  <1>  pop esi
    35                              <1> %else
    36                              <1>  push si
    37                              <1>  mov si, %%str
    38                              <1> %%.loop:
    39                              <1>  lodsb
    40                              <1>  or al, al
    41                              <1>  jz %%.done
    42                              <1>  out 0xE9, al
    43                              <1>  jmp %%.loop
    44                              <1> %%.done:
    45                              <1>  pop si
    46                              <1> %endif
  8190                                      dbg_puts "[A4X] DONE", 13, 10, 0
    21 000064F2 EB0D                <1>  jmp %%skip
    22 000064F4 5B4134585D20444F4E- <1> %%str db %1
    22 000064FD 450D0A00            <1>
    23                              <1> %%skip:
    24                              <1> %if __BITS__ == 32
    25 00006501 56                  <1>  push esi
    26 00006502 BE[F4640000]        <1>  mov esi, %%str
    27                              <1> %%.loop:
    28 00006507 AC                  <1>  lodsb
    29 00006508 08C0                <1>  or al, al
    30 0000650A 7404                <1>  jz %%.done
    31 0000650C E6E9                <1>  out 0xE9, al
    32 0000650E EBF7                <1>  jmp %%.loop
    33                              <1> %%.done:
    34 00006510 5E                  <1>  pop esi
    35                              <1> %else
    36                              <1>  push si
    37                              <1>  mov si, %%str
    38                              <1> %%.loop:
    39                              <1>  lodsb
    40                              <1>  or al, al
    41                              <1>  jz %%.done
    42                              <1>  out 0xE9, al
    43                              <1>  jmp %%.loop
    44                              <1> %%.done:
    45                              <1>  pop si
    46                              <1> %endif
  8191                                      ; Auto-trigger installer + download flow after VIN demo (both NET_TEST and real)
  8192 00006511 C705[EE6D0000]0F00-         mov     dword [CW_HND], WIN
  8192 00006519 0000               
  8193 0000651B C705[DC6D0000]6400-         mov     dword [CW_X], 100
  8193 00006523 0000               
  8194 00006525 C705[E06D0000]5000-         mov     dword [CW_Y], 80
  8194 0000652D 0000               
  8195 0000652F C705[E46D0000]A000-         mov     dword [CW_W], 160
  8195 00006537 0000               
  8196 00006539 C705[E86D0000]3C00-         mov     dword [CW_H], 60
  8196 00006541 0000               
  8197 00006543 C605[EC6D0000]0C            mov     byte [CW_WP], 12
  8198 0000654A C605[ED6D0000]00            mov     byte [CW_BI], 0
  8199 00006551 E874A0FFFF                  call    CreateWindow
  8200 00006556 C605[CBB10000]01            mov     byte [ins_state], 1
  8201 0000655D C605[E3000100]00            mov     byte [net_dl_state], 0
  8202 00006564 C605[A8BE0000]00            mov     byte [arp_state], 0
  8203 0000656B C605[85BF0000]00            mov     byte [tcp_state], 0
  8204 00006572 C605[D7BF0000]00            mov     byte [tcp_rx_state], 0
  8205 00006579 C605[B9710000]00            mov     byte [dl_valid], 0
  8206                                  %ifdef NET_TEST
  8207                                      mov     byte [ins_prog], 99
  8208                                      dbg_puts "[A4X] NET_TEST: auto-started installer (fast-forward)", 13, 10, 0
  8209                                  %else
  8210 00006580 C605[CAB10000]00            mov     byte [ins_prog], 0
  8211                                      dbg_puts "[A4X] auto-started installer (real network)", 13, 10, 0
    21 00006587 EB2E                <1>  jmp %%skip
    22 00006589 5B4134585D20617574- <1> %%str db %1
    22 00006592 6F2D73746172746564- <1>
    22 0000659B 20696E7374616C6C65- <1>
    22 000065A4 7220287265616C206E- <1>
    22 000065AD 6574776F726B290D0A- <1>
    22 000065B6 00                  <1>
    23                              <1> %%skip:
    24                              <1> %if __BITS__ == 32
    25 000065B7 56                  <1>  push esi
    26 000065B8 BE[89650000]        <1>  mov esi, %%str
    27                              <1> %%.loop:
    28 000065BD AC                  <1>  lodsb
    29 000065BE 08C0                <1>  or al, al
    30 000065C0 7404                <1>  jz %%.done
    31 000065C2 E6E9                <1>  out 0xE9, al
    32 000065C4 EBF7                <1>  jmp %%.loop
    33                              <1> %%.done:
    34 000065C6 5E                  <1>  pop esi
    35                              <1> %else
    36                              <1>  push si
    37                              <1>  mov si, %%str
    38                              <1> %%.loop:
    39                              <1>  lodsb
    40                              <1>  or al, al
    41                              <1>  jz %%.done
    42                              <1>  out 0xE9, al
    43                              <1>  jmp %%.loop
    44                              <1> %%.done:
    45                              <1>  pop si
    46                              <1> %endif
  8212                                  %endif
  8213                                  .vt_d:
  8214 000065C7 5A                          pop     edx
  8215 000065C8 59                          pop     ecx
  8216 000065C9 5B                          pop     ebx
  8217 000065CA 58                          pop     eax
  8218 000065CB 5E                          pop     esi
  8219 000065CC C3                          ret
  8220                                  
  8221                                  ; ============================================================================
  8222                                  ; draw_desktop — blue gradient
  8223                                  ; ============================================================================
  8224                                  draw_desktop:
  8225 000065CD 50                          push    eax
  8226 000065CE 53                          push    ebx
  8227 000065CF 51                          push    ecx
  8228 000065D0 52                          push    edx
  8229 000065D1 57                          push    edi
  8230 000065D2 31DB                        xor     ebx, ebx
  8231                                  .dd_r:
  8232 000065D4 81FBC8000000                cmp     ebx, 200
  8233 000065DA 7D2A                        jge     .dd_d
  8234 000065DC 89D8                        mov     eax, ebx
  8235 000065DE 6BC01F                      imul    eax, 31
  8236 000065E1 31D2                        xor     edx, edx
  8237 000065E3 B9C7000000                  mov     ecx, 199
  8238 000065E8 F7F1                        div     ecx
  8239 000065EA 0420                        add     al, MCU
  8240 000065EC 50                          push    eax
  8241 000065ED 89DF                        mov     edi, ebx
  8242 000065EF 69FF40010000                imul    edi, SW
  8243 000065F5 81C700000300                add     edi, LFB
  8244 000065FB B940010000                  mov     ecx, SW
  8245 00006600 58                          pop     eax
  8246 00006601 F3AA                        rep     stosb
  8247 00006603 43                          inc     ebx
  8248 00006604 EBCE                        jmp     .dd_r
  8249                                  .dd_d:
  8250 00006606 5F                          pop     edi
  8251 00006607 5A                          pop     edx
  8252 00006608 59                          pop     ecx
  8253 00006609 5B                          pop     ebx
  8254 0000660A 58                          pop     eax
  8255 0000660B C3                          ret
  8256                                  
  8257                                  ; ============================================================================
  8258                                  ; redraw_all — paint all visible windows + cursor + context menu
  8259                                  ; ============================================================================
  8260                                  redraw_all:
  8261 0000660C 57                          push    edi
  8262 0000660D 50                          push    eax
  8263 0000660E 53                          push    ebx
  8264 0000660F 51                          push    ecx
  8265 00006610 52                          push    edx
  8266 00006611 B900000000                  mov     ecx, 0
  8267                                  .ra_l:
  8268 00006616 83F911                      cmp     ecx, MAXW
  8269 00006619 7D47                        jge     .ra_d
  8270 0000661B 50                          push    eax
  8271 0000661C 52                          push    edx
  8272 0000661D 0FB6C1                      movzx   eax, cl
  8273 00006620 0430                        add     al, '0'
  8274 00006622 E6E9                        out     0xE9, al
  8275 00006624 B02D                        mov     al, 0x2D
  8276 00006626 E6E9                        out     0xE9, al
  8277 00006628 5A                          pop     edx
  8278 00006629 58                          pop     eax
  8279 0000662A 89CB                        mov     ebx, ecx
  8280 0000662C 89CF                        mov     edi, ecx
  8281 0000662E 6BFF20                      imul    edi, WSZ
  8282 00006631 81C7[E8B10000]              add     edi, wnd_table
  8283 00006637 8A5F18                      mov     bl, [edi+24]
  8284 0000663A 80FB01                      cmp     bl, WS_NORM
  8285 0000663D 7520                        jne     .ra_n
  8286 0000663F 8A5F1A                      mov     bl, [edi+26]
  8287 00006642 80FB00                      cmp     bl, 0
  8288 00006645 7418                        je      .ra_n
  8289 00006647 51                          push    ecx
  8290 00006648 89C8                        mov     eax, ecx
  8291 0000664A A3[F46D0000]                mov     [DM_HND], eax
  8292 0000664F C705[F86D0000]0100-         mov     dword [DM_MSG], WM_PAINT
  8292 00006657 0000               
  8293 00006659 E8FBA0FFFF                  call    user_dispatch
  8294 0000665E 59                          pop     ecx
  8295                                  .ra_n:
  8296 0000665F 41                          inc     ecx
  8297 00006660 EBB4                        jmp     .ra_l
  8298                                  .ra_d:
  8299 00006662 50                          push    eax
  8300 00006663 B044                        mov     al, 'D'
  8301 00006665 E6E9                        out     0xE9, al
  8302 00006667 58                          pop     eax
  8303 00006668 A1[44710000]                mov     eax, [ctx_vis]
  8304 0000666D 85C0                        test    eax, eax
  8305 0000666F 7405                        jz      .ra_c
  8306 00006671 E804B1FFFF                  call    ctx_draw
  8307                                  .ra_c:
  8308 00006676 E8ABB0FFFF                  call    gdi_cursor
  8309 0000667B 5A                          pop     edx
  8310 0000667C 59                          pop     ecx
  8311 0000667D 5B                          pop     ebx
  8312 0000667E 58                          pop     eax
  8313 0000667F 5F                          pop     edi
  8314 00006680 C3                          ret
  8315                                  
  8316                                  ; ============================================================================
  8317                                  ; main_loop
  8318                                  ; ============================================================================
  8319                                  main_loop:
  8320 00006681 FF05[DB000100]              inc     dword [sys_tick]
  8321 00006687 50                          push    eax
  8322 00006688 53                          push    ebx
  8323 00006689 51                          push    ecx
  8324 0000668A 52                          push    edx
  8325 0000668B 56                          push    esi
  8326 0000668C 57                          push    edi
  8327                                      dbg_puts "[A4X] main_loop ENTER", 13, 10, 0
    21 0000668D EB18                <1>  jmp %%skip
    22 0000668F 5B4134585D206D6169- <1> %%str db %1
    22 00006698 6E5F6C6F6F7020454E- <1>
    22 000066A1 5445520D0A00        <1>
    23                              <1> %%skip:
    24                              <1> %if __BITS__ == 32
    25 000066A7 56                  <1>  push esi
    26 000066A8 BE[8F660000]        <1>  mov esi, %%str
    27                              <1> %%.loop:
    28 000066AD AC                  <1>  lodsb
    29 000066AE 08C0                <1>  or al, al
    30 000066B0 7404                <1>  jz %%.done
    31 000066B2 E6E9                <1>  out 0xE9, al
    32 000066B4 EBF7                <1>  jmp %%.loop
    33                              <1> %%.done:
    34 000066B6 5E                  <1>  pop esi
    35                              <1> %else
    36                              <1>  push si
    37                              <1>  mov si, %%str
    38                              <1> %%.loop:
    39                              <1>  lodsb
    40                              <1>  or al, al
    41                              <1>  jz %%.done
    42                              <1>  out 0xE9, al
    43                              <1>  jmp %%.loop
    44                              <1> %%.done:
    45                              <1>  pop si
    46                              <1> %endif
  8328                                  .ml_l:
  8329                                      ; Debug: print loop counter every iteration (temp)
  8330 000066B7 50                          push    eax
  8331 000066B8 53                          push    ebx
  8332 000066B9 A1[DB000100]                mov     eax, [sys_tick]
  8333                                      dbg_puts "[A4X] ml:tick ", 0
    21 000066BE EB0F                <1>  jmp %%skip
    22 000066C0 5B4134585D206D6C3A- <1> %%str db %1
    22 000066C9 7469636B2000        <1>
    23                              <1> %%skip:
    24                              <1> %if __BITS__ == 32
    25 000066CF 56                  <1>  push esi
    26 000066D0 BE[C0660000]        <1>  mov esi, %%str
    27                              <1> %%.loop:
    28 000066D5 AC                  <1>  lodsb
    29 000066D6 08C0                <1>  or al, al
    30 000066D8 7404                <1>  jz %%.done
    31 000066DA E6E9                <1>  out 0xE9, al
    32 000066DC EBF7                <1>  jmp %%.loop
    33                              <1> %%.done:
    34 000066DE 5E                  <1>  pop esi
    35                              <1> %else
    36                              <1>  push si
    37                              <1>  mov si, %%str
    38                              <1> %%.loop:
    39                              <1>  lodsb
    40                              <1>  or al, al
    41                              <1>  jz %%.done
    42                              <1>  out 0xE9, al
    43                              <1>  jmp %%.loop
    44                              <1> %%.done:
    45                              <1>  pop si
    46                              <1> %endif
  8334                                      dbg_hex32
    84 000066DF 50                  <1>  push eax
    85 000066E0 51                  <1>  push ecx
    86 000066E1 B91C000000          <1>  mov ecx, 28
    87                              <1> %%loop:
    88 000066E6 50                  <1>  push eax
    89 000066E7 D3E8                <1>  shr eax, cl
    90 000066E9 83E00F              <1>  and eax, 0x0F
    91 000066EC 0430                <1>  add al, '0'
    92 000066EE 3C39                <1>  cmp al, '9'
    93 000066F0 7602                <1>  jbe %%ok2
    94 000066F2 0407                <1>  add al, 7
    95                              <1> %%ok2:
    96 000066F4 E6E9                <1>  out 0xE9, al
    97 000066F6 58                  <1>  pop eax
    98 000066F7 83E904              <1>  sub ecx, 4
    99 000066FA 79EA                <1>  jns %%loop
   100 000066FC 59                  <1>  pop ecx
   101 000066FD 58                  <1>  pop eax
  8335                                      dbg_puts 13, 10, 0
    21 000066FE EB03                <1>  jmp %%skip
    22 00006700 0D0A00              <1> %%str db %1
    23                              <1> %%skip:
    24                              <1> %if __BITS__ == 32
    25 00006703 56                  <1>  push esi
    26 00006704 BE[00670000]        <1>  mov esi, %%str
    27                              <1> %%.loop:
    28 00006709 AC                  <1>  lodsb
    29 0000670A 08C0                <1>  or al, al
    30 0000670C 7404                <1>  jz %%.done
    31 0000670E E6E9                <1>  out 0xE9, al
    32 00006710 EBF7                <1>  jmp %%.loop
    33                              <1> %%.done:
    34 00006712 5E                  <1>  pop esi
    35                              <1> %else
    36                              <1>  push si
    37                              <1>  mov si, %%str
    38                              <1> %%.loop:
    39                              <1>  lodsb
    40                              <1>  or al, al
    41                              <1>  jz %%.done
    42                              <1>  out 0xE9, al
    43                              <1>  jmp %%.loop
    44                              <1> %%.done:
    45                              <1>  pop si
    46                              <1> %endif
  8336 00006713 5B                          pop     ebx
  8337 00006714 58                          pop     eax
  8338                                      ; Deterministic software tick
  8339                                      ; runs with identical binary), so the main loop generates its own tick.
  8340                                      ; vtd_t advances here so ARP/network timeout logic keeps working.
  8341 00006715 B900800000                  mov     ecx, 0x8000
  8342                                  .ml_dl:
  8343 0000671A 90                          nop
  8344 0000671B 49                          dec     ecx
  8345 0000671C 75FC                        jnz     .ml_dl
  8346 0000671E FF05[54710000]              inc     dword [vtd_t]
  8347 00006724 FF05[50710000]              inc     dword [tick_n]
  8348                                      dbg_puts "[A4X] ml:vin_tick", 13, 10, 0
    21 0000672A EB14                <1>  jmp %%skip
    22 0000672C 5B4134585D206D6C3A- <1> %%str db %1
    22 00006735 76696E5F7469636B0D- <1>
    22 0000673E 0A00                <1>
    23                              <1> %%skip:
    24                              <1> %if __BITS__ == 32
    25 00006740 56                  <1>  push esi
    26 00006741 BE[2C670000]        <1>  mov esi, %%str
    27                              <1> %%.loop:
    28 00006746 AC                  <1>  lodsb
    29 00006747 08C0                <1>  or al, al
    30 00006749 7404                <1>  jz %%.done
    31 0000674B E6E9                <1>  out 0xE9, al
    32 0000674D EBF7                <1>  jmp %%.loop
    33                              <1> %%.done:
    34 0000674F 5E                  <1>  pop esi
    35                              <1> %else
    36                              <1>  push si
    37                              <1>  mov si, %%str
    38                              <1> %%.loop:
    39                              <1>  lodsb
    40                              <1>  or al, al
    41                              <1>  jz %%.done
    42                              <1>  out 0xE9, al
    43                              <1>  jmp %%.loop
    44                              <1> %%.done:
    45                              <1>  pop si
    46                              <1> %endif
  8349 00006750 E872F9FFFF                  call    vin_tick
  8350                                      dbg_puts "[A4X] ml:drag", 13, 10, 0
    21 00006755 EB10                <1>  jmp %%skip
    22 00006757 5B4134585D206D6C3A- <1> %%str db %1
    22 00006760 647261670D0A00      <1>
    23                              <1> %%skip:
    24                              <1> %if __BITS__ == 32
    25 00006767 56                  <1>  push esi
    26 00006768 BE[57670000]        <1>  mov esi, %%str
    27                              <1> %%.loop:
    28 0000676D AC                  <1>  lodsb
    29 0000676E 08C0                <1>  or al, al
    30 00006770 7404                <1>  jz %%.done
    31 00006772 E6E9                <1>  out 0xE9, al
    32 00006774 EBF7                <1>  jmp %%.loop
    33                              <1> %%.done:
    34 00006776 5E                  <1>  pop esi
    35                              <1> %else
    36                              <1>  push si
    37                              <1>  mov si, %%str
    38                              <1> %%.loop:
    39                              <1>  lodsb
    40                              <1>  or al, al
    41                              <1>  jz %%.done
    42                              <1>  out 0xE9, al
    43                              <1>  jmp %%.loop
    44                              <1> %%.done:
    45                              <1>  pop si
    46                              <1> %endif
  8351 00006777 E8CBAEFFFF                  call    drag_update
  8352                                      ; process messages (2 per tick)
  8353 0000677C A1[6C710000]                mov     eax, [msg_count]
  8354 00006781 83F800                      cmp     eax, 0
  8355 00006784 7429                        je      .ml_sk
  8356 00006786 50                          push    eax
  8357 00006787 A1[64710000]                mov     eax, [msg_head]
  8358 0000678C 6BC00C                      imul    eax, MSZ
  8359 0000678F 05[08B40000]                add     eax, msg_queue
  8360 00006794 A3[F46D0000]                mov     [DM_HND], eax
  8361 00006799 668B4004                    mov     ax, [eax+4]
  8362 0000679D 66A3[F86D0000]              mov     [DM_MSG], ax
  8363 000067A3 E8B19FFFFF                  call    user_dispatch
  8364 000067A8 FF05[50710000]              inc     dword [tick_n]
  8365 000067AE 58                          pop     eax
  8366                                  .ml_sk:
  8367                                      ; redraw every tick (final frame must reach VGA)
  8368 000067AF E819FEFFFF                  call    draw_desktop
  8369                                      dbg_puts "[A4X] ml:drawdesk", 13, 10, 0
    21 000067B4 EB14                <1>  jmp %%skip
    22 000067B6 5B4134585D206D6C3A- <1> %%str db %1
    22 000067BF 647261776465736B0D- <1>
    22 000067C8 0A00                <1>
    23                              <1> %%skip:
    24                              <1> %if __BITS__ == 32
    25 000067CA 56                  <1>  push esi
    26 000067CB BE[B6670000]        <1>  mov esi, %%str
    27                              <1> %%.loop:
    28 000067D0 AC                  <1>  lodsb
    29 000067D1 08C0                <1>  or al, al
    30 000067D3 7404                <1>  jz %%.done
    31 000067D5 E6E9                <1>  out 0xE9, al
    32 000067D7 EBF7                <1>  jmp %%.loop
    33                              <1> %%.done:
    34 000067D9 5E                  <1>  pop esi
    35                              <1> %else
    36                              <1>  push si
    37                              <1>  mov si, %%str
    38                              <1> %%.loop:
    39                              <1>  lodsb
    40                              <1>  or al, al
    41                              <1>  jz %%.done
    42                              <1>  out 0xE9, al
    43                              <1>  jmp %%.loop
    44                              <1> %%.done:
    45                              <1>  pop si
    46                              <1> %endif
  8370 000067DA E82DFEFFFF                  call    redraw_all
  8371                                      dbg_puts "[A4X] ml:redraw", 13, 10, 0
    21 000067DF EB12                <1>  jmp %%skip
    22 000067E1 5B4134585D206D6C3A- <1> %%str db %1
    22 000067EA 7265647261770D0A00  <1>
    23                              <1> %%skip:
    24                              <1> %if __BITS__ == 32
    25 000067F3 56                  <1>  push esi
    26 000067F4 BE[E1670000]        <1>  mov esi, %%str
    27                              <1> %%.loop:
    28 000067F9 AC                  <1>  lodsb
    29 000067FA 08C0                <1>  or al, al
    30 000067FC 7404                <1>  jz %%.done
    31 000067FE E6E9                <1>  out 0xE9, al
    32 00006800 EBF7                <1>  jmp %%.loop
    33                              <1> %%.done:
    34 00006802 5E                  <1>  pop esi
    35                              <1> %else
    36                              <1>  push si
    37                              <1>  mov si, %%str
    38                              <1> %%.loop:
    39                              <1>  lodsb
    40                              <1>  or al, al
    41                              <1>  jz %%.done
    42                              <1>  out 0xE9, al
    43                              <1>  jmp %%.loop
    44                              <1> %%.done:
    45                              <1>  pop si
    46                              <1> %endif
  8372                                      ; Installer progress animation
  8373 00006803 50                          push    eax
  8374 00006804 B061                        mov     al, 'a'
  8375 00006806 E6E9                        out     0xE9, al
  8376 00006808 58                          pop     eax
  8377 00006809 8A1D[CBB10000]              mov     bl, [ins_state]
  8378 0000680F 50                          push    eax
  8379 00006810 B062                        mov     al, 'b'
  8380 00006812 E6E9                        out     0xE9, al
  8381 00006814 58                          pop     eax
  8382 00006815 84DB                        test    bl, bl
  8383 00006817 0F8450010000                jz      .ml_noins
  8384 0000681D 50                          push    eax
  8385 0000681E B063                        mov     al, 'c'
  8386 00006820 E6E9                        out     0xE9, al
  8387 00006822 58                          pop     eax
  8388 00006823 80FB03                      cmp     bl, 3
  8389 00006826 0F8441010000                je      .ml_noins
  8390                                      ; Advance network state machine during download phase (ins_state==1)
  8391 0000682C 80FB01                      cmp     bl, 1
  8392 0000682F 7505                        jne     .ml_skip_netdl
  8393 00006831 E876E2FFFF                  call    net_download
  8394                                  .ml_skip_netdl:
  8395 00006836 66FF05[CCB10000]            inc     word [ins_prog_tick]
  8396 0000683D 66A1[CCB10000]              mov     ax, [ins_prog_tick]
  8397 00006843 6683F804                    cmp     ax, 4
  8398 00006847 0F8C20010000                jl      .ml_noins
  8399 0000684D 66C705[CCB10000]00-         mov     word [ins_prog_tick], 0
  8399 00006855 00                 
  8400 00006856 FE05[CAB10000]              inc     byte [ins_prog]
  8401 0000685C 803D[CAB10000]64            cmp     byte [ins_prog], 100
  8402 00006863 0F8CEB000000                jl      .ml_redins
  8403 00006869 C605[CAB10000]64            mov     byte [ins_prog], 100
  8404 00006870 80FB01                      cmp     bl, 1
  8405 00006873 752B                        jne     .ml_ins_done
  8406                                      ; Download phase: wait for actual download to complete (dl_valid set by net_download)
  8407                                  %ifdef NET_TEST
  8408                                      call    net_test_inject
  8409                                  %endif
  8410 00006875 803D[B9710000]01            cmp     byte [dl_valid], 1
  8411 0000687C 740F                        je      .ml_dl_done
  8412 0000687E 803D[B9710000]03            cmp     byte [dl_valid], 3
  8413 00006885 7406                        je      .ml_dl_done
  8414 00006887 0F85C7000000                jne     .ml_redins              ; progress at 100% but download not done, keep waiting
  8415                                  .ml_dl_done:
  8416                                      ; Download complete → start install
  8417 0000688D C605[CBB10000]02            mov     byte [ins_state], 2
  8418                                  %ifdef NET_TEST
  8419                                      mov     byte [ins_prog], 99
  8420                                  %else
  8421 00006894 C605[CAB10000]00            mov     byte [ins_prog], 0
  8422                                  %endif
  8423 0000689B E9B4000000                  jmp     .ml_redins
  8424                                  .ml_ins_done:
  8425                                      ; Install complete → register exe + create runner
  8426 000068A0 C605[CBB10000]03            mov     byte [ins_state], 3
  8427                                      ; Register ludashi.exe in file_table (find free slot)
  8428 000068A7 BF[C8B60000]                mov     edi, file_table
  8429 000068AC B910000000                  mov     ecx, FS_MAXF
  8430                                  .ml_reg_l:
  8431 000068B1 F60700                      test    byte [edi], 0
  8432 000068B4 740B                        jz      .ml_reg_f
  8433 000068B6 83C720                      add     edi, FS_SZ
  8434 000068B9 49                          dec     ecx
  8435 000068BA 75F5                        jnz     .ml_reg_l
  8436 000068BC E993000000                  jmp     .ml_redins
  8437                                  .ml_reg_f:
  8438 000068C1 C7076C756400                mov     dword [edi+0], 'lud'
  8439 000068C7 C7470461736800              mov     dword [edi+4], 'ash'
  8440 000068CE C747082E657800              mov     dword [edi+8], '.ex'
  8441 000068D5 C7470C65000000              mov     dword [edi+12], 'e'
  8442 000068DC C6471006                    mov     byte [edi+16], FS_TYPE_FILE_EXE
  8443                                      ; Create runner window
  8444 000068E0 C705[EE6D0000]1000-         mov     dword [CW_HND], WEX
  8444 000068E8 0000               
  8445 000068EA C705[DC6D0000]5A00-         mov     dword [CW_X], 90
  8445 000068F2 0000               
  8446 000068F4 C705[E06D0000]4600-         mov     dword [CW_Y], 70
  8446 000068FC 0000               
  8447 000068FE C705[E46D0000]A000-         mov     dword [CW_W], 160
  8447 00006906 0000               
  8448 00006908 C705[E86D0000]4000-         mov     dword [CW_H], 64
  8448 00006910 0000               
  8449 00006912 C605[EC6D0000]0D            mov     byte [CW_WP], 13
  8450 00006919 C605[ED6D0000]00            mov     byte [CW_BI], 0
  8451 00006920 E8A59CFFFF                  call    CreateWindow
  8452 00006925 C705[EE6D0000]1000-         mov     dword [CW_HND], WEX
  8452 0000692D 0000               
  8453 0000692F C705[F26D0000]0100-         mov     dword [CW_MSG], WM_PAINT
  8453 00006937 0000               
  8454 00006939 E81B9EFFFF                  call    user_dispatch
  8455                                      ; Phase A: initiate real ARP request + load VM bytecode for the EXE
  8456 0000693E E8D8D7FFFF                  call    arp_send
  8457 00006943 C605[CFB10000]06            mov     byte [run_prog], 6   ; ludashi.exe = entry 6 in file_table
  8458 0000694A E808D0FFFF                  call    exe_load
  8459 0000694F E855D2FFFF                  call    exe_run
  8460                                  .ml_redins:
  8461                                      ; Redraw installer
  8462 00006954 C705[EE6D0000]0F00-         mov     dword [CW_HND], WIN
  8462 0000695C 0000               
  8463 0000695E C705[F26D0000]0100-         mov     dword [CW_MSG], WM_PAINT
  8463 00006966 0000               
  8464 00006968 E8EC9DFFFF                  call    user_dispatch
  8465                                  .ml_noins:
  8466                                      ; Phase A: per-tick network RX (ARP+IP dispatch) + EXE VM step
  8467 0000696D E848E6FFFF                  call    eth_rx
  8468 00006972 F605[8EBE0000]01            test    byte [exe_running], 1
  8469 00006979 7405                        jz      .ml_noexerun
  8470 0000697B E829D2FFFF                  call    exe_run
  8471                                  .ml_noexerun:
  8472 00006980 50                          push    eax
  8473 00006981 B04E                        mov     al, 'N'
  8474 00006983 E6E9                        out     0xE9, al
  8475 00006985 58                          pop     eax
  8476 00006986 50                          push    eax
  8477 00006987 B045                        mov     al, 'E'
  8478 00006989 E6E9                        out     0xE9, al
  8479 0000698B 58                          pop     eax
  8480 0000698C E8CF99FFFF                  call    gdi_flip
  8481 00006991 50                          push    eax
  8482 00006992 B047                        mov     al, 'G'
  8483 00006994 E6E9                        out     0xE9, al
  8484 00006996 58                          pop     eax
  8485 00006997 50                          push    eax
  8486 00006998 B058                        mov     al, 'X'
  8487 0000699A E6E9                        out     0xE9, al
  8488 0000699C 58                          pop     eax
  8489 0000699D E8E7A8FFFF                  call    draw_icons
  8490 000069A2 50                          push    eax
  8491 000069A3 B059                        mov     al, 'Y'
  8492 000069A5 E6E9                        out     0xE9, al
  8493 000069A7 58                          pop     eax
  8494                                  .ml_s:
  8495 000069A8 50                          push    eax
  8496 000069A9 B053                        mov     al, 'S'
  8497 000069AB E6E9                        out     0xE9, al
  8498 000069AD 58                          pop     eax
  8499 000069AE A1[58710000]                mov     eax, [vin_ptr]
  8500 000069B3 85C0                        test    eax, eax
  8501 000069B5 0F85FCFCFFFF                jnz     .ml_l
  8502 000069BB E8D0A9FFFF                  call    mou_handle
  8503 000069C0 E8D6B0FFFF                  call    kbd_scan
  8504                                      ; Cursor blink toggle (every ~32 ticks = 0.32s at 100Hz)
  8505 000069C5 A1[54710000]                mov     eax, [vtd_t]
  8506 000069CA C1E805                      shr     eax, 5
  8507 000069CD 2401                        and     al, 1
  8508 000069CF A2[9F710000]                mov     [note_blink], al
  8509 000069D4 BF0B000000                  mov     edi, WSH
  8510 000069D9 6BFF20                      imul    edi, WSZ
  8511 000069DC 81C7[E8B10000]              add     edi, wnd_table
  8512 000069E2 8A5F18                      mov     bl, [edi+24]
  8513 000069E5 80FB01                      cmp     bl, WS_NORM
  8514 000069E8 0F85C9FCFFFF                jne     .ml_l
  8515                                      ; Keep loop running while download in progress or EXE executing
  8516 000069EE 803D[E3000100]06            cmp     byte [net_dl_state], 6
  8517 000069F5 0F82BCFCFFFF                jb      .ml_l
  8518 000069FB F605[8EBE0000]01            test    byte [exe_running], 1
  8519 00006A02 0F85AFFCFFFF                jnz     .ml_l
  8520 00006A08 FA                          cli
  8521 00006A09 F4                          hlt
  8522 00006A0A EBFE                        jmp $
  8523 00006A0C 5F                          pop     edi
  8524 00006A0D 5E                          pop     esi
  8525 00006A0E 5A                          pop     edx
  8526 00006A0F 59                          pop     ecx
  8527 00006A10 5B                          pop     ebx
  8528 00006A11 58                          pop     eax
  8529 00006A12 C3                          ret
  8530                                  
  8531                                  ; ============================================================================
  8532                                  ; demo_run
  8533                                  ; ============================================================================
  8534                                  demo_run:
  8535 00006A13 50                          push    eax
  8536 00006A14 53                          push    ebx
  8537 00006A15 51                          push    ecx
  8538 00006A16 52                          push    edx
  8539 00006A17 56                          push    esi
  8540 00006A18 57                          push    edi
  8541                                      dbg_puts "[A4X] demo:start", 13, 10, 0
    21 00006A19 EB13                <1>  jmp %%skip
    22 00006A1B 5B4134585D2064656D- <1> %%str db %1
    22 00006A24 6F3A73746172740D0A- <1>
    22 00006A2D 00                  <1>
    23                              <1> %%skip:
    24                              <1> %if __BITS__ == 32
    25 00006A2E 56                  <1>  push esi
    26 00006A2F BE[1B6A0000]        <1>  mov esi, %%str
    27                              <1> %%.loop:
    28 00006A34 AC                  <1>  lodsb
    29 00006A35 08C0                <1>  or al, al
    30 00006A37 7404                <1>  jz %%.done
    31 00006A39 E6E9                <1>  out 0xE9, al
    32 00006A3B EBF7                <1>  jmp %%.loop
    33                              <1> %%.done:
    34 00006A3D 5E                  <1>  pop esi
    35                              <1> %else
    36                              <1>  push si
    37                              <1>  mov si, %%str
    38                              <1> %%.loop:
    39                              <1>  lodsb
    40                              <1>  or al, al
    41                              <1>  jz %%.done
    42                              <1>  out 0xE9, al
    43                              <1>  jmp %%.loop
    44                              <1> %%.done:
    45                              <1>  pop si
    46                              <1> %endif
  8542                                      ; draw desktop
  8543 00006A3E E88AFBFFFF                  call    draw_desktop
  8544                                      dbg_puts "[A4X] demo:desktop", 13, 10, 0
    21 00006A43 EB15                <1>  jmp %%skip
    22 00006A45 5B4134585D2064656D- <1> %%str db %1
    22 00006A4E 6F3A6465736B746F70- <1>
    22 00006A57 0D0A00              <1>
    23                              <1> %%skip:
    24                              <1> %if __BITS__ == 32
    25 00006A5A 56                  <1>  push esi
    26 00006A5B BE[456A0000]        <1>  mov esi, %%str
    27                              <1> %%.loop:
    28 00006A60 AC                  <1>  lodsb
    29 00006A61 08C0                <1>  or al, al
    30 00006A63 7404                <1>  jz %%.done
    31 00006A65 E6E9                <1>  out 0xE9, al
    32 00006A67 EBF7                <1>  jmp %%.loop
    33                              <1> %%.done:
    34 00006A69 5E                  <1>  pop esi
    35                              <1> %else
    36                              <1>  push si
    37                              <1>  mov si, %%str
    38                              <1> %%.loop:
    39                              <1>  lodsb
    40                              <1>  or al, al
    41                              <1>  jz %%.done
    42                              <1>  out 0xE9, al
    43                              <1>  jmp %%.loop
    44                              <1> %%.done:
    45                              <1>  pop si
    46                              <1> %endif
  8545                                      ; create taskbar
  8546 00006A6A C705[EE6D0000]0000-         mov     dword [CW_HND], WT
  8546 00006A72 0000               
  8547 00006A74 C705[DC6D0000]0000-         mov     dword [CW_X], 0
  8547 00006A7C 0000               
  8548 00006A7E C705[E06D0000]B400-         mov     dword [CW_Y], TBRY
  8548 00006A86 0000               
  8549 00006A88 C705[E46D0000]4001-         mov     dword [CW_W], SW
  8549 00006A90 0000               
  8550 00006A92 C705[E86D0000]1400-         mov     dword [CW_H], TH2
  8550 00006A9A 0000               
  8551 00006A9C C605[EC6D0000]02            mov     byte [CW_WP], 2
  8552 00006AA3 C605[ED6D0000]00            mov     byte [CW_BI], 0
  8553 00006AAA E81B9BFFFF                  call    CreateWindow
  8554                                      dbg_puts "[A4X] demo:taskbar", 13, 10, 0
    21 00006AAF EB15                <1>  jmp %%skip
    22 00006AB1 5B4134585D2064656D- <1> %%str db %1
    22 00006ABA 6F3A7461736B626172- <1>
    22 00006AC3 0D0A00              <1>
    23                              <1> %%skip:
    24                              <1> %if __BITS__ == 32
    25 00006AC6 56                  <1>  push esi
    26 00006AC7 BE[B16A0000]        <1>  mov esi, %%str
    27                              <1> %%.loop:
    28 00006ACC AC                  <1>  lodsb
    29 00006ACD 08C0                <1>  or al, al
    30 00006ACF 7404                <1>  jz %%.done
    31 00006AD1 E6E9                <1>  out 0xE9, al
    32 00006AD3 EBF7                <1>  jmp %%.loop
    33                              <1> %%.done:
    34 00006AD5 5E                  <1>  pop esi
    35                              <1> %else
    36                              <1>  push si
    37                              <1>  mov si, %%str
    38                              <1> %%.loop:
    39                              <1>  lodsb
    40                              <1>  or al, al
    41                              <1>  jz %%.done
    42                              <1>  out 0xE9, al
    43                              <1>  jmp %%.loop
    44                              <1> %%.done:
    45                              <1>  pop si
    46                              <1> %endif
  8555                                      ; create start button
  8556 00006AD6 C705[EE6D0000]0100-         mov     dword [CW_HND], WB
  8556 00006ADE 0000               
  8557 00006AE0 C705[DC6D0000]0400-         mov     dword [CW_X], SXT
  8557 00006AE8 0000               
  8558 00006AEA C705[E06D0000]B600-         mov     dword [CW_Y], SYT
  8558 00006AF2 0000               
  8559 00006AF4 C705[E46D0000]5000-         mov     dword [CW_W], SXX
  8559 00006AFC 0000               
  8560 00006AFE C705[E86D0000]1000-         mov     dword [CW_H], SYX
  8560 00006B06 0000               
  8561 00006B08 C605[EC6D0000]03            mov     byte [CW_WP], 3
  8562 00006B0F C605[ED6D0000]01            mov     byte [CW_BI], B_ST
  8563 00006B16 E8AF9AFFFF                  call    CreateWindow
  8564                                      dbg_puts "[A4X] demo:startbtn", 13, 10, 0
    21 00006B1B EB16                <1>  jmp %%skip
    22 00006B1D 5B4134585D2064656D- <1> %%str db %1
    22 00006B26 6F3A73746172746274- <1>
    22 00006B2F 6E0D0A00            <1>
    23                              <1> %%skip:
    24                              <1> %if __BITS__ == 32
    25 00006B33 56                  <1>  push esi
    26 00006B34 BE[1D6B0000]        <1>  mov esi, %%str
    27                              <1> %%.loop:
    28 00006B39 AC                  <1>  lodsb
    29 00006B3A 08C0                <1>  or al, al
    30 00006B3C 7404                <1>  jz %%.done
    31 00006B3E E6E9                <1>  out 0xE9, al
    32 00006B40 EBF7                <1>  jmp %%.loop
    33                              <1> %%.done:
    34 00006B42 5E                  <1>  pop esi
    35                              <1> %else
    36                              <1>  push si
    37                              <1>  mov si, %%str
    38                              <1> %%.loop:
    39                              <1>  lodsb
    40                              <1>  or al, al
    41                              <1>  jz %%.done
    42                              <1>  out 0xE9, al
    43                              <1>  jmp %%.loop
    44                              <1> %%.done:
    45                              <1>  pop si
    46                              <1> %endif
  8565                                      ; create app window
  8566 00006B43 C705[EE6D0000]0200-         mov     dword [CW_HND], WA
  8566 00006B4B 0000               
  8567 00006B4D C705[DC6D0000]2800-         mov     dword [CW_X], WAX
  8567 00006B55 0000               
  8568 00006B57 C705[E06D0000]0A00-         mov     dword [CW_Y], WAY
  8568 00006B5F 0000               
  8569 00006B61 C705[E46D0000]F000-         mov     dword [CW_W], WAW
  8569 00006B69 0000               
  8570 00006B6B C705[E86D0000]8200-         mov     dword [CW_H], WAH
  8570 00006B73 0000               
  8571 00006B75 C605[EC6D0000]01            mov     byte [CW_WP], 1
  8572 00006B7C C605[ED6D0000]00            mov     byte [CW_BI], 0
  8573 00006B83 E8429AFFFF                  call    CreateWindow
  8574                                      dbg_puts "[A4X] demo:appwnd", 13, 10, 0
    21 00006B88 EB14                <1>  jmp %%skip
    22 00006B8A 5B4134585D2064656D- <1> %%str db %1
    22 00006B93 6F3A617070776E640D- <1>
    22 00006B9C 0A00                <1>
    23                              <1> %%skip:
    24                              <1> %if __BITS__ == 32
    25 00006B9E 56                  <1>  push esi
    26 00006B9F BE[8A6B0000]        <1>  mov esi, %%str
    27                              <1> %%.loop:
    28 00006BA4 AC                  <1>  lodsb
    29 00006BA5 08C0                <1>  or al, al
    30 00006BA7 7404                <1>  jz %%.done
    31 00006BA9 E6E9                <1>  out 0xE9, al
    32 00006BAB EBF7                <1>  jmp %%.loop
    33                              <1> %%.done:
    34 00006BAD 5E                  <1>  pop esi
    35                              <1> %else
    36                              <1>  push si
    37                              <1>  mov si, %%str
    38                              <1> %%.loop:
    39                              <1>  lodsb
    40                              <1>  or al, al
    41                              <1>  jz %%.done
    42                              <1>  out 0xE9, al
    43                              <1>  jmp %%.loop
    44                              <1> %%.done:
    45                              <1>  pop si
    46                              <1> %endif
  8575                                      ; create min/max/close buttons
  8576 00006BAE C705[EE6D0000]0400-         mov     dword [CW_HND], WBN
  8576 00006BB6 0000               
  8577 00006BB8 C705[DC6D0000]E800-         mov     dword [CW_X], MN2X
  8577 00006BC0 0000               
  8578 00006BC2 C705[E06D0000]0C00-         mov     dword [CW_Y], MN2Y
  8578 00006BCA 0000               
  8579 00006BCC C705[E46D0000]0E00-         mov     dword [CW_W], BS
  8579 00006BD4 0000               
  8580 00006BD6 C705[E86D0000]0E00-         mov     dword [CW_H], BS
  8580 00006BDE 0000               
  8581 00006BE0 C605[EC6D0000]03            mov     byte [CW_WP], 3
  8582 00006BE7 C605[ED6D0000]02            mov     byte [CW_BI], B_MN
  8583 00006BEE E8D799FFFF                  call    CreateWindow
  8584 00006BF3 C705[EE6D0000]0500-         mov     dword [CW_HND], WBM
  8584 00006BFB 0000               
  8585 00006BFD C705[DC6D0000]F800-         mov     dword [CW_X], MXX
  8585 00006C05 0000               
  8586 00006C07 C705[E06D0000]0C00-         mov     dword [CW_Y], MXY
  8586 00006C0F 0000               
  8587 00006C11 C705[E46D0000]0E00-         mov     dword [CW_W], BS
  8587 00006C19 0000               
  8588 00006C1B C705[E86D0000]0E00-         mov     dword [CW_H], BS
  8588 00006C23 0000               
  8589 00006C25 C605[EC6D0000]03            mov     byte [CW_WP], 3
  8590 00006C2C C605[ED6D0000]03            mov     byte [CW_BI], B_MX
  8591 00006C33 E89299FFFF                  call    CreateWindow
  8592 00006C38 C705[EE6D0000]0600-         mov     dword [CW_HND], WBC
  8592 00006C40 0000               
  8593 00006C42 C705[DC6D0000]0801-         mov     dword [CW_X], CLX
  8593 00006C4A 0000               
  8594 00006C4C C705[E06D0000]0C00-         mov     dword [CW_Y], CLY
  8594 00006C54 0000               
  8595 00006C56 C705[E46D0000]0E00-         mov     dword [CW_W], BS
  8595 00006C5E 0000               
  8596 00006C60 C705[E86D0000]0E00-         mov     dword [CW_H], BS
  8596 00006C68 0000               
  8597 00006C6A C605[EC6D0000]03            mov     byte [CW_WP], 3
  8598 00006C71 C605[ED6D0000]04            mov     byte [CW_BI], B_CL
  8599 00006C78 E84D99FFFF                  call    CreateWindow
  8600                                      dbg_puts "[A4X] demo:closebtn", 13, 10, 0
    21 00006C7D EB16                <1>  jmp %%skip
    22 00006C7F 5B4134585D2064656D- <1> %%str db %1
    22 00006C88 6F3A636C6F73656274- <1>
    22 00006C91 6E0D0A00            <1>
    23                              <1> %%skip:
    24                              <1> %if __BITS__ == 32
    25 00006C95 56                  <1>  push esi
    26 00006C96 BE[7F6C0000]        <1>  mov esi, %%str
    27                              <1> %%.loop:
    28 00006C9B AC                  <1>  lodsb
    29 00006C9C 08C0                <1>  or al, al
    30 00006C9E 7404                <1>  jz %%.done
    31 00006CA0 E6E9                <1>  out 0xE9, al
    32 00006CA2 EBF7                <1>  jmp %%.loop
    33                              <1> %%.done:
    34 00006CA4 5E                  <1>  pop esi
    35                              <1> %else
    36                              <1>  push si
    37                              <1>  mov si, %%str
    38                              <1> %%.loop:
    39                              <1>  lodsb
    40                              <1>  or al, al
    41                              <1>  jz %%.done
    42                              <1>  out 0xE9, al
    43                              <1>  jmp %%.loop
    44                              <1> %%.done:
    45                              <1>  pop si
    46                              <1> %endif
  8601                                      ; paint all
  8602                                      dbg_puts "[A4X] demo:beforepaint", 13, 10, 0
    21 00006CA5 EB19                <1>  jmp %%skip
    22 00006CA7 5B4134585D2064656D- <1> %%str db %1
    22 00006CB0 6F3A6265666F726570- <1>
    22 00006CB9 61696E740D0A00      <1>
    23                              <1> %%skip:
    24                              <1> %if __BITS__ == 32
    25 00006CC0 56                  <1>  push esi
    26 00006CC1 BE[A76C0000]        <1>  mov esi, %%str
    27                              <1> %%.loop:
    28 00006CC6 AC                  <1>  lodsb
    29 00006CC7 08C0                <1>  or al, al
    30 00006CC9 7404                <1>  jz %%.done
    31 00006CCB E6E9                <1>  out 0xE9, al
    32 00006CCD EBF7                <1>  jmp %%.loop
    33                              <1> %%.done:
    34 00006CCF 5E                  <1>  pop esi
    35                              <1> %else
    36                              <1>  push si
    37                              <1>  mov si, %%str
    38                              <1> %%.loop:
    39                              <1>  lodsb
    40                              <1>  or al, al
    41                              <1>  jz %%.done
    42                              <1>  out 0xE9, al
    43                              <1>  jmp %%.loop
    44                              <1> %%.done:
    45                              <1>  pop si
    46                              <1> %endif
  8603 00006CD0 B900000000                  mov     ecx, 0
  8604                                  .dr_p:
  8605 00006CD5 83F906                      cmp     ecx, 6
  8606 00006CD8 7D21                        jge     .dr_pd
  8607 00006CDA 51                          push    ecx
  8608 00006CDB 89C8                        mov     eax, ecx
  8609 00006CDD A3[F46D0000]                mov     [DM_HND], eax
  8610 00006CE2 C705[F86D0000]0100-         mov     dword [DM_MSG], WM_PAINT
  8610 00006CEA 0000               
  8611 00006CEC E8689AFFFF                  call    user_dispatch
  8612 00006CF1 59                          pop     ecx
  8613 00006CF2 50                          push    eax
  8614 00006CF3 B050                        mov     al, 'P'
  8615 00006CF5 E6E9                        out     0xE9, al
  8616 00006CF7 58                          pop     eax
  8617 00006CF8 41                          inc     ecx
  8618 00006CF9 EBDA                        jmp     .dr_p
  8619                                  .dr_pd:
  8620 00006CFB E86096FFFF                  call    gdi_flip
  8621                                      dbg_puts "[A4X] CreateWindow x6", 13, 10, 0
    21 00006D00 EB18                <1>  jmp %%skip
    22 00006D02 5B4134585D20437265- <1> %%str db %1
    22 00006D0B 61746557696E646F77- <1>
    22 00006D14 2078360D0A00        <1>
    23                              <1> %%skip:
    24                              <1> %if __BITS__ == 32
    25 00006D1A 56                  <1>  push esi
    26 00006D1B BE[026D0000]        <1>  mov esi, %%str
    27                              <1> %%.loop:
    28 00006D20 AC                  <1>  lodsb
    29 00006D21 08C0                <1>  or al, al
    30 00006D23 7404                <1>  jz %%.done
    31 00006D25 E6E9                <1>  out 0xE9, al
    32 00006D27 EBF7                <1>  jmp %%.loop
    33                              <1> %%.done:
    34 00006D29 5E                  <1>  pop esi
    35                              <1> %else
    36                              <1>  push si
    37                              <1>  mov si, %%str
    38                              <1> %%.loop:
    39                              <1>  lodsb
    40                              <1>  or al, al
    41                              <1>  jz %%.done
    42                              <1>  out 0xE9, al
    43                              <1>  jmp %%.loop
    44                              <1> %%.done:
    45                              <1>  pop si
    46                              <1> %endif
  8622 00006D2A E80BC1FFFF                  call    net_init
  8623                                      ; Skip VIN demo wait — jump directly into download phase (ins_state=1, dl reset)
  8624 00006D2F C605[CBB10000]01            mov     byte [ins_state], 1
  8625 00006D36 C605[CAB10000]00            mov     byte [ins_prog], 0
  8626 00006D3D C605[E3000100]00            mov     byte [net_dl_state], 0
  8627 00006D44 C605[A8BE0000]00            mov     byte [arp_state], 0
  8628 00006D4B C605[85BF0000]00            mov     byte [tcp_state], 0
  8629 00006D52 C605[D7BF0000]00            mov     byte [tcp_rx_state], 0
  8630 00006D59 C605[B9710000]00            mov     byte [dl_valid], 0
  8631 00006D60 C605[DBBF0000]FF            mov     byte [nd_last_logged_state], 0xFF  ; force next state log
  8632 00006D67 C605[DABF0000]00            mov     byte [nd_tcp_checked], 0
  8633                                      dbg_puts "[A4X] entering net_download phase immediately", 13, 10, 0
    21 00006D6E EB30                <1>  jmp %%skip
    22 00006D70 5B4134585D20656E74- <1> %%str db %1
    22 00006D79 6572696E67206E6574- <1>
    22 00006D82 5F646F776E6C6F6164- <1>
    22 00006D8B 20706861736520696D- <1>
    22 00006D94 6D6564696174656C79- <1>
    22 00006D9D 0D0A00              <1>
    23                              <1> %%skip:
    24                              <1> %if __BITS__ == 32
    25 00006DA0 56                  <1>  push esi
    26 00006DA1 BE[706D0000]        <1>  mov esi, %%str
    27                              <1> %%.loop:
    28 00006DA6 AC                  <1>  lodsb
    29 00006DA7 08C0                <1>  or al, al
    30 00006DA9 7404                <1>  jz %%.done
    31 00006DAB E6E9                <1>  out 0xE9, al
    32 00006DAD EBF7                <1>  jmp %%.loop
    33                              <1> %%.done:
    34 00006DAF 5E                  <1>  pop esi
    35                              <1> %else
    36                              <1>  push si
    37                              <1>  mov si, %%str
    38                              <1> %%.loop:
    39                              <1>  lodsb
    40                              <1>  or al, al
    41                              <1>  jz %%.done
    42                              <1>  out 0xE9, al
    43                              <1>  jmp %%.loop
    44                              <1> %%.done:
    45                              <1>  pop si
    46                              <1> %endif
  8634 00006DB0 E8C2F2FFFF                  call    vin_load
  8635 00006DB5 E8C7F8FFFF                  call    main_loop
  8636 00006DBA 5F                          pop     edi
  8637 00006DBB 5E                          pop     esi
  8638 00006DBC 5A                          pop     edx
  8639 00006DBD 59                          pop     ecx
  8640 00006DBE 5B                          pop     ebx
  8641 00006DBF 58                          pop     eax
  8642 00006DC0 C3                          ret
  8643                                  
  8644                                  ; ============================================================================
  8645                                  ; DATA
  8646                                  ; ============================================================================
  8647 00006DC1 90<rep 3h>              ALIGN 4
  8648 00006DC4 00000000                vd_x          dd 0
  8649 00006DC8 00000000                vd_y          dd 0
  8650 00006DCC 00000000                vd_w          dd 0
  8651 00006DD0 00000000                vd_h          dd 0
  8652 00006DD4 00                      vd_ch         db 0
  8653 00006DD5 00                      vd_col        db 0
  8654 00006DD6 00                      vd_col2       db 0
  8655 00006DD7 00000000                vd_str        dd 0
  8656                                  
  8657 00006DDB 90                      ALIGN 4
  8658 00006DDC 00000000                CW_X          dd 0
  8659 00006DE0 00000000                CW_Y          dd 0
  8660 00006DE4 00000000                CW_W          dd 0
  8661 00006DE8 00000000                CW_H          dd 0
  8662 00006DEC 00                      CW_WP         db 0
  8663 00006DED 00                      CW_BI         db 0
  8664 00006DEE 00000000                CW_HND        dd 0
  8665 00006DF2 0000                    CW_MSG        dw 0
  8666                                  
  8667                                  ALIGN 4
  8668 00006DF4 00000000                DM_HND        dd 0
  8669 00006DF8 0000                    DM_MSG        dw 0
  8670 00006DFA 0000                    DM_WP         dw 0
  8671 00006DFC 0000                    DM_LP         dw 0
  8672                                  
  8673 00006DFE 90<rep 2h>              ALIGN 4
  8674 00006E00 A0000000                mou_x         dd 160
  8675 00006E04 64000000                mou_y         dd 100
  8676 00006E08 00                      mou_lb        db 0
  8677 00006E09 00                      mou_rb        db 0
  8678 00006E0A 00                      mou_bc        db 0
  8679 00006E0B 00                      mou_byte      db 0
  8680 00006E0C 00                      mou_xr        db 0
  8681 00006E0D 00                      mou_yr        db 0
  8682 00006E0E 00000000                mou_pk        dd 0
  8683                                  
  8684                                  ; ============================================================================
  8685                                  ; PE stub functions (Win32 shims for PE imports)
  8686                                  ; All use stdcall calling convention
  8687                                  ; ============================================================================
  8688                                  
  8689                                  ; ExitProcess(uExitCode)
  8690                                  ; [esp+4] = uExitCode
  8691                                  pe_exec_return:
  8692 00006E12 53                          push    ebx
  8693 00006E13 8B442408                    mov     eax, [esp + 8]          ; uExitCode
  8694 00006E17 A3[D6000100]                mov     [pe_exit_code], eax
  8695 00006E1C C605[D3000100]00            mov     byte [pe_running], 0
  8696 00006E23 5B                          pop     ebx
  8697 00006E24 C20400                      ret     4                       ; pop PE return addr + discard uExitCode
  8698                                  
  8699                                  ; GetModuleHandleA/W(lpModuleName)
  8700                                  ; [esp+4] = lpModuleName
  8701                                  ; Returns 0 (no module concept)
  8702                                  pe_modhandle_stub:
  8703 00006E27 31C0                        xor     eax, eax
  8704 00006E29 C3                          ret
  8705                                  
  8706                                  ; GetTickCount()
  8707                                  ; Returns sys_tick (100Hz)
  8708                                  pe_gettickcount_stub:
  8709 00006E2A A1[DB000100]                mov     eax, [sys_tick]
  8710 00006E2F C3                          ret
  8711                                  
  8712                                  ; Sleep(dwMilliseconds)
  8713                                  ; [esp+4] = dwMilliseconds
  8714                                  ; Sets pe_sleep_ticks, returns immediately
  8715                                  pe_sleep_stub:
  8716 00006E30 50                          push    eax
  8717 00006E31 8B442408                    mov     eax, [esp + 8]
  8718 00006E35 66A3[D4000100]              mov     [pe_sleep_ticks], ax
  8719 00006E3B 31C0                        xor     eax, eax
  8720 00006E3D 58                          pop     eax
  8721 00006E3E C3                          ret
  8722                                  
  8723                                  ; GetStdHandle(nStdHandle)
  8724                                  ; [esp+4] = nStdHandle
  8725                                  ; Returns 0x1000 (fake handle)
  8726                                  pe_getstdhandle_stub:
  8727 00006E3F B800100000                  mov     eax, 0x1000
  8728 00006E44 C3                          ret
  8729                                  
  8730                                  ; WriteFile(hFile, lpBuffer, nBytesToWrite, lpBytesWritten, lpOverlapped)
  8731                                  ; [esp+4]=hFile [esp+8]=lpBuffer [esp+12]=nBytesToWrite [esp+16]=lpBytesWritten
  8732                                  ; Appends lpBuffer content to exe_out, max 63 bytes
  8733                                  pe_writefile_stub:
  8734 00006E45 53                          push    ebx
  8735 00006E46 51                          push    ecx
  8736 00006E47 52                          push    edx
  8737 00006E48 56                          push    esi
  8738 00006E49 57                          push    edi
  8739                                  
  8740 00006E4A 8B4C241C                    mov     ecx,  [esp + 28]       ; lpBuffer (param2)
  8741 00006E4E 8B542420                    mov     edx,  [esp + 32]       ; nBytesToWrite (param3)
  8742 00006E52 8B5C2424                    mov     ebx,  [esp + 36]       ; lpBytesWritten (param4)
  8743                                  
  8744                                      ; Cap to 63
  8745 00006E56 83FA3F                      cmp     edx, 63
  8746 00006E59 7605                        jbe     .wf_cap_ok
  8747 00006E5B BA3F000000                  mov     edx, 63
  8748                                  .wf_cap_ok:
  8749                                  
  8750                                      ; Check room in exe_out
  8751 00006E60 0FB705[8ABE0000]            movzx   eax, word [exe_out_len]
  8752 00006E67 01D0                        add     eax, edx
  8753 00006E69 83F83F                      cmp     eax, 63
  8754 00006E6C 7604                        jbe     .wf_fit
  8755 00006E6E 31D2                        xor     edx, edx                ; no room, write 0 bytes
  8756 00006E70 EB23                        jmp     .wf_writeback
  8757                                  
  8758                                  .wf_fit:
  8759                                      ; Copy lpBuffer -> exe_out[exe_out_len..]
  8760 00006E72 89CE                        mov     esi, ecx
  8761 00006E74 BF[4ABE0000]                mov     edi, exe_out
  8762 00006E79 0FB705[8ABE0000]            movzx   eax, word [exe_out_len]
  8763 00006E80 01C7                        add     edi, eax
  8764 00006E82 89D1                        mov     ecx, edx
  8765 00006E84 F3A4                        rep     movsb
  8766 00006E86 0FB705[8ABE0000]            movzx   eax, word [exe_out_len]
  8767 00006E8D 01D0                        add     eax, edx
  8768 00006E8F 66A3[8ABE0000]              mov     [exe_out_len], ax
  8769                                  
  8770                                  .wf_writeback:
  8771 00006E95 85DB                        test    ebx, ebx
  8772 00006E97 7402                        jz      .wf_done
  8773 00006E99 8913                        mov     [ebx], edx              ; *lpBytesWritten = bytes written
  8774                                  .wf_done:
  8775 00006E9B B801000000                  mov     eax, 1                  ; TRUE
  8776 00006EA0 5F                          pop     edi
  8777 00006EA1 5E                          pop     esi
  8778 00006EA2 5A                          pop     edx
  8779 00006EA3 59                          pop     ecx
  8780 00006EA4 5B                          pop     ebx
  8781 00006EA5 C3                          ret
  8782                                  
  8783                                  ; ReadFile(hFile, lpBuffer, nBytesToRead, lpBytesRead, lpOverlapped)
  8784                                  ; [esp+16]=lpBytesRead
  8785                                  ; No input available, writes 0 to lpBytesRead
  8786                                  pe_readfile_stub:
  8787 00006EA6 53                          push    ebx
  8788 00006EA7 8B5C2414                    mov     ebx, [esp + 20]       ; lpBytesRead (param4)
  8789 00006EAB 85DB                        test    ebx, ebx
  8790 00006EAD 7404                        jz      .rf_done
  8791 00006EAF 31C0                        xor     eax, eax
  8792 00006EB1 8903                        mov     [ebx], eax
  8793                                  .rf_done:
  8794 00006EB3 5B                          pop     ebx
  8795 00006EB4 31C0                        xor     eax, eax
  8796 00006EB6 C3                          ret
  8797                                  
  8798                                  ; printf(fmt, ...)
  8799                                  ; [esp+4] = fmt
  8800                                  ; Appends fmt string to exe_out
  8801                                  pe_printf_stub:
  8802 00006EB7 53                          push    ebx
  8803 00006EB8 51                          push    ecx
  8804 00006EB9 52                          push    edx
  8805 00006EBA 56                          push    esi
  8806 00006EBB 57                          push    edi
  8807                                  
  8808 00006EBC 8B742418                    mov     esi, [esp + 24]       ; fmt (param1)
  8809 00006EC0 BF[4ABE0000]                mov     edi, exe_out
  8810 00006EC5 0FB705[8ABE0000]            movzx   eax, word [exe_out_len]
  8811 00006ECC 01C7                        add     edi, eax
  8812                                  
  8813                                  .printf_loop:
  8814 00006ECE AC                          lodsb
  8815 00006ECF 84C0                        test    al, al
  8816 00006ED1 7410                        jz      .printf_done
  8817 00006ED3 89F9                        mov     ecx, edi
  8818 00006ED5 81E9[4ABE0000]              sub     ecx, exe_out
  8819 00006EDB 83F93F                      cmp     ecx, 63
  8820 00006EDE 7303                        jae     .printf_done
  8821 00006EE0 AA                          stosb
  8822 00006EE1 EBEB                        jmp     .printf_loop
  8823                                  
  8824                                  .printf_done:
  8825 00006EE3 89F8                        mov     eax, edi
  8826 00006EE5 2D[4ABE0000]                sub     eax, exe_out
  8827 00006EEA 66A3[8ABE0000]              mov     [exe_out_len], ax
  8828 00006EF0 31C0                        xor     eax, eax                ; return 0
  8829 00006EF2 5F                          pop     edi
  8830 00006EF3 5E                          pop     esi
  8831 00006EF4 5A                          pop     edx
  8832 00006EF5 59                          pop     ecx
  8833 00006EF6 5B                          pop     ebx
  8834 00006EF7 C3                          ret
  8835                                  
  8836                                  ; GetProcAddress(hModule, lpProcName)
  8837                                  ; [esp+4]=hModule [esp+8]=lpProcName
  8838                                  ; Searches pe_stub_table for lpProcName, returns stub address
  8839                                  pe_getprocaddr_stub:
  8840 00006EF8 53                          push    ebx
  8841 00006EF9 51                          push    ecx
  8842 00006EFA 52                          push    edx
  8843 00006EFB 56                          push    esi
  8844 00006EFC 57                          push    edi
  8845                                  
  8846 00006EFD 8B74241C                    mov     esi, [esp + 28]       ; lpProcName (param2)
  8847 00006F01 BB[52700000]                mov     ebx, pe_stub_table
  8848 00006F06 31C0                        xor     eax, eax
  8849                                  
  8850                                  .pga_loop:
  8851 00006F08 8B4B10                      mov     ecx, [ebx + 16]
  8852 00006F0B 85C9                        test    ecx, ecx
  8853 00006F0D 7415                        jz      .pga_done
  8854 00006F0F 89DF                        mov     edi, ebx
  8855 00006F11 B904000000                  mov     ecx, 4
  8856 00006F16 F3A6                        repe    cmpsb
  8857 00006F18 7505                        jne     .pga_next
  8858 00006F1A 8B4310                      mov     eax, [ebx + 16]
  8859 00006F1D EB05                        jmp     .pga_done
  8860                                  .pga_next:
  8861 00006F1F 83C314                      add     ebx, 20
  8862 00006F22 EBE4                        jmp     .pga_loop
  8863                                  .pga_done:
  8864 00006F24 5F                          pop     edi
  8865 00006F25 5E                          pop     esi
  8866 00006F26 5A                          pop     edx
  8867 00006F27 59                          pop     ecx
  8868 00006F28 5B                          pop     ebx
  8869 00006F29 C3                          ret
  8870                                  
  8871                                  ; ============================================================================
  8872                                  ; pe_dispatch_call: lookup function name in pe_stub_table
  8873                                  ; IN:  esi = function name string pointer
  8874                                  ; OUT: eax = stub address, 0 if not found
  8875                                  ; Clobbers: eax ebx ecx esi edi
  8876                                  ; ============================================================================
  8877                                  pe_dispatch_call:
  8878 00006F2A 53                          push    ebx
  8879 00006F2B 51                          push    ecx
  8880 00006F2C 52                          push    edx
  8881 00006F2D 57                          push    edi
  8882                                  
  8883 00006F2E BB[52700000]                mov     ebx, pe_stub_table
  8884 00006F33 31C0                        xor     eax, eax
  8885                                  
  8886                                  .pdc_loop:
  8887 00006F35 8B4B10                      mov     ecx, [ebx + 16]
  8888 00006F38 85C9                        test    ecx, ecx
  8889 00006F3A 741D                        jz      .pdc_done
  8890                                      ; NUL-terminated string compare: incoming name at esi vs stub name at ebx.
  8891                                      ; (Fixed-length compares are wrong: bytes after the NUL in the PE's import
  8892                                      ; name area are arbitrary header data, while stub entries are zero-padded.)
  8893 00006F3C 56                          push    esi
  8894 00006F3D 89DF                        mov     edi, ebx
  8895                                  .pdc_cmp:
  8896 00006F3F 8A06                        mov     al, [esi]
  8897 00006F41 3A07                        cmp     al, [edi]
  8898 00006F43 750E                        jne     .pdc_mismatch
  8899 00006F45 84C0                        test    al, al
  8900 00006F47 7404                        jz      .pdc_found              ; both ended -> full match
  8901 00006F49 46                          inc     esi
  8902 00006F4A 47                          inc     edi
  8903 00006F4B EBF2                        jmp     .pdc_cmp
  8904                                  .pdc_found:
  8905 00006F4D 5E                          pop     esi
  8906 00006F4E 8B4310                      mov     eax, [ebx + 16]
  8907 00006F51 EB06                        jmp     .pdc_done
  8908                                  .pdc_mismatch:
  8909 00006F53 5E                          pop     esi
  8910 00006F54 83C314                      add     ebx, 20
  8911 00006F57 EBDC                        jmp     .pdc_loop
  8912                                  .pdc_done:
  8913 00006F59 5F                          pop     edi
  8914 00006F5A 5A                          pop     edx
  8915 00006F5B 59                          pop     ecx
  8916 00006F5C 5B                          pop     ebx
  8917 00006F5D C3                          ret
  8918                                  
  8919                                  ; ============================================================================
  8920                                  ; pe_resolve_imports: walk import table, resolve all imported functions
  8921                                  ; IN:  pe_download_buf, pe_load_base, pe_datadir_off
  8922                                  ; OUT: pe_import_resolved = 1 (success), 0 (unresolved imports)
  8923                                  ;      AL = 1/0
  8924                                  ; ============================================================================
  8925                                  pe_resolve_imports:
  8926 00006F5E 53                          push    ebx
  8927 00006F5F 51                          push    ecx
  8928 00006F60 52                          push    edx
  8929 00006F61 56                          push    esi
  8930 00006F62 57                          push    edi
  8931                                  
  8932                                      ; DataDirectory[1] = Import Dir at datadir_off + 8
  8933 00006F63 8B35[BE000100]              mov     esi, [pe_datadir_off]
  8934 00006F69 83C608                      add     esi, 8
  8935 00006F6C 8BB6[1C050100]              mov     esi, [pe_download_buf + esi]
  8936 00006F72 85F6                        test    esi, esi
  8937 00006F74 747B                        jz      .rim_done_ok
  8938                                  
  8939                                      ; RVA -> file offset (pe_rva_to_fileoff takes the RVA in EAX)
  8940 00006F76 89F0                        mov     eax, esi
  8941 00006F78 E821C8FFFF                  call    pe_rva_to_fileoff
  8942 00006F7D 83F8FF                      cmp     eax, 0xFFFFFFFF
  8943 00006F80 747B                        je      .rim_fail
  8944 00006F82 BE[1C050100]                mov     esi, pe_download_buf     ; buffer base (label, NOT [ptr])
  8945 00006F87 01C6                        add     esi, eax                ; ESI -> first IMAGE_IMPORT_DESCRIPTOR
  8946                                  
  8947                                  .rim_import_loop:
  8948 00006F89 8B1E                        mov     ebx, [esi]              ; OriginalFirstThunk RVA
  8949 00006F8B 85DB                        test    ebx, ebx
  8950 00006F8D 7462                        jz      .rim_done_ok            ; terminator
  8951 00006F8F 56                          push    esi                     ; save descriptor ptr — ESI is clobbered
  8952                                      ;                               ; by name lookup (pe_dispatch_call/cmpsb)
  8953                                      ;                               ; below, so .rim_next_import must restore it
  8954                                  
  8955                                      ; IAT in memory = pe_load_base + FirstThunk_RVA
  8956 00006F90 8B3D[C6000100]              mov     edi, [pe_load_base]
  8957 00006F96 037E10                      add     edi, [esi + 16]         ; EDI -> IAT in memory
  8958                                  
  8959                                      ; thunk source: OriginalFirstThunk if nonzero, else FirstThunk
  8960 00006F99 85DB                        test    ebx, ebx
  8961 00006F9B 7503                        jnz     .rim_has_orig
  8962 00006F9D 8B5E10                      mov     ebx, [esi + 16]
  8963                                  .rim_has_orig:
  8964                                  
  8965                                      ; thunk source RVA -> file offset (RVA passed in EAX)
  8966 00006FA0 89D8                        mov     eax, ebx
  8967 00006FA2 E8F7C7FFFF                  call    pe_rva_to_fileoff
  8968 00006FA7 83F8FF                      cmp     eax, 0xFFFFFFFF
  8969 00006FAA 7450                        je      .rim_fail_pop
  8970 00006FAC BB[1C050100]                mov     ebx, pe_download_buf     ; buffer base (label, NOT [ptr])
  8971 00006FB1 01C3                        add     ebx, eax                ; EBX -> thunks in file
  8972                                  
  8973                                  .rim_thunk_loop:
  8974 00006FB3 8B03                        mov     eax, [ebx]
  8975 00006FB5 85C0                        test    eax, eax
  8976 00006FB7 7432                        jz      .rim_next_import        ; null thunk = end of DLL
  8977                                  
  8978                                      ; ordinal import? skip
  8979 00006FB9 A900000080                  test    eax, 0x80000000
  8980 00006FBE 7523                        jnz     .rim_skip_thunk
  8981                                  
  8982                                      ; RVA -> IMAGE_IMPORT_BY_NAME
  8983 00006FC0 50                          push    eax
  8984 00006FC1 E8D8C7FFFF                  call    pe_rva_to_fileoff
  8985 00006FC6 59                          pop     ecx
  8986 00006FC7 83F8FF                      cmp     eax, 0xFFFFFFFF
  8987 00006FCA 7417                        je      .rim_skip_thunk
  8988 00006FCC BE[1C050100]                mov     esi, pe_download_buf     ; buffer base (label, NOT [ptr])
  8989 00006FD1 01C6                        add     esi, eax
  8990 00006FD3 83C602                      add     esi, 2                  ; skip Hint
  8991                                  
  8992                                      ; lookup stub function
  8993 00006FD6 57                          push    edi
  8994 00006FD7 E84EFFFFFF                  call    pe_dispatch_call        ; IN: esi=name, OUT: eax=handler
  8995 00006FDC 5F                          pop     edi
  8996 00006FDD 85C0                        test    eax, eax
  8997 00006FDF 7402                        jz      .rim_skip_thunk         ; not found
  8998                                  
  8999                                      ; write into IAT
  9000 00006FE1 8907                        mov     [edi], eax
  9001                                  
  9002                                  .rim_skip_thunk:
  9003 00006FE3 83C304                      add     ebx, 4
  9004 00006FE6 83C704                      add     edi, 4
  9005 00006FE9 EBC8                        jmp     .rim_thunk_loop
  9006                                  
  9007                                  .rim_next_import:
  9008 00006FEB 5E                          pop     esi                     ; restore descriptor pointer
  9009 00006FEC 83C614                      add     esi, 20
  9010 00006FEF EB98                        jmp     .rim_import_loop
  9011                                  
  9012                                  .rim_done_ok:
  9013 00006FF1 C605[D2000100]01            mov     byte [pe_import_resolved], 1
  9014 00006FF8 B001                        mov     al, 1
  9015 00006FFA EB0A                        jmp     .rim_out
  9016                                  
  9017                                  .rim_fail_pop:
  9018 00006FFC 5E                          pop     esi                     ; balance the push in .rim_import_loop
  9019                                  .rim_fail:
  9020 00006FFD C605[D2000100]00            mov     byte [pe_import_resolved], 0
  9021 00007004 30C0                        xor     al, al
  9022                                  
  9023                                  .rim_out:
  9024 00007006 5F                          pop     edi
  9025 00007007 5E                          pop     esi
  9026 00007008 5A                          pop     edx
  9027 00007009 59                          pop     ecx
  9028 0000700A 5B                          pop     ebx
  9029 0000700B C3                          ret
  9030                                  
  9031                                  ; ============================================================================
  9032                                  ; pe_exec: 设置 PE 栈帧并跳转到入口点执行
  9033                                  ; IN:  pe_load_base, pe_entry (RVA), pe_running
  9034                                  ; OUT: AL = 1 (成功返回), pe_exit_code 已设置
  9035                                  ;      如果入口点无效，AL = 0, pe_state = 0
  9036                                  ; Clobbers: eax（返回值），其他寄存器通过 pushad 保存
  9037                                  ; ============================================================================
  9038                                  pe_exec:
  9039                                      ; 1. 校验入口点 RVA 有效
  9040 0000700C A1[80000100]                mov     eax, [pe_entry]
  9041 00007011 85C0                        test    eax, eax
  9042 00007013 7433                        jz      .pe_invalid_entry
  9043 00007015 3D00000100                  cmp     eax, PE_MAX_SIZE
  9044 0000701A 732C                        jae     .pe_invalid_entry
  9045                                  
  9046                                      ; 2. 保存所有上下文
  9047 0000701C 60                          pushad
  9048 0000701D 1E                          push    ds
  9049 0000701E 06                          push    es
  9050                                  
  9051                                      ; 3. 设置 WinMain 参数栈 (stdcall, 从右向左压栈)
  9052 0000701F 6A01                        push    1                   ; nCmdShow = SW_SHOWNORMAL
  9053 00007021 6A00                        push    0                   ; lpCmdLine = NULL
  9054 00007023 6A00                        push    0                   ; hPrevInstance = 0
  9055 00007025 FF35[C6000100]              push    [pe_load_base]      ; hInstance = pe_load_base
  9056                                  
  9057                                      ; 4. 标记运行中
  9058 0000702B C605[D3000100]01            mov     byte [pe_running], 1
  9059                                  
  9060                                      ; 5. 调用入口点 (地址 = pe_load_base + pe_entry)
  9061 00007032 A1[C6000100]                mov     eax, [pe_load_base]
  9062 00007037 0305[80000100]              add     eax, [pe_entry]
  9063 0000703D FFD0                        call    eax
  9064                                  
  9065                                      ; 6. PE 返回（ExitProcess 或 WinMain return）
  9066                                      ;    清理 4 个参数 (stdcall 但这里手动调整以兼容)
  9067 0000703F 83C410                      add     esp, 16
  9068                                  
  9069                                      ; 7. 恢复上下文
  9070 00007042 07                          pop     es
  9071 00007043 1F                          pop     ds
  9072 00007044 61                          popad
  9073                                  
  9074                                      ; 8. 返回成功
  9075 00007045 B001                        mov     al, 1
  9076 00007047 C3                          ret
  9077                                  
  9078                                  .pe_invalid_entry:
  9079 00007048 C605[7F000100]00            mov     byte [pe_state], 0
  9080 0000704F 30C0                        xor     al, al
  9081 00007051 C3                          ret
  9082                                  
  9083                                  ; ============================================================================
  9084                                  ; pe_stub_table: function name -> stub address
  9085                                  ; Each entry: name[16] + handler_addr[4] = 20 bytes
  9086                                  ; Terminated by handler=0
  9087                                  ; ============================================================================
  9088                                  pe_stub_table:
  9089 00007052 4578697450726F6365-         db      "ExitProcess"
  9089 0000705B 7373               
  9090 0000705D 00<rep 5h>                  times   5  db 0
  9091 00007062 [126E0000]                  dd      pe_exec_return
  9092                                  
  9093 00007066 4765744D6F64756C65-         db      "GetModuleHandleA"
  9093 0000706F 48616E646C6541     
  9094 00007076 00                          db      0
  9095 00007077 [276E0000]                  dd      pe_modhandle_stub
  9096                                  
  9097 0000707B 4765744D6F64756C65-         db      "GetModuleHandleW"
  9097 00007084 48616E646C6557     
  9098 0000708B 00                          db      0
  9099 0000708C [276E0000]                  dd      pe_modhandle_stub
  9100                                  
  9101 00007090 47657450726F634164-         db      "GetProcAddress"
  9101 00007099 6472657373         
  9102 0000709E 00<rep 2h>                  times   2  db 0
  9103 000070A0 [F86E0000]                  dd      pe_getprocaddr_stub
  9104                                  
  9105 000070A4 4765745469636B436F-         db      "GetTickCount"
  9105 000070AD 756E74             
  9106 000070B0 00<rep 4h>                  times   4  db 0
  9107 000070B4 [2A6E0000]                  dd      pe_gettickcount_stub
  9108                                  
  9109 000070B8 536C656570                  db      "Sleep"
  9110 000070BD 00<rep Bh>                  times   11 db 0
  9111 000070C8 [306E0000]                  dd      pe_sleep_stub
  9112                                  
  9113 000070CC 47657453746448616E-         db      "GetStdHandle"
  9113 000070D5 646C65             
  9114 000070D8 00<rep 4h>                  times   4  db 0
  9115 000070DC [3F6E0000]                  dd      pe_getstdhandle_stub
  9116                                  
  9117 000070E0 577269746546696C65          db      "WriteFile"
  9118 000070E9 00<rep 7h>                  times   7  db 0
  9119 000070F0 [456E0000]                  dd      pe_writefile_stub
  9120                                  
  9121 000070F4 5265616446696C65            db      "ReadFile"
  9122 000070FC 00<rep 8h>                  times   8  db 0
  9123 00007104 [A66E0000]                  dd      pe_readfile_stub
  9124                                  
  9125 00007108 7072696E7466                db      "printf"
  9126 0000710E 00<rep Ah>                  times   10 db 0
  9127 00007118 [B76E0000]                  dd      pe_printf_stub
  9128                                  
  9129 0000711C 00<rep 10h>                 times   16 db 0
  9130 0000712C 00000000                    dd      0
  9131                                  
  9132 00007130 FFFFFFFF                drag_h        dd -1
  9133 00007134 00000000                drag_mx       dd 0
  9134 00007138 00000000                drag_my       dd 0
  9135 0000713C 00000000                menu_vis      dd 0
  9136 00007140 FFFFFFFF                menu_sel      dd -1
  9137 00007144 00000000                ctx_vis       dd 0
  9138 00007148 A0000000                ctx_x         dd 160
  9139 0000714C 64000000                ctx_y         dd 100
  9140 00007150 00000000                tick_n        dd 0
  9141 00007154 00000000                vtd_t         dd 0
  9142 00007158 00000000                vin_ptr       dd 0
  9143 0000715C 00000000                vin_ck        dd 0
  9144 00007160 00000000                vin_ev        dd 0
  9145 00007164 00000000                msg_head      dd 0
  9146 00007168 00000000                msg_tail      dd 0
  9147 0000716C 00000000                msg_count     dd 0
  9148 00007170 00000000                drag_bx       dd 0
  9149 00007174 00000000                drag_by       dd 0
  9150 00007178 00                      clk_h         db 0
  9151 00007179 00                      clk_m         db 0
  9152 0000717A 30303A303000            clk_str       db "00:00",0
  9153 00007180 00000000                tb_x          dd 0
  9154 00007184 00                      prev_lb       db 0
  9155 00007185 00                      prev_rb       db 0
  9156 00007186 FFFFFFFF                evt_hnd       dd -1
  9157 0000718A 0000                    evt_msg       dw 0
  9158 0000718C 0000                    evt_wp        dw 0
  9159 0000718E 0000                    evt_lp        dw 0
  9160                                  
  9161                                  ; --- keyboard state ---
  9162 00007190 00                      kbd_sc        db 0
  9163 00007191 00                      kbd_ascii     db 0
  9164 00007192 00                      kbd_shift     db 0
  9165 00007193 00                      kbd_caps      db 0
  9166 00007194 00                      kbd_break     db 0
  9167 00007195 FFFFFFFF                kbd_focus     dd -1
  9168 00007199 00                      kbd_have      db 0
  9169                                  ; --- Notepad state ---
  9170 0000719A 00                      note_cur_col  db 0
  9171 0000719B 00                      note_cur_row  db 0
  9172 0000719C 01                      note_dirty    db 1
  9173 0000719D 0000                    note_len      dw 0
  9174 0000719F 00                      note_blink    db 0
  9175                                  ; --- File browser state ---
  9176 000071A0 FF                      fs_cur_dir    db 255    ; current folder index (255 = root)
  9177 000071A1 FF                      fs_sel        db 255    ; selected file index
  9178 000071A2 01                      fs_dirty      db 1
  9179                                  ; --- Net state ---
  9180 000071A3 FFFFFFFF                net_hnd       dd -1     ; network neighbor handle
  9181 000071A7 0000                    net_tick      dw 0      ; last broadcast tick
  9182                                  ; --- Browser state ---
  9183 000071A9 00                      br_page       db 0      ; 0=idle, 1=ludashi, 2=google, 3=report
  9184 000071AA 00                      br_dl_click   db 0      ; download button clicked?
  9185                                  ; --- Phase B: hover / dbl-click / downloaded bytecode ---
  9186 000071AB 00                      hover_btn     db 0      ; 0=none, B_CL/B_MX/B_MN = hovered title button
  9187 000071AC 00000000                dbl_tick      dd 0      ; tick of last title-bar click
  9188 000071B0 00                      dbl_hwnd      db 0      ; window ID of last title-bar click
  9189 000071B1 00000000                dbl_x         dd 0      ; x of last title-bar click (for proximity check)
  9190 000071B5 00000000                dbl_y         dd 0      ; y of last title-bar click
  9191 000071B9 00                      dl_valid      db 0      ; 0 = none, 1 = dl_code raw, 2 = installed to file_table
  9192                                  ; --- EXE contents pool: 16 x 1KB chunks, statically mapped by file index ---
  9193                                  ;   file_contents_pool + i*EXE_CONTENT_CHUNK  <==>  content_off = i*EXE_CONTENT_CHUNK
  9194 000071BA 00<rep 4000h>           file_contents_pool times FS_MAX_CONTENTS*EXE_CONTENT_CHUNK db 0
  9195 0000B1BA 000000000000000000-     file_contents_used db 0,0,0,0, 0,0,0,0, 0,0,0,0, 0,0,0,0  ; 1 = chunk occupied
  9195 0000B1C3 00000000000000     
  9196                                  ; --- Installer state ---
  9197 0000B1CA 00                      ins_prog      db 0      ; 0..100
  9198 0000B1CB 00                      ins_state     db 0      ; 0=idle,1=dl,2=install,3=done
  9199 0000B1CC 0000                    ins_prog_tick dw 0
  9200 0000B1CE 00                      redraw_fs     db 0      ; 1 = file_table changed; force File Explorer repaint next tick
  9201                                  ; --- Runner state ---
  9202 0000B1CF 00                      run_prog      db 0          ; which exe (file index)
  9203                                  ; --- EXE VM state ---
  9204 0000B1D0 0000                    exe_pc        dw 0          ; bytecode program counter
  9205 0000B1D2 0000                    exe_sp        dw 0          ; stack pointer (index)
  9206 0000B1D4 00                      exe_flags     db 0          ; ZF
  9207 0000B1D5 00                      exe_done      db 0          ; 1 = VM halted
  9208                                  ; --- NIC state ---
  9209 0000B1D6 FFFFFFFF                nic_base      dd -1         ; NIC MMIO base
  9210 0000B1DA 00                      nic_type      db 0          ; 0=none,1=e1000
  9211 0000B1DB 0000                    nic_ioport    dw 0          ; E1000 I/O port base (BAR1) for reliable register access
  9212 0000B1DD 00000000                nic_mac_lo    dd 0          ; MAC[0..3]
  9213 0000B1E1 0000                    nic_mac_hi    dw 0          ; MAC[4..5]
  9214 0000B1E3 00000000                pci_dbg_val   dd 0          ; temp for PCI debug output
  9215                                  
  9216 0000B1E7 90                      ALIGN 4
  9217 0000B1E8 00<rep 220h>            wnd_table     times MAXW*WSZ db 0
  9218                                  ALIGN 4
  9219 0000B408 00<rep C0h>             msg_queue     times MAXM*MSZ db 0
  9220                                  ; --- Notepad text buffer (512 bytes) ---
  9221 0000B4C8 00<rep 200h>            note_text     times 512 db 0
  9222                                  ; --- File table (64 entries × 32 bytes = 2KB) ---
  9223                                  ; Each entry: name[16], type(1), size(4), flags(1), parent(1), pad(7)
  9224 0000B6C8 00<rep 200h>            file_table    times FS_MAXF*FS_SZ db 0
  9225                                  ; --- Network host table (8 entries × 32 bytes = 256 bytes) ---
  9226 0000B8C8 00<rep 100h>            net_hosts     times NET_MAXH*NET_SZ db 0
  9227                                  ; --- EXE VM: code + data + stack buffers ---
  9228 0000B9C8 00000000<rep 10h>       exe_stack     times 16 dd 0     ; 64 bytes value stack
  9229 0000BA08 00000000<rep 8h>        exe_cstack    times 8 dd 0      ; 32 bytes call stack
  9230 0000BA28 00                      exe_csp       db 0
  9231 0000BA29 00                      exe_zf        db 0
  9232 0000BA2A 00<rep 400h>            exe_code      times EXE_CONTENT_CHUNK db 0     ; bytecode buffer (now 1KB)
  9233 0000BE2A 00<rep 20h>             exe_data      times 32 db 0     ; static data (strings/vars for program)
  9234 0000BE4A 00<rep 40h>             exe_out       times 64 db 0     ; VM console output
  9235 0000BE8A 0000                    exe_out_len   dw 0
  9236 0000BE8C 0000                    exe_delay     dw 0              ; remaining delay ticks
  9237 0000BE8E 00                      exe_running   db 0              ; 1 = VM active
  9238 0000BE8F 00<rep 11h>             exe_prog_name times 17 db 0     ; exe name copy
  9239                                  ; --- ARP state ---
  9240 0000BEA0 00000000<rep 2h>        arp_cache     times 2 dd 0      ; 2 MACs (24 bytes)
  9241 0000BEA8 00                      arp_state     db 0              ; 0=idle,1=req_sent,2=timeout,4=reply,0x40=fail
  9242 0000BEA9 00<rep 4h>              arp_target_ip times 4 db 0      ; 4 bytes IP
  9243 0000BEAD 00<rep 6h>              arp_reply_mac times 6 db 0
  9244 0000BEB3 00<rep 4h>              arp_reply_ip  times 4 db 0      ; replied gateway IP (for display)
  9245 0000BEB7 00000000                arp_timeout   dd 0              ; vtd_t when ARP request was sent
  9246                                  ; --- Network protocol stack ---
  9247 0000BEBB 00<rep 80h>             net_tx_buf     times 128 db 0    ; outbound Ethernet frame buffer
  9248 0000BF3B 0000                    net_tx_len     dw 0
  9249 0000BF3D 00                      net_send_state db 0              ; 1=sent, 2=no NIC
  9250 0000BF3E 0000                    udp_sport      dw 0
  9251 0000BF40 0000                    udp_dport      dw 0
  9252 0000BF42 0000                    udp_len        dw 0
  9253 0000BF44 00                      udp_rx_state   db 0
  9254 0000BF45 00<rep 20h>             udp_rx_buf     times 32 db 0
  9255 0000BF65 00<rep 20h>             udp_tx_buf     times 32 db 0
  9256 0000BF85 00                      tcp_state      db 0              ; 0=closed,1=SYN_SENT,2=ESTABLISHED
  9257 0000BF86 00                      tcp_tx_pending_logged db 0       ; 1 = already printed "TX pending" this session (avoid flood)
  9258 0000BF87 00                      eth_rx_dbg_logged  db 0          ; 1 = already printed eth_rx no-pkt debug
  9259 0000BF88 00                      eth_rx_adv_cnt     db 0          ; counter: how many CAPR-advance events we've logged
  9260 0000BF89 01000000                tcp_seq        dd 1
  9261 0000BF8D 00000000                tcp_ack        dd 0
  9262 0000BF91 0000                    tcp_sport      dw 0
  9263 0000BF93 0000                    tcp_dport      dw 0
  9264 0000BF95 00                      tcp_psh        db 0
  9265 0000BF96 00<rep 20h>             tcp_rx_buf     times 32 db 0
  9266 0000BFB6 00<rep 20h>             tcp_tx_buf     times 32 db 0
  9267 0000BFD6 00                      tx_tail        db 0          ; next TX descriptor index (0-7)
  9268 0000BFD7 00                      tcp_rx_state   db 0           ; 0=idle,1=data received
  9269 0000BFD8 0000                    tcp_rx_len     dw 0           ; received payload length
  9270 0000BFDA 00                      nd_tcp_checked db 0           ; one-time TDH debug check flag
  9271 0000BFDB FF                      nd_last_logged_state db 0xFF ; last net_dl_state value printed (0xFF = forces first log)
  9272                                  ; --- NIC ring buffers (RTL8139 TX buffer + 8K RX ring) ---
  9273                                  ; NOTE: QEMU RTL8139 model masks TSAD0 to 64-byte alignment (low 6 bits clear)
  9274                                  ; after TSD0 size write.  NASM's ALIGN directive only aligns within the
  9275                                  ; current section output alignment (usually 16-byte); for guaranteed 256-byte
  9276                                  ; alignment we pad explicitly.
  9277 0000BFDC 90<rep 24h>             ALIGN 256
  9278 0000C000 000000000000000000-     db 0,0,0,0,0,0,0,0,0,0,0,0,0,0,0,0,0,0,0,0,0,0,0,0,0,0,0,0,0,0,0,0
  9278 0000C009 000000000000000000-
  9278 0000C012 000000000000000000-
  9278 0000C01B 0000000000         
  9279 0000C020 90<rep E0h>             ALIGN 256
  9280 0000C100 00<rep 700h>            rtl8139_tx_buf times 1792 db 0  ; RTL8139 TX buffer (256-byte aligned for QEMU mask safety)
  9281                                  ALIGN 256
  9282 0000C800 000000000000000000-     db 0,0,0,0,0,0,0,0,0,0,0,0,0,0,0,0,0,0,0,0,0,0,0,0,0,0,0,0,0,0,0,0
  9282 0000C809 000000000000000000-
  9282 0000C812 000000000000000000-
  9282 0000C81B 0000000000         
  9283 0000C820 90<rep E0h>             ALIGN 256
  9284 0000C900 00<rep 2000h>           rtl8139_rx_buf times 8192 db 0  ; RTL8139 RX buffer (256-byte aligned, 8KB = RBLEN=00 min size)
  9285                                  ALIGN 16
  9286 0000E900 00<rep 640h>            nic_rx_data times 1600 db 0; received frame buffer (full MTU 1514 + slack)
  9287                                  ; --- TCP state ---
  9288 0000EF40 00<rep 4h>              tcp_dst_ip    times 4 db 0   ; destination IP
  9289 0000EF44 00000000                tcp_timeout   dd 0           ; vtd_t when SYN sent (32-bit, matches dword vtd_t)
  9290                                  ; --- DNS state ---
  9291 0000EF48 00                      dns_state     db 0           ; 0=idle,1=querying,2=resolved,3=timeout
  9292 0000EF49 00<rep 4h>              dns_ip        times 4 db 0   ; resolved IP
  9293 0000EF4D 00000000                dns_timeout   dd 0           ; vtd_t when query sent (32-bit, matches dword vtd_t)
  9294 0000EF51 00000000                dns_qname     dd 0           ; query name string pointer
  9295 0000EF55 00                      udp_state     db 0           ; 0=idle,1=sending
  9296                                  ; --- HTTP state ---
  9297 0000EF56 00<rep 100h>            http_buf      times 256 db 0 ; HTTP request/TX buffer
  9298 0000F056 0000                    http_len      dw 0
  9299 0000F058 00000000                http_body     dd 0           ; pointer to body start (in http_rx_buf)
  9300 0000F05C 0000                    http_body_len dw 0
  9301                                  ; --- HTTP RX accumulation (separate from TX http_buf) ---
  9302 0000F05E 00<rep 1000h>           http_rx_buf   times 4096 db 0 ; HTTP response accumulation buffer
  9303 0001005E 0000                    http_rx_len   dw 0           ; accumulated bytes in http_rx_buf
  9304 00010060 00                      http_rx_state db 0           ; 0=idle,1=accumulating,2=complete(headers done),3=body_done
  9305 00010061 0000                    http_hdr_end  dw 0           ; offset in http_rx_buf where body starts (after \r\n\r\n)
  9306 00010063 00000000                http_content_len dd 0        ; Content-Length from HTTP headers (0 = unknown)
  9307                                  ; --- Pre-built HTTP GET request for real network download ---
  9308                                  http_get_req:
  9309 00010067 474554202F61342E65-         db "GET /a4.exe HTTP/1.0", 0x0D, 0x0A, 0x0D, 0x0A
  9309 00010070 786520485454502F31-
  9309 00010079 2E300D0A0D0A       
  9310                                  http_get_req_len equ $ - http_get_req
  9311                                  ; --- PE state ---
  9312 0001007F 00                      pe_state      db 0           ; 0=unparsed,1=valid
  9313 00010080 00000000                pe_entry      dd 0           ; entry point RVA
  9314 00010084 00000000                pe_sections   dd 0           ; section count
  9315 00010088 00000000                pe_optional_size dd 0
  9316 0001008C 00<rep 8h>              pe_section_name times 8 db 0
  9317 00010094 00000000                pe_vsize      dd 0
  9318 00010098 00000000                pe_vaddr      dd 0
  9319 0001009C 00000000                pe_rawsize    dd 0
  9320 000100A0 00000000                pe_rawoff     dd 0
  9321 000100A4 00000000                pe_pCOFF_off      dd 0             ; COFF header offset in PE file (= e_lfanew + 4)
  9322 000100A8 0000                    pe_coff_machine   dw 0             ; COFF Machine field
  9323 000100AA 00000000                pe_baseofcode     dd 0             ; Optional+20
  9324 000100AE 00000000                pe_baseofdata     dd 0             ; Optional+24 (PE32 only)
  9325 000100B2 00000000                pe_imagebase      dd 0             ; Optional+28, PE preferred load base
  9326 000100B6 00000000                pe_sectionalign   dd 0             ; Optional+32
  9327 000100BA 00000000                pe_filealign      dd 0             ; Optional+36
  9328 000100BE 00000000                pe_datadir_off    dd 0             ; DataDirectory offset in PE file (= pe_pCOFF_off + 116)
  9329 000100C2 00000000                pe_sectable_off   dd 0             ; Section Table offset in PE file
  9330 000100C6 00000000                pe_load_base      dd 0             ; actual load base (may != ImageBase)
  9331 000100CA 00000000                pe_reloc_delta    dd 0             ; pe_load_base - pe_imagebase
  9332 000100CE 00000000                pe_rva_end        dd 0             ; pe_load_base + code_size + data_size, safety bound
  9333 000100D2 00                      pe_import_resolved db 0            ; 1=imports resolved
  9334 000100D3 00                      pe_running        db 0             ; 0=stopped, 1=running
  9335 000100D4 0000                    pe_sleep_ticks    dw 0             ; Sleep() pending tick count
  9336 000100D6 00000000                pe_exit_code      dd 0             ; ExitProcess return code
  9337 000100DA 00                      pe_file_index     db 0             ; file_table index for current PE
  9338 000100DB 00000000                sys_tick          dd 0             ; global system tick counter (100Hz)
  9339 000100DF 00000000                ml_debug_cnt      dd 0             ; main_loop iteration counter (debug)
  9340                                  ; --- Download orchestration ---
  9341 000100E3 00                      net_dl_state  db 0           ; 0=idle,1=arp,2=dns,3=tcp,4=http,5=got,6=done
  9342                                  ; --- Local MAC ---
  9343 000100E4 00<rep 6h>              eth_myt_mac   times 6 db 0  ; filled by net_init
  9344                                  ; --- Default bytecode programs (inline null-terminated strings) ---
  9345                                  app_code:
  9346 000100EA 036170702072756E6E-         db 0x03, "app running.", 0       ; PRINT
  9346 000100F3 696E672E00         
  9347 000100F8 00                          db 0x00                            ; HALT
  9348                                  ludashi_code:
  9349 000100F9 035363616E6E696E67-         db 0x03, "Scanning...", 0        ; PRINT
  9349 00010102 2E2E2E00           
  9350 00010106 101E                        db 0x10, 30                       ; DELAY 30 ticks
  9351 00010108 0353797374656D2069-         db 0x03, "System is clean.", 0   ; PRINT
  9351 00010111 7320636C65616E2E00 
  9352 0001011A 00                          db 0x00                            ; HALT
  9353                                  ; --- Phase B: downloaded bytecode buffer (filled by net_download), now 1KB ---
  9354 0001011B 00<rep 400h>            dl_code       times EXE_CONTENT_CHUNK db 0
  9355                                  
  9356                                  ; --- PE download buffer: 64KB, 可容纳小至中等 PE ---
  9357 0001051B 90                      ALIGN 4
  9358 0001051C 00<rep 10000h>          pe_download_buf   times PE_DOWNLOAD_MAX db 0
  9359 0002051C 00000000                pe_download_len   dd 0                ; 实际下载长度（字节）
  9360                                  
  9361                                  ; --- NET_TEST: canned HTTP response with 0xA4 magic + test bytecode ---
  9362                                  %ifdef NET_TEST
  9363                                  test_http_resp:
  9364                                      db "HTTP/1.1 200 OK", 0x0D, 0x0A
  9365                                      db "Content-Length: 19", 0x0D, 0x0A
  9366                                      db 0x0D, 0x0A
  9367                                  test_bc_body:
  9368                                      db BC_MAGIC                              ; 0xA4 magic header
  9369                                      db 0x03, "DL:OK", 0x00                   ; PRINT "DL:OK"
  9370                                      db 0x10, 0x10                            ; DELAY 16 ticks
  9371                                      db 0x03, " VM OK", 0x00                  ; PRINT " VM OK"
  9372                                      db 0x00                                  ; HALT
  9373                                  test_bc_body_len equ $ - test_bc_body
  9374                                  test_http_resp_len equ $ - test_http_resp
  9375                                  %endif
  9376                                  ; --- Browser URL buffer ---
  9377 00020520 00<rep 20h>             br_url        times BR_ADDR db 0
  9378                                  
  9379                                  ; --- strings ---
  9380 00020540 4D532D444F5300          title_t       db "MS-DOS", 0
  9381 00020547 535441525400            start_t       db "START", 0
  9382                                  mnu_t1        equ title_t        ; alias: "MS-DOS"
  9383 0002054D 4E6F746570616400        mnu_t2        db "Notepad", 0
  9384 00020555 46696C65204578706C-     mnu_t3        db "File Explorer", 0
  9384 0002055E 6F72657200         
  9385 00020563 4E6574776F726B00        mnu_t4        db "Network", 0
  9386 0002056B 52656379636C652042-     mnu_t5        db "Recycle Bin", 0
  9386 00020574 696E00             
  9387 00020577 4E65772046696C6500      mnu_t6        db "New File", 0
  9388 00020580 5368757420446F776E-     mnu_t7        db "Shut Down", 0
  9388 00020589 00                 
  9389 0002058A 5265667265736800        ctx_t1        db "Refresh", 0
  9390 00020592 50726F706572746965-     ctx_t2        db "Properties", 0
  9390 0002059B 7300               
  9391 0002059D 4578697400              ctx_t3        db "Exit", 0
  9392                                  title_dos_t   equ title_t        ; alias: "MS-DOS"
  9393                                  title_note_t  equ mnu_t2         ; alias: "Notepad"
  9394 000205A2 41626F757400            title_about_t db "About", 0
  9395 000205A8 57696E646F777300        title_win_t   db "Windows", 0
  9396 000205B0 556E7469746C656400      note_t1       db "Untitled", 0
  9397 000205B9 4D7920436F6D707574-     icon_pc_t     db "My Computer", 0
  9397 000205C2 657200             
  9398 000205C5 52656379636C652042-     icon_rc_t     db "Recycle Bin", 0
  9398 000205CE 696E00             
  9399 000205D1 5800                    btn_close_c   db "X", 0
  9400 000205D3 2D00                    btn_min_c     db "-", 0
  9401 000205D5 4E6574776F726B204E-     net_hdr_t     db "Network Neighbors", 0
  9401 000205DE 65696768626F727300 
  9402 000205E7 31302E302E322E3100      net_ip_t      db "10.0.2.1", 0
  9403                                  fl_hdr_t      equ mnu_t3         ; alias: "File Explorer"
  9404                                  ; Browser
  9405 000205F0 68747470733A2F2F77-     br_addr_t     db "https://www.ludashi.com/pc/download/getDownloadUrl?type=2", 0
  9405 000205F9 77772E6C7564617368-
  9405 00020602 692E636F6D2F70632F-
  9405 0002060B 646F776E6C6F61642F-
  9405 00020614 676574446F776E6C6F-
  9405 0002061D 616455726C3F747970-
  9405 00020626 653D3200           
  9406 0002062A 68747470733A2F2F77-     br_goog_t     db "https://www.google.com/search?q=download", 0
  9406 00020633 77772E676F6F676C65-
  9406 0002063C 2E636F6D2F73656172-
  9406 00020645 63683F713D646F776E-
  9406 0002064E 6C6F616400         
  9407 00020653 61626F75743A726570-     br_rep_t      db "about:report", 0
  9407 0002065C 6F727400           
  9408 00020660 446F776E6C6F616400      br_dlbtn_t    db "Download", 0
  9409 00020669 496E7374616C6C6174-     br_inst_t     db "Installation Complete", 0
  9409 00020672 696F6E20436F6D706C-
  9409 0002067B 65746500           
  9410 0002067F 53797374656D205265-     br_report_t   db "System Report", 0
  9410 00020688 706F727400         
  9411 0002068D 56657273696F6E3A20-     br_ver_t      db "Version: 1.0.0.1", 0
  9411 00020696 312E302E302E3100   
  9412 0002069E 46696C65733A203720-     br_files_t    db "Files: 7 registered", 0
  9412 000206A7 726567697374657265-
  9412 000206B0 6400               
  9413 000206B2 4B65726E656C3A2033-     br_mem_t      db "Kernel: 32KB, RAM FS: 2KB", 0
  9413 000206BB 324B422C2052414D20-
  9413 000206C4 46533A20324B4200   
  9414 000206CC 4E6574776F726B3A20-     br_net_t      db "Network: SLIRP Guest", 0
  9414 000206D5 534C49525020477565-
  9414 000206DE 737400             
  9415 000206E1 5374617475733A2052-     br_status_t   db "Status: Running", 0
  9415 000206EA 756E6E696E6700     
  9416 000206F1 476F6F676C65205365-     br_google_t   db "Google Search Results", 0
  9416 000206FA 617263682052657375-
  9416 00020703 6C747300           
  9417 00020707 4C7564617368692044-     br_lud_t      db "Ludashi Download Page", 0
  9417 00020710 6F776E6C6F61642050-
  9417 00020719 61676500           
  9418 0002071D 446F776E6C6F616469-     br_dl_prog_t  db "Downloading...", 0
  9418 00020726 6E672E2E2E00       
  9419 0002072C 496E7374616C6C696E-     br_inst_prog_t db "Installing...", 0
  9419 00020735 672E2E2E00         
  9420 0002073A 496E7374616C6C6174-     br_done_t     db "Installation Complete!", 0
  9420 00020743 696F6E20436F6D706C-
  9420 0002074C 6574652100         
  9421 00020751 4C7564617368692041-     br_run_t      db "Ludashi Antivirus", 0
  9421 0002075A 6E7469766972757300 
  9422 00020763 5363616E6E696E672E-     br_run_stat_t db "Scanning...", 0
  9422 0002076C 2E2E00             
  9423 0002076F 53797374656D206973-     br_run_ok_t   db "System is clean.", 0
  9423 00020778 20636C65616E2E00   
  9424 00020780 4152503A2050656E64-     arp_stat_t    db "ARP: Pending...", 0
  9424 00020789 696E672E2E2E00     
  9425 00020790 4152503A205265706C-     arp_ok_t      db "ARP: Reply OK", 0
  9425 00020799 79204F4B00         
  9426 0002079E 4152503A204E6F204E-     arp_fail_t    db "ARP: No NIC", 0
  9426 000207A7 494300             
  9427 000207AA 4152503A2054696D65-     arp_tout_t    db "ARP: Timeout", 0
  9427 000207B3 6F757400           
  9428 000207B7 6E657766696C652E74-     newfn_t       db "newfile.txt", 0
  9428 000207C0 787400             
  9429                                  fl_trsh_t     equ icon_rc_t      ; alias: "Recycle Bin"
  9430                                  
  9431                                  ; --- DOS command output strings (stub, no longer used) ---
  9432 000207C3 00                      dos_out_ver   db "", 0
  9433 000207C4 00                      dos_out_bad   db "", 0
  9434 000207C5 00                      dos_prom_t    db "", 0
  9435                                  
  9436                                  ; --- Real AT Set 1 scan code table (unshifted) ---
  9437                                  kbd_at1:
  9438 000207C6 001B313233343536        db 0,27,'1','2','3','4','5','6'
  9439 000207CE 373839302D080900        db '7','8','9','0','-',8,9,0
  9440 000207D6 7177657274797569        db 'q','w','e','r','t','y','u','i'
  9441 000207DE 6F705B5D0D00            db 'o','p','[',']',13,0
  9442 000207E4 6173646667686A6B        db 'a','s','d','f','g','h','j','k'
  9443 000207EC 6C3B2760005C            db 'l',';',39,96,0,92
  9444 000207F2 7A786376626E6D2C        db 'z','x','c','v','b','n','m',44
  9445 000207FA 2E2F000020000000        db 46,47,0,0,32,0,0,0
  9446 00020802 0000000000000000        db 0,0,0,0,0,0,0,0
  9447 0002080A 0000000000000000        db 0,0,0,0,0,0,0,0
  9448 00020812 0000000000000000        db 0,0,0,0,0,0,0,0
  9449 0002081A 0000000000000000        db 0,0,0,0,0,0,0,0
  9450 00020822 0000000000000000        db 0,0,0,0,0,0,0,0
  9451 0002082A 0000000000000000        db 0,0,0,0,0,0,0,0
  9452 00020832 0000000000000000        db 0,0,0,0,0,0,0,0
  9453 0002083A 0000000000000000        db 0,0,0,0,0,0,0,0
  9454 00020842 0000000000000000        db 0,0,0,0,0,0,0,0
  9455                                  
  9456                                  ; --- AT Set 1 scan code table (shifted) ---
  9457                                  kbd_at2:
  9458 0002084A 001B21402324255E        db 0,27,'!','@','#','$','%','^'
  9459 00020852 262A28295F2B0809        db '&','*','(',')','_','+',8,9
  9460 0002085A 5157455254595549        db 'Q','W','E','R','T','Y','U','I'
  9461 00020862 4F507B7D0D00            db 'O','P','{','}',13,0
  9462 00020868 4153444647484A4B        db 'A','S','D','F','G','H','J','K'
  9463 00020870 4C3A227E007C            db 'L',':',34,126,0,124
  9464 00020876 5A584356424E4D3C        db 'Z','X','C','V','B','N','M',60
  9465 0002087E 3E3F000020000000        db 62,63,0,0,32,0,0,0
  9466 00020886 0000000000000000        db 0,0,0,0,0,0,0,0
  9467 0002088E 0000000000000000        db 0,0,0,0,0,0,0,0
  9468 00020896 0000000000000000        db 0,0,0,0,0,0,0,0
  9469 0002089E 0000000000000000        db 0,0,0,0,0,0,0,0
  9470 000208A6 0000000000000000        db 0,0,0,0,0,0,0,0
  9471 000208AE 0000000000000000        db 0,0,0,0,0,0,0,0
  9472 000208B6 0000000000000000        db 0,0,0,0,0,0,0,0
  9473 000208BE 0000000000000000        db 0,0,0,0,0,0,0,0
  9474 000208C6 0000000000000000        db 0,0,0,0,0,0,0,0
  9475 000208CE 0000000000000000        db 0,0,0,0,0,0,0,0
  9476 000208D6 0000000000000000        db 0,0,0,0,0,0,0,0
  9477                                  
  9478                                  ; --- VIN script ---
  9479                                  ; Packed 12-byte event: dw delay, db type, dw x, dw y, db data, db pad[4]
  9480                                  ;   (delay@0, type@2, x@3, y@5, data@7, pad@8..11) — matches VINSZ=12
  9481                                  %macro VINEV 5
  9482                                      dw      %1
  9483                                      db      %2
  9484                                      dw      %3
  9485                                      dw      %4
  9486                                      db      %5, 0, 0, 0, 0
  9487                                  %endmacro
  9488 000208DE 90<rep 2h>              ALIGN 4
  9489                                  vin_scr:
  9490                                      VINEV 3,   VIN_MM, 40,  186, 0
  9482 000208E0 0300                <1>  dw %1
  9483 000208E2 00                  <1>  db %2
  9484 000208E3 2800                <1>  dw %3
  9485 000208E5 BA00                <1>  dw %4
  9486 000208E7 0000000000          <1>  db %5, 0, 0, 0, 0
  9491                                      VINEV 0,   VIN_LD, 40,  186, 0
  9482 000208EC 0000                <1>  dw %1
  9483 000208EE 01                  <1>  db %2
  9484 000208EF 2800                <1>  dw %3
  9485 000208F1 BA00                <1>  dw %4
  9486 000208F3 0000000000          <1>  db %5, 0, 0, 0, 0
  9492                                      VINEV 0,   VIN_LU, 40,  186, 0
  9482 000208F8 0000                <1>  dw %1
  9483 000208FA 02                  <1>  db %2
  9484 000208FB 2800                <1>  dw %3
  9485 000208FD BA00                <1>  dw %4
  9486 000208FF 0000000000          <1>  db %5, 0, 0, 0, 0
  9493                                      VINEV 8,   VIN_WT, 0,   0,   0
  9482 00020904 0800                <1>  dw %1
  9483 00020906 05                  <1>  db %2
  9484 00020907 0000                <1>  dw %3
  9485 00020909 0000                <1>  dw %4
  9486 0002090B 0000000000          <1>  db %5, 0, 0, 0, 0
  9494                                      VINEV 0,   VIN_MM, 50,  130, 0
  9482 00020910 0000                <1>  dw %1
  9483 00020912 00                  <1>  db %2
  9484 00020913 3200                <1>  dw %3
  9485 00020915 8200                <1>  dw %4
  9486 00020917 0000000000          <1>  db %5, 0, 0, 0, 0
  9495                                      VINEV 0,   VIN_LD, 50,  130, 0
  9482 0002091C 0000                <1>  dw %1
  9483 0002091E 01                  <1>  db %2
  9484 0002091F 3200                <1>  dw %3
  9485 00020921 8200                <1>  dw %4
  9486 00020923 0000000000          <1>  db %5, 0, 0, 0, 0
  9496                                      VINEV 0,   VIN_LU, 50,  130, 0
  9482 00020928 0000                <1>  dw %1
  9483 0002092A 02                  <1>  db %2
  9484 0002092B 3200                <1>  dw %3
  9485 0002092D 8200                <1>  dw %4
  9486 0002092F 0000000000          <1>  db %5, 0, 0, 0, 0
  9497                                      VINEV 3,   VIN_WT, 0,   0,   0
  9482 00020934 0300                <1>  dw %1
  9483 00020936 05                  <1>  db %2
  9484 00020937 0000                <1>  dw %3
  9485 00020939 0000                <1>  dw %4
  9486 0002093B 0000000000          <1>  db %5, 0, 0, 0, 0
  9498                                      VINEV 0,   VIN_MM, 160, 15,  0
  9482 00020940 0000                <1>  dw %1
  9483 00020942 00                  <1>  db %2
  9484 00020943 A000                <1>  dw %3
  9485 00020945 0F00                <1>  dw %4
  9486 00020947 0000000000          <1>  db %5, 0, 0, 0, 0
  9499                                      VINEV 0,   VIN_LD, 160, 15,  0
  9482 0002094C 0000                <1>  dw %1
  9483 0002094E 01                  <1>  db %2
  9484 0002094F A000                <1>  dw %3
  9485 00020951 0F00                <1>  dw %4
  9486 00020953 0000000000          <1>  db %5, 0, 0, 0, 0
  9500                                      VINEV 0,   VIN_MM, 180, 40,  0
  9482 00020958 0000                <1>  dw %1
  9483 0002095A 00                  <1>  db %2
  9484 0002095B B400                <1>  dw %3
  9485 0002095D 2800                <1>  dw %4
  9486 0002095F 0000000000          <1>  db %5, 0, 0, 0, 0
  9501                                      VINEV 0,   VIN_LU, 180, 40,  0
  9482 00020964 0000                <1>  dw %1
  9483 00020966 02                  <1>  db %2
  9484 00020967 B400                <1>  dw %3
  9485 00020969 2800                <1>  dw %4
  9486 0002096B 0000000000          <1>  db %5, 0, 0, 0, 0
  9502                                      VINEV 3,   VIN_WT, 0,   0,   0
  9482 00020970 0300                <1>  dw %1
  9483 00020972 05                  <1>  db %2
  9484 00020973 0000                <1>  dw %3
  9485 00020975 0000                <1>  dw %4
  9486 00020977 0000000000          <1>  db %5, 0, 0, 0, 0
  9503                                      VINEV 0,   VIN_MM, 160, 100, 0
  9482 0002097C 0000                <1>  dw %1
  9483 0002097E 00                  <1>  db %2
  9484 0002097F A000                <1>  dw %3
  9485 00020981 6400                <1>  dw %4
  9486 00020983 0000000000          <1>  db %5, 0, 0, 0, 0
  9504                                      VINEV 0,   VIN_RD, 160, 100, 0
  9482 00020988 0000                <1>  dw %1
  9483 0002098A 03                  <1>  db %2
  9484 0002098B A000                <1>  dw %3
  9485 0002098D 6400                <1>  dw %4
  9486 0002098F 0000000000          <1>  db %5, 0, 0, 0, 0
  9505                                      VINEV 0,   VIN_RU, 160, 100, 0
  9482 00020994 0000                <1>  dw %1
  9483 00020996 04                  <1>  db %2
  9484 00020997 A000                <1>  dw %3
  9485 00020999 6400                <1>  dw %4
  9486 0002099B 0000000000          <1>  db %5, 0, 0, 0, 0
  9506                                      VINEV 3,   VIN_WT, 0,   0,   0
  9482 000209A0 0300                <1>  dw %1
  9483 000209A2 05                  <1>  db %2
  9484 000209A3 0000                <1>  dw %3
  9485 000209A5 0000                <1>  dw %4
  9486 000209A7 0000000000          <1>  db %5, 0, 0, 0, 0
  9507                                      VINEV 0,   VIN_MM, 219, 19,  0
  9482 000209AC 0000                <1>  dw %1
  9483 000209AE 00                  <1>  db %2
  9484 000209AF DB00                <1>  dw %3
  9485 000209B1 1300                <1>  dw %4
  9486 000209B3 0000000000          <1>  db %5, 0, 0, 0, 0
  9508                                      VINEV 0,   VIN_LD, 219, 19,  0
  9482 000209B8 0000                <1>  dw %1
  9483 000209BA 01                  <1>  db %2
  9484 000209BB DB00                <1>  dw %3
  9485 000209BD 1300                <1>  dw %4
  9486 000209BF 0000000000          <1>  db %5, 0, 0, 0, 0
  9509                                      VINEV 0,   VIN_LU, 219, 19,  0
  9482 000209C4 0000                <1>  dw %1
  9483 000209C6 02                  <1>  db %2
  9484 000209C7 DB00                <1>  dw %3
  9485 000209C9 1300                <1>  dw %4
  9486 000209CB 0000000000          <1>  db %5, 0, 0, 0, 0
  9510                                      VINEV 6,   VIN_WT, 0,   0,   0
  9482 000209D0 0600                <1>  dw %1
  9483 000209D2 05                  <1>  db %2
  9484 000209D3 0000                <1>  dw %3
  9485 000209D5 0000                <1>  dw %4
  9486 000209D7 0000000000          <1>  db %5, 0, 0, 0, 0
  9511                                      VINEV 0,   VIN_EN, 0,   0,   0
  9482 000209DC 0000                <1>  dw %1
  9483 000209DE 06                  <1>  db %2
  9484 000209DF 0000                <1>  dw %3
  9485 000209E1 0000                <1>  dw %4
  9486 000209E3 0000000000          <1>  db %5, 0, 0, 0, 0
  9512                                  
  9513                                  ; ============================================================================
  9514                                  ; GDT + IDT
  9515                                  ; ============================================================================
  9516                                  ALIGN 8
  9517                                  gdt_data:
  9518                                      gdt_entry 0, 0, 0, 0                              ; null  (0x00)
    46 000209E8 0000                <1>  dw (%2) & 0xFFFF
    47 000209EA 0000                <1>  dw (%1) & 0xFFFF
    48 000209EC 00                  <1>  db ((%1) >> 16) & 0xFF
    49 000209ED 00                  <1>  db (%3) & 0xFF
    50 000209EE 00                  <1>  db (((%2) >> 16) & 0x0F) | ((%4) & 0xF0)
    51 000209EF 00                  <1>  db ((%1) >> 24) & 0xFF
  9519                                      gdt_entry 0, 0xFFFFF, ACCESS_RING0_CODE, FLAG_4K_32BIT  ; code  (0x08)
    46 000209F0 FFFF                <1>  dw (%2) & 0xFFFF
    47 000209F2 0000                <1>  dw (%1) & 0xFFFF
    48 000209F4 00                  <1>  db ((%1) >> 16) & 0xFF
    49 000209F5 9A                  <1>  db (%3) & 0xFF
    50 000209F6 CF                  <1>  db (((%2) >> 16) & 0x0F) | ((%4) & 0xF0)
    51 000209F7 00                  <1>  db ((%1) >> 24) & 0xFF
  9520                                      gdt_entry 0, 0xFFFFF, ACCESS_RING0_DATA, FLAG_4K_32BIT  ; data  (0x10)
    46 000209F8 FFFF                <1>  dw (%2) & 0xFFFF
    47 000209FA 0000                <1>  dw (%1) & 0xFFFF
    48 000209FC 00                  <1>  db ((%1) >> 16) & 0xFF
    49 000209FD 92                  <1>  db (%3) & 0xFF
    50 000209FE CF                  <1>  db (((%2) >> 16) & 0x0F) | ((%4) & 0xF0)
    51 000209FF 00                  <1>  db ((%1) >> 24) & 0xFF
  9521                                      gdt_entry 0xA0000, 0xFFFFF, ACCESS_RING0_DATA, FLAG_4K_32BIT ; VGA   (0x18)
    46 00020A00 FFFF                <1>  dw (%2) & 0xFFFF
    47 00020A02 0000                <1>  dw (%1) & 0xFFFF
    48 00020A04 0A                  <1>  db ((%1) >> 16) & 0xFF
    49 00020A05 92                  <1>  db (%3) & 0xFF
    50 00020A06 CF                  <1>  db (((%2) >> 16) & 0x0F) | ((%4) & 0xF0)
    51 00020A07 00                  <1>  db ((%1) >> 24) & 0xFF
  9522                                  gdt_data_end_local:
  9523                                  gdt_desc_local:
  9524 00020A08 1F00                        dw      gdt_data_end_local - gdt_data - 1
  9525 00020A0A [E8090200]                  dd      gdt_data
  9526                                  
  9527 00020A0E 90<rep 2h>              ALIGN 4
  9528 00020A10 00<rep 180h>            idt_table     times 0x30*8 db 0    ; 48 entries (vectors 0-0x2F, covers IRQ0-15 remapped)
  9529                                  idt_desc_local:
  9530 00020B90 7F01                        dw      0x30*8 - 1
  9531 00020B92 [100A0200]                  dd      idt_table
  9532                                  
  9533                                  ; palette source table (64 entries * 3 bytes RGB, 0-63 each)
  9534                                  pal_src:
  9535                                      ; 0 black
  9536 00020B96 000000                      db 0,0,0
  9537                                      ; 1 white
  9538 00020B99 3F3F3F                      db 63,63,63
  9539                                      ; 2 gray
  9540 00020B9C 2C2C2C                      db 44,44,44
  9541                                      ; 3 navy 0
  9542 00020B9F 05051E                      db 5,5,30
  9543                                      ; 4 navy 1
  9544 00020BA2 0A0C2D                      db 10,12,45
  9545                                      ; 5 client
  9546 00020BA5 3A3A3A                      db 58,58,58
  9547                                      ; 6 dark
  9548 00020BA8 141414                      db 20,20,20
  9549                                      ; 7 light
  9550 00020BAB 323232                      db 50,50,50
  9551                                      ; 8 red close
  9552 00020BAE 320808                      db 50,8,8
  9553                                      ; 9 green max
  9554 00020BB1 082808                      db 8,40,8
  9555                                      ; 10 yellow min
  9556 00020BB4 282305                      db 40,35,5
  9557                                      ; 11 menu bg
  9558 00020BB7 303030                      db 48,48,48
  9559                                      ; 12-31 gray 40
  9560 00020BBA 28<rep 3Ch>                 times 20*3 db 40
  9561                                      ; 32-63 blue gradient (top deep blue -> bottom bright blue/cyan)
  9562                                  %assign _j 0
  9563                                  %rep 32
  9564                                      db 0, (_j*50/31), (30 + _j*33/31)
  9565                                  %assign _j _j+1
  9566                                  %endrep
  9564 00020BF6 00001E              <1>  db 0, (_j*50/31), (30 + _j*33/31)
  9565                              <1> %assign _j _j+1
  9564 00020BF9 00011F              <1>  db 0, (_j*50/31), (30 + _j*33/31)
  9565                              <1> %assign _j _j+1
  9564 00020BFC 000320              <1>  db 0, (_j*50/31), (30 + _j*33/31)
  9565                              <1> %assign _j _j+1
  9564 00020BFF 000421              <1>  db 0, (_j*50/31), (30 + _j*33/31)
  9565                              <1> %assign _j _j+1
  9564 00020C02 000622              <1>  db 0, (_j*50/31), (30 + _j*33/31)
  9565                              <1> %assign _j _j+1
  9564 00020C05 000823              <1>  db 0, (_j*50/31), (30 + _j*33/31)
  9565                              <1> %assign _j _j+1
  9564 00020C08 000924              <1>  db 0, (_j*50/31), (30 + _j*33/31)
  9565                              <1> %assign _j _j+1
  9564 00020C0B 000B25              <1>  db 0, (_j*50/31), (30 + _j*33/31)
  9565                              <1> %assign _j _j+1
  9564 00020C0E 000C26              <1>  db 0, (_j*50/31), (30 + _j*33/31)
  9565                              <1> %assign _j _j+1
  9564 00020C11 000E27              <1>  db 0, (_j*50/31), (30 + _j*33/31)
  9565                              <1> %assign _j _j+1
  9564 00020C14 001028              <1>  db 0, (_j*50/31), (30 + _j*33/31)
  9565                              <1> %assign _j _j+1
  9564 00020C17 001129              <1>  db 0, (_j*50/31), (30 + _j*33/31)
  9565                              <1> %assign _j _j+1
  9564 00020C1A 00132A              <1>  db 0, (_j*50/31), (30 + _j*33/31)
  9565                              <1> %assign _j _j+1
  9564 00020C1D 00142B              <1>  db 0, (_j*50/31), (30 + _j*33/31)
  9565                              <1> %assign _j _j+1
  9564 00020C20 00162C              <1>  db 0, (_j*50/31), (30 + _j*33/31)
  9565                              <1> %assign _j _j+1
  9564 00020C23 00182D              <1>  db 0, (_j*50/31), (30 + _j*33/31)
  9565                              <1> %assign _j _j+1
  9564 00020C26 00192F              <1>  db 0, (_j*50/31), (30 + _j*33/31)
  9565                              <1> %assign _j _j+1
  9564 00020C29 001B30              <1>  db 0, (_j*50/31), (30 + _j*33/31)
  9565                              <1> %assign _j _j+1
  9564 00020C2C 001D31              <1>  db 0, (_j*50/31), (30 + _j*33/31)
  9565                              <1> %assign _j _j+1
  9564 00020C2F 001E32              <1>  db 0, (_j*50/31), (30 + _j*33/31)
  9565                              <1> %assign _j _j+1
  9564 00020C32 002033              <1>  db 0, (_j*50/31), (30 + _j*33/31)
  9565                              <1> %assign _j _j+1
  9564 00020C35 002134              <1>  db 0, (_j*50/31), (30 + _j*33/31)
  9565                              <1> %assign _j _j+1
  9564 00020C38 002335              <1>  db 0, (_j*50/31), (30 + _j*33/31)
  9565                              <1> %assign _j _j+1
  9564 00020C3B 002536              <1>  db 0, (_j*50/31), (30 + _j*33/31)
  9565                              <1> %assign _j _j+1
  9564 00020C3E 002637              <1>  db 0, (_j*50/31), (30 + _j*33/31)
  9565                              <1> %assign _j _j+1
  9564 00020C41 002838              <1>  db 0, (_j*50/31), (30 + _j*33/31)
  9565                              <1> %assign _j _j+1
  9564 00020C44 002939              <1>  db 0, (_j*50/31), (30 + _j*33/31)
  9565                              <1> %assign _j _j+1
  9564 00020C47 002B3A              <1>  db 0, (_j*50/31), (30 + _j*33/31)
  9565                              <1> %assign _j _j+1
  9564 00020C4A 002D3B              <1>  db 0, (_j*50/31), (30 + _j*33/31)
  9565                              <1> %assign _j _j+1
  9564 00020C4D 002E3C              <1>  db 0, (_j*50/31), (30 + _j*33/31)
  9565                              <1> %assign _j _j+1
  9564 00020C50 00303D              <1>  db 0, (_j*50/31), (30 + _j*33/31)
  9565                              <1> %assign _j _j+1
  9564 00020C53 00323F              <1>  db 0, (_j*50/31), (30 + _j*33/31)
  9565                              <1> %assign _j _j+1
  9567                                  
  9568                                  ; font
  9569                                  %include "common/font8x8.inc"
     1                              <1> ; ============================================================================
     2                              <1> ; font8x8.inc — Complete 8x8 bitmap font for ASCII 0x00..0x7E (shared)
     3                              <1> ; ----------------------------------------------------------------------------
     4                              <1> ;  Layout: 8 bytes per glyph, one byte per scanline, bit 7 = leftmost pixel.
     5                              <1> ;  The table is indexed by the RAW ASCII code (entries 0x00..0x1F are blank
     6                              <1> ;  padding), so a renderer must do  FONT + ch*8  with NO 0x20 bias.
     7                              <1> ;
     8                              <1> ;  Usage:  %include "common/font8x8.inc"   then reference the label FONT.
     9                              <1> ; ============================================================================
    10                              <1> 
    11                              <1> FONT:
    12 00020C56 00<rep 100h>        <1>     times 0x20 * 8 db 0                              ; 0x00..0x1F control (blank)
    13                              <1> 
    14 00020D56 0000000000000000    <1>     db 0x00,0x00,0x00,0x00,0x00,0x00,0x00,0x00       ; 0x20 ' '
    15 00020D5E 1818181818001800    <1>     db 0x18,0x18,0x18,0x18,0x18,0x00,0x18,0x00       ; 0x21 '!'
    16 00020D66 6C6C480000000000    <1>     db 0x6C,0x6C,0x48,0x00,0x00,0x00,0x00,0x00       ; 0x22 '"'
    17 00020D6E 6C6CFE6CFE6C6C00    <1>     db 0x6C,0x6C,0xFE,0x6C,0xFE,0x6C,0x6C,0x00       ; 0x23 '#'
    18 00020D76 183E603C067C1800    <1>     db 0x18,0x3E,0x60,0x3C,0x06,0x7C,0x18,0x00       ; 0x24 '$'
    19 00020D7E 00C6CC183066C600    <1>     db 0x00,0xC6,0xCC,0x18,0x30,0x66,0xC6,0x00       ; 0x25 '%'
    20 00020D86 386C3876DCCC7600    <1>     db 0x38,0x6C,0x38,0x76,0xDC,0xCC,0x76,0x00       ; 0x26 '&'
    21 00020D8E 1818300000000000    <1>     db 0x18,0x18,0x30,0x00,0x00,0x00,0x00,0x00       ; 0x27 '\''
    22 00020D96 0C18303030180C00    <1>     db 0x0C,0x18,0x30,0x30,0x30,0x18,0x0C,0x00       ; 0x28 '('
    23 00020D9E 30180C0C0C183000    <1>     db 0x30,0x18,0x0C,0x0C,0x0C,0x18,0x30,0x00       ; 0x29 ')'
    24 00020DA6 00663CFF3C660000    <1>     db 0x00,0x66,0x3C,0xFF,0x3C,0x66,0x00,0x00       ; 0x2A '*'
    25 00020DAE 0018187E18180000    <1>     db 0x00,0x18,0x18,0x7E,0x18,0x18,0x00,0x00       ; 0x2B '+'
    26 00020DB6 0000000000181830    <1>     db 0x00,0x00,0x00,0x00,0x00,0x18,0x18,0x30       ; 0x2C ','
    27 00020DBE 0000007E00000000    <1>     db 0x00,0x00,0x00,0x7E,0x00,0x00,0x00,0x00       ; 0x2D '-'
    28 00020DC6 0000000000181800    <1>     db 0x00,0x00,0x00,0x00,0x00,0x18,0x18,0x00       ; 0x2E '.'
    29 00020DCE 060C183060C08000    <1>     db 0x06,0x0C,0x18,0x30,0x60,0xC0,0x80,0x00       ; 0x2F '/'
    30                              <1> 
    31 00020DD6 7CC6CED6E6C67C00    <1>     db 0x7C,0xC6,0xCE,0xD6,0xE6,0xC6,0x7C,0x00       ; 0x30 '0'
    32 00020DDE 1838181818187E00    <1>     db 0x18,0x38,0x18,0x18,0x18,0x18,0x7E,0x00       ; 0x31 '1'
    33 00020DE6 7CC6061C3066FE00    <1>     db 0x7C,0xC6,0x06,0x1C,0x30,0x66,0xFE,0x00       ; 0x32 '2'
    34 00020DEE 7CC6063C06C67C00    <1>     db 0x7C,0xC6,0x06,0x3C,0x06,0xC6,0x7C,0x00       ; 0x33 '3'
    35 00020DF6 1C3C6CCCFE0C1E00    <1>     db 0x1C,0x3C,0x6C,0xCC,0xFE,0x0C,0x1E,0x00       ; 0x34 '4'
    36 00020DFE FEC0C0FC06C67C00    <1>     db 0xFE,0xC0,0xC0,0xFC,0x06,0xC6,0x7C,0x00       ; 0x35 '5'
    37 00020E06 3860C0FCC6C67C00    <1>     db 0x38,0x60,0xC0,0xFC,0xC6,0xC6,0x7C,0x00       ; 0x36 '6'
    38 00020E0E FEC60C1830303000    <1>     db 0xFE,0xC6,0x0C,0x18,0x30,0x30,0x30,0x00       ; 0x37 '7'
    39 00020E16 7CC6C67CC6C67C00    <1>     db 0x7C,0xC6,0xC6,0x7C,0xC6,0xC6,0x7C,0x00       ; 0x38 '8'
    40 00020E1E 7CC6C67E060C7800    <1>     db 0x7C,0xC6,0xC6,0x7E,0x06,0x0C,0x78,0x00       ; 0x39 '9'
    41 00020E26 0018180000181800    <1>     db 0x00,0x18,0x18,0x00,0x00,0x18,0x18,0x00       ; 0x3A ':'
    42 00020E2E 0018180000181830    <1>     db 0x00,0x18,0x18,0x00,0x00,0x18,0x18,0x30       ; 0x3B ';'
    43 00020E36 0C18306030180C00    <1>     db 0x0C,0x18,0x30,0x60,0x30,0x18,0x0C,0x00       ; 0x3C '<'
    44 00020E3E 00007E007E000000    <1>     db 0x00,0x00,0x7E,0x00,0x7E,0x00,0x00,0x00       ; 0x3D '='
    45 00020E46 6030180C18306000    <1>     db 0x60,0x30,0x18,0x0C,0x18,0x30,0x60,0x00       ; 0x3E '>'
    46 00020E4E 7CC60C1818001800    <1>     db 0x7C,0xC6,0x0C,0x18,0x18,0x00,0x18,0x00       ; 0x3F '?'
    47                              <1> 
    48 00020E56 7CC6DEDEDEC07800    <1>     db 0x7C,0xC6,0xDE,0xDE,0xDE,0xC0,0x78,0x00       ; 0x40 '@'
    49 00020E5E 386CC6C6FEC6C600    <1>     db 0x38,0x6C,0xC6,0xC6,0xFE,0xC6,0xC6,0x00       ; 0x41 'A'
    50 00020E66 FC66667C6666FC00    <1>     db 0xFC,0x66,0x66,0x7C,0x66,0x66,0xFC,0x00       ; 0x42 'B'
    51 00020E6E 3C66C0C0C0663C00    <1>     db 0x3C,0x66,0xC0,0xC0,0xC0,0x66,0x3C,0x00       ; 0x43 'C'
    52 00020E76 F86C6666666CF800    <1>     db 0xF8,0x6C,0x66,0x66,0x66,0x6C,0xF8,0x00       ; 0x44 'D'
    53 00020E7E FE6268786862FE00    <1>     db 0xFE,0x62,0x68,0x78,0x68,0x62,0xFE,0x00       ; 0x45 'E'
    54 00020E86 FE6268786860F000    <1>     db 0xFE,0x62,0x68,0x78,0x68,0x60,0xF0,0x00       ; 0x46 'F'
    55 00020E8E 3C66C0C0CE663E00    <1>     db 0x3C,0x66,0xC0,0xC0,0xCE,0x66,0x3E,0x00       ; 0x47 'G'
    56 00020E96 C6C6C6FEC6C6C600    <1>     db 0xC6,0xC6,0xC6,0xFE,0xC6,0xC6,0xC6,0x00       ; 0x48 'H'
    57 00020E9E 3C18181818183C00    <1>     db 0x3C,0x18,0x18,0x18,0x18,0x18,0x3C,0x00       ; 0x49 'I'
    58 00020EA6 1E0C0C0CCCCC7800    <1>     db 0x1E,0x0C,0x0C,0x0C,0xCC,0xCC,0x78,0x00       ; 0x4A 'J'
    59 00020EAE E6666C786C66E600    <1>     db 0xE6,0x66,0x6C,0x78,0x6C,0x66,0xE6,0x00       ; 0x4B 'K'
    60 00020EB6 F06060606266FE00    <1>     db 0xF0,0x60,0x60,0x60,0x62,0x66,0xFE,0x00       ; 0x4C 'L'
    61 00020EBE C6EEFEFED6C6C600    <1>     db 0xC6,0xEE,0xFE,0xFE,0xD6,0xC6,0xC6,0x00       ; 0x4D 'M'
    62 00020EC6 C6E6F6DECEC6C600    <1>     db 0xC6,0xE6,0xF6,0xDE,0xCE,0xC6,0xC6,0x00       ; 0x4E 'N'
    63 00020ECE 7CC6C6C6C6C67C00    <1>     db 0x7C,0xC6,0xC6,0xC6,0xC6,0xC6,0x7C,0x00       ; 0x4F 'O'
    64                              <1> 
    65 00020ED6 FC66667C6060F000    <1>     db 0xFC,0x66,0x66,0x7C,0x60,0x60,0xF0,0x00       ; 0x50 'P'
    66 00020EDE 7CC6C6C6D6DE7C06    <1>     db 0x7C,0xC6,0xC6,0xC6,0xD6,0xDE,0x7C,0x06       ; 0x51 'Q'
    67 00020EE6 FC66667C6C66E600    <1>     db 0xFC,0x66,0x66,0x7C,0x6C,0x66,0xE6,0x00       ; 0x52 'R'
    68 00020EEE 7CC660380CC67C00    <1>     db 0x7C,0xC6,0x60,0x38,0x0C,0xC6,0x7C,0x00       ; 0x53 'S'
    69 00020EF6 7E5A181818183C00    <1>     db 0x7E,0x5A,0x18,0x18,0x18,0x18,0x3C,0x00       ; 0x54 'T'
    70 00020EFE C6C6C6C6C6C67C00    <1>     db 0xC6,0xC6,0xC6,0xC6,0xC6,0xC6,0x7C,0x00       ; 0x55 'U'
    71 00020F06 C6C6C6C6C66C3800    <1>     db 0xC6,0xC6,0xC6,0xC6,0xC6,0x6C,0x38,0x00       ; 0x56 'V'
    72 00020F0E C6C6C6D6FEEEC600    <1>     db 0xC6,0xC6,0xC6,0xD6,0xFE,0xEE,0xC6,0x00       ; 0x57 'W'
    73 00020F16 C66C38386CC6C600    <1>     db 0xC6,0x6C,0x38,0x38,0x6C,0xC6,0xC6,0x00       ; 0x58 'X'
    74 00020F1E 6666663C18183C00    <1>     db 0x66,0x66,0x66,0x3C,0x18,0x18,0x3C,0x00       ; 0x59 'Y'
    75 00020F26 FEC68C183266FE00    <1>     db 0xFE,0xC6,0x8C,0x18,0x32,0x66,0xFE,0x00       ; 0x5A 'Z'
    76 00020F2E 3C30303030303C00    <1>     db 0x3C,0x30,0x30,0x30,0x30,0x30,0x3C,0x00       ; 0x5B '['
    77 00020F36 C06030180C060200    <1>     db 0xC0,0x60,0x30,0x18,0x0C,0x06,0x02,0x00       ; 0x5C '\'
    78 00020F3E 3C0C0C0C0C0C3C00    <1>     db 0x3C,0x0C,0x0C,0x0C,0x0C,0x0C,0x3C,0x00       ; 0x5D ']'
    79 00020F46 10386CC600000000    <1>     db 0x10,0x38,0x6C,0xC6,0x00,0x00,0x00,0x00       ; 0x5E '^'
    80 00020F4E 00000000000000FF    <1>     db 0x00,0x00,0x00,0x00,0x00,0x00,0x00,0xFF       ; 0x5F '_'
    81                              <1> 
    82 00020F56 30180C0000000000    <1>     db 0x30,0x18,0x0C,0x00,0x00,0x00,0x00,0x00       ; 0x60 '`'
    83 00020F5E 0000780C7CCC7600    <1>     db 0x00,0x00,0x78,0x0C,0x7C,0xCC,0x76,0x00       ; 0x61 'a'
    84 00020F66 E0607C666666DC00    <1>     db 0xE0,0x60,0x7C,0x66,0x66,0x66,0xDC,0x00       ; 0x62 'b'
    85 00020F6E 00007CC6C0C67C00    <1>     db 0x00,0x00,0x7C,0xC6,0xC0,0xC6,0x7C,0x00       ; 0x63 'c'
    86 00020F76 1C0C7CCCCCCC7600    <1>     db 0x1C,0x0C,0x7C,0xCC,0xCC,0xCC,0x76,0x00       ; 0x64 'd'
    87 00020F7E 00007CC6FEC07C00    <1>     db 0x00,0x00,0x7C,0xC6,0xFE,0xC0,0x7C,0x00       ; 0x65 'e'
    88 00020F86 1C36307830307800    <1>     db 0x1C,0x36,0x30,0x78,0x30,0x30,0x78,0x00       ; 0x66 'f'
    89 00020F8E 000076CCCC7C0C78    <1>     db 0x00,0x00,0x76,0xCC,0xCC,0x7C,0x0C,0x78       ; 0x67 'g'
    90 00020F96 E0606C766666E600    <1>     db 0xE0,0x60,0x6C,0x76,0x66,0x66,0xE6,0x00       ; 0x68 'h'
    91 00020F9E 1800381818183C00    <1>     db 0x18,0x00,0x38,0x18,0x18,0x18,0x3C,0x00       ; 0x69 'i'
    92 00020FA6 0C001C0C0CCCCC78    <1>     db 0x0C,0x00,0x1C,0x0C,0x0C,0xCC,0xCC,0x78       ; 0x6A 'j'
    93 00020FAE E060666C786CE600    <1>     db 0xE0,0x60,0x66,0x6C,0x78,0x6C,0xE6,0x00       ; 0x6B 'k'
    94 00020FB6 3818181818183C00    <1>     db 0x38,0x18,0x18,0x18,0x18,0x18,0x3C,0x00       ; 0x6C 'l'
    95 00020FBE 0000ECFED6D6C600    <1>     db 0x00,0x00,0xEC,0xFE,0xD6,0xD6,0xC6,0x00       ; 0x6D 'm'
    96 00020FC6 0000DC6666666600    <1>     db 0x00,0x00,0xDC,0x66,0x66,0x66,0x66,0x00       ; 0x6E 'n'
    97 00020FCE 00007CC6C6C67C00    <1>     db 0x00,0x00,0x7C,0xC6,0xC6,0xC6,0x7C,0x00       ; 0x6F 'o'
    98                              <1> 
    99 00020FD6 0000DC66667C60F0    <1>     db 0x00,0x00,0xDC,0x66,0x66,0x7C,0x60,0xF0       ; 0x70 'p'
   100 00020FDE 000076CCCC7C0C1E    <1>     db 0x00,0x00,0x76,0xCC,0xCC,0x7C,0x0C,0x1E       ; 0x71 'q'
   101 00020FE6 0000DC766060F000    <1>     db 0x00,0x00,0xDC,0x76,0x60,0x60,0xF0,0x00       ; 0x72 'r'
   102 00020FEE 00007EC07C06FC00    <1>     db 0x00,0x00,0x7E,0xC0,0x7C,0x06,0xFC,0x00       ; 0x73 's'
   103 00020FF6 30307C3030361C00    <1>     db 0x30,0x30,0x7C,0x30,0x30,0x36,0x1C,0x00       ; 0x74 't'
   104 00020FFE 0000CCCCCCCC7600    <1>     db 0x00,0x00,0xCC,0xCC,0xCC,0xCC,0x76,0x00       ; 0x75 'u'
   105 00021006 0000C6C6C66C3800    <1>     db 0x00,0x00,0xC6,0xC6,0xC6,0x6C,0x38,0x00       ; 0x76 'v'
   106 0002100E 0000C6D6D6FE6C00    <1>     db 0x00,0x00,0xC6,0xD6,0xD6,0xFE,0x6C,0x00       ; 0x77 'w'
   107 00021016 0000C66C386CC600    <1>     db 0x00,0x00,0xC6,0x6C,0x38,0x6C,0xC6,0x00       ; 0x78 'x'
   108 0002101E 0000C6C6C67E06FC    <1>     db 0x00,0x00,0xC6,0xC6,0xC6,0x7E,0x06,0xFC       ; 0x79 'y'
   109 00021026 0000FE8C1832FE00    <1>     db 0x00,0x00,0xFE,0x8C,0x18,0x32,0xFE,0x00       ; 0x7A 'z'
   110 0002102E 0E18187018180E00    <1>     db 0x0E,0x18,0x18,0x70,0x18,0x18,0x0E,0x00       ; 0x7B '{'
   111 00021036 1818181818181800    <1>     db 0x18,0x18,0x18,0x18,0x18,0x18,0x18,0x00       ; 0x7C '|'
   112 0002103E 7018180E18187000    <1>     db 0x70,0x18,0x18,0x0E,0x18,0x18,0x70,0x00       ; 0x7D '}'
   113 00021046 76DC000000000000    <1>     db 0x76,0xDC,0x00,0x00,0x00,0x00,0x00,0x00       ; 0x7E '~'
   114                              <1> FONT_END:
  9570                                  
  9571                                  ; Buffer for sgdt output during boot diagnostics (placed at end to avoid
  9572                                  ; shifting global_start away from the 0x100000 entry point)
  9573 0002104E 90<rep 2h>              ALIGN 4
  9574 00021050 00<rep 6h>              gdtr_dump:    times 6 db 0
  9575 00021056 00<rep 2h>              gs_load_tmp:  times 2 db 0
